solid OpenSCAD_Model
  facet normal 0 -1 0
    outer loop
      vertex -15.48027945373548 -10 9.924966174543354
      vertex -12.024434981475306 -10 10.507131469339164
      vertex -15.793832177345543 -10 11.095160869907705
    endloop
  endfacet
  facet normal 0 -1 0
    outer loop
      vertex -15.793832177345543 -10 11.095160869907705
      vertex -12.37984397277366 -10 11.688231963960785
      vertex -16.019059384847083 -10 12.28551528794597
    endloop
  endfacet
  facet normal -0.9438833303083676 -7.739422207558761e-19 -0.33027906195516726
    outer loop
      vertex -15.48027945373548 -10 9.924966174543354
      vertex -15.08015472803611 -4.5 8.781475405264404
      vertex -15.08015472803611 -10 8.781475405264404
    endloop
  endfacet
  facet normal -0.9165622558699754 0 -0.3998920243197425
    outer loop
      vertex -15.08015472803611 -10 8.781475405264404
      vertex -15.08015472803611 -4.5 8.781475405264404
      vertex -14.739200494141052 -10 8
    endloop
  endfacet
  facet normal -0.9659258262890682 0 -0.2588190451025212
    outer loop
      vertex -15.48027945373548 -10 9.924966174543354
      vertex -15.793832177345543 -10 11.095160869907705
      vertex -15.48027945373548 -4.5 9.924966174543354
    endloop
  endfacet
  facet normal -0.9825664732332882 0 -0.18591160716291483
    outer loop
      vertex -15.793832177345543 -10 11.095160869907705
      vertex -16.019059384847083 -10 12.28551528794597
      vertex -15.793832177345543 -4.5 11.095160869907705
    endloop
  endfacet
  facet normal 0 -1 0
    outer loop
      vertex -15.08015472803611 -10 8.781475405264404
      vertex -14.739200494141052 -10 8
      vertex -10.829344575958915 -10 8
    endloop
  endfacet
  facet normal 0 -1 0
    outer loop
      vertex -15.48027945373548 -10 9.924966174543354
      vertex -15.08015472803611 -10 8.781475405264404
      vertex -11.553653930206139 -10 9.349479196326293
    endloop
  endfacet
  facet normal 0 -1 0
    outer loop
      vertex -15.08015472803611 -10 8.781475405264404
      vertex -10.829344575958915 -10 8
      vertex -10.970133617571378 -10 8.221749206020196
    endloop
  endfacet
  facet normal 0 -1 0
    outer loop
      vertex -15.08015472803611 -10 8.781475405264404
      vertex -10.970133617571378 -10 8.221749206020196
      vertex -11.553653930206139 -10 9.349479196326293
    endloop
  endfacet
  facet normal 0 -1 0
    outer loop
      vertex -15.48027945373548 -10 9.924966174543354
      vertex -11.553653930206139 -10 9.349479196326293
      vertex -12.024434981475306 -10 10.507131469339164
    endloop
  endfacet
  facet normal 0 -1 0
    outer loop
      vertex -15.793832177345543 -10 11.095160869907705
      vertex -12.024434981475306 -10 10.507131469339164
      vertex -12.37984397277366 -10 11.688231963960785
    endloop
  endfacet
  facet normal 0 -1 0
    outer loop
      vertex -16.019059384847083 -10 12.28551528794597
      vertex -12.539603376627033 -10 12.492194466212954
      vertex -12.613356448484334 -10 12.886175487126412
    endloop
  endfacet
  facet normal 0 -1 0
    outer loop
      vertex -16.019059384847083 -10 12.28551528794597
      vertex -12.37984397277366 -10 11.688231963960785
      vertex -12.539603376627033 -10 12.492194466212954
    endloop
  endfacet
  facet normal 0 -1 0
    outer loop
      vertex -16.019059384847083 -10 12.28551528794597
      vertex -12.613356448484334 -10 12.886175487126412
      vertex -16.154701514335116 -10 13.48937248389993
    endloop
  endfacet
  facet normal 0 -1 0
    outer loop
      vertex -16.154701514335116 -10 13.48937248389993
      vertex -12.725798105485545 -10 14.094262652723526
      vertex -16.2 -10 14.7
    endloop
  endfacet
  facet normal 0 -1 0
    outer loop
      vertex -16.2 -10 14.7
      vertex -12.725798105485545 -10 15.305737347276473
      vertex -16.154701514335116 -10 15.91062751610007
    endloop
  endfacet
  facet normal 0 -1 0
    outer loop
      vertex -16.154701514335116 -10 15.91062751610007
      vertex -12.725798105485545 -10 15.305737347276473
      vertex -16.019059384847083 -10 17.11448471205403
    endloop
  endfacet
  facet normal -0.9937122098932429 0 -0.11196447610330518
    outer loop
      vertex -16.019059384847083 -10 12.28551528794597
      vertex -16.154701514335116 -10 13.48937248389993
      vertex -16.019059384847083 -4.5 12.28551528794597
    endloop
  endfacet
  facet normal -0.9993007047883985 0 -0.03739119427632708
    outer loop
      vertex -16.154701514335116 -10 13.48937248389993
      vertex -16.2 -10 14.7
      vertex -16.154701514335116 -4.5 13.48937248389993
    endloop
  endfacet
  facet normal -0.9993007047883985 0 0.03739119427632708
    outer loop
      vertex -16.2 -10 14.7
      vertex -16.154701514335116 -10 15.91062751610007
      vertex -16.2 -4.5 14.7
    endloop
  endfacet
  facet normal -0.9937122098932429 0 0.11196447610330518
    outer loop
      vertex -16.154701514335116 -10 15.91062751610007
      vertex -16.019059384847083 -10 17.11448471205403
      vertex -16.154701514335116 -4.5 15.91062751610007
    endloop
  endfacet
  facet normal 0 -1 0
    outer loop
      vertex -16.154701514335116 -10 13.48937248389993
      vertex -12.613356448484334 -10 12.886175487126412
      vertex -12.725798105485545 -10 14.094262652723526
    endloop
  endfacet
  facet normal 0 -1 0
    outer loop
      vertex -16.2 -10 14.7
      vertex -12.725798105485545 -10 14.094262652723526
      vertex -12.725798105485545 -10 15.305737347276473
    endloop
  endfacet
  facet normal 0 -1 0
    outer loop
      vertex -16.019059384847083 -10 17.11448471205403
      vertex -12.725798105485545 -10 15.305737347276473
      vertex -12.539603376627035 -10 17.63746455742425
    endloop
  endfacet
  facet normal 0 -1 0
    outer loop
      vertex -16.019059384847083 -10 17.11448471205403
      vertex -12.539603376627035 -10 17.63746455742425
      vertex -15.793832177345543 -10 18.304839130092294
    endloop
  endfacet
  facet normal 0 -1 0
    outer loop
      vertex -15.793832177345543 -10 18.304839130092294
      vertex -12.539603376627035 -10 17.63746455742425
      vertex -15.48027945373548 -10 19.475033825456645
    endloop
  endfacet
  facet normal 0 -1 0
    outer loop
      vertex -15.48027945373548 -10 19.475033825456645
      vertex -12.539603376627035 -10 17.63746455742425
      vertex -15.08015472803611 -10 20.618524594735597
    endloop
  endfacet
  facet normal -0.9825664732332882 0 0.18591160716291483
    outer loop
      vertex -16.019059384847083 -10 17.11448471205403
      vertex -15.793832177345543 -10 18.304839130092294
      vertex -16.019059384847083 -4.5 17.11448471205403
    endloop
  endfacet
  facet normal -0.9659258262890682 0 0.2588190451025212
    outer loop
      vertex -15.793832177345543 -10 18.304839130092294
      vertex -15.48027945373548 -10 19.475033825456645
      vertex -15.793832177345543 -4.5 18.304839130092294
    endloop
  endfacet
  facet normal -0.9438833303083677 -9.175439932995755e-19 0.3302790619551668
    outer loop
      vertex -15.48027945373548 -10 19.475033825456645
      vertex -15.08015472803611 -10 20.618524594735597
      vertex -15.08015472803611 -4.850750041871689 20.618524594735597
    endloop
  endfacet
  facet normal -0.9165622558699755 9.53976595122017e-18 0.39989202431974274
    outer loop
      vertex -15.08015472803611 -10 20.618524594735597
      vertex -14.595695660019187 -10 21.728916573704442
      vertex -14.595695660019187 -5.96861661544679 21.728916573704442
    endloop
  endfacet
  facet normal 0 -1 0
    outer loop
      vertex -12.539603376627035 -10 17.63746455742425
      vertex -14.595695660019187 -10 21.728916573704442
      vertex -15.08015472803611 -10 20.618524594735597
    endloop
  endfacet
  facet normal 0 -1 0
    outer loop
      vertex -12.539603376627035 -10 17.63746455742425
      vertex -14.029611541307904 -10 22.799999999999997
      vertex -14.595695660019187 -10 21.728916573704442
    endloop
  endfacet
  facet normal 0 -1 0
    outer loop
      vertex -12.539603376627035 -10 17.63746455742425
      vertex -13.385068143919117 -10 23.825784940630676
      vertex -14.029611541307904 -10 22.799999999999997
    endloop
  endfacet
  facet normal -0.8841153935046095 1.4696532139021055e-17 0.46726862827306237
    outer loop
      vertex -14.595695660019187 -10 21.728916573704442
      vertex -14.029611541307904 -10 22.799999999999997
      vertex -14.029611541307904 -7.045313598079877 22.799999999999997
    endloop
  endfacet
  facet normal -0.8841153935046097 2.8899827060041764e-17 0.46726862827306237
    outer loop
      vertex -14.595695660019187 -10 21.728916573704442
      vertex -14.029611541307904 -7.045313598079877 22.799999999999997
      vertex -14.166355385742309 -6.822157194780834 22.54126801904448
    endloop
  endfacet
  facet normal 0 -1 0
    outer loop
      vertex -12.539603376627035 -10 17.63746455742425
      vertex -12.66567001598208 -10 24.800534790111485
      vertex -13.385068143919117 -10 23.825784940630676
    endloop
  endfacet
  facet normal 0 -1 0
    outer loop
      vertex -12.539603376627035 -10 17.63746455742425
      vertex -11.875440323643186 -10 25.718798351888893
      vertex -12.66567001598208 -10 24.800534790111485
    endloop
  endfacet
  facet normal -0.8045977797666678 1.6450146200769535e-17 0.5938201855735024
    outer loop
      vertex -13.385068143919117 -10 23.825784940630676
      vertex -12.66567001598208 -10 24.800534790111485
      vertex -12.66567001598208 -9.054166101063446 24.800534790111485
    endloop
  endfacet
  facet normal -0.757971723145453 2.8228794538208063e-15 0.6522874112781211
    outer loop
      vertex -12.66567001598208 -10 24.800534790111485
      vertex -11.875440323643186 -10 25.718798351888893
      vertex -12.149377803934533 -9.688805490116334 25.400477224759207
    endloop
  endfacet
  facet normal -0.8467241992282852 -3.0896784932829287e-18 0.5320320765153347
    outer loop
      vertex -14.029611541307904 -10 22.799999999999997
      vertex -13.385068143919117 -10 23.825784940630676
      vertex -13.385068143919117 -8.075607953063322 23.825784940630676
    endloop
  endfacet
  facet normal -0.8045977797666682 0 0.5938201855735019
    outer loop
      vertex -13.385068143919117 -10 23.825784940630676
      vertex -12.887271949883658 -8.786393242195741 24.500274832062047
      vertex -13.385068143919117 -8.075607953063322 23.825784940630676
    endloop
  endfacet
  facet normal -0.8467241992282851 0 0.5320320765153352
    outer loop
      vertex -14.029611541307904 -10 22.799999999999997
      vertex -13.560989711982172 -7.829441060690653 23.545807368938377
      vertex -14.029611541307904 -7.045313598079877 22.799999999999997
    endloop
  endfacet
  facet normal -0.846724199228286 6.493781833957874e-16 0.5320320765153338
    outer loop
      vertex -14.029611541307904 -10 22.799999999999997
      vertex -13.385068143919117 -8.075607953063322 23.825784940630676
      vertex -13.560989711982172 -7.829441060690653 23.545807368938377
    endloop
  endfacet
  facet normal -0.8045977797666674 -8.223844036438423e-16 0.5938201855735029
    outer loop
      vertex -13.385068143919117 -10 23.825784940630676
      vertex -12.66567001598208 -9.054166101063446 24.800534790111485
      vertex -12.887271949883658 -8.786393242195741 24.500274832062047
    endloop
  endfacet
  facet normal -0.7579717231454524 0 0.652287411278122
    outer loop
      vertex -12.66567001598208 -10 24.800534790111485
      vertex -12.149377803934533 -9.688805490116334 25.400477224759207
      vertex -12.66567001598208 -9.054166101063446 24.800534790111485
    endloop
  endfacet
  facet normal 0 -1 0
    outer loop
      vertex -12.539603376627035 -10 17.63746455742425
      vertex -11.852659871518554 -10 25.741578804013525
      vertex -11.875440323643186 -10 25.718798351888893
    endloop
  endfacet
  facet normal -0.757971723145454 -2.6285856403810167e-16 0.65228741127812
    outer loop
      vertex -12.149377803934533 -9.688805490116334 25.400477224759207
      vertex -11.875440323643186 -10 25.718798351888893
      vertex -11.875440323643186 -9.975772474009743 25.718798351888893
    endloop
  endfacet
  facet normal -0.7071067811865475 0 0.7071067811865475
    outer loop
      vertex -11.875440323643186 -10 25.718798351888893
      vertex -11.852659871518554 -10 25.741578804013525
      vertex -11.875440323643186 -9.975772474009743 25.718798351888893
    endloop
  endfacet
  facet normal -0.9438833303083676 0 -0.33027906195516726
    outer loop
      vertex -15.48027945373548 -10 9.924966174543354
      vertex -15.48027945373548 -4.5 9.924966174543354
      vertex -15.08015472803611 -4.5 8.781475405264404
    endloop
  endfacet
  facet normal -0.9165622558699754 1.8407606512956984e-18 -0.3998920243197425
    outer loop
      vertex -15.08015472803611 -4.5 8.781475405264404
      vertex -14.739200494141052 -4.5 8
      vertex -14.739200494141052 -10 8
    endloop
  endfacet
  facet normal -0.9659258262890682 0 -0.2588190451025212
    outer loop
      vertex -15.793832177345543 -10 11.095160869907705
      vertex -15.793832177345543 -4.5 11.095160869907705
      vertex -15.48027945373548 -4.5 9.924966174543354
    endloop
  endfacet
  facet normal -0.9825664732332882 0 -0.18591160716291483
    outer loop
      vertex -16.019059384847083 -10 12.28551528794597
      vertex -16.019059384847083 -4.5 12.28551528794597
      vertex -15.793832177345543 -4.5 11.095160869907705
    endloop
  endfacet
  facet normal -0.9937122098932429 0 -0.11196447610330518
    outer loop
      vertex -16.154701514335116 -10 13.48937248389993
      vertex -16.154701514335116 -4.5 13.48937248389993
      vertex -16.019059384847083 -4.5 12.28551528794597
    endloop
  endfacet
  facet normal -0.9993007047883985 0 -0.03739119427632708
    outer loop
      vertex -16.2 -10 14.7
      vertex -16.2 -4.5 14.7
      vertex -16.154701514335116 -4.5 13.48937248389993
    endloop
  endfacet
  facet normal -0.9993007047883985 0 0.03739119427632708
    outer loop
      vertex -16.154701514335116 -10 15.91062751610007
      vertex -16.154701514335116 -4.5 15.91062751610007
      vertex -16.2 -4.5 14.7
    endloop
  endfacet
  facet normal -0.9937122098932429 0 0.11196447610330518
    outer loop
      vertex -16.019059384847083 -10 17.11448471205403
      vertex -16.019059384847083 -4.5 17.11448471205403
      vertex -16.154701514335116 -4.5 15.91062751610007
    endloop
  endfacet
  facet normal -0.9438833303083675 1.8773600498591653e-17 -0.3302790619551672
    outer loop
      vertex -15.48027945373548 -1.5 9.924966174543354
      vertex -15.180220897357481 0 9.067448087247731
      vertex -15.08015472803611 -1.5 8.781475405264404
    endloop
  endfacet
  facet normal -0.9438833303083674 1.5169362236529532e-17 -0.33027906195516815
    outer loop
      vertex -15.48027945373548 -1.5 9.924966174543354
      vertex -15.380213284414104 0 9.638993492560012
      vertex -15.278907850667919 -0.32076288410879106 9.349479196326293
    endloop
  endfacet
  facet normal -0.9438833303083691 2.9878725114200132e-15 -0.33027906195516277
    outer loop
      vertex -15.48027945373548 -1.5 9.924966174543354
      vertex -15.278907850667919 -0.32076288410879106 9.349479196326293
      vertex -15.180220897357481 0 9.067448087247731
    endloop
  endfacet
  facet normal -0.9165622558699754 -6.191498231168969e-16 -0.3998920243197426
    outer loop
      vertex -15.08015472803611 -1.5 8.781475405264404
      vertex -14.835948683714431 -0.33032424950183853 8.221749206020196
      vertex -14.739200494141052 -1.5 8
    endloop
  endfacet
  facet normal -0.9165622558699766 8.150362473305184e-16 -0.39989202431974
    outer loop
      vertex -15.08015472803611 -1.5 8.781475405264404
      vertex -14.958997598731695 0 8.503780315098782
      vertex -14.835948683714431 -0.33032424950183853 8.221749206020196
    endloop
  endfacet
  facet normal -0.9165622558699744 3.495136390935042e-19 -0.39989202431974524
    outer loop
      vertex -14.835948683714431 -0.33032424950183853 8.221749206020196
      vertex -14.739200494141052 -0.061983570967536226 8
      vertex -14.739200494141052 -1.5 8
    endloop
  endfacet
  facet normal -0.9659258262890682 -3.7069358535552966e-16 -0.2588190451025212
    outer loop
      vertex -15.48027945373548 -1.5 9.924966174543354
      vertex -15.793832177345543 -1.5 11.095160869907705
      vertex -15.558695052464358 0 10.217617173105456
    endloop
  endfacet
  facet normal -0.9825664732332882 4.2277646892703245e-16 -0.18591160716291483
    outer loop
      vertex -15.793832177345543 -1.5 11.095160869907705
      vertex -16.019059384847083 -1.5 12.28551528794597
      vertex -15.85015867364551 0 11.392853561954352
    endloop
  endfacet
  facet normal -0.9659258262890681 -5.800131597829979e-16 -0.2588190451025213
    outer loop
      vertex -15.636270174337445 -0.31344305230460967 10.507131469339164
      vertex -15.793832177345543 -1.5 11.095160869907705
      vertex -15.715416578616665 0 10.802509871345597
    endloop
  endfacet
  facet normal -0.9659258262890679 -1.1655011042441868e-15 -0.25881904510252246
    outer loop
      vertex -15.636270174337445 -0.31344305230460967 10.507131469339164
      vertex -15.558695052464358 0 10.217617173105456
      vertex -15.793832177345543 -1.5 11.095160869907705
    endloop
  endfacet
  facet normal -0.9825664732332888 8.65598122718794e-16 -0.18591160716291175
    outer loop
      vertex -16.019059384847083 -1.5 12.28551528794597
      vertex -15.962732888547116 0 11.987822595899328
      vertex -15.906047282644682 -0.3081346123032382 11.688231963960785
    endloop
  endfacet
  facet normal -0.9825664732332859 -6.850318061611903e-15 -0.1859116071629266
    outer loop
      vertex -16.019059384847083 -1.5 12.28551528794597
      vertex -15.906047282644682 -0.3081346123032382 11.688231963960785
      vertex -15.85015867364551 0 11.392853561954352
    endloop
  endfacet
  facet normal -0.9937122098932429 -8.236149116187425e-16 -0.11196447610330518
    outer loop
      vertex -16.019059384847083 -1.5 12.28551528794597
      vertex -16.154701514335116 -1.5 13.48937248389993
      vertex -16.05298177810268 0 12.586584855187851
    endloop
  endfacet
  facet normal -0.9993007047883985 -4.1698364597381566e-16 -0.03739119427632708
    outer loop
      vertex -16.154701514335116 -1.5 13.48937248389993
      vertex -16.2 -1.5 14.7
      vertex -16.16603009676306 0 13.792135223191826
    endloop
  endfacet
  facet normal -0.9937122098932432 4.746128529014285e-16 -0.11196447610330303
    outer loop
      vertex -16.154701514335116 -1.5 13.48937248389993
      vertex -16.08673753536973 -0.3046784937104254 12.886175487126412
      vertex -16.05298177810268 0 12.586584855187851
    endloop
  endfacet
  facet normal -0.993712209893243 -3.1736884109900584e-16 -0.11196447610330462
    outer loop
      vertex -16.154701514335116 -1.5 13.48937248389993
      vertex -16.120779121079526 0 13.188302916658094
      vertex -16.08673753536973 -0.3046784937104254 12.886175487126412
    endloop
  endfacet
  facet normal -0.9993007047883986 1.1095099818895463e-15 -0.037391194276324556
    outer loop
      vertex -16.2 -1.5 14.7
      vertex -16.177334907576956 -0.30297460798458015 14.094262652723526
      vertex -16.16603009676306 0 13.792135223191826
    endloop
  endfacet
  facet normal -0.9993007047883984 1.4134918942317898e-16 -0.03739119427632647
    outer loop
      vertex -16.2 -1.5 14.7
      vertex -16.188671417572056 0 14.397237260708087
      vertex -16.177334907576956 -0.30297460798458015 14.094262652723526
    endloop
  endfacet
  facet normal -0.9993007047883985 1.7957887687336726e-17 0.03739119427632708
    outer loop
      vertex -16.2 -1.5 14.7
      vertex -16.154701514335116 -1.5 15.91062751610007
      vertex -16.188671417572056 0 15.002762739291912
    endloop
  endfacet
  facet normal -0.9937122098932429 -9.169094510312605e-17 0.11196447610330518
    outer loop
      vertex -16.154701514335116 -1.5 15.91062751610007
      vertex -16.019059384847083 -1.5 17.11448471205403
      vertex -16.143240443612875 0 16.01234733216595
    endloop
  endfacet
  facet normal -0.9825664732332878 0 0.1859116071629167
    outer loop
      vertex -16.019059384847083 -1.5 17.11448471205403
      vertex -15.980625131832191 -1.5 17.31761462423377
      vertex -16.019059384847083 -1.275449941073111 17.11448471205403
    endloop
  endfacet
  facet normal -0.9937122098932418 0 0.1119644761033142
    outer loop
      vertex -16.019059384847083 -1.5 17.11448471205403
      vertex -16.019059384847083 -1.275449941073111 17.11448471205403
      vertex -16.038500048472827 -1.2019194200786603 16.941944050179245
    endloop
  endfacet
  facet normal -0.9993007047883985 -1.1062968812257991e-15 0.037391194276325215
    outer loop
      vertex -16.154701514335116 -1.5 15.91062751610007
      vertex -16.177334907576956 -0.3029746079845805 15.305737347276473
      vertex -16.188671417572056 0 15.002762739291912
    endloop
  endfacet
  facet normal -0.9993007047883983 1.8787757809344035e-15 0.03739119427633112
    outer loop
      vertex -16.154701514335116 -1.5 15.91062751610007
      vertex -16.161552503305966 0 15.727530981218738
      vertex -16.177334907576956 -0.3029746079845805 15.305737347276473
    endloop
  endfacet
  facet normal -0.9937122098932466 -2.459464253482442e-14 0.11196447610327225
    outer loop
      vertex -16.019059384847083 -1.5 17.11448471205403
      vertex -16.038500048472827 -1.2019194200786603 16.941944050179245
      vertex -16.143240443612875 0 16.01234733216595
    endloop
  endfacet
  facet normal -0.9825664732332882 0 0.18591160716291483
    outer loop
      vertex -15.793832177345543 -10 18.304839130092294
      vertex -15.793832177345543 -4.5 18.304839130092294
      vertex -16.019059384847083 -4.5 17.11448471205403
    endloop
  endfacet
  facet normal -0.9659258262890682 0 0.2588190451025212
    outer loop
      vertex -15.48027945373548 -10 19.475033825456645
      vertex -15.48027945373548 -4.5 19.475033825456645
      vertex -15.793832177345543 -4.5 18.304839130092294
    endloop
  endfacet
  facet normal -0.943883330308368 0 0.33027906195516615
    outer loop
      vertex -15.48027945373548 -10 19.475033825456645
      vertex -15.214386647425423 -4.5 20.234911808757456
      vertex -15.48027945373548 -4.5 19.475033825456645
    endloop
  endfacet
  facet normal -0.943883330308368 6.117422793350067e-17 0.3302790619551656
    outer loop
      vertex -15.48027945373548 -10 19.475033825456645
      vertex -15.156442450384535 -4.675143339011834 20.40050681000044
      vertex -15.214386647425423 -4.5 20.234911808757456
    endloop
  endfacet
  facet normal -0.9438833303083667 -6.485433249874351e-16 0.3302790619551695
    outer loop
      vertex -15.48027945373548 -10 19.475033825456645
      vertex -15.08015472803611 -4.850750041871689 20.618524594735597
      vertex -15.156442450384535 -4.675143339011834 20.40050681000044
    endloop
  endfacet
  facet normal -0.9165622558699751 0 0.3998920243197436
    outer loop
      vertex -15.08015472803611 -10 20.618524594735597
      vertex -14.69941022522167 -5.769093388964997 21.491200265132722
      vertex -15.08015472803611 -4.850750041871689 20.618524594735597
    endloop
  endfacet
  facet normal -0.9165622558699765 8.673374635770011e-16 0.39989202431974
    outer loop
      vertex -15.08015472803611 -10 20.618524594735597
      vertex -14.595695660019187 -5.96861661544679 21.728916573704442
      vertex -14.69941022522167 -5.769093388964997 21.491200265132722
    endloop
  endfacet
  facet normal -0.8841153935046095 0 0.4672686282730624
    outer loop
      vertex -14.595695660019187 -10 21.728916573704442
      vertex -14.166355385742309 -6.822157194780834 22.54126801904448
      vertex -14.595695660019187 -5.96861661544679 21.728916573704442
    endloop
  endfacet
  facet normal -0.9438833303083672 0 -0.33027906195516815
    outer loop
      vertex -15.48027945373548 -1.5 9.924966174543354
      vertex -15.48027945373548 1.5 9.924966174543354
      vertex -15.380213284414104 0 9.638993492560012
    endloop
  endfacet
  facet normal -0.9659258262890676 0 -0.25881904510252296
    outer loop
      vertex -15.48027945373548 -1.5 9.924966174543354
      vertex -15.558695052464358 0 10.217617173105456
      vertex -15.48027945373548 1.5 9.924966174543354
    endloop
  endfacet
  facet normal -0.9438833303083666 -1.932262701378962e-15 -0.33027906195516993
    outer loop
      vertex -15.278907850667919 0.3207628841087917 9.349479196326293
      vertex -15.380213284414104 0 9.638993492560012
      vertex -15.08015472803611 1.5 8.781475405264404
    endloop
  endfacet
  facet normal -0.9659258262890682 2.9021840611934304e-16 -0.25881904510252157
    outer loop
      vertex -15.558695052464358 0 10.217617173105456
      vertex -15.636270174337445 0.31344305230461394 10.507131469339164
      vertex -15.48027945373548 1.5 9.924966174543354
    endloop
  endfacet
  facet normal -0.9438833303083675 -1.9620019292769988e-16 -0.3302790619551672
    outer loop
      vertex -15.380213284414104 0 9.638993492560012
      vertex -15.48027945373548 1.5 9.924966174543354
      vertex -15.08015472803611 1.5 8.781475405264404
    endloop
  endfacet
  facet normal -0.916562255869975 0 -0.39989202431974374
    outer loop
      vertex -15.08015472803611 -1.5 8.781475405264404
      vertex -15.08015472803611 1.5 8.781475405264404
      vertex -14.958997598731695 0 8.503780315098782
    endloop
  endfacet
  facet normal -0.9438833303083675 0 -0.3302790619551671
    outer loop
      vertex -15.08015472803611 -1.5 8.781475405264404
      vertex -15.180220897357481 0 9.067448087247731
      vertex -15.08015472803611 1.5 8.781475405264404
    endloop
  endfacet
  facet normal -0.9165622558699776 1.7362840997512297e-15 -0.3998920243197376
    outer loop
      vertex -14.958997598731695 0 8.503780315098782
      vertex -14.739200494141052 1.5 8
      vertex -14.835948683714431 0.3303242495018363 8.221749206020196
    endloop
  endfacet
  facet normal -0.9165622558699743 3.4951363909350413e-19 -0.3998920243197452
    outer loop
      vertex -14.835948683714431 0.3303242495018363 8.221749206020196
      vertex -14.739200494141052 1.5 8
      vertex -14.739200494141052 0.06198357096753581 8
    endloop
  endfacet
  facet normal -0.9438833303083679 2.5404350613533753e-16 -0.3302790619551659
    outer loop
      vertex -15.278907850667919 0.3207628841087917 9.349479196326293
      vertex -15.08015472803611 1.5 8.781475405264404
      vertex -15.180220897357481 0 9.067448087247731
    endloop
  endfacet
  facet normal -0.9165622558699755 -2.6046384587604556e-16 -0.3998920243197425
    outer loop
      vertex -14.958997598731695 0 8.503780315098782
      vertex -15.08015472803611 1.5 8.781475405264404
      vertex -14.739200494141052 1.5 8
    endloop
  endfacet
  facet normal -0.9659258262890689 0 -0.2588190451025186
    outer loop
      vertex -15.793832177345543 -1.5 11.095160869907705
      vertex -15.793832177345543 1.5 11.095160869907705
      vertex -15.715416578616665 0 10.802509871345597
    endloop
  endfacet
  facet normal -0.9825664732332886 0 -0.18591160716291277
    outer loop
      vertex -15.793832177345543 -1.5 11.095160869907705
      vertex -15.85015867364551 0 11.392853561954352
      vertex -15.793832177345543 1.5 11.095160869907705
    endloop
  endfacet
  facet normal -0.9825664732332884 -2.1570248001218613e-16 -0.18591160716291383
    outer loop
      vertex -15.85015867364551 0 11.392853561954352
      vertex -15.90604728264468 0.3081346123032433 11.688231963960785
      vertex -15.793832177345543 1.5 11.095160869907705
    endloop
  endfacet
  facet normal -0.965925826289068 2.3800756262892e-16 -0.2588190451025217
    outer loop
      vertex -15.715416578616665 0 10.802509871345597
      vertex -15.48027945373548 1.5 9.924966174543354
      vertex -15.636270174337445 0.31344305230461394 10.507131469339164
    endloop
  endfacet
  facet normal -0.9825664732332879 0 -0.18591160716291596
    outer loop
      vertex -16.019059384847083 -1.5 12.28551528794597
      vertex -16.019059384847083 1.5 12.28551528794597
      vertex -15.962732888547116 0 11.987822595899328
    endloop
  endfacet
  facet normal -0.9937122098932425 0 -0.11196447610330924
    outer loop
      vertex -16.019059384847083 -1.5 12.28551528794597
      vertex -16.05298177810268 0 12.586584855187851
      vertex -16.019059384847083 1.5 12.28551528794597
    endloop
  endfacet
  facet normal -0.9825664732332873 -3.290917508316744e-15 -0.1859116071629198
    outer loop
      vertex -15.962732888547116 0 11.987822595899328
      vertex -15.793832177345543 1.5 11.095160869907705
      vertex -15.90604728264468 0.3081346123032433 11.688231963960785
    endloop
  endfacet
  facet normal -0.993712209893243 9.64007363491371e-16 -0.1119644761033045
    outer loop
      vertex -16.05298177810268 0 12.586584855187851
      vertex -16.08673753536973 0.3046784937104273 12.886175487126412
      vertex -16.019059384847083 1.5 12.28551528794597
    endloop
  endfacet
  facet normal -0.9659258262890682 5.428227664479681e-16 -0.2588190451025212
    outer loop
      vertex -15.715416578616665 0 10.802509871345597
      vertex -15.793832177345543 1.5 11.095160869907705
      vertex -15.48027945373548 1.5 9.924966174543354
    endloop
  endfacet
  facet normal -0.9825664732332882 -2.380377741211554e-16 -0.18591160716291483
    outer loop
      vertex -15.962732888547116 0 11.987822595899328
      vertex -16.019059384847083 1.5 12.28551528794597
      vertex -15.793832177345543 1.5 11.095160869907705
    endloop
  endfacet
  facet normal -0.9937122098932432 0 -0.11196447610330303
    outer loop
      vertex -16.154701514335116 -1.5 13.48937248389993
      vertex -16.154701514335116 1.5 13.48937248389993
      vertex -16.120779121079526 0 13.188302916658094
    endloop
  endfacet
  facet normal -0.9993007047883985 0 -0.03739119427632915
    outer loop
      vertex -16.154701514335116 -1.5 13.48937248389993
      vertex -16.16603009676306 0 13.792135223191826
      vertex -16.154701514335116 1.5 13.48937248389993
    endloop
  endfacet
  facet normal -0.993712209893243 1.5129489291840556e-15 -0.11196447610330344
    outer loop
      vertex -16.08673753536973 0.3046784937104273 12.886175487126412
      vertex -16.120779121079526 0 13.188302916658094
      vertex -16.019059384847083 1.5 12.28551528794597
    endloop
  endfacet
  facet normal -0.9993007047883985 0 -0.03739119427632717
    outer loop
      vertex -16.2 -1.5 14.7
      vertex -16.2 1.5 14.7
      vertex -16.188671417572056 0 14.397237260708087
    endloop
  endfacet
  facet normal -0.9993007047883985 0 0.03739119427632717
    outer loop
      vertex -16.2 -1.5 14.7
      vertex -16.188671417572056 0 15.002762739291912
      vertex -16.2 1.5 14.7
    endloop
  endfacet
  facet normal -0.9993007047883986 5.831037561279436e-16 -0.03739119427632626
    outer loop
      vertex -16.16603009676306 0 13.792135223191826
      vertex -16.177334907576956 0.3029746079845805 14.094262652723526
      vertex -16.154701514335116 1.5 13.48937248389993
    endloop
  endfacet
  facet normal -0.9993007047883985 1.1062968812257991e-15 -0.037391194276325215
    outer loop
      vertex -16.154701514335116 1.5 13.48937248389993
      vertex -16.177334907576956 0.3029746079845805 14.094262652723526
      vertex -16.188671417572056 0 14.397237260708087
    endloop
  endfacet
  facet normal -0.9937122098932429 4.3615145172011903e-16 -0.11196447610330518
    outer loop
      vertex -16.120779121079526 0 13.188302916658094
      vertex -16.154701514335116 1.5 13.48937248389993
      vertex -16.019059384847083 1.5 12.28551528794597
    endloop
  endfacet
  facet normal -0.9993007047883985 -1.789699106932929e-17 -0.03739119427632708
    outer loop
      vertex -16.154701514335116 1.5 13.48937248389993
      vertex -16.188671417572056 0 14.397237260708087
      vertex -16.2 1.5 14.7
    endloop
  endfacet
  facet normal -0.9993007047883988 0 0.03739119427631575
    outer loop
      vertex -16.154701514335116 -1.5 15.91062751610007
      vertex -16.154701514335116 1.5 15.91062751610007
      vertex -16.161552503305966 0 15.727530981218738
    endloop
  endfacet
  facet normal -0.993712209893243 0 0.11196447610330386
    outer loop
      vertex -16.154701514335116 -1.5 15.91062751610007
      vertex -16.143240443612875 0 16.01234733216595
      vertex -16.154701514335116 1.5 15.91062751610007
    endloop
  endfacet
  facet normal -0.9993007047883984 -1.4170904761079826e-16 0.03739119427632647
    outer loop
      vertex -16.188671417572056 0 15.002762739291912
      vertex -16.177334907576956 0.30297460798458015 15.305737347276473
      vertex -16.2 1.5 14.7
    endloop
  endfacet
  facet normal -0.9993007047883982 4.553202055807289e-15 0.03739119427633574
    outer loop
      vertex -16.177334907576956 0.30297460798458015 15.305737347276473
      vertex -16.161552503305966 0 15.727530981218738
      vertex -16.2 1.5 14.7
    endloop
  endfacet
  facet normal -0.993712209893243 1.4527252914987364e-17 0.11196447610330405
    outer loop
      vertex -16.143240443612875 0 16.01234733216595
      vertex -16.038500048472827 1.2019194200786605 16.94194405017924
      vertex -16.154701514335116 1.5 15.91062751610007
    endloop
  endfacet
  facet normal -0.9993007047883985 -1.3845741554507594e-15 0.03739119427632708
    outer loop
      vertex -16.161552503305966 0 15.727530981218738
      vertex -16.154701514335116 1.5 15.91062751610007
      vertex -16.2 1.5 14.7
    endloop
  endfacet
  facet normal -0.9937122098932427 1.1217183189272903e-14 0.11196447610330724
    outer loop
      vertex -16.154701514335116 1.5 15.91062751610007
      vertex -16.038500048472827 1.2019194200786605 16.94194405017924
      vertex -16.019059384847083 1.275449941073111 17.11448471205403
    endloop
  endfacet
  facet normal -0.993712209893243 -4.183436523210565e-17 0.11196447610330519
    outer loop
      vertex -16.154701514335116 1.5 15.91062751610007
      vertex -16.019059384847083 1.275449941073111 17.11448471205403
      vertex -16.019059384847083 1.5 17.11448471205403
    endloop
  endfacet
  facet normal -0.9825664732332878 0 0.1859116071629167
    outer loop
      vertex -16.019059384847083 1.275449941073111 17.11448471205403
      vertex -15.980625131832191 1.5 17.31761462423377
      vertex -16.019059384847083 1.5 17.11448471205403
    endloop
  endfacet
  facet normal -0.9438833303083676 -7.739422207558761e-19 -0.33027906195516726
    outer loop
      vertex -15.48027945373548 4.5 9.924966174543354
      vertex -15.08015472803611 10 8.781475405264404
      vertex -15.08015472803611 4.5 8.781475405264404
    endloop
  endfacet
  facet normal -0.9165622558699754 0 -0.3998920243197425
    outer loop
      vertex -15.08015472803611 4.5 8.781475405264404
      vertex -15.08015472803611 10 8.781475405264404
      vertex -14.739200494141052 4.5 8
    endloop
  endfacet
  facet normal -0.9659258262890682 0 -0.2588190451025212
    outer loop
      vertex -15.48027945373548 4.5 9.924966174543354
      vertex -15.793832177345543 4.5 11.095160869907705
      vertex -15.48027945373548 10 9.924966174543354
    endloop
  endfacet
  facet normal -0.9825664732332882 0 -0.18591160716291483
    outer loop
      vertex -15.793832177345543 4.5 11.095160869907705
      vertex -16.019059384847083 4.5 12.28551528794597
      vertex -15.793832177345543 10 11.095160869907705
    endloop
  endfacet
  facet normal -0.9937122098932429 0 -0.11196447610330518
    outer loop
      vertex -16.019059384847083 4.5 12.28551528794597
      vertex -16.154701514335116 4.5 13.48937248389993
      vertex -16.019059384847083 10 12.28551528794597
    endloop
  endfacet
  facet normal -0.9993007047883985 0 -0.03739119427632708
    outer loop
      vertex -16.154701514335116 4.5 13.48937248389993
      vertex -16.2 4.5 14.7
      vertex -16.154701514335116 10 13.48937248389993
    endloop
  endfacet
  facet normal -0.9993007047883985 0 0.03739119427632708
    outer loop
      vertex -16.2 4.5 14.7
      vertex -16.154701514335116 4.5 15.91062751610007
      vertex -16.2 10 14.7
    endloop
  endfacet
  facet normal -0.9937122098932429 0 0.11196447610330518
    outer loop
      vertex -16.154701514335116 4.5 15.91062751610007
      vertex -16.019059384847083 4.5 17.11448471205403
      vertex -16.154701514335116 10 15.91062751610007
    endloop
  endfacet
  facet normal -0.9825664732332882 0 0.18591160716291483
    outer loop
      vertex -16.019059384847083 4.5 17.11448471205403
      vertex -15.793832177345543 4.5 18.304839130092294
      vertex -16.019059384847083 10 17.11448471205403
    endloop
  endfacet
  facet normal -0.9659258262890682 0 0.2588190451025212
    outer loop
      vertex -15.793832177345543 4.5 18.304839130092294
      vertex -15.48027945373548 4.5 19.475033825456645
      vertex -15.793832177345543 10 18.304839130092294
    endloop
  endfacet
  facet normal -0.943883330308368 0 0.33027906195516615
    outer loop
      vertex -15.48027945373548 4.5 19.475033825456645
      vertex -15.214386647425423 4.5 20.234911808757456
      vertex -15.48027945373548 10 19.475033825456645
    endloop
  endfacet
  facet normal -0.9438833303083681 2.0428803460401218e-16 0.33027906195516543
    outer loop
      vertex -15.214386647425423 4.5 20.234911808757456
      vertex -15.156442450384535 4.675143339011834 20.40050681000044
      vertex -15.08015472803611 10 20.618524594735597
    endloop
  endfacet
  facet normal -0.9438833303083666 -3.4851860821076905e-19 0.33027906195516993
    outer loop
      vertex -15.156442450384535 4.675143339011834 20.40050681000044
      vertex -15.08015472803611 4.850750041871689 20.618524594735597
      vertex -15.08015472803611 10 20.618524594735597
    endloop
  endfacet
  facet normal -0.9165622558699758 0 0.3998920243197423
    outer loop
      vertex -15.08015472803611 4.850750041871689 20.618524594735597
      vertex -14.69941022522167 5.769093388964997 21.491200265132726
      vertex -15.08015472803611 10 20.618524594735597
    endloop
  endfacet
  facet normal -0.9165622558699746 -7.202286087793412e-19 0.3998920243197443
    outer loop
      vertex -14.69941022522167 5.769093388964997 21.491200265132726
      vertex -14.595695660019187 5.96861661544679 21.728916573704442
      vertex -14.595695660019187 10 21.728916573704442
    endloop
  endfacet
  facet normal -0.8841153935046095 0 0.4672686282730624
    outer loop
      vertex -14.595695660019187 5.96861661544679 21.728916573704442
      vertex -14.166355385742309 6.822157194780834 22.54126801904448
      vertex -14.595695660019187 10 21.728916573704442
    endloop
  endfacet
  facet normal -0.9438833303083676 0 -0.33027906195516726
    outer loop
      vertex -15.48027945373548 4.5 9.924966174543354
      vertex -15.48027945373548 10 9.924966174543354
      vertex -15.08015472803611 10 8.781475405264404
    endloop
  endfacet
  facet normal -0.9165622558699754 1.8407606512956984e-18 -0.3998920243197425
    outer loop
      vertex -15.08015472803611 10 8.781475405264404
      vertex -14.739200494141052 10 8
      vertex -14.739200494141052 4.5 8
    endloop
  endfacet
  facet normal -0.9659258262890682 0 -0.2588190451025212
    outer loop
      vertex -15.793832177345543 4.5 11.095160869907705
      vertex -15.793832177345543 10 11.095160869907705
      vertex -15.48027945373548 10 9.924966174543354
    endloop
  endfacet
  facet normal -0.9825664732332882 0 -0.18591160716291483
    outer loop
      vertex -16.019059384847083 4.5 12.28551528794597
      vertex -16.019059384847083 10 12.28551528794597
      vertex -15.793832177345543 10 11.095160869907705
    endloop
  endfacet
  facet normal 0 1 0
    outer loop
      vertex -15.48027945373548 10 9.924966174543354
      vertex -12.024434981475306 10 10.507131469339164
      vertex -15.08015472803611 10 8.781475405264404
    endloop
  endfacet
  facet normal 0 1 0
    outer loop
      vertex -15.48027945373548 10 9.924966174543354
      vertex -15.793832177345543 10 11.095160869907705
      vertex -12.37984397277366 10 11.688231963960785
    endloop
  endfacet
  facet normal 0 1 0
    outer loop
      vertex -15.793832177345543 10 11.095160869907705
      vertex -16.019059384847083 10 12.28551528794597
      vertex -12.539603376627033 10 12.492194466212954
    endloop
  endfacet
  facet normal 0 1 0
    outer loop
      vertex -15.08015472803611 10 8.781475405264404
      vertex -11.553653930206139 10 9.349479196326293
      vertex -14.739200494141052 10 8
    endloop
  endfacet
  facet normal 0 1 0
    outer loop
      vertex -11.553653930206139 10 9.349479196326293
      vertex -10.970133617571378 10 8.221749206020196
      vertex -14.739200494141052 10 8
    endloop
  endfacet
  facet normal 0 1 0
    outer loop
      vertex -10.970133617571378 10 8.221749206020196
      vertex -10.829344575958915 10 8
      vertex -14.739200494141052 10 8
    endloop
  endfacet
  facet normal 0 1 0
    outer loop
      vertex -15.08015472803611 10 8.781475405264404
      vertex -12.024434981475306 10 10.507131469339164
      vertex -11.553653930206139 10 9.349479196326293
    endloop
  endfacet
  facet normal 0 1 0
    outer loop
      vertex -15.48027945373548 10 9.924966174543354
      vertex -12.37984397277366 10 11.688231963960785
      vertex -12.024434981475306 10 10.507131469339164
    endloop
  endfacet
  facet normal 0 1 0
    outer loop
      vertex -16.019059384847083 10 12.28551528794597
      vertex -12.613356448484334 10 12.886175487126412
      vertex -12.539603376627033 10 12.492194466212954
    endloop
  endfacet
  facet normal 0 1 0
    outer loop
      vertex -15.793832177345543 10 11.095160869907705
      vertex -12.539603376627033 10 12.492194466212954
      vertex -12.37984397277366 10 11.688231963960785
    endloop
  endfacet
  facet normal -0.9937122098932429 0 -0.11196447610330518
    outer loop
      vertex -16.154701514335116 4.5 13.48937248389993
      vertex -16.154701514335116 10 13.48937248389993
      vertex -16.019059384847083 10 12.28551528794597
    endloop
  endfacet
  facet normal -0.9993007047883985 0 -0.03739119427632708
    outer loop
      vertex -16.2 4.5 14.7
      vertex -16.2 10 14.7
      vertex -16.154701514335116 10 13.48937248389993
    endloop
  endfacet
  facet normal -0.9993007047883985 0 0.03739119427632708
    outer loop
      vertex -16.154701514335116 4.5 15.91062751610007
      vertex -16.154701514335116 10 15.91062751610007
      vertex -16.2 10 14.7
    endloop
  endfacet
  facet normal -0.9937122098932429 0 0.11196447610330518
    outer loop
      vertex -16.019059384847083 4.5 17.11448471205403
      vertex -16.019059384847083 10 17.11448471205403
      vertex -16.154701514335116 10 15.91062751610007
    endloop
  endfacet
  facet normal 0 1 0
    outer loop
      vertex -16.019059384847083 10 12.28551528794597
      vertex -16.154701514335116 10 13.48937248389993
      vertex -12.725798105485545 10 14.094262652723526
    endloop
  endfacet
  facet normal 0 1 0
    outer loop
      vertex -16.154701514335116 10 13.48937248389993
      vertex -16.2 10 14.7
      vertex -12.725798105485545 10 14.094262652723526
    endloop
  endfacet
  facet normal 0 1 0
    outer loop
      vertex -16.2 10 14.7
      vertex -16.154701514335116 10 15.91062751610007
      vertex -12.725798105485545 10 15.305737347276473
    endloop
  endfacet
  facet normal 0 1 0
    outer loop
      vertex -16.154701514335116 10 15.91062751610007
      vertex -16.019059384847083 10 17.11448471205403
      vertex -12.539603376627035 10 17.63746455742424
    endloop
  endfacet
  facet normal 0 1 0
    outer loop
      vertex -16.019059384847083 10 12.28551528794597
      vertex -12.725798105485545 10 14.094262652723526
      vertex -12.613356448484334 10 12.886175487126412
    endloop
  endfacet
  facet normal 0 1 0
    outer loop
      vertex -16.2 10 14.7
      vertex -12.725798105485545 10 15.305737347276473
      vertex -12.725798105485545 10 14.094262652723526
    endloop
  endfacet
  facet normal 0 1 0
    outer loop
      vertex -16.154701514335116 10 15.91062751610007
      vertex -12.539603376627035 10 17.63746455742424
      vertex -12.725798105485545 10 15.305737347276473
    endloop
  endfacet
  facet normal -0.9825664732332882 0 0.18591160716291483
    outer loop
      vertex -15.793832177345543 4.5 18.304839130092294
      vertex -15.793832177345543 10 18.304839130092294
      vertex -16.019059384847083 10 17.11448471205403
    endloop
  endfacet
  facet normal -0.9659258262890682 0 0.2588190451025212
    outer loop
      vertex -15.48027945373548 4.5 19.475033825456645
      vertex -15.48027945373548 10 19.475033825456645
      vertex -15.793832177345543 10 18.304839130092294
    endloop
  endfacet
  facet normal -0.9438833303083677 1.00517665757057e-16 0.3302790619551668
    outer loop
      vertex -15.214386647425423 4.5 20.234911808757456
      vertex -15.08015472803611 10 20.618524594735597
      vertex -15.48027945373548 10 19.475033825456645
    endloop
  endfacet
  facet normal -0.9165622558699755 1.1318059380433436e-16 0.3998920243197427
    outer loop
      vertex -14.69941022522167 5.769093388964997 21.491200265132726
      vertex -14.595695660019187 10 21.728916573704442
      vertex -15.08015472803611 10 20.618524594735597
    endloop
  endfacet
  facet normal 0 1 0
    outer loop
      vertex -16.019059384847083 10 17.11448471205403
      vertex -15.793832177345543 10 18.304839130092294
      vertex -12.539603376627035 10 17.63746455742424
    endloop
  endfacet
  facet normal 0 1 0
    outer loop
      vertex -15.793832177345543 10 18.304839130092294
      vertex -15.48027945373548 10 19.475033825456645
      vertex -11.852659871518552 10 25.741578804013525
    endloop
  endfacet
  facet normal 0 1 0
    outer loop
      vertex -15.793832177345543 10 18.304839130092294
      vertex -11.852659871518552 10 25.741578804013525
      vertex -12.539603376627035 10 17.63746455742424
    endloop
  endfacet
  facet normal -0.8841153935046095 -1.5518544785741133e-17 0.46726862827306237
    outer loop
      vertex -14.166355385742309 6.822157194780834 22.54126801904448
      vertex -14.029611541307904 10 22.799999999999997
      vertex -14.595695660019187 10 21.728916573704442
    endloop
  endfacet
  facet normal -0.8841153935046097 3.0882426574216016e-18 0.46726862827306226
    outer loop
      vertex -14.166355385742309 6.822157194780834 22.54126801904448
      vertex -14.029611541307904 7.045313598079877 22.799999999999997
      vertex -14.029611541307904 10 22.799999999999997
    endloop
  endfacet
  facet normal -0.8467241992282861 0 0.5320320765153334
    outer loop
      vertex -14.029611541307904 7.045313598079877 22.799999999999997
      vertex -13.560989711982172 7.8294410606906535 23.54580736893838
      vertex -14.029611541307904 10 22.799999999999997
    endloop
  endfacet
  facet normal -0.846724199228283 4.7781572575293524e-18 0.5320320765153382
    outer loop
      vertex -13.560989711982172 7.8294410606906535 23.54580736893838
      vertex -13.385068143919117 8.075607953063322 23.825784940630676
      vertex -13.385068143919117 10 23.825784940630676
    endloop
  endfacet
  facet normal -0.8045977797666666 0 0.5938201855735039
    outer loop
      vertex -13.385068143919117 8.075607953063322 23.825784940630676
      vertex -12.887271949883658 8.786393242195741 24.500274832062043
      vertex -13.385068143919117 10 23.825784940630676
    endloop
  endfacet
  facet normal -0.8467241992282853 6.473574149162375e-16 0.5320320765153346
    outer loop
      vertex -13.560989711982172 7.8294410606906535 23.54580736893838
      vertex -13.385068143919117 10 23.825784940630676
      vertex -14.029611541307904 10 22.799999999999997
    endloop
  endfacet
  facet normal -0.8045977797666678 -1.3544943328098342e-15 0.5938201855735024
    outer loop
      vertex -12.887271949883658 8.786393242195741 24.500274832062043
      vertex -12.66567001598208 10 24.800534790111485
      vertex -13.385068143919117 10 23.825784940630676
    endloop
  endfacet
  facet normal -0.8045977797666704 -4.4429984688178315e-18 0.5938201855734988
    outer loop
      vertex -12.887271949883658 8.786393242195741 24.500274832062043
      vertex -12.66567001598208 9.054166101063446 24.800534790111485
      vertex -12.66567001598208 10 24.800534790111485
    endloop
  endfacet
  facet normal -0.7579717231454524 0 0.652287411278122
    outer loop
      vertex -12.66567001598208 9.054166101063446 24.800534790111485
      vertex -12.149377803934533 9.688805490116332 25.400477224759207
      vertex -12.66567001598208 10 24.800534790111485
    endloop
  endfacet
  facet normal 0 1 0
    outer loop
      vertex -15.48027945373548 10 19.475033825456645
      vertex -15.08015472803611 10 20.618524594735597
      vertex -11.852659871518552 10 25.741578804013525
    endloop
  endfacet
  facet normal 0 1 0
    outer loop
      vertex -15.08015472803611 10 20.618524594735597
      vertex -14.595695660019187 10 21.728916573704442
      vertex -11.852659871518552 10 25.741578804013525
    endloop
  endfacet
  facet normal 0 1 0
    outer loop
      vertex -14.595695660019187 10 21.728916573704442
      vertex -14.029611541307904 10 22.799999999999997
      vertex -11.852659871518552 10 25.741578804013525
    endloop
  endfacet
  facet normal 0 1 0
    outer loop
      vertex -14.029611541307904 10 22.799999999999997
      vertex -13.385068143919117 10 23.825784940630676
      vertex -11.852659871518552 10 25.741578804013525
    endloop
  endfacet
  facet normal 0 1 0
    outer loop
      vertex -13.385068143919117 10 23.825784940630676
      vertex -12.66567001598208 10 24.800534790111485
      vertex -11.852659871518552 10 25.741578804013525
    endloop
  endfacet
  facet normal -0.7579717231454531 -2.749107399452146e-15 0.6522874112781211
    outer loop
      vertex -12.66567001598208 10 24.800534790111485
      vertex -12.149377803934533 9.688805490116332 25.400477224759207
      vertex -11.875440323643186 10 25.718798351888893
    endloop
  endfacet
  facet normal -0.7579717231454542 -2.628585640381016e-16 0.6522874112781197
    outer loop
      vertex -12.149377803934533 9.688805490116332 25.400477224759207
      vertex -11.875440323643186 9.975772474009743 25.718798351888893
      vertex -11.875440323643186 10 25.718798351888893
    endloop
  endfacet
  facet normal 0 1 0
    outer loop
      vertex -12.66567001598208 10 24.800534790111485
      vertex -11.875440323643186 10 25.718798351888893
      vertex -11.852659871518552 10 25.741578804013525
    endloop
  endfacet
  facet normal -0.7071067811865199 0 0.7071067811865751
    outer loop
      vertex -11.875440323643186 9.975772474009743 25.718798351888893
      vertex -11.852659871518552 10 25.741578804013525
      vertex -11.875440323643186 10 25.718798351888893
    endloop
  endfacet
  facet normal 0 -1 0
    outer loop
      vertex 10.970133617571376 -10 8.221749206020196
      vertex 10.829344575958913 -10 8
      vertex 14.739200494141052 -10 8
    endloop
  endfacet
  facet normal 0 -1 0
    outer loop
      vertex 10.970133617571376 -10 8.221749206020196
      vertex 14.739200494141052 -10 8
      vertex 11.553653930206139 -10 9.349479196326293
    endloop
  endfacet
  facet normal 0 -1 0
    outer loop
      vertex 11.553653930206139 -10 9.349479196326293
      vertex 15.080154728036108 -10 8.781475405264402
      vertex 12.024434981475304 -10 10.507131469339164
    endloop
  endfacet
  facet normal 0 -1 0
    outer loop
      vertex 11.553653930206139 -10 9.349479196326293
      vertex 14.739200494141052 -10 8
      vertex 15.080154728036108 -10 8.781475405264402
    endloop
  endfacet
  facet normal 0 -1 0
    outer loop
      vertex 12.024434981475304 -10 10.507131469339164
      vertex 15.480279453735479 -10 9.924966174543352
      vertex 12.379843972773658 -10 11.688231963960785
    endloop
  endfacet
  facet normal 0 -1 0
    outer loop
      vertex 12.379843972773658 -10 11.688231963960785
      vertex 15.793832177345543 -10 11.095160869907707
      vertex 12.539603376627039 -10 12.492194466212991
    endloop
  endfacet
  facet normal 0 -1 0
    outer loop
      vertex 12.539603376627039 -10 12.492194466212991
      vertex 16.019059384847083 -10 12.285515287945973
      vertex 12.613356448484332 -10 12.886175487126412
    endloop
  endfacet
  facet normal 0 -1 0
    outer loop
      vertex 12.024434981475304 -10 10.507131469339164
      vertex 15.080154728036108 -10 8.781475405264402
      vertex 15.480279453735479 -10 9.924966174543352
    endloop
  endfacet
  facet normal 0 -1 0
    outer loop
      vertex 12.379843972773658 -10 11.688231963960785
      vertex 15.480279453735479 -10 9.924966174543352
      vertex 15.793832177345543 -10 11.095160869907707
    endloop
  endfacet
  facet normal 0 -1 0
    outer loop
      vertex 12.539603376627039 -10 12.492194466212991
      vertex 15.793832177345543 -10 11.095160869907707
      vertex 16.019059384847083 -10 12.285515287945973
    endloop
  endfacet
  facet normal 0.916562255869976 -8.670985325468453e-19 -0.3998920243197416
    outer loop
      vertex 15.080154728036108 -10 8.781475405264402
      vertex 14.739200494141052 -10 8
      vertex 14.739200494141052 -4.5 8
    endloop
  endfacet
  facet normal 0.9438833303083676 7.739422207558761e-19 -0.33027906195516726
    outer loop
      vertex 15.080154728036108 -10 8.781475405264402
      vertex 15.480279453735479 -4.5 9.924966174543352
      vertex 15.480279453735479 -10 9.924966174543352
    endloop
  endfacet
  facet normal 0.965925826289068 -2.689831665408106e-18 -0.2588190451025218
    outer loop
      vertex 15.480279453735479 -10 9.924966174543352
      vertex 15.793832177345543 -4.5 11.095160869907707
      vertex 15.793832177345543 -10 11.095160869907707
    endloop
  endfacet
  facet normal 0.9825664732332883 2.6889915411854252e-18 -0.18591160716291455
    outer loop
      vertex 15.793832177345543 -10 11.095160869907707
      vertex 16.019059384847083 -4.5 12.285515287945973
      vertex 16.019059384847083 -10 12.285515287945973
    endloop
  endfacet
  facet normal 0 -1 0
    outer loop
      vertex 12.613356448484332 -10 12.886175487126412
      vertex 16.019059384847083 -10 12.285515287945973
      vertex 12.725798105485543 -10 14.094262652723526
    endloop
  endfacet
  facet normal 0 -1 0
    outer loop
      vertex 12.725798105485543 -10 14.094262652723526
      vertex 16.2 -10 14.7
      vertex 12.725798105485543 -10 15.305737347276473
    endloop
  endfacet
  facet normal 0 -1 0
    outer loop
      vertex 12.725798105485543 -10 15.305737347276473
      vertex 16.154701514335116 -10 15.91062751610007
      vertex 12.53960337662704 -10 17.63746455742417
    endloop
  endfacet
  facet normal 0 -1 0
    outer loop
      vertex 16.019059384847083 -10 12.285515287945973
      vertex 16.154701514335116 -10 13.489372483899926
      vertex 12.725798105485543 -10 14.094262652723526
    endloop
  endfacet
  facet normal 0 -1 0
    outer loop
      vertex 16.154701514335116 -10 13.489372483899926
      vertex 16.2 -10 14.7
      vertex 12.725798105485543 -10 14.094262652723526
    endloop
  endfacet
  facet normal 0 -1 0
    outer loop
      vertex 12.725798105485543 -10 15.305737347276473
      vertex 16.2 -10 14.7
      vertex 16.154701514335116 -10 15.91062751610007
    endloop
  endfacet
  facet normal 0 -1 0
    outer loop
      vertex 12.53960337662704 -10 17.63746455742417
      vertex 16.154701514335116 -10 15.91062751610007
      vertex 16.019059384847083 -10 17.114484712054022
    endloop
  endfacet
  facet normal 0.9937122098932428 -5.598937963660589e-19 -0.11196447610330583
    outer loop
      vertex 16.019059384847083 -10 12.285515287945973
      vertex 16.154701514335116 -4.5 13.489372483899926
      vertex 16.154701514335116 -10 13.489372483899926
    endloop
  endfacet
  facet normal 0.9993007047883985 -2.3915904680366426e-19 -0.03739119427632697
    outer loop
      vertex 16.154701514335116 -10 13.489372483899926
      vertex 16.2 -4.5 14.7
      vertex 16.2 -10 14.7
    endloop
  endfacet
  facet normal 0.9993007047883985 4.399646309894358e-19 0.03739119427632708
    outer loop
      vertex 16.2 -10 14.7
      vertex 16.154701514335116 -4.5 15.91062751610007
      vertex 16.154701514335116 -10 15.91062751610007
    endloop
  endfacet
  facet normal 0.9937122098932428 5.598937963660589e-19 0.11196447610330583
    outer loop
      vertex 16.154701514335116 -10 15.91062751610007
      vertex 16.019059384847083 -4.5 17.114484712054022
      vertex 16.019059384847083 -10 17.114484712054022
    endloop
  endfacet
  facet normal 0.70710678118652 0 0.7071067811865751
    outer loop
      vertex 11.87544032364319 -10 25.71879835188889
      vertex 11.87544032364319 -9.975772474009737 25.71879835188889
      vertex 11.852659871518552 -10 25.741578804013525
    endloop
  endfacet
  facet normal 0 -1 0
    outer loop
      vertex 11.87544032364319 -10 25.71879835188889
      vertex 11.852659871518552 -10 25.741578804013525
      vertex 12.665670015982084 -10 24.800534790111477
    endloop
  endfacet
  facet normal 0.7579717231454529 0 0.6522874112781213
    outer loop
      vertex 11.87544032364319 -10 25.71879835188889
      vertex 12.149377803934534 -9.688805490116332 25.400477224759207
      vertex 11.87544032364319 -9.975772474009737 25.71879835188889
    endloop
  endfacet
  facet normal 0 -1 0
    outer loop
      vertex 11.852659871518552 -10 25.741578804013525
      vertex 12.53960337662704 -10 17.63746455742417
      vertex 15.793832177345545 -10 18.304839130092287
    endloop
  endfacet
  facet normal 0 -1 0
    outer loop
      vertex 12.53960337662704 -10 17.63746455742417
      vertex 16.019059384847083 -10 17.114484712054022
      vertex 15.793832177345545 -10 18.304839130092287
    endloop
  endfacet
  facet normal 0 -1 0
    outer loop
      vertex 11.852659871518552 -10 25.741578804013525
      vertex 15.793832177345545 -10 18.304839130092287
      vertex 15.480279453735477 -10 19.475033825456656
    endloop
  endfacet
  facet normal 0.9825664732332884 -2.012200935763619e-19 0.18591160716291338
    outer loop
      vertex 16.019059384847083 -10 17.114484712054022
      vertex 15.793832177345545 -4.5 18.304839130092287
      vertex 15.793832177345545 -10 18.304839130092287
    endloop
  endfacet
  facet normal 0.965925826289068 1.3405428336386482e-18 0.2588190451025216
    outer loop
      vertex 15.793832177345545 -10 18.304839130092287
      vertex 15.480279453735477 -4.5 19.475033825456656
      vertex 15.480279453735477 -10 19.475033825456656
    endloop
  endfacet
  facet normal 0.9165622558699756 -1.381264164766675e-16 0.3998920243197424
    outer loop
      vertex 15.080154728036106 -10 20.618524594735604
      vertex 14.69941022522167 -5.769093388964999 21.491200265132726
      vertex 14.595695660019187 -10 21.728916573704442
    endloop
  endfacet
  facet normal 0.9438833303083672 9.16455513678635e-17 0.33027906195516765
    outer loop
      vertex 15.480279453735477 -10 19.475033825456656
      vertex 15.214386647425421 -4.5 20.234911808757456
      vertex 15.080154728036106 -10 20.618524594735604
    endloop
  endfacet
  facet normal 0 -1 0
    outer loop
      vertex 11.852659871518552 -10 25.741578804013525
      vertex 15.480279453735477 -10 19.475033825456656
      vertex 15.080154728036106 -10 20.618524594735604
    endloop
  endfacet
  facet normal 0 -1 0
    outer loop
      vertex 11.852659871518552 -10 25.741578804013525
      vertex 15.080154728036106 -10 20.618524594735604
      vertex 14.595695660019187 -10 21.728916573704442
    endloop
  endfacet
  facet normal 0 -1 0
    outer loop
      vertex 11.852659871518552 -10 25.741578804013525
      vertex 14.595695660019187 -10 21.728916573704442
      vertex 14.029611541307904 -10 22.799999999999997
    endloop
  endfacet
  facet normal 0 -1 0
    outer loop
      vertex 11.852659871518552 -10 25.741578804013525
      vertex 13.385068143919117 -10 23.825784940630676
      vertex 12.665670015982084 -10 24.800534790111477
    endloop
  endfacet
  facet normal 0 -1 0
    outer loop
      vertex 11.852659871518552 -10 25.741578804013525
      vertex 14.029611541307904 -10 22.799999999999997
      vertex 13.385068143919117 -10 23.825784940630676
    endloop
  endfacet
  facet normal 0.7579717231454542 -2.9366736899997726e-15 0.6522874112781195
    outer loop
      vertex 11.87544032364319 -10 25.71879835188889
      vertex 12.665670015982084 -10 24.800534790111477
      vertex 12.149377803934534 -9.688805490116332 25.400477224759207
    endloop
  endfacet
  facet normal 0.8467241992282853 -6.487394724696735e-16 0.5320320765153346
    outer loop
      vertex 14.029611541307904 -10 22.799999999999997
      vertex 13.560989711982172 -7.8294410606906535 23.54580736893838
      vertex 13.385068143919117 -10 23.825784940630676
    endloop
  endfacet
  facet normal 0.8045977797666666 0 0.5938201855735039
    outer loop
      vertex 13.385068143919117 -10 23.825784940630676
      vertex 13.385068143919117 -8.075607953063322 23.825784940630676
      vertex 12.887271949883658 -8.786393242195741 24.500274832062043
    endloop
  endfacet
  facet normal 0.8841153935046098 0 0.467268628273062
    outer loop
      vertex 14.029611541307904 -10 22.799999999999997
      vertex 14.16635538574231 -6.822157194780835 22.541268019044477
      vertex 14.029611541307904 -7.045313598079879 22.799999999999997
    endloop
  endfacet
  facet normal 0.846724199228283 0 0.5320320765153382
    outer loop
      vertex 13.385068143919117 -10 23.825784940630676
      vertex 13.560989711982172 -7.8294410606906535 23.54580736893838
      vertex 13.385068143919117 -8.075607953063322 23.825784940630676
    endloop
  endfacet
  facet normal 0.8467241992282862 0 0.5320320765153334
    outer loop
      vertex 14.029611541307904 -10 22.799999999999997
      vertex 14.029611541307904 -7.045313598079879 22.799999999999997
      vertex 13.560989711982172 -7.8294410606906535 23.54580736893838
    endloop
  endfacet
  facet normal 0.757971723145455 1.720758566796148e-17 0.6522874112781187
    outer loop
      vertex 12.149377803934534 -9.688805490116332 25.400477224759207
      vertex 12.665670015982084 -10 24.800534790111477
      vertex 12.665670015982084 -9.054166101063444 24.800534790111477
    endloop
  endfacet
  facet normal 0.8045977797666671 5.804804351915773e-16 0.5938201855735032
    outer loop
      vertex 12.665670015982084 -10 24.800534790111477
      vertex 13.385068143919117 -10 23.825784940630676
      vertex 12.887271949883658 -8.786393242195741 24.500274832062043
    endloop
  endfacet
  facet normal 0.8045977797666682 0 0.5938201855735018
    outer loop
      vertex 12.665670015982084 -10 24.800534790111477
      vertex 12.887271949883658 -8.786393242195741 24.500274832062043
      vertex 12.665670015982084 -9.054166101063444 24.800534790111477
    endloop
  endfacet
  facet normal 0.8841153935046095 4.1361619982665465e-17 0.46726862827306237
    outer loop
      vertex 14.029611541307904 -10 22.799999999999997
      vertex 14.595695660019187 -10 21.728916573704442
      vertex 14.16635538574231 -6.822157194780835 22.541268019044477
    endloop
  endfacet
  facet normal 0.916562255869976 0 -0.3998920243197416
    outer loop
      vertex 15.080154728036108 -10 8.781475405264402
      vertex 14.739200494141052 -4.5 8
      vertex 15.080154728036108 -4.5 8.781475405264402
    endloop
  endfacet
  facet normal 0.9438833303083676 0 -0.33027906195516726
    outer loop
      vertex 15.080154728036108 -10 8.781475405264402
      vertex 15.080154728036108 -4.5 8.781475405264402
      vertex 15.480279453735479 -4.5 9.924966174543352
    endloop
  endfacet
  facet normal 0.965925826289068 0 -0.2588190451025218
    outer loop
      vertex 15.480279453735479 -10 9.924966174543352
      vertex 15.480279453735479 -4.5 9.924966174543352
      vertex 15.793832177345543 -4.5 11.095160869907707
    endloop
  endfacet
  facet normal 0.9825664732332883 0 -0.18591160716291455
    outer loop
      vertex 15.793832177345543 -10 11.095160869907707
      vertex 15.793832177345543 -4.5 11.095160869907707
      vertex 16.019059384847083 -4.5 12.285515287945973
    endloop
  endfacet
  facet normal 0.9937122098932428 0 -0.11196447610330583
    outer loop
      vertex 16.019059384847083 -10 12.285515287945973
      vertex 16.019059384847083 -4.5 12.285515287945973
      vertex 16.154701514335116 -4.5 13.489372483899926
    endloop
  endfacet
  facet normal 0.9993007047883985 0 -0.03739119427632697
    outer loop
      vertex 16.154701514335116 -10 13.489372483899926
      vertex 16.154701514335116 -4.5 13.489372483899926
      vertex 16.2 -4.5 14.7
    endloop
  endfacet
  facet normal 0.9993007047883985 0 0.03739119427632708
    outer loop
      vertex 16.2 -10 14.7
      vertex 16.2 -4.5 14.7
      vertex 16.154701514335116 -4.5 15.91062751610007
    endloop
  endfacet
  facet normal 0.9937122098932428 0 0.11196447610330583
    outer loop
      vertex 16.154701514335116 -10 15.91062751610007
      vertex 16.154701514335116 -4.5 15.91062751610007
      vertex 16.019059384847083 -4.5 17.114484712054022
    endloop
  endfacet
  facet normal 0.916562255869976 -4.940988573914477e-16 -0.3998920243197416
    outer loop
      vertex 15.080154728036108 -1.5 8.781475405264402
      vertex 14.739200494141052 -1.5 8
      vertex 14.958997598731706 0 8.503780315098805
    endloop
  endfacet
  facet normal 0.916562255869977 4.281697758113128e-18 -0.399892024319739
    outer loop
      vertex 14.83594868371443 -0.33032424950185435 8.221749206020196
      vertex 14.739200494141052 -1.5 8
      vertex 14.739200494141052 -0.06198357096753744 8
    endloop
  endfacet
  facet normal 0.9165622558699733 1.9263208089047408e-15 -0.3998920243197476
    outer loop
      vertex 14.83594868371443 -0.33032424950185435 8.221749206020196
      vertex 14.958997598731706 0 8.503780315098805
      vertex 14.739200494141052 -1.5 8
    endloop
  endfacet
  facet normal 0.9438833303083674 -1.9540401108665659e-16 -0.33027906195516776
    outer loop
      vertex 15.080154728036108 -1.5 8.781475405264402
      vertex 15.180220897357469 0 9.067448087247698
      vertex 15.278907850667919 -0.32076288410882114 9.349479196326293
    endloop
  endfacet
  facet normal 0.9438833303083675 -2.4995866910600333e-16 -0.3302790619551672
    outer loop
      vertex 15.080154728036108 -1.5 8.781475405264402
      vertex 15.380213284414113 0 9.638993492560038
      vertex 15.480279453735479 -1.5 9.924966174543352
    endloop
  endfacet
  facet normal 0.9438833303083682 -1.486264544599336e-15 -0.3302790619551652
    outer loop
      vertex 15.080154728036108 -1.5 8.781475405264402
      vertex 15.278907850667919 -0.32076288410882114 9.349479196326293
      vertex 15.380213284414113 0 9.638993492560038
    endloop
  endfacet
  facet normal 0.9659258262890682 -7.420834011771987e-17 -0.2588190451025213
    outer loop
      vertex 15.480279453735479 -1.5 9.924966174543352
      vertex 15.55869505246435 0 10.21761717310543
      vertex 15.636270174337444 -0.31344305230464325 10.507131469339164
    endloop
  endfacet
  facet normal 0.965925826289068 -1.9443986033162506e-16 -0.2588190451025218
    outer loop
      vertex 15.480279453735479 -1.5 9.924966174543352
      vertex 15.715416578616669 0 10.802509871345615
      vertex 15.793832177345543 -1.5 11.095160869907707
    endloop
  endfacet
  facet normal 0.9825664732332884 -5.006568477292666e-16 -0.18591160716291458
    outer loop
      vertex 15.793832177345543 -1.5 11.095160869907707
      vertex 15.96273288854712 0 11.987822595899344
      vertex 16.019059384847083 -1.5 12.285515287945973
    endloop
  endfacet
  facet normal 0.9659258262890669 2.5150598057948585e-15 -0.25881904510252607
    outer loop
      vertex 15.480279453735479 -1.5 9.924966174543352
      vertex 15.636270174337444 -0.31344305230464325 10.507131469339164
      vertex 15.715416578616669 0 10.802509871345615
    endloop
  endfacet
  facet normal 0.9825664732332887 -5.971438223540983e-16 -0.18591160716291283
    outer loop
      vertex 15.793832177345543 -1.5 11.095160869907707
      vertex 15.850158673645508 0 11.39285356195434
      vertex 15.90604728264468 -0.3081346123032617 11.688231963960785
    endloop
  endfacet
  facet normal 0.9825664732332867 4.507526309234686e-15 -0.18591160716292265
    outer loop
      vertex 15.793832177345543 -1.5 11.095160869907707
      vertex 15.90604728264468 -0.3081346123032617 11.688231963960785
      vertex 15.96273288854712 0 11.987822595899344
    endloop
  endfacet
  facet normal 0.993712209893243 -1.4068589886221652e-15 -0.11196447610330428
    outer loop
      vertex 16.019059384847083 -1.5 12.285515287945973
      vertex 16.05298177810268 0 12.58658485518785
      vertex 16.08673753536973 -0.30467849371042305 12.886175487126412
    endloop
  endfacet
  facet normal 0.9937122098932427 -8.330793088570835e-16 -0.11196447610330582
    outer loop
      vertex 16.019059384847083 -1.5 12.285515287945973
      vertex 16.120779121079526 0 13.188302916658087
      vertex 16.154701514335116 -1.5 13.489372483899926
    endloop
  endfacet
  facet normal 0.9993007047883986 -2.736221058951822e-18 -0.03739119427632698
    outer loop
      vertex 16.154701514335116 -1.5 13.489372483899926
      vertex 16.188671417572056 0 14.397237260708085
      vertex 16.2 -1.5 14.7
    endloop
  endfacet
  facet normal 0.9937122098932426 4.900491000749955e-16 -0.11196447610330802
    outer loop
      vertex 16.019059384847083 -1.5 12.285515287945973
      vertex 16.08673753536973 -0.30467849371042305 12.886175487126412
      vertex 16.120779121079526 0 13.188302916658087
    endloop
  endfacet
  facet normal 0.9993007047883986 -3.6197428558515805e-16 -0.03739119427632648
    outer loop
      vertex 16.154701514335116 -1.5 13.489372483899926
      vertex 16.16603009676306 0 13.79213522319183
      vertex 16.177334907576956 -0.3029746079845792 14.094262652723526
    endloop
  endfacet
  facet normal 0.9993007047883985 -6.6596330917335e-16 -0.0373911942763259
    outer loop
      vertex 16.154701514335116 -1.5 13.489372483899926
      vertex 16.177334907576956 -0.3029746079845792 14.094262652723526
      vertex 16.188671417572056 0 14.397237260708085
    endloop
  endfacet
  facet normal 0.9993007047883985 1.3857535321094141e-15 0.03739119427632708
    outer loop
      vertex 16.2 -1.5 14.7
      vertex 16.161552503305966 0 15.727530981218738
      vertex 16.154701514335116 -1.5 15.91062751610007
    endloop
  endfacet
  facet normal 0.9937122098932428 1.371371664175794e-17 0.11196447610330583
    outer loop
      vertex 16.154701514335116 -1.5 15.91062751610007
      vertex 16.019059384847083 -1.2754499410731168 17.114484712054022
      vertex 16.019059384847083 -1.5 17.114484712054022
    endloop
  endfacet
  facet normal 0.9937122098932427 -2.4510165501705825e-15 0.11196447610330629
    outer loop
      vertex 16.154701514335116 -1.5 15.91062751610007
      vertex 16.038500048472827 -1.2019194200786623 16.941944050179227
      vertex 16.019059384847083 -1.2754499410731168 17.114484712054022
    endloop
  endfacet
  facet normal 0.9825664732332888 0 0.18591160716291152
    outer loop
      vertex 16.019059384847083 -1.5 17.114484712054022
      vertex 16.019059384847083 -1.2754499410731168 17.114484712054022
      vertex 15.980625131832193 -1.5 17.31761462423376
    endloop
  endfacet
  facet normal 0.9993007047883984 1.413491894231789e-16 0.03739119427632647
    outer loop
      vertex 16.2 -1.5 14.7
      vertex 16.188671417572056 0 15.002762739291912
      vertex 16.177334907576956 -0.3029746079845807 15.305737347276473
    endloop
  endfacet
  facet normal 0.9993007047883982 -4.549568043456532e-15 0.03739119427633574
    outer loop
      vertex 16.2 -1.5 14.7
      vertex 16.177334907576956 -0.3029746079845807 15.305737347276473
      vertex 16.161552503305966 0 15.727530981218738
    endloop
  endfacet
  facet normal 0.9937122098932428 1.491090538109677e-16 0.11196447610330552
    outer loop
      vertex 16.154701514335116 -1.5 15.91062751610007
      vertex 16.143240443612875 0 16.012347332165948
      vertex 16.038500048472827 -1.2019194200786623 16.941944050179227
    endloop
  endfacet
  facet normal 0.9825664732332884 0 0.18591160716291338
    outer loop
      vertex 16.019059384847083 -10 17.114484712054022
      vertex 16.019059384847083 -4.5 17.114484712054022
      vertex 15.793832177345545 -4.5 18.304839130092287
    endloop
  endfacet
  facet normal 0.965925826289068 0 0.2588190451025216
    outer loop
      vertex 15.793832177345545 -10 18.304839130092287
      vertex 15.793832177345545 -4.5 18.304839130092287
      vertex 15.480279453735477 -4.5 19.475033825456656
    endloop
  endfacet
  facet normal 0.9165622558699745 0 0.3998920243197443
    outer loop
      vertex 14.595695660019187 -10 21.728916573704442
      vertex 14.69941022522167 -5.769093388964999 21.491200265132726
      vertex 14.595695660019187 -5.96861661544679 21.728916573704442
    endloop
  endfacet
  facet normal 0.9165622558699759 0 0.39989202431974186
    outer loop
      vertex 15.080154728036106 -10 20.618524594735604
      vertex 15.080154728036106 -4.850750041871694 20.618524594735604
      vertex 14.69941022522167 -5.769093388964999 21.491200265132726
    endloop
  endfacet
  facet normal 0.9438833303083676 0 0.3302790619551672
    outer loop
      vertex 15.080154728036106 -10 20.618524594735604
      vertex 15.156442450384533 -4.675143339011835 20.40050681000044
      vertex 15.080154728036106 -4.850750041871694 20.618524594735604
    endloop
  endfacet
  facet normal 0.9438833303083681 -7.485730972377326e-17 0.33027906195516565
    outer loop
      vertex 15.080154728036106 -10 20.618524594735604
      vertex 15.214386647425421 -4.5 20.234911808757456
      vertex 15.156442450384533 -4.675143339011835 20.40050681000044
    endloop
  endfacet
  facet normal 0.9438833303083671 0 0.33027906195516826
    outer loop
      vertex 15.480279453735477 -10 19.475033825456656
      vertex 15.480279453735477 -4.5 19.475033825456656
      vertex 15.214386647425421 -4.5 20.234911808757456
    endloop
  endfacet
  facet normal 0.8841153935046094 0 0.4672686282730625
    outer loop
      vertex 14.595695660019187 -10 21.728916573704442
      vertex 14.595695660019187 -5.96861661544679 21.728916573704442
      vertex 14.16635538574231 -6.822157194780835 22.541268019044477
    endloop
  endfacet
  facet normal 0.9165622558699769 0 -0.3998920243197393
    outer loop
      vertex 15.080154728036108 -1.5 8.781475405264402
      vertex 14.958997598731706 0 8.503780315098805
      vertex 15.080154728036108 1.5 8.781475405264402
    endloop
  endfacet
  facet normal 0.943883330308367 0 -0.33027906195516865
    outer loop
      vertex 15.080154728036108 -1.5 8.781475405264402
      vertex 15.080154728036108 1.5 8.781475405264402
      vertex 15.180220897357469 0 9.067448087247698
    endloop
  endfacet
  facet normal 0.9165622558699743 -3.4951363909350418e-19 -0.39989202431974524
    outer loop
      vertex 14.835948683714431 0.3303242495018459 8.221749206020196
      vertex 14.739200494141052 0.06198357096753586 8
      vertex 14.739200494141052 1.5 8
    endloop
  endfacet
  facet normal 0.9165622558699765 2.892806043355495e-16 -0.39989202431974064
    outer loop
      vertex 14.835948683714431 0.3303242495018459 8.221749206020196
      vertex 15.080154728036108 1.5 8.781475405264402
      vertex 14.958997598731706 0 8.503780315098805
    endloop
  endfacet
  facet normal 0.916562255869976 8.31322670402744e-16 -0.3998920243197415
    outer loop
      vertex 14.835948683714431 0.3303242495018459 8.221749206020196
      vertex 14.739200494141052 1.5 8
      vertex 15.080154728036108 1.5 8.781475405264402
    endloop
  endfacet
  facet normal 0.9438833303083679 0 -0.33027906195516604
    outer loop
      vertex 15.480279453735479 -1.5 9.924966174543352
      vertex 15.380213284414113 0 9.638993492560038
      vertex 15.480279453735479 1.5 9.924966174543352
    endloop
  endfacet
  facet normal 0.9659258262890681 0 -0.2588190451025216
    outer loop
      vertex 15.480279453735479 -1.5 9.924966174543352
      vertex 15.480279453735479 1.5 9.924966174543352
      vertex 15.55869505246435 0 10.21761717310543
    endloop
  endfacet
  facet normal 0.9438833303083669 1.37653361876028e-15 -0.3302790619551689
    outer loop
      vertex 15.180220897357469 0 9.067448087247698
      vertex 15.480279453735479 1.5 9.924966174543352
      vertex 15.278907850667919 0.3207628841088168 9.349479196326293
    endloop
  endfacet
  facet normal 0.9438833303083678 1.2254343826232884e-16 -0.3302790619551666
    outer loop
      vertex 15.278907850667919 0.3207628841088168 9.349479196326293
      vertex 15.480279453735479 1.5 9.924966174543352
      vertex 15.380213284414113 0 9.638993492560038
    endloop
  endfacet
  facet normal 0.9438833303083675 3.0429490370666256e-16 -0.3302790619551672
    outer loop
      vertex 15.180220897357469 0 9.067448087247698
      vertex 15.080154728036108 1.5 8.781475405264402
      vertex 15.480279453735479 1.5 9.924966174543352
    endloop
  endfacet
  facet normal 0.9659258262890685 -1.2388520508210246e-15 -0.25881904510251996
    outer loop
      vertex 15.55869505246435 0 10.21761717310543
      vertex 15.793832177345543 1.5 11.095160869907707
      vertex 15.636270174337444 0.31344305230463826 10.507131469339164
    endloop
  endfacet
  facet normal 0.9659258262890683 0 -0.2588190451025208
    outer loop
      vertex 15.793832177345543 -1.5 11.095160869907707
      vertex 15.715416578616669 0 10.802509871345615
      vertex 15.793832177345543 1.5 11.095160869907707
    endloop
  endfacet
  facet normal 0.982566473233288 0 -0.1859116071629157
    outer loop
      vertex 15.793832177345543 -1.5 11.095160869907707
      vertex 15.793832177345543 1.5 11.095160869907707
      vertex 15.850158673645508 0 11.39285356195434
    endloop
  endfacet
  facet normal 0.9659258262890676 4.906306024636479e-16 -0.25881904510252307
    outer loop
      vertex 15.636270174337444 0.31344305230463826 10.507131469339164
      vertex 15.793832177345543 1.5 11.095160869907707
      vertex 15.715416578616669 0 10.802509871345615
    endloop
  endfacet
  facet normal 0.9825664732332886 0 -0.18591160716291216
    outer loop
      vertex 16.019059384847083 -1.5 12.285515287945973
      vertex 15.96273288854712 0 11.987822595899344
      vertex 16.019059384847083 1.5 12.285515287945973
    endloop
  endfacet
  facet normal 0.9937122098932423 0 -0.1119644761033112
    outer loop
      vertex 16.019059384847083 -1.5 12.285515287945973
      vertex 16.019059384847083 1.5 12.285515287945973
      vertex 16.05298177810268 0 12.58658485518785
    endloop
  endfacet
  facet normal 0.9825664732332894 -3.2639654511541734e-15 -0.18591160716290894
    outer loop
      vertex 15.850158673645508 0 11.39285356195434
      vertex 16.019059384847083 1.5 12.285515287945973
      vertex 15.90604728264468 0.3081346123032562 11.688231963960785
    endloop
  endfacet
  facet normal 0.9825664732332876 1.030080247199154e-15 -0.18591160716291713
    outer loop
      vertex 15.90604728264468 0.3081346123032562 11.688231963960785
      vertex 16.019059384847083 1.5 12.285515287945973
      vertex 15.96273288854712 0 11.987822595899344
    endloop
  endfacet
  facet normal 0.965925826289068 -4.366449416905643e-17 -0.2588190451025218
    outer loop
      vertex 15.55869505246435 0 10.21761717310543
      vertex 15.480279453735479 1.5 9.924966174543352
      vertex 15.793832177345543 1.5 11.095160869907707
    endloop
  endfacet
  facet normal 0.9825664732332884 2.3033822339352173e-16 -0.18591160716291458
    outer loop
      vertex 15.850158673645508 0 11.39285356195434
      vertex 15.793832177345543 1.5 11.095160869907707
      vertex 16.019059384847083 1.5 12.285515287945973
    endloop
  endfacet
  facet normal 0.9937122098932433 0 -0.11196447610330174
    outer loop
      vertex 16.154701514335116 -1.5 13.489372483899926
      vertex 16.120779121079526 0 13.188302916658087
      vertex 16.154701514335116 1.5 13.489372483899926
    endloop
  endfacet
  facet normal 0.9993007047883985 0 -0.03739119427632827
    outer loop
      vertex 16.154701514335116 -1.5 13.489372483899926
      vertex 16.154701514335116 1.5 13.489372483899926
      vertex 16.16603009676306 0 13.79213522319183
    endloop
  endfacet
  facet normal 0.9937122098932434 -1.8436975448165323e-15 -0.111964476103301
    outer loop
      vertex 16.05298177810268 0 12.58658485518785
      vertex 16.154701514335116 1.5 13.489372483899926
      vertex 16.08673753536973 0.3046784937104245 12.886175487126412
    endloop
  endfacet
  facet normal 0.9937122098932427 9.813472428719153e-16 -0.11196447610330655
    outer loop
      vertex 16.08673753536973 0.3046784937104245 12.886175487126412
      vertex 16.154701514335116 1.5 13.489372483899926
      vertex 16.120779121079526 0 13.188302916658087
    endloop
  endfacet
  facet normal 0.9993007047883985 0 -0.03739119427632696
    outer loop
      vertex 16.2 -1.5 14.7
      vertex 16.188671417572056 0 14.397237260708085
      vertex 16.2 1.5 14.7
    endloop
  endfacet
  facet normal 0.9993007047883985 0 0.03739119427632717
    outer loop
      vertex 16.2 -1.5 14.7
      vertex 16.2 1.5 14.7
      vertex 16.188671417572056 0 15.002762739291912
    endloop
  endfacet
  facet normal 0.9993007047883986 -6.54431928918271e-16 -0.037391194276325465
    outer loop
      vertex 16.16603009676306 0 13.79213522319183
      vertex 16.2 1.5 14.7
      vertex 16.177334907576956 0.30297460798457837 14.094262652723526
    endloop
  endfacet
  facet normal 0.9993007047883986 -6.759897462466072e-17 -0.037391194276326624
    outer loop
      vertex 16.188671417572056 0 14.397237260708085
      vertex 16.177334907576956 0.30297460798457837 14.094262652723526
      vertex 16.2 1.5 14.7
    endloop
  endfacet
  facet normal 0.9937122098932427 1.0888120852166252e-15 -0.11196447610330582
    outer loop
      vertex 16.05298177810268 0 12.58658485518785
      vertex 16.019059384847083 1.5 12.285515287945973
      vertex 16.154701514335116 1.5 13.489372483899926
    endloop
  endfacet
  facet normal 0.9993007047883986 2.615615929278058e-16 -0.03739119427632698
    outer loop
      vertex 16.16603009676306 0 13.79213522319183
      vertex 16.154701514335116 1.5 13.489372483899926
      vertex 16.2 1.5 14.7
    endloop
  endfacet
  facet normal 0.9993007047883988 0 0.03739119427631575
    outer loop
      vertex 16.154701514335116 -1.5 15.91062751610007
      vertex 16.161552503305966 0 15.727530981218738
      vertex 16.154701514335116 1.5 15.91062751610007
    endloop
  endfacet
  facet normal 0.9937122098932427 0 0.11196447610330772
    outer loop
      vertex 16.154701514335116 -1.5 15.91062751610007
      vertex 16.154701514335116 1.5 15.91062751610007
      vertex 16.143240443612875 0 16.012347332165948
    endloop
  endfacet
  facet normal 0.9993007047883985 1.1046823199936623e-15 0.03739119427632522
    outer loop
      vertex 16.188671417572056 0 15.002762739291912
      vertex 16.154701514335116 1.5 15.91062751610007
      vertex 16.177334907576956 0.3029746079845805 15.305737347276473
    endloop
  endfacet
  facet normal 0.9993007047883983 -1.879787478018457e-15 0.03739119427633113
    outer loop
      vertex 16.177334907576956 0.3029746079845805 15.305737347276473
      vertex 16.154701514335116 1.5 15.91062751610007
      vertex 16.161552503305966 0 15.727530981218738
    endloop
  endfacet
  facet normal 0.9937122098932446 1.1055135412590142e-14 0.11196447610329101
    outer loop
      vertex 16.143240443612875 0 16.012347332165948
      vertex 16.019059384847083 1.5 17.114484712054022
      vertex 16.038500048472827 1.20191942007866 16.94194405017923
    endloop
  endfacet
  facet normal 0.9993007047883985 -1.8207520250386822e-17 0.03739119427632708
    outer loop
      vertex 16.188671417572056 0 15.002762739291912
      vertex 16.2 1.5 14.7
      vertex 16.154701514335116 1.5 15.91062751610007
    endloop
  endfacet
  facet normal 0.9937122098932427 -1.284962098951357e-16 0.11196447610330582
    outer loop
      vertex 16.143240443612875 0 16.012347332165948
      vertex 16.154701514335116 1.5 15.91062751610007
      vertex 16.019059384847083 1.5 17.114484712054022
    endloop
  endfacet
  facet normal 0.9937122098932424 1.0831616903477588e-18 0.11196447610330966
    outer loop
      vertex 16.038500048472827 1.20191942007866 16.94194405017923
      vertex 16.019059384847083 1.5 17.114484712054022
      vertex 16.019059384847083 1.2754499410731148 17.114484712054022
    endloop
  endfacet
  facet normal 0.9825664732332894 0 0.1859116071629084
    outer loop
      vertex 16.019059384847083 1.2754499410731148 17.114484712054022
      vertex 16.019059384847083 1.5 17.114484712054022
      vertex 15.980625131832193 1.5 17.317614624233762
    endloop
  endfacet
  facet normal 0.916562255869976 -8.670985325468453e-19 -0.3998920243197416
    outer loop
      vertex 15.080154728036108 4.5 8.781475405264402
      vertex 14.739200494141052 4.5 8
      vertex 14.739200494141052 10 8
    endloop
  endfacet
  facet normal 0.9438833303083676 7.739422207558761e-19 -0.33027906195516726
    outer loop
      vertex 15.080154728036108 4.5 8.781475405264402
      vertex 15.480279453735479 10 9.924966174543352
      vertex 15.480279453735479 4.5 9.924966174543352
    endloop
  endfacet
  facet normal 0.965925826289068 -2.689831665408106e-18 -0.2588190451025218
    outer loop
      vertex 15.480279453735479 4.5 9.924966174543352
      vertex 15.793832177345543 10 11.095160869907707
      vertex 15.793832177345543 4.5 11.095160869907707
    endloop
  endfacet
  facet normal 0.9825664732332883 2.6889915411854252e-18 -0.18591160716291455
    outer loop
      vertex 15.793832177345543 4.5 11.095160869907707
      vertex 16.019059384847083 10 12.285515287945973
      vertex 16.019059384847083 4.5 12.285515287945973
    endloop
  endfacet
  facet normal 0.9937122098932428 -5.598937963660589e-19 -0.11196447610330583
    outer loop
      vertex 16.019059384847083 4.5 12.285515287945973
      vertex 16.154701514335116 10 13.489372483899926
      vertex 16.154701514335116 4.5 13.489372483899926
    endloop
  endfacet
  facet normal 0.9993007047883985 -2.3915904680366426e-19 -0.03739119427632697
    outer loop
      vertex 16.154701514335116 4.5 13.489372483899926
      vertex 16.2 10 14.7
      vertex 16.2 4.5 14.7
    endloop
  endfacet
  facet normal 0.9993007047883985 4.399646309894358e-19 0.03739119427632708
    outer loop
      vertex 16.2 4.5 14.7
      vertex 16.154701514335116 10 15.91062751610007
      vertex 16.154701514335116 4.5 15.91062751610007
    endloop
  endfacet
  facet normal 0.9937122098932428 5.598937963660589e-19 0.11196447610330583
    outer loop
      vertex 16.154701514335116 4.5 15.91062751610007
      vertex 16.019059384847083 10 17.114484712054022
      vertex 16.019059384847083 4.5 17.114484712054022
    endloop
  endfacet
  facet normal 0.9825664732332884 -2.012200935763619e-19 0.18591160716291338
    outer loop
      vertex 16.019059384847083 4.5 17.114484712054022
      vertex 15.793832177345545 10 18.304839130092287
      vertex 15.793832177345545 4.5 18.304839130092287
    endloop
  endfacet
  facet normal 0.965925826289068 1.3405428336386482e-18 0.2588190451025216
    outer loop
      vertex 15.793832177345545 4.5 18.304839130092287
      vertex 15.480279453735477 10 19.475033825456656
      vertex 15.480279453735477 4.5 19.475033825456656
    endloop
  endfacet
  facet normal 0.9165622558699758 0 0.3998920243197421
    outer loop
      vertex 15.080154728036106 4.850750041871695 20.618524594735604
      vertex 15.080154728036106 10 20.618524594735604
      vertex 14.699410225221667 5.769093388965004 21.49120026513273
    endloop
  endfacet
  facet normal 0.9165622558699752 3.4449906451688437e-16 0.3998920243197434
    outer loop
      vertex 14.699410225221667 5.769093388965004 21.49120026513273
      vertex 15.080154728036106 10 20.618524594735604
      vertex 14.595695660019187 5.96861661544679 21.728916573704442
    endloop
  endfacet
  facet normal 0.9438833303083677 0 0.33027906195516693
    outer loop
      vertex 15.480279453735477 4.5 19.475033825456656
      vertex 15.480279453735477 10 19.475033825456656
      vertex 15.214386647425421 4.5 20.23491180875746
    endloop
  endfacet
  facet normal 0.9438833303083671 1.9073937541792621e-16 0.3302790619551682
    outer loop
      vertex 15.156442450384532 4.675143339011841 20.400506810000447
      vertex 15.214386647425421 4.5 20.23491180875746
      vertex 15.480279453735477 10 19.475033825456656
    endloop
  endfacet
  facet normal 0.9438833303083668 4.762013236701517e-16 0.33027906195516965
    outer loop
      vertex 15.156442450384532 4.675143339011841 20.400506810000447
      vertex 15.480279453735477 10 19.475033825456656
      vertex 15.080154728036106 4.850750041871695 20.618524594735604
    endloop
  endfacet
  facet normal 0.8841153935046095 7.27359411034832e-18 0.4672686282730624
    outer loop
      vertex 14.166355385742309 6.822157194780836 22.54126801904448
      vertex 14.595695660019187 5.96861661544679 21.728916573704442
      vertex 14.595695660019187 10 21.728916573704442
    endloop
  endfacet
  facet normal 0 1 0
    outer loop
      vertex 10.970133617571376 10 8.221749206020196
      vertex 15.080154728036108 10 8.781475405264402
      vertex 10.829344575958912 10 8
    endloop
  endfacet
  facet normal 0 1 0
    outer loop
      vertex 10.970133617571376 10 8.221749206020196
      vertex 11.553653930206139 10 9.349479196326293
      vertex 15.080154728036108 10 8.781475405264402
    endloop
  endfacet
  facet normal 0 1 0
    outer loop
      vertex 11.553653930206139 10 9.349479196326293
      vertex 12.024434981475304 10 10.507131469339164
      vertex 15.480279453735479 10 9.924966174543352
    endloop
  endfacet
  facet normal 0 1 0
    outer loop
      vertex 15.080154728036108 10 8.781475405264402
      vertex 14.739200494141052 10 8
      vertex 10.829344575958912 10 8
    endloop
  endfacet
  facet normal 0 1 0
    outer loop
      vertex 11.553653930206139 10 9.349479196326293
      vertex 15.480279453735479 10 9.924966174543352
      vertex 15.080154728036108 10 8.781475405264402
    endloop
  endfacet
  facet normal 0 1 0
    outer loop
      vertex 12.024434981475304 10 10.507131469339164
      vertex 12.37984397277366 10 11.688231963960785
      vertex 15.793832177345543 10 11.095160869907707
    endloop
  endfacet
  facet normal 0 1 0
    outer loop
      vertex 12.37984397277366 10 11.688231963960785
      vertex 12.539603376627042 10 12.49219446621301
      vertex 16.019059384847083 10 12.285515287945973
    endloop
  endfacet
  facet normal 0 1 0
    outer loop
      vertex 12.539603376627042 10 12.49219446621301
      vertex 12.613356448484334 10 12.886175487126412
      vertex 16.019059384847083 10 12.285515287945973
    endloop
  endfacet
  facet normal 0.916562255869976 0 -0.3998920243197416
    outer loop
      vertex 15.080154728036108 4.5 8.781475405264402
      vertex 14.739200494141052 10 8
      vertex 15.080154728036108 10 8.781475405264402
    endloop
  endfacet
  facet normal 0.9438833303083676 0 -0.33027906195516726
    outer loop
      vertex 15.080154728036108 4.5 8.781475405264402
      vertex 15.080154728036108 10 8.781475405264402
      vertex 15.480279453735479 10 9.924966174543352
    endloop
  endfacet
  facet normal 0.965925826289068 0 -0.2588190451025218
    outer loop
      vertex 15.480279453735479 4.5 9.924966174543352
      vertex 15.480279453735479 10 9.924966174543352
      vertex 15.793832177345543 10 11.095160869907707
    endloop
  endfacet
  facet normal 0.9825664732332883 0 -0.18591160716291455
    outer loop
      vertex 15.793832177345543 4.5 11.095160869907707
      vertex 15.793832177345543 10 11.095160869907707
      vertex 16.019059384847083 10 12.285515287945973
    endloop
  endfacet
  facet normal 0 1 0
    outer loop
      vertex 12.024434981475304 10 10.507131469339164
      vertex 15.793832177345543 10 11.095160869907707
      vertex 15.480279453735479 10 9.924966174543352
    endloop
  endfacet
  facet normal 0 1 0
    outer loop
      vertex 12.37984397277366 10 11.688231963960785
      vertex 16.019059384847083 10 12.285515287945973
      vertex 15.793832177345543 10 11.095160869907707
    endloop
  endfacet
  facet normal 0 1 0
    outer loop
      vertex 12.613356448484334 10 12.886175487126412
      vertex 12.725798105485543 10 14.094262652723526
      vertex 16.154701514335116 10 13.489372483899926
    endloop
  endfacet
  facet normal 0 1 0
    outer loop
      vertex 12.725798105485543 10 14.094262652723526
      vertex 12.725798105485543 10 15.305737347276473
      vertex 16.2 10 14.7
    endloop
  endfacet
  facet normal 0 1 0
    outer loop
      vertex 12.725798105485543 10 15.305737347276473
      vertex 12.539603376627044 10 17.637464557424117
      vertex 16.019059384847083 10 17.114484712054022
    endloop
  endfacet
  facet normal 0.9937122098932428 0 -0.11196447610330583
    outer loop
      vertex 16.019059384847083 4.5 12.285515287945973
      vertex 16.019059384847083 10 12.285515287945973
      vertex 16.154701514335116 10 13.489372483899926
    endloop
  endfacet
  facet normal 0.9993007047883985 0 -0.03739119427632697
    outer loop
      vertex 16.154701514335116 4.5 13.489372483899926
      vertex 16.154701514335116 10 13.489372483899926
      vertex 16.2 10 14.7
    endloop
  endfacet
  facet normal 0.9993007047883985 0 0.03739119427632708
    outer loop
      vertex 16.2 4.5 14.7
      vertex 16.2 10 14.7
      vertex 16.154701514335116 10 15.91062751610007
    endloop
  endfacet
  facet normal 0.9937122098932428 0 0.11196447610330583
    outer loop
      vertex 16.154701514335116 4.5 15.91062751610007
      vertex 16.154701514335116 10 15.91062751610007
      vertex 16.019059384847083 10 17.114484712054022
    endloop
  endfacet
  facet normal 0 1 0
    outer loop
      vertex 12.613356448484334 10 12.886175487126412
      vertex 16.154701514335116 10 13.489372483899926
      vertex 16.019059384847083 10 12.285515287945973
    endloop
  endfacet
  facet normal 0 1 0
    outer loop
      vertex 16.154701514335116 10 13.489372483899926
      vertex 12.725798105485543 10 14.094262652723526
      vertex 16.2 10 14.7
    endloop
  endfacet
  facet normal 0 1 0
    outer loop
      vertex 12.725798105485543 10 15.305737347276473
      vertex 16.154701514335116 10 15.91062751610007
      vertex 16.2 10 14.7
    endloop
  endfacet
  facet normal 0 1 0
    outer loop
      vertex 12.725798105485543 10 15.305737347276473
      vertex 16.019059384847083 10 17.114484712054022
      vertex 16.154701514335116 10 15.91062751610007
    endloop
  endfacet
  facet normal 0 1 0
    outer loop
      vertex 11.87544032364319 10 25.71879835188889
      vertex 12.539603376627044 10 17.637464557424117
      vertex 11.85265987151855 10 25.74157880401353
    endloop
  endfacet
  facet normal 0.7071067811865476 0 0.7071067811865476
    outer loop
      vertex 11.87544032364319 9.975772474009736 25.71879835188889
      vertex 11.87544032364319 10 25.71879835188889
      vertex 11.85265987151855 10 25.74157880401353
    endloop
  endfacet
  facet normal 0.7579717231454544 0 0.6522874112781194
    outer loop
      vertex 11.87544032364319 9.975772474009736 25.71879835188889
      vertex 12.149377803934536 9.688805490116328 25.400477224759204
      vertex 11.87544032364319 10 25.71879835188889
    endloop
  endfacet
  facet normal 0 1 0
    outer loop
      vertex 12.539603376627044 10 17.637464557424117
      vertex 14.595695660019187 10 21.728916573704442
      vertex 15.080154728036106 10 20.618524594735604
    endloop
  endfacet
  facet normal 0 1 0
    outer loop
      vertex 12.539603376627044 10 17.637464557424117
      vertex 13.385068143919117 10 23.825784940630676
      vertex 14.029611541307904 10 22.799999999999997
    endloop
  endfacet
  facet normal 0 1 0
    outer loop
      vertex 12.539603376627044 10 17.637464557424117
      vertex 14.029611541307904 10 22.799999999999997
      vertex 14.595695660019187 10 21.728916573704442
    endloop
  endfacet
  facet normal 0.9825664732332884 0 0.18591160716291338
    outer loop
      vertex 16.019059384847083 4.5 17.114484712054022
      vertex 16.019059384847083 10 17.114484712054022
      vertex 15.793832177345545 10 18.304839130092287
    endloop
  endfacet
  facet normal 0.965925826289068 0 0.2588190451025216
    outer loop
      vertex 15.793832177345545 4.5 18.304839130092287
      vertex 15.793832177345545 10 18.304839130092287
      vertex 15.480279453735477 10 19.475033825456656
    endloop
  endfacet
  facet normal 0.9165622558699756 0 0.39989202431974236
    outer loop
      vertex 14.595695660019187 5.96861661544679 21.728916573704442
      vertex 15.080154728036106 10 20.618524594735604
      vertex 14.595695660019187 10 21.728916573704442
    endloop
  endfacet
  facet normal 0.9438833303083675 0 0.3302790619551677
    outer loop
      vertex 15.080154728036106 4.850750041871695 20.618524594735604
      vertex 15.480279453735477 10 19.475033825456656
      vertex 15.080154728036106 10 20.618524594735604
    endloop
  endfacet
  facet normal 0 1 0
    outer loop
      vertex 12.539603376627044 10 17.637464557424117
      vertex 15.793832177345545 10 18.304839130092287
      vertex 16.019059384847083 10 17.114484712054022
    endloop
  endfacet
  facet normal 0 1 0
    outer loop
      vertex 12.539603376627044 10 17.637464557424117
      vertex 15.480279453735477 10 19.475033825456656
      vertex 15.793832177345545 10 18.304839130092287
    endloop
  endfacet
  facet normal 0 1 0
    outer loop
      vertex 12.539603376627044 10 17.637464557424117
      vertex 15.080154728036106 10 20.618524594735604
      vertex 15.480279453735477 10 19.475033825456656
    endloop
  endfacet
  facet normal 0.8467241992282859 -6.311730400479729e-16 0.5320320765153339
    outer loop
      vertex 13.560989711982172 7.829441060690653 23.545807368938377
      vertex 14.029611541307904 10 22.799999999999997
      vertex 13.385068143919117 8.075607953063322 23.825784940630676
    endloop
  endfacet
  facet normal 0.8467241992282851 0 0.5320320765153351
    outer loop
      vertex 14.029611541307904 7.045313598079878 22.799999999999997
      vertex 14.029611541307904 10 22.799999999999997
      vertex 13.560989711982172 7.829441060690653 23.545807368938377
    endloop
  endfacet
  facet normal 0.8045977797666666 -3.1035994889546158e-18 0.5938201855735039
    outer loop
      vertex 12.887271949883658 8.786393242195741 24.500274832062043
      vertex 13.385068143919117 8.075607953063322 23.825784940630676
      vertex 13.385068143919117 10 23.825784940630676
    endloop
  endfacet
  facet normal 0.8467241992282852 0 0.5320320765153347
    outer loop
      vertex 13.385068143919117 8.075607953063322 23.825784940630676
      vertex 14.029611541307904 10 22.799999999999997
      vertex 13.385068143919117 10 23.825784940630676
    endloop
  endfacet
  facet normal 0.7579717231454542 3.5067218489195464e-17 0.6522874112781196
    outer loop
      vertex 12.149377803934536 9.688805490116328 25.400477224759204
      vertex 12.665670015982084 9.054166101063442 24.800534790111477
      vertex 12.665670015982084 10 24.800534790111477
    endloop
  endfacet
  facet normal 0.8045977797666677 -1.2509489781079228e-15 0.5938201855735025
    outer loop
      vertex 12.887271949883658 8.786393242195741 24.500274832062043
      vertex 13.385068143919117 10 23.825784940630676
      vertex 12.665670015982084 9.054166101063442 24.800534790111477
    endloop
  endfacet
  facet normal 0 1 0
    outer loop
      vertex 11.87544032364319 10 25.71879835188889
      vertex 12.665670015982084 10 24.800534790111477
      vertex 12.539603376627044 10 17.637464557424117
    endloop
  endfacet
  facet normal 0 1 0
    outer loop
      vertex 12.539603376627044 10 17.637464557424117
      vertex 12.665670015982084 10 24.800534790111477
      vertex 13.385068143919117 10 23.825784940630676
    endloop
  endfacet
  facet normal 0.8045977797666671 0 0.5938201855735032
    outer loop
      vertex 12.665670015982084 9.054166101063442 24.800534790111477
      vertex 13.385068143919117 10 23.825784940630676
      vertex 12.665670015982084 10 24.800534790111477
    endloop
  endfacet
  facet normal 0.7579717231454544 -2.413379283948872e-16 0.6522874112781197
    outer loop
      vertex 11.87544032364319 10 25.71879835188889
      vertex 12.149377803934536 9.688805490116328 25.400477224759204
      vertex 12.665670015982084 10 24.800534790111477
    endloop
  endfacet
  facet normal 0.8841153935046095 -4.60383553428607e-17 0.46726862827306237
    outer loop
      vertex 14.166355385742309 6.822157194780836 22.54126801904448
      vertex 14.595695660019187 10 21.728916573704442
      vertex 14.029611541307904 7.045313598079878 22.799999999999997
    endloop
  endfacet
  facet normal 0.8841153935046097 0 0.4672686282730624
    outer loop
      vertex 14.029611541307904 7.045313598079878 22.799999999999997
      vertex 14.595695660019187 10 21.728916573704442
      vertex 14.029611541307904 10 22.799999999999997
    endloop
  endfacet
  facet normal 2.010399008467808e-15 -0.8045977797666675 -0.5938201855735027
    outer loop
      vertex -10 -12.145709982445124 29.78919514646475
      vertex -10 -11.57510031925558 29.016046507752996
      vertex -9.523907664183888 -11.942602470448437 29.51399424023648
    endloop
  endfacet
  facet normal 0 -0.8045977797666659 -0.593820185573505
    outer loop
      vertex -10 -12.145709982445124 29.78919514646475
      vertex -9.523907664183888 -11.942602470448437 29.51399424023648
      vertex -9.21893096236296 -12.145709982445124 29.78919514646475
    endloop
  endfacet
  facet normal 7.137855920579462e-18 -0.8467241992282845 -0.5320320765153359
    outer loop
      vertex -10 -12.730573435631246 30.71999999999999
      vertex -10 -12.145709982445124 29.78919514646475
      vertex -9.21893096236296 -12.145709982445124 29.78919514646475
    endloop
  endfacet
  facet normal 3.7171493974741066e-16 -0.8467241992282847 -0.5320320765153358
    outer loop
      vertex -10 -12.730573435631246 30.71999999999999
      vertex -9.21893096236296 -12.145709982445124 29.78919514646475
      vertex -8.570357865081789 -12.570406248688679 30.46509538222798
    endloop
  endfacet
  facet normal 0 -0.8467241992282837 -0.5320320765153372
    outer loop
      vertex -10 -12.730573435631246 30.71999999999999
      vertex -8.570357865081789 -12.570406248688679 30.46509538222798
      vertex -8.284670430541674 -12.730573435631246 30.71999999999999
    endloop
  endfacet
  facet normal 0 -0.9438833303083682 -0.3302790619551651
    outer loop
      vertex -10 -13.683844105069804 32.69948694181399
      vertex -6.295997830138324 -13.683844105069804 32.69948694181399
      vertex -10 -14.046920245056269 33.737098936159704
    endloop
  endfacet
  facet normal 0 -0.965925826289068 -0.2588190451025222
    outer loop
      vertex -10 -14.046920245056269 33.737098936159704
      vertex -5.251603333279533 -14.046920245056269 33.737098936159704
      vertex -10 -14.331440309072807 34.79894227084217
    endloop
  endfacet
  facet normal 0 -0.9825664732332884 -0.1859116071629139
    outer loop
      vertex -10 -14.535813145509389 35.879078687210225
      vertex -10 -14.331440309072807 34.79894227084217
      vertex -4.5 -14.535813145509389 35.879078687210225
    endloop
  endfacet
  facet normal 8.079299822440568e-18 -0.8841153935046094 -0.46726862827306254
    outer loop
      vertex -10 -13.24424235816556 31.691909034971886
      vertex -10 -12.730573435631246 30.71999999999999
      vertex -8.284670430541674 -12.730573435631246 30.71999999999999
    endloop
  endfacet
  facet normal 0 -0.9165622558699755 -0.3998920243197423
    outer loop
      vertex -10 -13.24424235816556 31.691909034971886
      vertex -7.308669519583004 -13.24424235816556 31.691909034971886
      vertex -10 -13.683844105069804 32.69948694181399
    endloop
  endfacet
  facet normal -1.671661420427465e-16 -0.8841153935046094 -0.4672686282730628
    outer loop
      vertex -10 -13.24424235816556 31.691909034971886
      vertex -8.284670430541674 -12.730573435631246 30.71999999999999
      vertex -7.575096786953455 -13.120452507255138 31.457687205969517
    endloop
  endfacet
  facet normal 0 -0.88411539350461 -0.4672686282730614
    outer loop
      vertex -10 -13.24424235816556 31.691909034971886
      vertex -7.575096786953455 -13.120452507255138 31.457687205969517
      vertex -7.308669519583004 -13.24424235816556 31.691909034971886
    endloop
  endfacet
  facet normal -1 0 0
    outer loop
      vertex -10 -12.730573435631246 30.71999999999999
      vertex -10 -13.074108465796861 44.769999999999996
      vertex -10 -12.145709982445124 29.78919514646475
    endloop
  endfacet
  facet normal -1 0 0
    outer loop
      vertex -10 -12.145709982445124 29.78919514646475
      vertex -10 -10.777436835122264 38.426363306261756
      vertex -10 -11.57510031925558 29.016046507752996
    endloop
  endfacet
  facet normal -1 0 0
    outer loop
      vertex -10 -14.535813145509389 35.879078687210225
      vertex -10 -14.658895818563348 36.97146762427956
      vertex -10 -14.535813145509389 40.26092131278976
    endloop
  endfacet
  facet normal -1 0 0
    outer loop
      vertex -10 -13.683844105069804 32.69948694181399
      vertex -10 -14.046920245056269 33.737098936159704
      vertex -10 -13.683844105069804 43.440513058186
    endloop
  endfacet
  facet normal -1 0 0
    outer loop
      vertex -10 -14.046920245056269 33.737098936159704
      vertex -10 -14.331440309072807 34.79894227084217
      vertex -10 -14.046920245056269 42.40290106384028
    endloop
  endfacet
  facet normal -1 0 0
    outer loop
      vertex -10 -14.535813145509389 35.879078687210225
      vertex -10 -14.331440309072807 41.34105772915782
      vertex -10 -14.331440309072807 34.79894227084217
    endloop
  endfacet
  facet normal -1.2938455019796173e-18 -0.9937122098932426 -0.1119644761033076
    outer loop
      vertex -10 -14.535813145509389 35.879078687210225
      vertex -4.5 -14.658895818563348 36.97146762427956
      vertex -10 -14.658895818563348 36.97146762427956
    endloop
  endfacet
  facet normal 2.804397109128868e-19 -0.9993007047883986 -0.03739119427632531
    outer loop
      vertex -10 -14.658895818563348 36.97146762427956
      vertex -4.5 -14.7 38.06999999999999
      vertex -10 -14.7 38.06999999999999
    endloop
  endfacet
  facet normal -1 0 0
    outer loop
      vertex -10 -14.658895818563348 36.97146762427956
      vertex -10 -14.7 38.06999999999999
      vertex -10 -14.658895818563348 39.168532375720424
    endloop
  endfacet
  facet normal -1 0 0
    outer loop
      vertex -10 -14.658895818563348 36.97146762427956
      vertex -10 -14.658895818563348 39.168532375720424
      vertex -10 -14.535813145509389 40.26092131278976
    endloop
  endfacet
  facet normal -1 0 0
    outer loop
      vertex -10 -14.535813145509389 35.879078687210225
      vertex -10 -14.535813145509389 40.26092131278976
      vertex -10 -14.331440309072807 41.34105772915782
    endloop
  endfacet
  facet normal -1 0 0
    outer loop
      vertex -10 -14.331440309072807 34.79894227084217
      vertex -10 -14.331440309072807 41.34105772915782
      vertex -10 -14.046920245056269 42.40290106384028
    endloop
  endfacet
  facet normal -1 0 0
    outer loop
      vertex -10 -14.046920245056269 33.737098936159704
      vertex -10 -14.046920245056269 42.40290106384028
      vertex -10 -13.683844105069804 43.440513058186
    endloop
  endfacet
  facet normal -2.804397109128868e-19 -0.9993007047883986 0.03739119427632531
    outer loop
      vertex -10 -14.7 38.06999999999999
      vertex -4.5 -14.658895818563348 39.168532375720424
      vertex -10 -14.658895818563348 39.168532375720424
    endloop
  endfacet
  facet normal 1.2938455019796173e-18 -0.9937122098932426 0.1119644761033076
    outer loop
      vertex -10 -14.658895818563348 39.168532375720424
      vertex -4.5 -14.535813145509389 40.26092131278976
      vertex -10 -14.535813145509389 40.26092131278976
    endloop
  endfacet
  facet normal -1 0 0
    outer loop
      vertex -10 -13.24424235816556 31.691909034971886
      vertex -10 -13.683844105069804 32.69948694181399
      vertex -10 -13.24424235816556 44.4480909650281
    endloop
  endfacet
  facet normal -1 0 0
    outer loop
      vertex -10 -13.24424235816556 31.691909034971886
      vertex -10 -13.074108465796861 44.769999999999996
      vertex -10 -12.730573435631246 30.71999999999999
    endloop
  endfacet
  facet normal -1 0 0
    outer loop
      vertex -10 -12.145709982445124 29.78919514646475
      vertex -10 -13.074108465796861 44.769999999999996
      vertex -10 -10.777436835122264 38.426363306261756
    endloop
  endfacet
  facet normal -2.001717316261624e-18 -0.9825664732332884 0.1859116071629139
    outer loop
      vertex -10 -14.535813145509389 40.26092131278976
      vertex -4.5 -14.331440309072807 41.34105772915782
      vertex -10 -14.331440309072807 41.34105772915782
    endloop
  endfacet
  facet normal -2.153532297692884e-18 -0.9659258262890679 0.2588190451025222
    outer loop
      vertex -10 -14.331440309072807 41.34105772915782
      vertex -4.5 -14.046920245056269 42.40290106384028
      vertex -10 -14.046920245056269 42.40290106384028
    endloop
  endfacet
  facet normal 0 -0.9438833303083682 0.33027906195516515
    outer loop
      vertex -10 -14.046920245056269 42.40290106384028
      vertex -4.5 -14.046920245056269 42.40290106384028
      vertex -10 -13.683844105069804 43.440513058186
    endloop
  endfacet
  facet normal -1 0 0
    outer loop
      vertex -10 -13.683844105069804 32.69948694181399
      vertex -10 -13.683844105069804 43.440513058186
      vertex -10 -13.24424235816556 44.4480909650281
    endloop
  endfacet
  facet normal -1 0 0
    outer loop
      vertex -10 -13.24424235816556 31.691909034971886
      vertex -10 -13.24424235816556 44.4480909650281
      vertex -10 -13.074108465796861 44.769999999999996
    endloop
  endfacet
  facet normal -1.3339133058084547e-18 -0.9165622558699756 0.39989202431974236
    outer loop
      vertex -10 -13.683844105069804 43.440513058186
      vertex -4.5 -13.24424235816556 44.4480909650281
      vertex -10 -13.24424235816556 44.4480909650281
    endloop
  endfacet
  facet normal 0 -0.8841153935046103 0.46726862827306104
    outer loop
      vertex -10 -13.24424235816556 44.4480909650281
      vertex -4.5 -13.24424235816556 44.4480909650281
      vertex -10 -13.074108465796861 44.769999999999996
    endloop
  endfacet
  facet normal -1 0 0
    outer loop
      vertex -10 -10.777436835122264 38.426363306261756
      vertex -10 -13.074108465796861 44.769999999999996
      vertex -10 -10.75987432145552 38.61965055586198
    endloop
  endfacet
  facet normal -1 0 0
    outer loop
      vertex -10 -10.75987432145552 38.61965055586198
      vertex -10 -13.074108465796861 44.769999999999996
      vertex -10 -10.643776683263521 39.71587779871862
    endloop
  endfacet
  facet normal -1 0 0
    outer loop
      vertex -10 -10.643776683263521 39.71587779871862
      vertex -10 -13.074108465796861 44.769999999999996
      vertex -10 -10.412230671965862 40.80290062529484
    endloop
  endfacet
  facet normal -1 0 0
    outer loop
      vertex -10 -10.412230671965862 40.80290062529484
      vertex -10 -13.074108465796861 44.769999999999996
      vertex -10 -10.0665311867815 41.87463996300705
    endloop
  endfacet
  facet normal -1 0 0
    outer loop
      vertex -10 -10.0665311867815 41.87463996300705
      vertex -10 -13.074108465796861 44.769999999999996
      vertex -10 -9 44.769999999999996
    endloop
  endfacet
  facet normal -1 0 0
    outer loop
      vertex -10 -10.0665311867815 41.87463996300705
      vertex -10 -9 44.769999999999996
      vertex -10 -9.60861151946031 42.92510221074095
    endloop
  endfacet
  facet normal -1 0 0
    outer loop
      vertex -10 -9.60861151946031 42.92510221074095
      vertex -10 -9 44.769999999999996
      vertex -10 -9.278644034740525 43.52001361677716
    endloop
  endfacet
  facet normal -1 0 0
    outer loop
      vertex -10 -9.278644034740525 43.52001361677716
      vertex -10 -9 44.769999999999996
      vertex -10 -9.021063258959943 43.948412757500186
    endloop
  endfacet
  facet normal -1 0 0
    outer loop
      vertex -10 -9.021063258959943 43.948412757500186
      vertex -10 -9 44.769999999999996
      vertex -10 -9 43.97696266995877
    endloop
  endfacet
  facet normal 0 -0.9165622558699749 -0.39989202431974413
    outer loop
      vertex -10 -13.683844105069804 32.69948694181399
      vertex -6.544760010968051 -13.590334198206156 32.48515995860662
      vertex -6.295997830138324 -13.683844105069804 32.69948694181399
    endloop
  endfacet
  facet normal -3.445714802925382e-17 -0.9438833303083682 -0.33027906195516527
    outer loop
      vertex -10 -14.046920245056269 33.737098936159704
      vertex -6.295997830138324 -13.683844105069804 32.69948694181399
      vertex -5.4860556623557954 -13.978241859217942 33.54082738578791
    endloop
  endfacet
  facet normal 0 -0.9438833303083685 -0.33027906195516454
    outer loop
      vertex -10 -14.046920245056269 33.737098936159704
      vertex -5.4860556623557954 -13.978241859217942 33.54082738578791
      vertex -5.251603333279533 -14.046920245056269 33.737098936159704
    endloop
  endfacet
  facet normal 0 -0.9659258262890679 -0.2588190451025222
    outer loop
      vertex -10 -14.331440309072807 34.79894227084217
      vertex -5.251603333279533 -14.046920245056269 33.737098936159704
      vertex -4.5 -14.331440309072807 34.79894227084217
    endloop
  endfacet
  facet normal 0 -0.9825664732332884 -0.1859116071629139
    outer loop
      vertex -10 -14.331440309072807 34.79894227084217
      vertex -4.5 -14.331440309072807 34.79894227084217
      vertex -4.5 -14.535813145509389 35.879078687210225
    endloop
  endfacet
  facet normal 1.5630076020360604e-16 -0.9165622558699758 -0.39989202431974197
    outer loop
      vertex -10 -13.683844105069804 32.69948694181399
      vertex -7.308669519583004 -13.24424235816556 31.691909034971886
      vertex -6.544760010968051 -13.590334198206156 32.48515995860662
    endloop
  endfacet
  facet normal -2.6732142620870833e-15 -0.9659258262890683 -0.25881904510252046
    outer loop
      vertex -5.251603333279533 -14.046920245056269 33.737098936159704
      vertex -4.5 -14.256640765142583 34.51978657251159
      vertex -4.5 -14.331440309072807 34.79894227084217
    endloop
  endfacet
  facet normal 0 -0.9937122098932426 -0.1119644761033076
    outer loop
      vertex -10 -14.535813145509389 35.879078687210225
      vertex -4.5 -14.535813145509389 35.879078687210225
      vertex -4.5 -14.658895818563348 36.97146762427956
    endloop
  endfacet
  facet normal 0 -0.9993007047883986 -0.03739119427632531
    outer loop
      vertex -10 -14.658895818563348 36.97146762427956
      vertex -4.5 -14.658895818563348 36.97146762427956
      vertex -4.5 -14.7 38.06999999999999
    endloop
  endfacet
  facet normal 0 -0.9993007047883986 0.03739119427632531
    outer loop
      vertex -10 -14.7 38.06999999999999
      vertex -4.5 -14.7 38.06999999999999
      vertex -4.5 -14.658895818563348 39.168532375720424
    endloop
  endfacet
  facet normal 0 -0.9937122098932426 0.1119644761033076
    outer loop
      vertex -10 -14.658895818563348 39.168532375720424
      vertex -4.5 -14.658895818563348 39.168532375720424
      vertex -4.5 -14.535813145509389 40.26092131278976
    endloop
  endfacet
  facet normal 0 -0.9825664732332884 0.1859116071629139
    outer loop
      vertex -10 -14.535813145509389 40.26092131278976
      vertex -4.5 -14.535813145509389 40.26092131278976
      vertex -4.5 -14.331440309072807 41.34105772915782
    endloop
  endfacet
  facet normal 0 -0.9659258262890679 0.2588190451025222
    outer loop
      vertex -10 -14.331440309072807 41.34105772915782
      vertex -4.5 -14.331440309072807 41.34105772915782
      vertex -4.5 -14.046920245056269 42.40290106384028
    endloop
  endfacet
  facet normal 0 -0.9438833303083682 0.33027906195516515
    outer loop
      vertex -10 -13.683844105069804 43.440513058186
      vertex -4.5 -14.046920245056269 42.40290106384028
      vertex -4.5 -13.683844105069804 43.440513058186
    endloop
  endfacet
  facet normal 0 -0.9165622558699756 0.39989202431974236
    outer loop
      vertex -10 -13.683844105069804 43.440513058186
      vertex -4.5 -13.683844105069804 43.440513058186
      vertex -4.5 -13.24424235816556 44.4480909650281
    endloop
  endfacet
  facet normal -1.428531062677659e-18 -0.8841153935046103 0.46726862827306104
    outer loop
      vertex -4.5 -13.24424235816556 44.4480909650281
      vertex -4.5 -13.074108465796861 44.769999999999996
      vertex -10 -13.074108465796861 44.769999999999996
    endloop
  endfacet
  facet normal 8.595014702122569e-16 -0.9993007047883985 -0.03739119427632695
    outer loop
      vertex -1.5 -14.677588398073032 37.47103732885487
      vertex -1.1011676677347975 -14.694061346629558 37.91128614735548
      vertex -1.5 -14.7 38.06999999999999
    endloop
  endfacet
  facet normal 0 -0.9993007047883985 -0.037391194276329094
    outer loop
      vertex -1.5 -14.7 38.06999999999999
      vertex -1.1011676677347975 -14.694061346629558 37.91128614735548
      vertex -0.6697357115108905 -14.7 38.06999999999999
    endloop
  endfacet
  facet normal 0 -0.9993007047883985 0.03739119427632722
    outer loop
      vertex -1.5 -14.7 38.06999999999999
      vertex -0.6697357115108905 -14.7 38.06999999999999
      vertex -0.27492140354153016 -14.679433527245756 38.61965055586198
    endloop
  endfacet
  facet normal -3.284426902325221e-16 -0.9993007047883986 0.03739119427632532
    outer loop
      vertex -1.5 -14.7 38.06999999999999
      vertex 0 -14.66917545817389 38.89380322339998
      vertex -1.5 -14.658895818563348 39.168532375720424
    endloop
  endfacet
  facet normal 6.150502743285488e-15 -0.999300704788399 0.037391194276313544
    outer loop
      vertex -1.5 -14.7 38.06999999999999
      vertex -0.27492140354153016 -14.679433527245756 38.61965055586198
      vertex 0 -14.66917545817389 38.89380322339998
    endloop
  endfacet
  facet normal 5.123700426935701e-16 -0.9937122098932429 0.11196447610330464
    outer loop
      vertex -1.5 -14.658895818563348 39.168532375720424
      vertex 0 -14.628114387646235 39.441725131180625
      vertex -0.2764675220705724 -14.597224800613272 39.71587779871862
    endloop
  endfacet
  facet normal 1.563554933091203e-16 -0.9937122098932427 0.11196447610330762
    outer loop
      vertex -1.5 -14.658895818563348 39.168532375720424
      vertex 0 -14.5665945764265 39.987728557329575
      vertex -1.5 -14.535813145509389 40.26092131278976
    endloop
  endfacet
  facet normal -5.347615529829797e-15 -0.9937122098932415 0.11196447610331757
    outer loop
      vertex -1.5 -14.658895818563348 39.168532375720424
      vertex -0.2764675220705724 -14.597224800613272 39.71587779871862
      vertex 0 -14.5665945764265 39.987728557329575
    endloop
  endfacet
  facet normal -5.803317934628191e-16 -0.9825664732332878 0.1859116071629165
    outer loop
      vertex -1.5 -14.535813145509389 40.26092131278976
      vertex 0 -14.484702065533499 40.53104986668391
      vertex -0.2796036296825744 -14.433265126844246 40.80290062529484
    endloop
  endfacet
  facet normal 5.583595393559475e-15 -0.9825664732332905 0.18591160716290306
    outer loop
      vertex -1.5 -14.535813145509389 40.26092131278976
      vertex -0.2796036296825744 -14.433265126844246 40.80290062529484
      vertex 0 -14.3825513890487 41.07092917526366
    endloop
  endfacet
  facet normal -4.6026033267284095e-16 -0.9825664732332885 0.1859116071629139
    outer loop
      vertex -1.5 -14.535813145509389 40.26092131278976
      vertex 0 -14.3825513890487 41.07092917526366
      vertex -1.5 -14.331440309072807 41.34105772915782
    endloop
  endfacet
  facet normal 1.327677450416091e-15 -0.9659258262890682 0.25881904510252113
    outer loop
      vertex -1.5 -14.331440309072807 41.34105772915782
      vertex 0 -14.26028541392994 41.60661141303822
      vertex -0.28442054746162554 -14.18846738041731 41.87463996300705
    endloop
  endfacet
  facet normal 1.231657542494576e-15 -0.9659258262890681 0.2588190451025214
    outer loop
      vertex -1.5 -14.331440309072807 41.34105772915782
      vertex -0.28442054746162554 -14.18846738041731 41.87463996300705
      vertex 0 -14.118075140199123 42.13734737995991
    endloop
  endfacet
  facet normal 7.529011369414635e-16 -0.965925826289068 0.25881904510252224
    outer loop
      vertex -1.5 -14.331440309072807 41.34105772915782
      vertex 0 -14.118075140199123 42.13734737995991
      vertex -1.5 -14.046920245056269 42.40290106384028
    endloop
  endfacet
  facet normal 1.77332980826086e-16 -0.9438833303083684 0.33027906195516515
    outer loop
      vertex -1.5 -14.046920245056269 42.40290106384028
      vertex 0 -13.77464488834289 43.18101932823819
      vertex -1.5 -13.683844105069804 43.440513058186
    endloop
  endfacet
  facet normal 1.266776897826569e-15 -0.943883330308368 0.3302790619551658
    outer loop
      vertex -1.5 -14.046920245056269 42.40290106384028
      vertex 0 -13.956119461783196 42.662394793788046
      vertex -0.2910626170617623 -13.864194160791257 42.92510221074095
    endloop
  endfacet
  facet normal 8.547995197231357e-15 -0.9438833303083733 0.33027906195515094
    outer loop
      vertex -1.5 -14.046920245056269 42.40290106384028
      vertex -0.2910626170617623 -13.864194160791257 42.92510221074095
      vertex 0 -13.77464488834289 43.18101932823819
    endloop
  endfacet
  facet normal -1.3788293281405098e-15 -0.9165622558699736 0.3998920243197469
    outer loop
      vertex -1.5 -13.683844105069804 43.440513058186
      vertex 0 -13.573905228478747 43.69249564000299
      vertex -0.2997386708442329 -13.46224973151865 43.948412757500186
    endloop
  endfacet
  facet normal 1.2857119660372282e-15 -0.9165622558699756 0.39989202431974236
    outer loop
      vertex -1.5 -13.683844105069804 43.440513058186
      vertex 0 -13.354181234756606 44.19610838321113
      vertex -1.5 -13.24424235816556 44.4480909650281
    endloop
  endfacet
  facet normal -1.0918621767382293e-15 -0.916562255869974 0.39989202431974613
    outer loop
      vertex -1.5 -13.683844105069804 43.440513058186
      vertex -0.2997386708442329 -13.46224973151865 43.948412757500186
      vertex 0 -13.354181234756606 44.19610838321113
    endloop
  endfacet
  facet normal -8.781595329860265e-16 -0.8841153935046103 0.46726862827306104
    outer loop
      vertex -1.5 -13.24424235816556 44.4480909650281
      vertex 0 -13.115780211049785 44.6911532099031
      vertex -1.5 -13.074108465796861 44.769999999999996
    endloop
  endfacet
  facet normal -1.1200742589574407e-15 -0.8841153935046123 0.4672686282730574
    outer loop
      vertex 0 -13.115780211049785 44.6911532099031
      vertex -0.09891484493210938 -13.074108465796863 44.769999999999996
      vertex -1.5 -13.074108465796861 44.769999999999996
    endloop
  endfacet
  facet normal -4.3384213516439987e-16 0.8045977797666679 -0.5938201855735021
    outer loop
      vertex -10 11.575100319255577 29.016046507752993
      vertex -10 12.145709982445124 29.78919514646475
      vertex -9.523907664183886 11.942602470448438 29.51399424023648
    endloop
  endfacet
  facet normal 0 0.8045977797666682 -0.5938201855735016
    outer loop
      vertex -10 12.145709982445124 29.78919514646475
      vertex -9.21893096236296 12.145709982445124 29.78919514646475
      vertex -9.523907664183886 11.942602470448438 29.51399424023648
    endloop
  endfacet
  facet normal 0 0.8467241992282845 -0.5320320765153359
    outer loop
      vertex -10 12.145709982445124 29.78919514646475
      vertex -10 12.730573435631246 30.71999999999999
      vertex -9.21893096236296 12.145709982445124 29.78919514646475
    endloop
  endfacet
  facet normal 3.6712913745975046e-16 0.8467241992282847 -0.5320320765153357
    outer loop
      vertex -9.21893096236296 12.145709982445124 29.78919514646475
      vertex -10 12.730573435631246 30.71999999999999
      vertex -8.570357865081789 12.570406248688679 30.46509538222798
    endloop
  endfacet
  facet normal 0 0.8467241992282837 -0.5320320765153372
    outer loop
      vertex -10 12.730573435631246 30.71999999999999
      vertex -8.284670430541674 12.730573435631246 30.71999999999999
      vertex -8.570357865081789 12.570406248688679 30.46509538222798
    endloop
  endfacet
  facet normal 0 0.8841153935046094 -0.46726862827306254
    outer loop
      vertex -10 12.730573435631246 30.71999999999999
      vertex -10 13.24424235816556 31.691909034971886
      vertex -8.284670430541674 12.730573435631246 30.71999999999999
    endloop
  endfacet
  facet normal 6.614211625850285e-16 0.88411539350461 -0.46726862827306165
    outer loop
      vertex -10 13.24424235816556 31.691909034971886
      vertex -7.575096786953456 13.120452507255138 31.45768720596952
      vertex -8.284670430541674 12.730573435631246 30.71999999999999
    endloop
  endfacet
  facet normal 0 0.9165622558699756 -0.39989202431974197
    outer loop
      vertex -10 13.24424235816556 31.691909034971886
      vertex -10 13.6838441050698 32.69948694181398
      vertex -7.308669519583004 13.24424235816556 31.691909034971886
    endloop
  endfacet
  facet normal 0 0.8841153935046071 -0.4672686282730669
    outer loop
      vertex -10 13.24424235816556 31.691909034971886
      vertex -7.308669519583004 13.24424235816556 31.691909034971886
      vertex -7.575096786953456 13.120452507255138 31.45768720596952
    endloop
  endfacet
  facet normal -1 0 0
    outer loop
      vertex -10 11.575100319255577 29.016046507752993
      vertex -10 13.074108465796861 44.769999999999996
      vertex -10 12.145709982445124 29.78919514646475
    endloop
  endfacet
  facet normal -1 0 0
    outer loop
      vertex -10 12.145709982445124 29.78919514646475
      vertex -10 13.074108465796861 44.769999999999996
      vertex -10 12.730573435631246 30.71999999999999
    endloop
  endfacet
  facet normal 0 0.9438833303083682 -0.33027906195516515
    outer loop
      vertex -10 13.6838441050698 32.69948694181398
      vertex -10 14.046920245056265 33.7370989361597
      vertex -6.295997830138333 13.6838441050698 32.69948694181398
    endloop
  endfacet
  facet normal 0 0.9659258262890675 -0.25881904510252346
    outer loop
      vertex -10 14.046920245056265 33.7370989361597
      vertex -10 14.331440309072809 34.798942270842176
      vertex -5.251603333279543 14.046920245056265 33.7370989361597
    endloop
  endfacet
  facet normal 0 0.9825664732332884 -0.1859116071629139
    outer loop
      vertex -10 14.331440309072809 34.798942270842176
      vertex -10 14.53581314550939 35.87907868721023
      vertex -4.5 14.331440309072809 34.798942270842176
    endloop
  endfacet
  facet normal -1 0 0
    outer loop
      vertex -10 10.777436835122266 38.42636330626172
      vertex -10 10.759874321455518 38.61965055586198
      vertex -10 13.074108465796861 44.769999999999996
    endloop
  endfacet
  facet normal -1 0 0
    outer loop
      vertex -10 10.759874321455518 38.61965055586198
      vertex -10 10.64377668326352 39.71587779871862
      vertex -10 13.074108465796861 44.769999999999996
    endloop
  endfacet
  facet normal -1 0 0
    outer loop
      vertex -10 10.64377668326352 39.71587779871862
      vertex -10 10.41223067196586 40.80290062529484
      vertex -10 13.074108465796861 44.769999999999996
    endloop
  endfacet
  facet normal -1 0 0
    outer loop
      vertex -10 9.278644034740523 43.52001361677716
      vertex -10 9.021063258959941 43.948412757500186
      vertex -10 13.074108465796861 44.769999999999996
    endloop
  endfacet
  facet normal -1 0 0
    outer loop
      vertex -10 9 43.97696266995877
      vertex -10 13.074108465796861 44.769999999999996
      vertex -10 9.021063258959941 43.948412757500186
    endloop
  endfacet
  facet normal -1 0 0
    outer loop
      vertex -10 9 43.97696266995877
      vertex -10 9 44.769999999999996
      vertex -10 13.074108465796861 44.769999999999996
    endloop
  endfacet
  facet normal -1 0 0
    outer loop
      vertex -10 9.608611519460307 42.92510221074095
      vertex -10 13.074108465796861 44.769999999999996
      vertex -10 10.066531186781498 41.87463996300705
    endloop
  endfacet
  facet normal -1 0 0
    outer loop
      vertex -10 10.066531186781498 41.87463996300705
      vertex -10 13.074108465796861 44.769999999999996
      vertex -10 10.41223067196586 40.80290062529484
    endloop
  endfacet
  facet normal -1 0 0
    outer loop
      vertex -10 9.608611519460307 42.92510221074095
      vertex -10 9.278644034740523 43.52001361677716
      vertex -10 13.074108465796861 44.769999999999996
    endloop
  endfacet
  facet normal -1 0 0
    outer loop
      vertex -10 11.575100319255577 29.016046507752993
      vertex -10 10.777436835122266 38.42636330626172
      vertex -10 13.074108465796861 44.769999999999996
    endloop
  endfacet
  facet normal -1 0 0
    outer loop
      vertex -10 12.730573435631246 30.71999999999999
      vertex -10 13.244242358165561 44.4480909650281
      vertex -10 13.24424235816556 31.691909034971886
    endloop
  endfacet
  facet normal -1 0 0
    outer loop
      vertex -10 13.24424235816556 31.691909034971886
      vertex -10 13.683844105069802 43.440513058186
      vertex -10 13.6838441050698 32.69948694181398
    endloop
  endfacet
  facet normal -1 0 0
    outer loop
      vertex -10 12.730573435631246 30.71999999999999
      vertex -10 13.074108465796861 44.769999999999996
      vertex -10 13.244242358165561 44.4480909650281
    endloop
  endfacet
  facet normal -1 0 0
    outer loop
      vertex -10 13.24424235816556 31.691909034971886
      vertex -10 13.244242358165561 44.4480909650281
      vertex -10 13.683844105069802 43.440513058186
    endloop
  endfacet
  facet normal -1 0 0
    outer loop
      vertex -10 13.6838441050698 32.69948694181398
      vertex -10 14.046920245056267 42.40290106384028
      vertex -10 14.046920245056265 33.7370989361597
    endloop
  endfacet
  facet normal -1 0 0
    outer loop
      vertex -10 14.046920245056265 33.7370989361597
      vertex -10 14.331440309072807 41.34105772915782
      vertex -10 14.331440309072809 34.798942270842176
    endloop
  endfacet
  facet normal -1 0 0
    outer loop
      vertex -10 14.331440309072809 34.798942270842176
      vertex -10 14.535813145509389 40.260921312789755
      vertex -10 14.53581314550939 35.87907868721023
    endloop
  endfacet
  facet normal -1 0 0
    outer loop
      vertex -10 14.53581314550939 35.87907868721023
      vertex -10 14.658895818563348 39.16853237572043
      vertex -10 14.658895818563348 36.97146762427956
    endloop
  endfacet
  facet normal 0 0.9937122098932427 -0.11196447610330673
    outer loop
      vertex -10 14.53581314550939 35.87907868721023
      vertex -10 14.658895818563348 36.97146762427956
      vertex -4.5 14.53581314550939 35.87907868721023
    endloop
  endfacet
  facet normal 0 0.9993007047883986 -0.03739119427632531
    outer loop
      vertex -10 14.658895818563348 36.97146762427956
      vertex -10 14.7 38.06999999999999
      vertex -4.5 14.658895818563348 36.97146762427956
    endloop
  endfacet
  facet normal -1 0 0
    outer loop
      vertex -10 14.331440309072809 34.798942270842176
      vertex -10 14.331440309072807 41.34105772915782
      vertex -10 14.535813145509389 40.260921312789755
    endloop
  endfacet
  facet normal -1 0 0
    outer loop
      vertex -10 13.6838441050698 32.69948694181398
      vertex -10 13.683844105069802 43.440513058186
      vertex -10 14.046920245056267 42.40290106384028
    endloop
  endfacet
  facet normal -1 0 0
    outer loop
      vertex -10 14.046920245056265 33.7370989361597
      vertex -10 14.046920245056267 42.40290106384028
      vertex -10 14.331440309072807 41.34105772915782
    endloop
  endfacet
  facet normal -1 0 0
    outer loop
      vertex -10 14.658895818563348 36.97146762427956
      vertex -10 14.658895818563348 39.16853237572043
      vertex -10 14.7 38.06999999999999
    endloop
  endfacet
  facet normal -1 0 0
    outer loop
      vertex -10 14.53581314550939 35.87907868721023
      vertex -10 14.535813145509389 40.260921312789755
      vertex -10 14.658895818563348 39.16853237572043
    endloop
  endfacet
  facet normal 0 0.9993007047883986 0.037391194276325077
    outer loop
      vertex -10 14.7 38.06999999999999
      vertex -10 14.658895818563348 39.16853237572043
      vertex -4.5 14.7 38.06999999999999
    endloop
  endfacet
  facet normal 0 0.9937122098932424 0.11196447610330905
    outer loop
      vertex -10 14.658895818563348 39.16853237572043
      vertex -10 14.535813145509389 40.260921312789755
      vertex -4.5 14.658895818563348 39.16853237572043
    endloop
  endfacet
  facet normal 0 0.9165622558699766 0.3998920243197396
    outer loop
      vertex -10 13.683844105069802 43.440513058186
      vertex -10 13.244242358165561 44.4480909650281
      vertex -4.5 13.683844105069802 43.440513058186
    endloop
  endfacet
  facet normal 1.2340339471602209e-20 0.8841153935046082 0.46726862827306476
    outer loop
      vertex -10 13.244242358165561 44.4480909650281
      vertex -10 13.074108465796861 44.769999999999996
      vertex -4.5 13.074108465796861 44.769999999999996
    endloop
  endfacet
  facet normal 0 0.9825664732332886 0.18591160716291272
    outer loop
      vertex -10 14.535813145509389 40.260921312789755
      vertex -10 14.331440309072807 41.34105772915782
      vertex -4.5 14.535813145509389 40.260921312789755
    endloop
  endfacet
  facet normal 0 0.9659258262890675 0.25881904510252374
    outer loop
      vertex -10 14.331440309072807 41.34105772915782
      vertex -10 14.046920245056267 42.40290106384028
      vertex -4.5 14.331440309072807 41.34105772915782
    endloop
  endfacet
  facet normal -2.1565764743960725e-19 0.9438833303083682 0.33027906195516515
    outer loop
      vertex -10 13.683844105069802 43.440513058186
      vertex -4.5 14.046920245056267 42.40290106384028
      vertex -10 14.046920245056267 42.40290106384028
    endloop
  endfacet
  facet normal 4.4017284032239604e-17 0.9165622558699758 -0.39989202431974186
    outer loop
      vertex -10 13.6838441050698 32.69948694181398
      vertex -6.5447600109680515 13.590334198206156 32.48515995860662
      vertex -7.308669519583004 13.24424235816556 31.691909034971886
    endloop
  endfacet
  facet normal 0 0.9165622558699755 -0.3998920243197425
    outer loop
      vertex -10 13.6838441050698 32.69948694181398
      vertex -6.295997830138333 13.6838441050698 32.69948694181398
      vertex -6.5447600109680515 13.590334198206156 32.48515995860662
    endloop
  endfacet
  facet normal 1.3864948552929918e-16 0.9438833303083684 -0.3302790619551647
    outer loop
      vertex -10 14.046920245056265 33.7370989361597
      vertex -5.486055662355796 13.97824185921794 33.54082738578791
      vertex -6.295997830138333 13.6838441050698 32.69948694181398
    endloop
  endfacet
  facet normal 0 0.9438833303083674 -0.3302790619551676
    outer loop
      vertex -10 14.046920245056265 33.7370989361597
      vertex -5.251603333279543 14.046920245056265 33.7370989361597
      vertex -5.486055662355796 13.97824185921794 33.54082738578791
    endloop
  endfacet
  facet normal 1.5632184745965305e-16 0.9659258262890676 -0.2588190451025228
    outer loop
      vertex -10 14.331440309072809 34.798942270842176
      vertex -4.5 14.256640765142581 34.51978657251159
      vertex -5.251603333279543 14.046920245056265 33.7370989361597
    endloop
  endfacet
  facet normal 0 0.965925826289067 -0.25881904510252574
    outer loop
      vertex -10 14.331440309072809 34.798942270842176
      vertex -4.5 14.331440309072809 34.798942270842176
      vertex -4.5 14.256640765142581 34.51978657251159
    endloop
  endfacet
  facet normal 0 0.9825664732332884 -0.1859116071629139
    outer loop
      vertex -10 14.53581314550939 35.87907868721023
      vertex -4.5 14.53581314550939 35.87907868721023
      vertex -4.5 14.331440309072809 34.798942270842176
    endloop
  endfacet
  facet normal 0 0.9937122098932427 -0.11196447610330673
    outer loop
      vertex -10 14.658895818563348 36.97146762427956
      vertex -4.5 14.658895818563348 36.97146762427956
      vertex -4.5 14.53581314550939 35.87907868721023
    endloop
  endfacet
  facet normal 0 0.9993007047883986 -0.03739119427632531
    outer loop
      vertex -10 14.7 38.06999999999999
      vertex -4.5 14.7 38.06999999999999
      vertex -4.5 14.658895818563348 36.97146762427956
    endloop
  endfacet
  facet normal 0 0.9993007047883986 0.037391194276325077
    outer loop
      vertex -10 14.658895818563348 39.16853237572043
      vertex -4.5 14.658895818563348 39.16853237572043
      vertex -4.5 14.7 38.06999999999999
    endloop
  endfacet
  facet normal 0 0.9937122098932424 0.11196447610330905
    outer loop
      vertex -10 14.535813145509389 40.260921312789755
      vertex -4.5 14.535813145509389 40.260921312789755
      vertex -4.5 14.658895818563348 39.16853237572043
    endloop
  endfacet
  facet normal 0 0.9165622558699766 0.3998920243197396
    outer loop
      vertex -10 13.244242358165561 44.4480909650281
      vertex -4.5 13.244242358165561 44.4480909650281
      vertex -4.5 13.683844105069802 43.440513058186
    endloop
  endfacet
  facet normal 0 0.8841153935046082 0.46726862827306476
    outer loop
      vertex -10 13.244242358165561 44.4480909650281
      vertex -4.5 13.074108465796861 44.769999999999996
      vertex -4.5 13.244242358165561 44.4480909650281
    endloop
  endfacet
  facet normal 0 0.9825664732332886 0.18591160716291272
    outer loop
      vertex -10 14.331440309072807 41.34105772915782
      vertex -4.5 14.331440309072807 41.34105772915782
      vertex -4.5 14.535813145509389 40.260921312789755
    endloop
  endfacet
  facet normal 0 0.9659258262890675 0.25881904510252374
    outer loop
      vertex -10 14.046920245056267 42.40290106384028
      vertex -4.5 14.046920245056267 42.40290106384028
      vertex -4.5 14.331440309072807 41.34105772915782
    endloop
  endfacet
  facet normal 0 0.9438833303083682 0.33027906195516515
    outer loop
      vertex -10 13.683844105069802 43.440513058186
      vertex -4.5 13.683844105069802 43.440513058186
      vertex -4.5 14.046920245056267 42.40290106384028
    endloop
  endfacet
  facet normal 1.3464948138003852e-15 0.9993007047883985 -0.037391194276327394
    outer loop
      vertex -1.5 14.677588398073032 37.47103732885488
      vertex -1.5 14.7 38.06999999999999
      vertex -1.1011676677347992 14.694061346629558 37.91128614735549
    endloop
  endfacet
  facet normal 0 0.9993007047883984 -0.03739119427633077
    outer loop
      vertex -1.5 14.7 38.06999999999999
      vertex -0.6697357115108916 14.7 38.06999999999999
      vertex -1.1011676677347992 14.694061346629558 37.91128614735549
    endloop
  endfacet
  facet normal 0 0.9993007047883986 0.037391194276325077
    outer loop
      vertex -1.5 14.7 38.06999999999999
      vertex -1.5 14.658895818563348 39.16853237572043
      vertex -0.6697357115108916 14.7 38.06999999999999
    endloop
  endfacet
  facet normal -7.290205594567449e-16 0.9993007047883986 0.03739119427632452
    outer loop
      vertex -1.5 14.658895818563348 39.16853237572043
      vertex -0.27492140354152317 14.679433527245758 38.61965055586198
      vertex -0.6697357115108916 14.7 38.06999999999999
    endloop
  endfacet
  facet normal 3.0271824753548734e-16 0.9993007047883985 0.037391194276326825
    outer loop
      vertex -1.5 14.658895818563348 39.16853237572043
      vertex 0 14.66917545817389 38.89380322339997
      vertex -0.27492140354152317 14.679433527245758 38.61965055586198
    endloop
  endfacet
  facet normal -3.023589386501326e-16 0.9937122098932425 0.11196447610330905
    outer loop
      vertex -1.5 14.658895818563348 39.16853237572043
      vertex -1.5 14.535813145509389 40.260921312789755
      vertex 0 14.628114387646235 39.44172513118063
    endloop
  endfacet
  facet normal -3.225022578391611e-15 0.993712209893243 0.11196447610330387
    outer loop
      vertex -1.5 14.535813145509389 40.260921312789755
      vertex -0.27646752207057934 14.597224800613272 39.71587779871862
      vertex 0 14.628114387646235 39.44172513118063
    endloop
  endfacet
  facet normal -5.050721911210789e-16 0.9937122098932424 0.11196447610330978
    outer loop
      vertex -1.5 14.535813145509389 40.260921312789755
      vertex 0 14.5665945764265 39.98772855732958
      vertex -0.27646752207057934 14.597224800613272 39.71587779871862
    endloop
  endfacet
  facet normal -1.1153122988805547e-15 0.8841153935046083 0.4672686282730648
    outer loop
      vertex -1.5 13.244242358165561 44.4480909650281
      vertex -1.5 13.074108465796861 44.769999999999996
      vertex -0.09891484493207339 13.074108465796863 44.769999999999996
    endloop
  endfacet
  facet normal -1.0006747302629136e-15 0.9165622558699767 0.3998920243197396
    outer loop
      vertex -1.5 13.683844105069802 43.440513058186
      vertex -1.5 13.244242358165561 44.4480909650281
      vertex 0 13.573905228478747 43.69249564000299
    endloop
  endfacet
  facet normal 2.357163477765513e-15 0.9165622558699742 0.3998920243197452
    outer loop
      vertex -1.5 13.244242358165561 44.4480909650281
      vertex -0.2997386708441878 13.462249731518652 43.948412757500186
      vertex 0 13.573905228478747 43.69249564000299
    endloop
  endfacet
  facet normal -1.4619405261307447e-15 0.8841153935046078 0.467268628273066
    outer loop
      vertex -1.5 13.244242358165561 44.4480909650281
      vertex -0.09891484493207339 13.074108465796863 44.769999999999996
      vertex 0 13.115780211049767 44.691153209903135
    endloop
  endfacet
  facet normal 1.0485263003893164e-15 0.9165622558699755 0.39989202431974263
    outer loop
      vertex -1.5 13.244242358165561 44.4480909650281
      vertex 0 13.354181234756624 44.1961083832111
      vertex -0.2997386708441878 13.462249731518652 43.948412757500186
    endloop
  endfacet
  facet normal -4.4338004379195873e-16 0.9825664732332887 0.18591160716291275
    outer loop
      vertex -1.5 14.535813145509389 40.260921312789755
      vertex -1.5 14.331440309072807 41.34105772915782
      vertex 0 14.484702065533503 40.53104986668389
    endloop
  endfacet
  facet normal 2.3562284858791124e-15 0.9825664732332875 0.1859116071629177
    outer loop
      vertex -1.5 14.331440309072807 41.34105772915782
      vertex -0.2796036296825945 14.433265126844246 40.80290062529484
      vertex 0 14.484702065533503 40.53104986668389
    endloop
  endfacet
  facet normal -1.2102878495823668e-15 0.9825664732332892 0.1859116071629099
    outer loop
      vertex -1.5 14.331440309072807 41.34105772915782
      vertex 0 14.3825513890487 41.07092917526366
      vertex -0.2796036296825945 14.433265126844246 40.80290062529484
    endloop
  endfacet
  facet normal 8.441009103513651e-16 0.9659258262890674 0.2588190451025237
    outer loop
      vertex -1.5 14.331440309072807 41.34105772915782
      vertex -1.5 14.046920245056267 42.40290106384028
      vertex 0 14.26028541392994 41.60661141303822
    endloop
  endfacet
  facet normal -2.7144047883934357e-16 0.9659258262890678 0.25881904510252285
    outer loop
      vertex -1.5 14.046920245056267 42.40290106384028
      vertex 0 14.118075140199123 42.13734737995991
      vertex -0.28442054746161155 14.18846738041731 41.87463996300705
    endloop
  endfacet
  facet normal -3.12187529132044e-15 0.9659258262890693 0.25881904510251663
    outer loop
      vertex -1.5 14.046920245056267 42.40290106384028
      vertex -0.28442054746161155 14.18846738041731 41.87463996300705
      vertex 0 14.26028541392994 41.60661141303822
    endloop
  endfacet
  facet normal 1.7402031764724013e-16 0.9438833303083684 0.33027906195516515
    outer loop
      vertex -1.5 13.683844105069802 43.440513058186
      vertex 0 13.774644888342875 43.18101932823823
      vertex -1.5 14.046920245056267 42.40290106384028
    endloop
  endfacet
  facet normal 3.2248307413825146e-16 0.9438833303083684 0.3302790619551648
    outer loop
      vertex -1.5 14.046920245056267 42.40290106384028
      vertex -0.29106261706177633 13.864194160791257 42.92510221074095
      vertex 0 13.956119461783196 42.662394793788046
    endloop
  endfacet
  facet normal 1.5730969881625667e-16 0.9438833303083682 0.330279061955165
    outer loop
      vertex -1.5 14.046920245056267 42.40290106384028
      vertex 0 13.774644888342875 43.18101932823823
      vertex -0.29106261706177633 13.864194160791257 42.92510221074095
    endloop
  endfacet
  facet normal 1.6402893318856179e-18 -0.9165622558699748 -0.39989202431974413
    outer loop
      vertex 6.5447600109680515 -13.590334198206156 32.48515995860662
      vertex 10 -13.683844105069804 32.69948694181399
      vertex 6.295997830138324 -13.683844105069804 32.69948694181399
    endloop
  endfacet
  facet normal 0 -0.9438833303083685 -0.33027906195516454
    outer loop
      vertex 5.251603333279533 -14.046920245056269 33.737098936159704
      vertex 5.4860556623557954 -13.978241859217942 33.54082738578791
      vertex 10 -14.046920245056269 33.737098936159704
    endloop
  endfacet
  facet normal -2.7627104314705553e-16 -0.9659258262890682 -0.258819045102521
    outer loop
      vertex 4.5 -14.256640765142581 34.51978657251159
      vertex 5.251603333279533 -14.046920245056269 33.737098936159704
      vertex 10 -14.331440309072807 34.79894227084217
    endloop
  endfacet
  facet normal 8.322958183350949e-19 -0.9659258262890668 -0.2588190451025261
    outer loop
      vertex 4.5 -14.256640765142581 34.51978657251159
      vertex 10 -14.331440309072807 34.79894227084217
      vertex 4.5 -14.331440309072807 34.79894227084217
    endloop
  endfacet
  facet normal 0 -0.9825664732332884 -0.1859116071629139
    outer loop
      vertex 4.5 -14.535813145509389 35.879078687210225
      vertex 4.5 -14.331440309072807 34.79894227084217
      vertex 10 -14.535813145509389 35.879078687210225
    endloop
  endfacet
  facet normal 3.4998983192194894e-17 -0.9438833303083682 -0.33027906195516527
    outer loop
      vertex 5.4860556623557954 -13.978241859217942 33.54082738578791
      vertex 6.295997830138324 -13.683844105069804 32.69948694181399
      vertex 10 -14.046920245056269 33.737098936159704
    endloop
  endfacet
  facet normal -1.5375578950355204e-16 -0.9165622558699758 -0.399892024319742
    outer loop
      vertex 7.308669519583004 -13.24424235816556 31.691909034971886
      vertex 10 -13.683844105069804 32.69948694181399
      vertex 6.5447600109680515 -13.590334198206156 32.48515995860662
    endloop
  endfacet
  facet normal -1.346494813800379e-15 -0.9993007047883985 -0.037391194276327394
    outer loop
      vertex 1.5 -14.677588398073032 37.47103732885488
      vertex 1.5 -14.7 38.06999999999999
      vertex 1.1011676677347975 -14.694061346629558 37.91128614735549
    endloop
  endfacet
  facet normal 1.4641096145342782e-16 -0.9993007047883986 0.03739119427632631
    outer loop
      vertex 0 -14.66917545817389 38.89380322339998
      vertex 0.2749214035415294 -14.679433527245758 38.61965055586198
      vertex 1.5 -14.658895818563348 39.168532375720424
    endloop
  endfacet
  facet normal 8.94029062279284e-16 -0.9993007047883986 0.03739119427632464
    outer loop
      vertex 0.2749214035415294 -14.679433527245758 38.61965055586198
      vertex 0.6697357115108905 -14.7 38.06999999999999
      vertex 1.5 -14.658895818563348 39.168532375720424
    endloop
  endfacet
  facet normal 0 -0.9993007047883985 0.03739119427632711
    outer loop
      vertex -1.5 -14.658895818563348 39.168532375720424
      vertex 0 -14.66917545817389 38.89380322339998
      vertex 1.5 -14.658895818563348 39.168532375720424
    endloop
  endfacet
  facet normal 0 -0.9937122098932426 0.1119644761033074
    outer loop
      vertex -1.5 -14.658895818563348 39.168532375720424
      vertex 1.5 -14.658895818563348 39.168532375720424
      vertex 0 -14.628114387646235 39.441725131180625
    endloop
  endfacet
  facet normal 0 -0.9937122098932427 0.11196447610330677
    outer loop
      vertex -1.5 -14.535813145509389 40.26092131278976
      vertex 0 -14.5665945764265 39.987728557329575
      vertex 1.5 -14.535813145509389 40.26092131278976
    endloop
  endfacet
  facet normal 4.383198553082329e-15 -0.9937122098932435 0.11196447610329978
    outer loop
      vertex 0 -14.628114387646235 39.441725131180625
      vertex 1.5 -14.535813145509389 40.26092131278976
      vertex 0.27646752207057884 -14.597224800613272 39.71587779871862
    endloop
  endfacet
  facet normal -8.397720625491471e-16 -0.9937122098932422 0.11196447610331134
    outer loop
      vertex 0 -14.5665945764265 39.987728557329575
      vertex 0.27646752207057884 -14.597224800613272 39.71587779871862
      vertex 1.5 -14.535813145509389 40.26092131278976
    endloop
  endfacet
  facet normal 3.850287959430747e-17 -0.9937122098932427 0.11196447610330762
    outer loop
      vertex 0 -14.628114387646235 39.441725131180625
      vertex 1.5 -14.658895818563348 39.168532375720424
      vertex 1.5 -14.535813145509389 40.26092131278976
    endloop
  endfacet
  facet normal 0 -0.9993007047883984 -0.037391194276330766
    outer loop
      vertex 0.6697357115108905 -14.7 38.06999999999999
      vertex 1.1011676677347975 -14.694061346629558 37.91128614735549
      vertex 1.5 -14.7 38.06999999999999
    endloop
  endfacet
  facet normal 0 -0.9993007047883986 0.03739119427632532
    outer loop
      vertex 0.6697357115108905 -14.7 38.06999999999999
      vertex 1.5 -14.7 38.06999999999999
      vertex 1.5 -14.658895818563348 39.168532375720424
    endloop
  endfacet
  facet normal 0 -0.9825664732332884 0.18591160716291336
    outer loop
      vertex -1.5 -14.535813145509389 40.26092131278976
      vertex 1.5 -14.535813145509389 40.26092131278976
      vertex 0 -14.484702065533499 40.53104986668391
    endloop
  endfacet
  facet normal 0 -0.9825664732332878 0.18591160716291638
    outer loop
      vertex -1.5 -14.331440309072807 41.34105772915782
      vertex 0 -14.3825513890487 41.07092917526366
      vertex 1.5 -14.331440309072807 41.34105772915782
    endloop
  endfacet
  facet normal 9.906570685940518e-17 -0.9825664732332885 0.1859116071629139
    outer loop
      vertex 0 -14.484702065533499 40.53104986668391
      vertex 1.5 -14.535813145509389 40.26092131278976
      vertex 1.5 -14.331440309072807 41.34105772915782
    endloop
  endfacet
  facet normal -3.76700942308844e-15 -0.9825664732332869 0.1859116071629208
    outer loop
      vertex 0 -14.484702065533499 40.53104986668391
      vertex 1.5 -14.331440309072807 41.34105772915782
      vertex 0.27960362968256697 -14.433265126844246 40.80290062529484
    endloop
  endfacet
  facet normal 1.2152381883190111e-15 -0.9825664732332892 0.18591160716290991
    outer loop
      vertex 0 -14.3825513890487 41.07092917526366
      vertex 0.27960362968256697 -14.433265126844246 40.80290062529484
      vertex 1.5 -14.331440309072807 41.34105772915782
    endloop
  endfacet
  facet normal 0 -0.9659258262890663 0.2588190451025282
    outer loop
      vertex -1.5 -14.331440309072807 41.34105772915782
      vertex 1.5 -14.331440309072807 41.34105772915782
      vertex 0 -14.26028541392994 41.60661141303822
    endloop
  endfacet
  facet normal 0 -0.965925826289069 0.25881904510251824
    outer loop
      vertex -1.5 -14.046920245056269 42.40290106384028
      vertex 0 -14.118075140199123 42.13734737995991
      vertex 1.5 -14.046920245056269 42.40290106384028
    endloop
  endfacet
  facet normal -1.128483244922584e-15 -0.965925826289068 0.25881904510252224
    outer loop
      vertex 0 -14.26028541392994 41.60661141303822
      vertex 1.5 -14.331440309072807 41.34105772915782
      vertex 1.5 -14.046920245056269 42.40290106384028
    endloop
  endfacet
  facet normal 5.093664905129298e-16 -0.9659258262890686 0.2588190451025193
    outer loop
      vertex 0 -14.26028541392994 41.60661141303822
      vertex 1.5 -14.046920245056269 42.40290106384028
      vertex 0.284420547461611 -14.18846738041731 41.87463996300705
    endloop
  endfacet
  facet normal -6.911783309114467e-16 -0.965925826289068 0.25881904510252185
    outer loop
      vertex 0 -14.118075140199123 42.13734737995991
      vertex 0.284420547461611 -14.18846738041731 41.87463996300705
      vertex 1.5 -14.046920245056269 42.40290106384028
    endloop
  endfacet
  facet normal 0 -0.9438833303083658 0.3302790619551723
    outer loop
      vertex -1.5 -14.046920245056269 42.40290106384028
      vertex 1.5 -14.046920245056269 42.40290106384028
      vertex 0 -13.956119461783196 42.662394793788046
    endloop
  endfacet
  facet normal 0 -0.9438833303083685 0.3302790619551642
    outer loop
      vertex -1.5 -13.683844105069804 43.440513058186
      vertex 0 -13.77464488834289 43.18101932823819
      vertex 1.5 -13.683844105069804 43.440513058186
    endloop
  endfacet
  facet normal 0 -0.9165622558699766 0.39989202431974
    outer loop
      vertex -1.5 -13.683844105069804 43.440513058186
      vertex 1.5 -13.683844105069804 43.440513058186
      vertex 0 -13.573905228478747 43.69249564000299
    endloop
  endfacet
  facet normal -1.2604174418347464e-15 -0.943883330308368 0.3302790619551658
    outer loop
      vertex 0 -13.956119461783196 42.662394793788046
      vertex 1.5 -14.046920245056269 42.40290106384028
      vertex 0.2910626170617609 -13.864194160791257 42.92510221074095
    endloop
  endfacet
  facet normal -8.524515946513997e-15 -0.9438833303083732 0.3302790619551507
    outer loop
      vertex 0.2910626170617609 -13.864194160791257 42.92510221074095
      vertex 1.5 -14.046920245056269 42.40290106384028
      vertex 0 -13.77464488834289 43.18101932823819
    endloop
  endfacet
  facet normal -1.722367285456188e-16 -0.9438833303083684 0.33027906195516515
    outer loop
      vertex 0 -13.77464488834289 43.18101932823819
      vertex 1.5 -14.046920245056269 42.40290106384028
      vertex 1.5 -13.683844105069804 43.440513058186
    endloop
  endfacet
  facet normal 0 -0.9165622558699784 0.39989202431973586
    outer loop
      vertex -1.5 -13.24424235816556 44.4480909650281
      vertex 0 -13.354181234756606 44.19610838321113
      vertex 1.5 -13.24424235816556 44.4480909650281
    endloop
  endfacet
  facet normal 0 -0.8841153935046125 0.46726862827305676
    outer loop
      vertex -1.5 -13.24424235816556 44.4480909650281
      vertex 1.5 -13.24424235816556 44.4480909650281
      vertex 0 -13.115780211049785 44.6911532099031
    endloop
  endfacet
  facet normal 2.84229842001692e-16 -0.9165622558699754 0.3998920243197426
    outer loop
      vertex 0 -13.573905228478747 43.69249564000299
      vertex 1.5 -13.24424235816556 44.4480909650281
      vertex 0.2997386708441873 -13.462249731518652 43.948412757500186
    endloop
  endfacet
  facet normal 4.645798281691165e-16 -0.9165622558699756 0.39989202431974236
    outer loop
      vertex 0 -13.573905228478747 43.69249564000299
      vertex 1.5 -13.683844105069804 43.440513058186
      vertex 1.5 -13.24424235816556 44.4480909650281
    endloop
  endfacet
  facet normal -2.4608250678482102e-15 -0.916562255869973 0.39989202431974813
    outer loop
      vertex 0 -13.354181234756606 44.19610838321113
      vertex 0.2997386708441873 -13.462249731518652 43.948412757500186
      vertex 1.5 -13.24424235816556 44.4480909650281
    endloop
  endfacet
  facet normal 2.88524050548259e-16 -0.8841153935046119 0.4672686282730582
    outer loop
      vertex 0 -13.115780211049785 44.6911532099031
      vertex 1.5 -13.24424235816556 44.4480909650281
      vertex 0.09891484493210623 -13.074108465796863 44.769999999999996
    endloop
  endfacet
  facet normal 1.1233549617981843e-15 -0.8841153935046103 0.467268628273061
    outer loop
      vertex 1.5 -13.24424235816556 44.4480909650281
      vertex 1.5 -13.074108465796861 44.769999999999996
      vertex 0.09891484493210623 -13.074108465796863 44.769999999999996
    endloop
  endfacet
  facet normal -1.2938455019796173e-18 -0.9937122098932426 -0.1119644761033076
    outer loop
      vertex 4.5 -14.535813145509389 35.879078687210225
      vertex 10 -14.658895818563348 36.97146762427956
      vertex 4.5 -14.658895818563348 36.97146762427956
    endloop
  endfacet
  facet normal 2.804397109128868e-19 -0.9993007047883986 -0.03739119427632531
    outer loop
      vertex 4.5 -14.658895818563348 36.97146762427956
      vertex 10 -14.7 38.06999999999999
      vertex 4.5 -14.7 38.06999999999999
    endloop
  endfacet
  facet normal -2.804397109128868e-19 -0.9993007047883986 0.03739119427632531
    outer loop
      vertex 4.5 -14.7 38.06999999999999
      vertex 10 -14.658895818563348 39.168532375720424
      vertex 4.5 -14.658895818563348 39.168532375720424
    endloop
  endfacet
  facet normal 1.2938455019796173e-18 -0.9937122098932426 0.1119644761033076
    outer loop
      vertex 4.5 -14.658895818563348 39.168532375720424
      vertex 10 -14.535813145509389 40.26092131278976
      vertex 4.5 -14.535813145509389 40.26092131278976
    endloop
  endfacet
  facet normal -2.001717316261624e-18 -0.9825664732332884 0.1859116071629139
    outer loop
      vertex 4.5 -14.535813145509389 40.26092131278976
      vertex 10 -14.331440309072807 41.34105772915782
      vertex 4.5 -14.331440309072807 41.34105772915782
    endloop
  endfacet
  facet normal -2.153532297692884e-18 -0.9659258262890679 0.2588190451025222
    outer loop
      vertex 4.5 -14.331440309072807 41.34105772915782
      vertex 10 -14.046920245056269 42.40290106384028
      vertex 4.5 -14.046920245056269 42.40290106384028
    endloop
  endfacet
  facet normal 2.1565764743960725e-19 -0.9438833303083682 0.33027906195516515
    outer loop
      vertex 4.5 -14.046920245056269 42.40290106384028
      vertex 10 -13.683844105069804 43.440513058186
      vertex 4.5 -13.683844105069804 43.440513058186
    endloop
  endfacet
  facet normal -1.3339133058084547e-18 -0.9165622558699756 0.39989202431974236
    outer loop
      vertex 4.5 -13.683844105069804 43.440513058186
      vertex 10 -13.24424235816556 44.4480909650281
      vertex 4.5 -13.24424235816556 44.4480909650281
    endloop
  endfacet
  facet normal 0 -0.8841153935046103 0.46726862827306104
    outer loop
      vertex 4.5 -13.24424235816556 44.4480909650281
      vertex 10 -13.24424235816556 44.4480909650281
      vertex 4.5 -13.074108465796861 44.769999999999996
    endloop
  endfacet
  facet normal 0 -0.8467241992282837 -0.5320320765153372
    outer loop
      vertex 8.284670430541674 -12.730573435631246 30.71999999999999
      vertex 8.570357865081787 -12.570406248688679 30.46509538222798
      vertex 10 -12.730573435631246 30.71999999999999
    endloop
  endfacet
  facet normal 0 -0.8045977797666682 -0.5938201855735016
    outer loop
      vertex 9.21893096236296 -12.145709982445124 29.78919514646475
      vertex 9.523907664183886 -11.942602470448438 29.51399424023648
      vertex 10 -12.145709982445124 29.78919514646475
    endloop
  endfacet
  facet normal 4.679959944102971e-16 -0.8045977797666679 -0.5938201855735021
    outer loop
      vertex 9.523907664183886 -11.942602470448438 29.51399424023648
      vertex 10 -11.575100319255577 29.016046507752993
      vertex 10 -12.145709982445124 29.78919514646475
    endloop
  endfacet
  facet normal -3.8082219527771177e-16 -0.8467241992282846 -0.5320320765153357
    outer loop
      vertex 8.570357865081787 -12.570406248688679 30.46509538222798
      vertex 9.21893096236296 -12.145709982445124 29.78919514646475
      vertex 10 -12.730573435631246 30.71999999999999
    endloop
  endfacet
  facet normal 7.137855920579462e-18 -0.8467241992282845 -0.5320320765153359
    outer loop
      vertex 10 -12.730573435631246 30.71999999999999
      vertex 9.21893096236296 -12.145709982445124 29.78919514646475
      vertex 10 -12.145709982445124 29.78919514646475
    endloop
  endfacet
  facet normal 0 -0.9438833303083682 -0.3302790619551651
    outer loop
      vertex 6.295997830138324 -13.683844105069804 32.69948694181399
      vertex 10 -13.683844105069804 32.69948694181399
      vertex 10 -14.046920245056269 33.737098936159704
    endloop
  endfacet
  facet normal 0 -0.965925826289068 -0.2588190451025222
    outer loop
      vertex 5.251603333279533 -14.046920245056269 33.737098936159704
      vertex 10 -14.046920245056269 33.737098936159704
      vertex 10 -14.331440309072807 34.79894227084217
    endloop
  endfacet
  facet normal 0 -0.9825664732332884 -0.1859116071629139
    outer loop
      vertex 4.5 -14.331440309072807 34.79894227084217
      vertex 10 -14.331440309072807 34.79894227084217
      vertex 10 -14.535813145509389 35.879078687210225
    endloop
  endfacet
  facet normal 0 -0.8841153935046071 -0.4672686282730669
    outer loop
      vertex 7.308669519583004 -13.24424235816556 31.691909034971886
      vertex 7.575096786953456 -13.120452507255138 31.45768720596952
      vertex 10 -13.24424235816556 31.691909034971886
    endloop
  endfacet
  facet normal 0 -0.9165622558699755 -0.3998920243197423
    outer loop
      vertex 7.308669519583004 -13.24424235816556 31.691909034971886
      vertex 10 -13.24424235816556 31.691909034971886
      vertex 10 -13.683844105069804 32.69948694181399
    endloop
  endfacet
  facet normal -6.605745091474132e-16 -0.88411539350461 -0.46726862827306165
    outer loop
      vertex 7.575096786953456 -13.120452507255138 31.45768720596952
      vertex 8.284670430541674 -12.730573435631246 30.71999999999999
      vertex 10 -13.24424235816556 31.691909034971886
    endloop
  endfacet
  facet normal 0 -0.8841153935046094 -0.46726862827306254
    outer loop
      vertex 8.284670430541674 -12.730573435631246 30.71999999999999
      vertex 10 -12.730573435631246 30.71999999999999
      vertex 10 -13.24424235816556 31.691909034971886
    endloop
  endfacet
  facet normal 1 0 0
    outer loop
      vertex 10 -12.730573435631246 30.71999999999999
      vertex 10 -12.145709982445124 29.78919514646475
      vertex 10 -13.074108465796861 44.769999999999996
    endloop
  endfacet
  facet normal 1 0 0
    outer loop
      vertex 10 -12.145709982445124 29.78919514646475
      vertex 10 -11.575100319255577 29.016046507752993
      vertex 10 -13.074108465796861 44.769999999999996
    endloop
  endfacet
  facet normal 0 -0.9937122098932426 -0.1119644761033076
    outer loop
      vertex 4.5 -14.535813145509389 35.879078687210225
      vertex 10 -14.535813145509389 35.879078687210225
      vertex 10 -14.658895818563348 36.97146762427956
    endloop
  endfacet
  facet normal 0 -0.9993007047883986 -0.03739119427632531
    outer loop
      vertex 4.5 -14.658895818563348 36.97146762427956
      vertex 10 -14.658895818563348 36.97146762427956
      vertex 10 -14.7 38.06999999999999
    endloop
  endfacet
  facet normal 1 0 0
    outer loop
      vertex 10 -14.535813145509389 35.879078687210225
      vertex 10 -14.658895818563348 39.168532375720424
      vertex 10 -14.658895818563348 36.97146762427956
    endloop
  endfacet
  facet normal 1 0 0
    outer loop
      vertex 10 -14.046920245056269 33.737098936159704
      vertex 10 -14.331440309072807 41.34105772915782
      vertex 10 -14.331440309072807 34.79894227084217
    endloop
  endfacet
  facet normal 1 0 0
    outer loop
      vertex 10 -13.683844105069804 32.69948694181399
      vertex 10 -14.046920245056269 42.40290106384028
      vertex 10 -14.046920245056269 33.737098936159704
    endloop
  endfacet
  facet normal 1 0 0
    outer loop
      vertex 10 -14.535813145509389 35.879078687210225
      vertex 10 -14.331440309072807 34.79894227084217
      vertex 10 -14.535813145509389 40.26092131278976
    endloop
  endfacet
  facet normal 0 -0.9993007047883986 0.03739119427632531
    outer loop
      vertex 4.5 -14.7 38.06999999999999
      vertex 10 -14.7 38.06999999999999
      vertex 10 -14.658895818563348 39.168532375720424
    endloop
  endfacet
  facet normal 0 -0.9937122098932426 0.1119644761033076
    outer loop
      vertex 4.5 -14.658895818563348 39.168532375720424
      vertex 10 -14.658895818563348 39.168532375720424
      vertex 10 -14.535813145509389 40.26092131278976
    endloop
  endfacet
  facet normal 1 0 0
    outer loop
      vertex 10 -14.658895818563348 36.97146762427956
      vertex 10 -14.658895818563348 39.168532375720424
      vertex 10 -14.7 38.06999999999999
    endloop
  endfacet
  facet normal 1 0 0
    outer loop
      vertex 10 -14.535813145509389 35.879078687210225
      vertex 10 -14.535813145509389 40.26092131278976
      vertex 10 -14.658895818563348 39.168532375720424
    endloop
  endfacet
  facet normal 1 0 0
    outer loop
      vertex 10 -14.331440309072807 34.79894227084217
      vertex 10 -14.331440309072807 41.34105772915782
      vertex 10 -14.535813145509389 40.26092131278976
    endloop
  endfacet
  facet normal 1 0 0
    outer loop
      vertex 10 -14.046920245056269 33.737098936159704
      vertex 10 -14.046920245056269 42.40290106384028
      vertex 10 -14.331440309072807 41.34105772915782
    endloop
  endfacet
  facet normal 1 0 0
    outer loop
      vertex 10 -13.683844105069804 32.69948694181399
      vertex 10 -13.683844105069804 43.440513058186
      vertex 10 -14.046920245056269 42.40290106384028
    endloop
  endfacet
  facet normal 1 0 0
    outer loop
      vertex 10 -13.24424235816556 31.691909034971886
      vertex 10 -13.683844105069804 43.440513058186
      vertex 10 -13.683844105069804 32.69948694181399
    endloop
  endfacet
  facet normal 1 0 0
    outer loop
      vertex 10 -13.24424235816556 31.691909034971886
      vertex 10 -12.730573435631246 30.71999999999999
      vertex 10 -13.24424235816556 44.4480909650281
    endloop
  endfacet
  facet normal 1 0 0
    outer loop
      vertex 10 -11.575100319255577 29.016046507752993
      vertex 10 -10.777436835122264 38.426363306261756
      vertex 10 -13.074108465796861 44.769999999999996
    endloop
  endfacet
  facet normal 1 0 0
    outer loop
      vertex 10 -13.24424235816556 31.691909034971886
      vertex 10 -13.24424235816556 44.4480909650281
      vertex 10 -13.683844105069804 43.440513058186
    endloop
  endfacet
  facet normal 1 0 0
    outer loop
      vertex 10 -12.730573435631246 30.71999999999999
      vertex 10 -13.074108465796861 44.769999999999996
      vertex 10 -13.24424235816556 44.4480909650281
    endloop
  endfacet
  facet normal 0 -0.9825664732332884 0.1859116071629139
    outer loop
      vertex 4.5 -14.535813145509389 40.26092131278976
      vertex 10 -14.535813145509389 40.26092131278976
      vertex 10 -14.331440309072807 41.34105772915782
    endloop
  endfacet
  facet normal 0 -0.9659258262890679 0.2588190451025222
    outer loop
      vertex 4.5 -14.331440309072807 41.34105772915782
      vertex 10 -14.331440309072807 41.34105772915782
      vertex 10 -14.046920245056269 42.40290106384028
    endloop
  endfacet
  facet normal 0 -0.9438833303083682 0.33027906195516515
    outer loop
      vertex 4.5 -14.046920245056269 42.40290106384028
      vertex 10 -14.046920245056269 42.40290106384028
      vertex 10 -13.683844105069804 43.440513058186
    endloop
  endfacet
  facet normal 0 -0.9165622558699756 0.39989202431974236
    outer loop
      vertex 4.5 -13.683844105069804 43.440513058186
      vertex 10 -13.683844105069804 43.440513058186
      vertex 10 -13.24424235816556 44.4480909650281
    endloop
  endfacet
  facet normal -1.428531062677659e-18 -0.8841153935046103 0.46726862827306104
    outer loop
      vertex 10 -13.24424235816556 44.4480909650281
      vertex 10 -13.074108465796861 44.769999999999996
      vertex 4.5 -13.074108465796861 44.769999999999996
    endloop
  endfacet
  facet normal 1 0 0
    outer loop
      vertex 10 -10.777436835122264 38.426363306261756
      vertex 10 -10.75987432145552 38.61965055586198
      vertex 10 -13.074108465796861 44.769999999999996
    endloop
  endfacet
  facet normal 1 0 0
    outer loop
      vertex 10 -10.75987432145552 38.61965055586198
      vertex 10 -10.643776683263521 39.71587779871862
      vertex 10 -13.074108465796861 44.769999999999996
    endloop
  endfacet
  facet normal 1 0 0
    outer loop
      vertex 10 -10.643776683263521 39.71587779871862
      vertex 10 -10.412230671965862 40.80290062529484
      vertex 10 -13.074108465796861 44.769999999999996
    endloop
  endfacet
  facet normal 1 0 0
    outer loop
      vertex 10 -10.412230671965862 40.80290062529484
      vertex 10 -10.0665311867815 41.87463996300705
      vertex 10 -13.074108465796861 44.769999999999996
    endloop
  endfacet
  facet normal 1 0 0
    outer loop
      vertex 10 -10.0665311867815 41.87463996300705
      vertex 10 -9.60861151946031 42.92510221074095
      vertex 10 -13.074108465796861 44.769999999999996
    endloop
  endfacet
  facet normal 1 0 0
    outer loop
      vertex 10 -9.60861151946031 42.92510221074095
      vertex 10 -9.278644034740525 43.52001361677716
      vertex 10 -13.074108465796861 44.769999999999996
    endloop
  endfacet
  facet normal 1 0 0
    outer loop
      vertex 10 -9.278644034740525 43.52001361677716
      vertex 10 -9.021063258959943 43.948412757500186
      vertex 10 -13.074108465796861 44.769999999999996
    endloop
  endfacet
  facet normal 1 0 0
    outer loop
      vertex 10 -9.021063258959943 43.948412757500186
      vertex 10 -9 43.97696266995877
      vertex 10 -13.074108465796861 44.769999999999996
    endloop
  endfacet
  facet normal 1 0 0
    outer loop
      vertex 10 -9 43.97696266995877
      vertex 10 -9 44.769999999999996
      vertex 10 -13.074108465796861 44.769999999999996
    endloop
  endfacet
  facet normal 5.300959234120081e-15 0.9659258262890685 -0.25881904510251996
    outer loop
      vertex 4.5 14.256640765142583 34.51978657251159
      vertex 4.5 14.331440309072809 34.798942270842176
      vertex 5.251603333279543 14.046920245056265 33.7370989361597
    endloop
  endfacet
  facet normal -4.2253278042329076e-17 0.9165622558699759 -0.3998920243197419
    outer loop
      vertex 7.308669519583004 13.24424235816556 31.691909034971886
      vertex 6.544760010968052 13.590334198206156 32.48515995860662
      vertex 10 13.6838441050698 32.69948694181398
    endloop
  endfacet
  facet normal -1.5566513854942074e-18 0.9165622558699755 -0.39989202431974247
    outer loop
      vertex 6.544760010968052 13.590334198206156 32.48515995860662
      vertex 6.295997830138334 13.6838441050698 32.69948694181398
      vertex 10 13.6838441050698 32.69948694181398
    endloop
  endfacet
  facet normal -5.434911370013392e-19 0.9438833303083685 -0.33027906195516454
    outer loop
      vertex 5.4860556623558026 13.978241859217938 33.5408273857879
      vertex 5.251603333279543 14.046920245056265 33.7370989361597
      vertex 10 14.046920245056265 33.7370989361597
    endloop
  endfacet
  facet normal 0 0.9825664732332884 -0.1859116071629139
    outer loop
      vertex 4.5 14.331440309072809 34.798942270842176
      vertex 4.5 14.53581314550939 35.87907868721023
      vertex 10 14.331440309072809 34.798942270842176
    endloop
  endfacet
  facet normal -4.227604175643845e-18 0.9659258262890675 -0.2588190451025235
    outer loop
      vertex 5.251603333279543 14.046920245056265 33.7370989361597
      vertex 4.5 14.331440309072809 34.798942270842176
      vertex 10 14.331440309072809 34.798942270842176
    endloop
  endfacet
  facet normal 3.5227894659901095e-17 0.9438833303083682 -0.33027906195516527
    outer loop
      vertex 5.4860556623558026 13.978241859217938 33.5408273857879
      vertex 10 14.046920245056265 33.7370989361597
      vertex 6.295997830138334 13.6838441050698 32.69948694181398
    endloop
  endfacet
  facet normal -8.595014702122565e-16 0.9993007047883986 -0.03739119427632694
    outer loop
      vertex 1.5 14.677588398073032 37.47103732885487
      vertex 1.1011676677347972 14.694061346629558 37.91128614735548
      vertex 1.5 14.7 38.06999999999999
    endloop
  endfacet
  facet normal 4.987841594470764e-19 0.9993007047883986 0.037391194276323994
    outer loop
      vertex 0.27492140354152306 14.679433527245758 38.61965055586198
      vertex 1.5 14.7 38.06999999999999
      vertex 0.6697357115108904 14.7 38.06999999999999
    endloop
  endfacet
  facet normal 2.5529943315757778e-15 0.9993007047883984 0.03739119427632969
    outer loop
      vertex 0 14.66917545817389 38.89380322339997
      vertex 1.5 14.7 38.06999999999999
      vertex 0.27492140354152306 14.679433527245758 38.61965055586198
    endloop
  endfacet
  facet normal 1.8354363059895262e-17 0.9993007047883986 0.037391194276325077
    outer loop
      vertex 0 14.66917545817389 38.89380322339997
      vertex 1.5 14.658895818563348 39.16853237572043
      vertex 1.5 14.7 38.06999999999999
    endloop
  endfacet
  facet normal 0 0.9993007047883986 0.037391194276325174
    outer loop
      vertex -1.5 14.658895818563348 39.16853237572043
      vertex 1.5 14.658895818563348 39.16853237572043
      vertex 0 14.66917545817389 38.89380322339997
    endloop
  endfacet
  facet normal 0 0.9937122098932426 0.1119644761033074
    outer loop
      vertex -1.5 14.658895818563348 39.16853237572043
      vertex 0 14.628114387646235 39.44172513118063
      vertex 1.5 14.658895818563348 39.16853237572043
    endloop
  endfacet
  facet normal 0 0.993712209893242 0.11196447610331253
    outer loop
      vertex -1.5 14.535813145509389 40.260921312789755
      vertex 1.5 14.535813145509389 40.260921312789755
      vertex 0 14.5665945764265 39.98772855732958
    endloop
  endfacet
  facet normal -6.513121395598875e-17 0.9937122098932427 0.11196447610330705
    outer loop
      vertex 0 14.628114387646235 39.44172513118063
      vertex 0.27646752207057346 14.597224800613272 39.71587779871862
      vertex 1.5 14.658895818563348 39.16853237572043
    endloop
  endfacet
  facet normal 1.7477321546702608e-15 0.9937122098932423 0.11196447610331103
    outer loop
      vertex 0 14.5665945764265 39.98772855732958
      vertex 1.5 14.658895818563348 39.16853237572043
      vertex 0.27646752207057346 14.597224800613272 39.71587779871862
    endloop
  endfacet
  facet normal 6.403678520866183e-16 0.9937122098932425 0.11196447610330905
    outer loop
      vertex 0 14.5665945764265 39.98772855732958
      vertex 1.5 14.535813145509389 40.260921312789755
      vertex 1.5 14.658895818563348 39.16853237572043
    endloop
  endfacet
  facet normal 0 0.9993007047883985 -0.037391194276329094
    outer loop
      vertex 0.6697357115108904 14.7 38.06999999999999
      vertex 1.5 14.7 38.06999999999999
      vertex 1.1011676677347972 14.694061346629558 37.91128614735548
    endloop
  endfacet
  facet normal 0 0.9165622558699779 0.3998920243197374
    outer loop
      vertex -1.5 13.244242358165561 44.4480909650281
      vertex 1.5 13.244242358165561 44.4480909650281
      vertex 0 13.354181234756624 44.1961083832111
    endloop
  endfacet
  facet normal 0 0.8841153935046113 0.46726862827305893
    outer loop
      vertex -1.5 13.244242358165561 44.4480909650281
      vertex 0 13.115780211049767 44.691153209903135
      vertex 1.5 13.244242358165561 44.4480909650281
    endloop
  endfacet
  facet normal -3.4679755466317225e-15 0.916562255869979 0.3998920243197345
    outer loop
      vertex 1.5 13.683844105069802 43.440513058186
      vertex 0.2997386708442329 13.46224973151865 43.948412757500186
      vertex 0 13.354181234756624 44.1961083832111
    endloop
  endfacet
  facet normal -4.552952308926036e-16 0.9165622558699767 0.3998920243197396
    outer loop
      vertex 1.5 13.683844105069802 43.440513058186
      vertex 0 13.354181234756624 44.1961083832111
      vertex 1.5 13.244242358165561 44.4480909650281
    endloop
  endfacet
  facet normal 1.1211637231778382e-15 0.8841153935046075 0.4672686282730662
    outer loop
      vertex 0 13.115780211049767 44.691153209903135
      vertex 0.09891484493207899 13.074108465796863 44.769999999999996
      vertex 1.5 13.074108465796861 44.769999999999996
    endloop
  endfacet
  facet normal 1.2180816893197772e-15 0.8841153935046082 0.46726862827306476
    outer loop
      vertex 0 13.115780211049767 44.691153209903135
      vertex 1.5 13.074108465796861 44.769999999999996
      vertex 1.5 13.244242358165561 44.4480909650281
    endloop
  endfacet
  facet normal 0 0.9825664732332878 0.18591160716291638
    outer loop
      vertex -1.5 14.331440309072807 41.34105772915782
      vertex 1.5 14.331440309072807 41.34105772915782
      vertex 0 14.3825513890487 41.07092917526366
    endloop
  endfacet
  facet normal 7.973873861723185e-16 0.9825664732332883 0.1859116071629146
    outer loop
      vertex 0 14.484702065533503 40.53104986668389
      vertex 0.2796036296825744 14.433265126844246 40.80290062529484
      vertex 1.5 14.535813145509389 40.260921312789755
    endloop
  endfacet
  facet normal -3.6033704994905354e-15 0.9825664732332899 0.18591160716290497
    outer loop
      vertex 1.5 14.535813145509389 40.260921312789755
      vertex 0.2796036296825744 14.433265126844246 40.80290062529484
      vertex 0 14.3825513890487 41.07092917526366
    endloop
  endfacet
  facet normal 6.919561657944335e-16 0.9825664732332887 0.18591160716291275
    outer loop
      vertex 1.5 14.535813145509389 40.260921312789755
      vertex 0 14.3825513890487 41.07092917526366
      vertex 1.5 14.331440309072807 41.34105772915782
    endloop
  endfacet
  facet normal 0 0.9659258262890663 0.2588190451025282
    outer loop
      vertex -1.5 14.331440309072807 41.34105772915782
      vertex 0 14.26028541392994 41.60661141303822
      vertex 1.5 14.331440309072807 41.34105772915782
    endloop
  endfacet
  facet normal 0 0.9659258262890674 0.2588190451025243
    outer loop
      vertex -1.5 14.046920245056267 42.40290106384028
      vertex 1.5 14.046920245056267 42.40290106384028
      vertex 0 14.118075140199123 42.13734737995991
    endloop
  endfacet
  facet normal -1.3297323898298965e-15 0.9659258262890682 0.25881904510252113
    outer loop
      vertex 0 14.26028541392994 41.60661141303822
      vertex 0.28442054746163653 14.18846738041731 41.87463996300705
      vertex 1.5 14.331440309072807 41.34105772915782
    endloop
  endfacet
  facet normal -1.232411263405968e-15 0.9659258262890681 0.25881904510252135
    outer loop
      vertex 0 14.118075140199123 42.13734737995991
      vertex 1.5 14.331440309072807 41.34105772915782
      vertex 0.28442054746163653 14.18846738041731 41.87463996300705
    endloop
  endfacet
  facet normal 1.110245737753004e-16 0.9659258262890674 0.2588190451025237
    outer loop
      vertex 0 14.118075140199123 42.13734737995991
      vertex 1.5 14.046920245056267 42.40290106384028
      vertex 1.5 14.331440309072807 41.34105772915782
    endloop
  endfacet
  facet normal 0 0.982566473233289 0.18591160716291036
    outer loop
      vertex -1.5 14.535813145509389 40.260921312789755
      vertex 0 14.484702065533503 40.53104986668389
      vertex 1.5 14.535813145509389 40.260921312789755
    endloop
  endfacet
  facet normal 0 0.9438833303083678 0.33027906195516654
    outer loop
      vertex -1.5 14.046920245056267 42.40290106384028
      vertex 0 13.956119461783196 42.662394793788046
      vertex 1.5 14.046920245056267 42.40290106384028
    endloop
  endfacet
  facet normal 0 0.916562255869979 0.3998920243197346
    outer loop
      vertex -1.5 13.683844105069802 43.440513058186
      vertex 0 13.573905228478747 43.69249564000299
      vertex 1.5 13.683844105069802 43.440513058186
    endloop
  endfacet
  facet normal 0 0.9438833303083686 0.33027906195516427
    outer loop
      vertex -1.5 13.683844105069802 43.440513058186
      vertex 1.5 13.683844105069802 43.440513058186
      vertex 0 13.774644888342875 43.18101932823823
    endloop
  endfacet
  facet normal -3.228396902333214e-16 0.9438833303083684 0.3302790619551648
    outer loop
      vertex 0 13.956119461783196 42.662394793788046
      vertex 0.2910626170617989 13.864194160791257 42.92510221074095
      vertex 1.5 14.046920245056267 42.40290106384028
    endloop
  endfacet
  facet normal -2.355714535471775e-16 0.9438833303083682 0.33027906195516504
    outer loop
      vertex 0.2910626170617989 13.864194160791257 42.92510221074095
      vertex 0 13.774644888342875 43.18101932823823
      vertex 1.5 14.046920245056267 42.40290106384028
    endloop
  endfacet
  facet normal -1.779589214629486e-16 0.9438833303083684 0.33027906195516515
    outer loop
      vertex 0 13.774644888342875 43.18101932823823
      vertex 1.5 13.683844105069802 43.440513058186
      vertex 1.5 14.046920245056267 42.40290106384028
    endloop
  endfacet
  facet normal 2.2801910329471326e-15 0.9165622558699741 0.3998920243197461
    outer loop
      vertex 0 13.573905228478747 43.69249564000299
      vertex 0.2997386708442329 13.46224973151865 43.948412757500186
      vertex 1.5 13.683844105069802 43.440513058186
    endloop
  endfacet
  facet normal 0 0.9937122098932427 -0.11196447610330673
    outer loop
      vertex 4.5 14.53581314550939 35.87907868721023
      vertex 4.5 14.658895818563348 36.97146762427956
      vertex 10 14.53581314550939 35.87907868721023
    endloop
  endfacet
  facet normal 0 0.9993007047883986 -0.03739119427632531
    outer loop
      vertex 4.5 14.658895818563348 36.97146762427956
      vertex 4.5 14.7 38.06999999999999
      vertex 10 14.658895818563348 36.97146762427956
    endloop
  endfacet
  facet normal 0 0.9993007047883986 0.037391194276325077
    outer loop
      vertex 4.5 14.7 38.06999999999999
      vertex 4.5 14.658895818563348 39.16853237572043
      vertex 10 14.7 38.06999999999999
    endloop
  endfacet
  facet normal 0 0.9937122098932424 0.11196447610330905
    outer loop
      vertex 4.5 14.658895818563348 39.16853237572043
      vertex 4.5 14.535813145509389 40.260921312789755
      vertex 10 14.658895818563348 39.16853237572043
    endloop
  endfacet
  facet normal 0 0.9165622558699766 0.3998920243197396
    outer loop
      vertex 4.5 13.683844105069802 43.440513058186
      vertex 4.5 13.244242358165561 44.4480909650281
      vertex 10 13.683844105069802 43.440513058186
    endloop
  endfacet
  facet normal 1.2340339471602209e-20 0.8841153935046082 0.46726862827306476
    outer loop
      vertex 4.5 13.244242358165561 44.4480909650281
      vertex 4.5 13.074108465796861 44.769999999999996
      vertex 10 13.074108465796861 44.769999999999996
    endloop
  endfacet
  facet normal 0 0.9825664732332886 0.18591160716291272
    outer loop
      vertex 4.5 14.535813145509389 40.260921312789755
      vertex 4.5 14.331440309072807 41.34105772915782
      vertex 10 14.535813145509389 40.260921312789755
    endloop
  endfacet
  facet normal 0 0.9659258262890675 0.25881904510252374
    outer loop
      vertex 4.5 14.331440309072807 41.34105772915782
      vertex 4.5 14.046920245056267 42.40290106384028
      vertex 10 14.331440309072807 41.34105772915782
    endloop
  endfacet
  facet normal 0 0.9438833303083682 0.33027906195516515
    outer loop
      vertex 4.5 13.683844105069802 43.440513058186
      vertex 10 13.683844105069802 43.440513058186
      vertex 4.5 14.046920245056267 42.40290106384028
    endloop
  endfacet
  facet normal 1 0 0
    outer loop
      vertex 10 11.575100319255577 29.016046507752993
      vertex 10 12.145709982445124 29.78919514646475
      vertex 10 10.777436835122272 38.426363306261635
    endloop
  endfacet
  facet normal -3.3041138890946236e-18 0.8467241992282839 -0.5320320765153373
    outer loop
      vertex 8.570357865081787 12.570406248688679 30.46509538222798
      vertex 8.284670430541672 12.730573435631246 30.71999999999999
      vertex 10 12.730573435631246 30.71999999999999
    endloop
  endfacet
  facet normal 1.300868584892597e-18 0.8045977797666682 -0.5938201855735016
    outer loop
      vertex 9.523907664183882 11.942602470448438 29.51399424023648
      vertex 9.218930962362958 12.145709982445124 29.78919514646475
      vertex 10 12.145709982445124 29.78919514646475
    endloop
  endfacet
  facet normal 5.22957548818892e-16 0.8045977797666679 -0.5938201855735021
    outer loop
      vertex 10 11.575100319255577 29.016046507752993
      vertex 9.523907664183882 11.942602470448438 29.51399424023648
      vertex 10 12.145709982445124 29.78919514646475
    endloop
  endfacet
  facet normal -3.8405738674544567e-16 0.8467241992282847 -0.5320320765153357
    outer loop
      vertex 8.570357865081787 12.570406248688679 30.46509538222798
      vertex 10 12.730573435631246 30.71999999999999
      vertex 9.218930962362958 12.145709982445124 29.78919514646475
    endloop
  endfacet
  facet normal 0 0.8467241992282845 -0.5320320765153359
    outer loop
      vertex 9.218930962362958 12.145709982445124 29.78919514646475
      vertex 10 12.730573435631246 30.71999999999999
      vertex 10 12.145709982445124 29.78919514646475
    endloop
  endfacet
  facet normal 0 0.88411539350461 -0.4672686282730614
    outer loop
      vertex 7.308669519583004 13.24424235816556 31.691909034971886
      vertex 10 13.24424235816556 31.691909034971886
      vertex 7.575096786953455 13.120452507255138 31.457687205969517
    endloop
  endfacet
  facet normal 1.67517926663943e-16 0.8841153935046094 -0.4672686282730628
    outer loop
      vertex 7.575096786953455 13.120452507255138 31.457687205969517
      vertex 10 13.24424235816556 31.691909034971886
      vertex 8.284670430541672 12.730573435631246 30.71999999999999
    endloop
  endfacet
  facet normal 0 0.9165622558699756 -0.39989202431974197
    outer loop
      vertex 7.308669519583004 13.24424235816556 31.691909034971886
      vertex 10 13.6838441050698 32.69948694181398
      vertex 10 13.24424235816556 31.691909034971886
    endloop
  endfacet
  facet normal 0 0.8841153935046095 -0.46726862827306254
    outer loop
      vertex 8.284670430541672 12.730573435631246 30.71999999999999
      vertex 10 13.24424235816556 31.691909034971886
      vertex 10 12.730573435631246 30.71999999999999
    endloop
  endfacet
  facet normal 1 0 0
    outer loop
      vertex 10 12.145709982445124 29.78919514646475
      vertex 10 12.730573435631246 30.71999999999999
      vertex 10 13.074108465796861 44.769999999999996
    endloop
  endfacet
  facet normal 0 0.9438833303083682 -0.3302790619551651
    outer loop
      vertex 6.295997830138334 13.6838441050698 32.69948694181398
      vertex 10 14.046920245056265 33.7370989361597
      vertex 10 13.6838441050698 32.69948694181398
    endloop
  endfacet
  facet normal 0 0.9659258262890675 -0.25881904510252346
    outer loop
      vertex 5.251603333279543 14.046920245056265 33.7370989361597
      vertex 10 14.331440309072809 34.798942270842176
      vertex 10 14.046920245056265 33.7370989361597
    endloop
  endfacet
  facet normal 0 0.9825664732332884 -0.1859116071629139
    outer loop
      vertex 4.5 14.53581314550939 35.87907868721023
      vertex 10 14.53581314550939 35.87907868721023
      vertex 10 14.331440309072809 34.798942270842176
    endloop
  endfacet
  facet normal 1 0 0
    outer loop
      vertex 10 9.60861151946031 42.92510221074095
      vertex 10 10.066531186781498 41.87463996300705
      vertex 10 9 44.769999999999996
    endloop
  endfacet
  facet normal 1 0 0
    outer loop
      vertex 10 9.27864403474052 43.52001361677718
      vertex 10 9 44.769999999999996
      vertex 10 9.021063258959943 43.948412757500186
    endloop
  endfacet
  facet normal 1 0 0
    outer loop
      vertex 10 9 43.97696266995877
      vertex 10 9.021063258959943 43.948412757500186
      vertex 10 9 44.769999999999996
    endloop
  endfacet
  facet normal 1 0 0
    outer loop
      vertex 10 9.60861151946031 42.92510221074095
      vertex 10 9 44.769999999999996
      vertex 10 9.27864403474052 43.52001361677718
    endloop
  endfacet
  facet normal 1 0 0
    outer loop
      vertex 10 10.777436835122272 38.426363306261635
      vertex 10 13.074108465796861 44.769999999999996
      vertex 10 10.759874321455516 38.61965055586198
    endloop
  endfacet
  facet normal 1 0 0
    outer loop
      vertex 10 10.759874321455516 38.61965055586198
      vertex 10 13.074108465796861 44.769999999999996
      vertex 10 10.64377668326352 39.71587779871862
    endloop
  endfacet
  facet normal 1 0 0
    outer loop
      vertex 10 10.64377668326352 39.71587779871862
      vertex 10 13.074108465796861 44.769999999999996
      vertex 10 10.41223067196586 40.80290062529484
    endloop
  endfacet
  facet normal 1 0 0
    outer loop
      vertex 10 10.066531186781498 41.87463996300705
      vertex 10 10.41223067196586 40.80290062529484
      vertex 10 13.074108465796861 44.769999999999996
    endloop
  endfacet
  facet normal 1 0 0
    outer loop
      vertex 10 10.066531186781498 41.87463996300705
      vertex 10 13.074108465796861 44.769999999999996
      vertex 10 9 44.769999999999996
    endloop
  endfacet
  facet normal 1 0 0
    outer loop
      vertex 10 12.145709982445124 29.78919514646475
      vertex 10 13.074108465796861 44.769999999999996
      vertex 10 10.777436835122272 38.426363306261635
    endloop
  endfacet
  facet normal 1 0 0
    outer loop
      vertex 10 12.730573435631246 30.71999999999999
      vertex 10 13.24424235816556 31.691909034971886
      vertex 10 13.074108465796861 44.769999999999996
    endloop
  endfacet
  facet normal 1 0 0
    outer loop
      vertex 10 13.24424235816556 31.691909034971886
      vertex 10 13.6838441050698 32.69948694181398
      vertex 10 13.244242358165561 44.4480909650281
    endloop
  endfacet
  facet normal 0 0.9937122098932427 -0.11196447610330673
    outer loop
      vertex 4.5 14.658895818563348 36.97146762427956
      vertex 10 14.658895818563348 36.97146762427956
      vertex 10 14.53581314550939 35.87907868721023
    endloop
  endfacet
  facet normal 0 0.9993007047883986 -0.03739119427632531
    outer loop
      vertex 4.5 14.7 38.06999999999999
      vertex 10 14.7 38.06999999999999
      vertex 10 14.658895818563348 36.97146762427956
    endloop
  endfacet
  facet normal 1 0 0
    outer loop
      vertex 10 13.6838441050698 32.69948694181398
      vertex 10 14.046920245056265 33.7370989361597
      vertex 10 13.683844105069802 43.440513058186
    endloop
  endfacet
  facet normal 1 0 0
    outer loop
      vertex 10 14.046920245056265 33.7370989361597
      vertex 10 14.331440309072809 34.798942270842176
      vertex 10 14.046920245056267 42.40290106384028
    endloop
  endfacet
  facet normal 1 0 0
    outer loop
      vertex 10 14.331440309072809 34.798942270842176
      vertex 10 14.53581314550939 35.87907868721023
      vertex 10 14.331440309072807 41.34105772915782
    endloop
  endfacet
  facet normal 1 0 0
    outer loop
      vertex 10 14.53581314550939 35.87907868721023
      vertex 10 14.658895818563348 36.97146762427956
      vertex 10 14.535813145509389 40.260921312789755
    endloop
  endfacet
  facet normal 0 0.9993007047883986 0.037391194276325077
    outer loop
      vertex 4.5 14.658895818563348 39.16853237572043
      vertex 10 14.658895818563348 39.16853237572043
      vertex 10 14.7 38.06999999999999
    endloop
  endfacet
  facet normal 0 0.9937122098932424 0.11196447610330905
    outer loop
      vertex 4.5 14.535813145509389 40.260921312789755
      vertex 10 14.535813145509389 40.260921312789755
      vertex 10 14.658895818563348 39.16853237572043
    endloop
  endfacet
  facet normal 1 0 0
    outer loop
      vertex 10 14.046920245056265 33.7370989361597
      vertex 10 14.046920245056267 42.40290106384028
      vertex 10 13.683844105069802 43.440513058186
    endloop
  endfacet
  facet normal 1 0 0
    outer loop
      vertex 10 14.331440309072809 34.798942270842176
      vertex 10 14.331440309072807 41.34105772915782
      vertex 10 14.046920245056267 42.40290106384028
    endloop
  endfacet
  facet normal 1 0 0
    outer loop
      vertex 10 14.53581314550939 35.87907868721023
      vertex 10 14.535813145509389 40.260921312789755
      vertex 10 14.331440309072807 41.34105772915782
    endloop
  endfacet
  facet normal 1 0 0
    outer loop
      vertex 10 14.658895818563348 36.97146762427956
      vertex 10 14.7 38.06999999999999
      vertex 10 14.658895818563348 39.16853237572043
    endloop
  endfacet
  facet normal 1 0 0
    outer loop
      vertex 10 14.658895818563348 36.97146762427956
      vertex 10 14.658895818563348 39.16853237572043
      vertex 10 14.535813145509389 40.260921312789755
    endloop
  endfacet
  facet normal 1 0 0
    outer loop
      vertex 10 13.24424235816556 31.691909034971886
      vertex 10 13.244242358165561 44.4480909650281
      vertex 10 13.074108465796861 44.769999999999996
    endloop
  endfacet
  facet normal 1 0 0
    outer loop
      vertex 10 13.6838441050698 32.69948694181398
      vertex 10 13.683844105069802 43.440513058186
      vertex 10 13.244242358165561 44.4480909650281
    endloop
  endfacet
  facet normal 0 0.9165622558699766 0.3998920243197396
    outer loop
      vertex 4.5 13.244242358165561 44.4480909650281
      vertex 10 13.244242358165561 44.4480909650281
      vertex 10 13.683844105069802 43.440513058186
    endloop
  endfacet
  facet normal 0 0.8841153935046082 0.46726862827306476
    outer loop
      vertex 4.5 13.244242358165561 44.4480909650281
      vertex 10 13.074108465796861 44.769999999999996
      vertex 10 13.244242358165561 44.4480909650281
    endloop
  endfacet
  facet normal 0 0.9825664732332886 0.18591160716291272
    outer loop
      vertex 4.5 14.331440309072807 41.34105772915782
      vertex 10 14.331440309072807 41.34105772915782
      vertex 10 14.535813145509389 40.260921312789755
    endloop
  endfacet
  facet normal 0 0.9659258262890675 0.25881904510252374
    outer loop
      vertex 4.5 14.046920245056267 42.40290106384028
      vertex 10 14.046920245056267 42.40290106384028
      vertex 10 14.331440309072807 41.34105772915782
    endloop
  endfacet
  facet normal 0 0.9438833303083682 0.33027906195516515
    outer loop
      vertex 4.5 14.046920245056267 42.40290106384028
      vertex 10 13.683844105069802 43.440513058186
      vertex 10 14.046920245056267 42.40290106384028
    endloop
  endfacet
  facet normal -0.7495174441732692 -0.6450119159310073 -0.1489403544610433
    outer loop
      vertex -12.37984397277366 -10 11.688231963960785
      vertex -11.800770047462795 -10.949514460623533 12.886175487126412
      vertex -12.539603376627033 -10 12.492194466212954
    endloop
  endfacet
  facet normal -0.8023510934989555 -0.5921620556482594 -0.07467812672702716
    outer loop
      vertex -12.613356448484334 -10 12.886175487126412
      vertex -12.656812973588181 -10.093471534498146 14.094262652723526
      vertex -12.725798105485545 -10 14.094262652723526
    endloop
  endfacet
  facet normal -0.7495174441732702 -0.645011915931007 -0.1489403544610408
    outer loop
      vertex -12.539603376627033 -10 12.492194466212954
      vertex -11.800770047462795 -10.949514460623533 12.886175487126412
      vertex -12.586030941360134 -10.037024747385264 12.886175487126412
    endloop
  endfacet
  facet normal -0.7558552312727105 -0.6504660227454002 -0.07467812672702706
    outer loop
      vertex -12.586030941360134 -10.037024747385264 12.886175487126412
      vertex -11.867135885089205 -11.011092958963818 14.094262652723526
      vertex -12.656812973588181 -10.093471534498146 14.094262652723526
    endloop
  endfacet
  facet normal -0.7956234422249987 -0.5871968230457857 -0.14894035446104076
    outer loop
      vertex -12.539603376627033 -10 12.492194466212954
      vertex -12.586030941360134 -10.037024747385264 12.886175487126412
      vertex -12.613356448484334 -10 12.886175487126412
    endloop
  endfacet
  facet normal -0.8023510934989558 -0.592162055648259 -0.07467812672702713
    outer loop
      vertex -12.586030941360134 -10.037024747385264 12.886175487126412
      vertex -12.656812973588181 -10.093471534498146 14.094262652723526
      vertex -12.613356448484334 -10 12.886175487126412
    endloop
  endfacet
  facet normal -0.8045977797666659 -0.593820185573505 0
    outer loop
      vertex -12.656812973588181 -10.093471534498146 14.094262652723526
      vertex -12.656812973588181 -10.093471534498146 15.305737347276473
      vertex -12.725798105485545 -10 14.094262652723526
    endloop
  endfacet
  facet normal -0.8045977797666659 -0.593820185573505 0
    outer loop
      vertex -12.725798105485545 -10 14.094262652723526
      vertex -12.656812973588181 -10.093471534498146 15.305737347276473
      vertex -12.725798105485545 -10 15.305737347276473
    endloop
  endfacet
  facet normal -0.7579717231454539 -0.6522874112781201 0
    outer loop
      vertex -12.656812973588181 -10.093471534498146 14.094262652723526
      vertex -11.867135885089205 -11.011092958963818 15.305737347276473
      vertex -12.656812973588181 -10.093471534498146 15.305737347276473
    endloop
  endfacet
  facet normal -0.756412106287902 -0.6509452524461565 0.06411710987645385
    outer loop
      vertex -12.656812973588181 -10.093471534498146 15.305737347276473
      vertex -11.867135885089205 -11.011092958963818 15.305737347276473
      vertex -12.539603376627035 -10 17.63746455742425
    endloop
  endfacet
  facet normal -0.8029422242590468 -0.5925983300035745 0.06411710987645386
    outer loop
      vertex -12.656812973588181 -10.093471534498146 15.305737347276473
      vertex -12.539603376627035 -10 17.63746455742425
      vertex -12.725798105485545 -10 15.305737347276473
    endloop
  endfacet
  facet normal -0.7056418223706172 -0.6072538902818374 -0.36511961226295203
    outer loop
      vertex -11.209030161558609 -10.400460084377242 9.349479196326293
      vertex -11.553653930206139 -10 9.349479196326293
      vertex -10.970133617571378 -10 8.221749206020196
    endloop
  endfacet
  facet normal -0.7243411596310471 -0.6233459711890351 -0.2945669442872855
    outer loop
      vertex -11.470794507161566 -10.643341902760904 10.507131469339164
      vertex -12.024434981475306 -10 10.507131469339164
      vertex -11.553653930206139 -10 9.349479196326293
    endloop
  endfacet
  facet normal -0.7243411596310487 -0.6233459711890335 -0.2945669442872845
    outer loop
      vertex -11.470794507161566 -10.643341902760904 10.507131469339164
      vertex -11.553653930206139 -10 9.349479196326293
      vertex -11.209030161558609 -10.400460084377242 9.349479196326293
    endloop
  endfacet
  facet normal -0.6582885646663442 -0.6582885646663442 -0.3651196122629524
    outer loop
      vertex -10.452993842976678 -11.156496402959172 9.349479196326293
      vertex -10.88458037248768 -10.099414674383661 8.221749206020196
      vertex -10.099414674383661 -10.88458037248768 8.221749206020196
    endloop
  endfacet
  facet normal -0.6072538902818398 -0.705641822370615 -0.3651196122629523
    outer loop
      vertex -10.175798494467154 -11.130986294844721 8.825
      vertex -10.34684562885908 -11.151247520778963 9.148636973211008
      vertex -10.099414674383661 -10.88458037248768 8.221749206020196
    endloop
  endfacet
  facet normal -0.6582885646663431 -0.6582885646663454 -0.36511961226295236
    outer loop
      vertex -10.452993842976678 -11.156496402959172 9.349479196326293
      vertex -10.099414674383661 -10.88458037248768 8.221749206020196
      vertex -10.34684562885908 -11.151247520778963 9.148636973211008
    endloop
  endfacet
  facet normal -0.675733052075023 -0.675733052075023 -0.29456694428728536
    outer loop
      vertex -11.209030161558609 -10.400460084377242 9.349479196326293
      vertex -10.452993842976678 -11.156496402959172 9.349479196326293
      vertex -10.586384197853423 -11.13312705203326 9.60186606536869
    endloop
  endfacet
  facet normal -0.6757330520750231 -0.6757330520750235 -0.2945669442872839
    outer loop
      vertex -11.470794507161566 -10.643341902760904 10.507131469339164
      vertex -10.586384197853423 -11.13312705203326 9.60186606536869
      vertex -10.937766546569401 -11.132826260170255 10.40724296369486
    endloop
  endfacet
  facet normal -0.6757330520750233 -0.675733052075023 -0.29456694428728447
    outer loop
      vertex -11.470794507161566 -10.643341902760904 10.507131469339164
      vertex -11.209030161558609 -10.400460084377242 9.349479196326293
      vertex -10.586384197853423 -11.13312705203326 9.60186606536869
    endloop
  endfacet
  facet normal -0.705641822370615 -0.6072538902818397 -0.36511961226295253
    outer loop
      vertex -11.209030161558609 -10.400460084377242 9.349479196326293
      vertex -10.970133617571378 -10 8.221749206020196
      vertex -10.88458037248768 -10.099414674383661 8.221749206020196
    endloop
  endfacet
  facet normal -0.6582885646663442 -0.6582885646663442 -0.3651196122629525
    outer loop
      vertex -11.209030161558609 -10.400460084377242 9.349479196326293
      vertex -10.88458037248768 -10.099414674383661 8.221749206020196
      vertex -10.452993842976678 -11.156496402959172 9.349479196326293
    endloop
  endfacet
  facet normal -0.6829988137674944 -0.587768005763634 -0.433637396672423
    outer loop
      vertex -10.88458037248768 -10.099414674383661 8.221749206020196
      vertex -10.970133617571378 -10 8.221749206020196
      vertex -10.829344575958915 -10 8
    endloop
  endfacet
  facet normal -0.6829988137674905 -0.5877680057636379 -0.43363739667242374
    outer loop
      vertex -10.88458037248768 -10.099414674383661 8.221749206020196
      vertex -10.829344575958915 -10 8
      vertex -10.806298650556856 -10.026779851161395 8
    endloop
  endfacet
  facet normal -0.6371650524813649 -0.6371650524813663 -0.4336373966724239
    outer loop
      vertex -10.88458037248768 -10.099414674383661 8.221749206020196
      vertex -10.806298650556856 -10.026779851161395 8
      vertex -10.026779851161395 -10.806298650556855 8
    endloop
  endfacet
  facet normal -0.6371650524813642 -0.6371650524813642 -0.43363739667242823
    outer loop
      vertex -10.88458037248768 -10.099414674383661 8.221749206020196
      vertex -10.026779851161395 -10.806298650556855 8
      vertex -10.099414674383661 -10.88458037248768 8.221749206020196
    endloop
  endfacet
  facet normal -0.6894020011707767 -0.6894020011707767 -0.22237302346160756
    outer loop
      vertex -11.470794507161566 -10.643341902760904 10.507131469339164
      vertex -10.972719046401691 -11.141417363520778 10.507131469339164
      vertex -11.227980467987154 -11.121461409451786 11.236626700671875
    endloop
  endfacet
  facet normal -0.6894020011707753 -0.6894020011707778 -0.22237302346160864
    outer loop
      vertex -11.470794507161566 -10.643341902760904 10.507131469339164
      vertex -11.227980467987154 -11.121461409451786 11.236626700671875
      vertex -11.668409516894465 -10.82670183588424 11.688231963960785
    endloop
  endfacet
  facet normal -0.6992198405412345 -0.6992198405412345 -0.14894035446104298
    outer loop
      vertex -11.668409516894465 -10.82670183588424 11.688231963960785
      vertex -11.606921833426027 -11.1433626746603 12.886175487126412
      vertex -11.800770047462795 -10.949514460623533 12.886175487126412
    endloop
  endfacet
  facet normal -0.6894020011707763 -0.6894020011707763 -0.22237302346161045
    outer loop
      vertex -11.668409516894465 -10.82670183588424 11.688231963960785
      vertex -11.227980467987154 -11.121461409451786 11.236626700671875
      vertex -11.348987733583062 -11.146123619195643 11.688231963960785
    endloop
  endfacet
  facet normal -0.6992198405412345 -0.6992198405412345 -0.14894035446104248
    outer loop
      vertex -11.668409516894465 -10.82670183588424 11.688231963960785
      vertex -11.348987733583062 -11.146123619195643 11.688231963960785
      vertex -11.455402968136427 -11.124304416913727 12.085379026013303
    endloop
  endfacet
  facet normal -0.699219840541234 -0.6992198405412351 -0.14894035446104315
    outer loop
      vertex -11.668409516894465 -10.82670183588424 11.688231963960785
      vertex -11.455402968136427 -11.124304416913727 12.085379026013303
      vertex -11.606921833426027 -11.1433626746603 12.886175487126412
    endloop
  endfacet
  facet normal -0.7389933694179635 -0.6359552172856425 -0.22237302346160798
    outer loop
      vertex -12.37984397277366 -10 11.688231963960785
      vertex -12.024434981475306 -10 10.507131469339164
      vertex -11.668409516894465 -10.82670183588424 11.688231963960785
    endloop
  endfacet
  facet normal -0.7389933694179626 -0.6359552172856432 -0.22237302346160867
    outer loop
      vertex -11.470794507161566 -10.643341902760904 10.507131469339164
      vertex -11.668409516894465 -10.82670183588424 11.688231963960785
      vertex -12.024434981475306 -10 10.507131469339164
    endloop
  endfacet
  facet normal -0.7495174441732696 -0.6450119159310072 -0.14894035446104292
    outer loop
      vertex -12.37984397277366 -10 11.688231963960785
      vertex -11.668409516894465 -10.82670183588424 11.688231963960785
      vertex -11.800770047462795 -10.949514460623533 12.886175487126412
    endloop
  endfacet
  facet normal -0.6757330520750227 -0.6757330520750227 -0.29456694428728647
    outer loop
      vertex -11.470794507161566 -10.643341902760904 10.507131469339164
      vertex -10.937766546569401 -11.132826260170255 10.40724296369486
      vertex -10.972719046401691 -11.141417363520778 10.507131469339164
    endloop
  endfacet
  facet normal -0.5877680057636304 -0.682998813767494 -0.4336373966724281
    outer loop
      vertex -9.796750898008806 -11.145043612936728 8.221749206020196
      vertex -10.099414674383661 -10.88458037248768 8.221749206020196
      vertex -10.026779851161395 -10.806298650556855 8
    endloop
  endfacet
  facet normal -0.6072538902818378 -0.7056418223706166 -0.36511961226295275
    outer loop
      vertex -10.175798494467154 -11.130986294844721 8.825
      vertex -10.099414674383661 -10.88458037248768 8.221749206020196
      vertex -9.796750898008806 -11.145043612936728 8.221749206020196
    endloop
  endfacet
  facet normal -0.5877680057636312 -0.6829988137674939 -0.43363739667242723
    outer loop
      vertex -9.796750898008806 -11.145043612936728 8.221749206020196
      vertex -10.026779851161395 -10.806298650556855 8
      vertex -9.70830559821294 -11.131788196028742 8.08098931775244
    endloop
  endfacet
  facet normal -0.5877680057636323 -0.6829988137674946 -0.43363739667242474
    outer loop
      vertex -9.70830559821294 -11.131788196028742 8.08098931775244
      vertex -10.026779851161395 -10.806298650556855 8
      vertex -9.648532761515364 -11.131806591545502 8
    endloop
  endfacet
  facet normal -0.7051323199898523 -0.7051323199898523 -0.07467812672702101
    outer loop
      vertex -11.800770047462795 -10.949514460623533 12.886175487126412
      vertex -11.606921833426027 -11.1433626746603 12.886175487126412
      vertex -11.61876220814526 -11.138149707473705 12.948753372429948
    endloop
  endfacet
  facet normal -0.7558552312727098 -0.6504660227454008 -0.07467812672702781
    outer loop
      vertex -12.586030941360134 -10.037024747385264 12.886175487126412
      vertex -11.800770047462795 -10.949514460623533 12.886175487126412
      vertex -11.867135885089205 -11.011092958963818 14.094262652723526
    endloop
  endfacet
  facet normal -0.7051323199898506 -0.7051323199898532 -0.07467812672702875
    outer loop
      vertex -11.717144616878867 -11.13224150648121 13.821921400359516
      vertex -11.800770047462795 -10.949514460623533 12.886175487126412
      vertex -11.61876220814526 -11.138149707473705 12.948753372429948
    endloop
  endfacet
  facet normal -0.7051323199898537 -0.7051323199898502 -0.07467812672702787
    outer loop
      vertex -11.717144616878867 -11.13224150648121 13.821921400359516
      vertex -11.867135885089205 -11.011092958963818 14.094262652723526
      vertex -11.800770047462795 -10.949514460623533 12.886175487126412
    endloop
  endfacet
  facet normal -0.705132319989852 -0.705132319989852 -0.07467812672702608
    outer loop
      vertex -11.717144616878867 -11.13224150648121 13.821921400359516
      vertex -11.727334907576958 -11.150893936476065 14.094262652723526
      vertex -11.867135885089205 -11.011092958963818 14.094262652723526
    endloop
  endfacet
  facet normal -0.7071067811865476 -0.7071067811865476 -3.7623537304569686e-19
    outer loop
      vertex -11.727334907576958 -11.150893936476065 14.094262652723526
      vertex -11.75 -11.128228844053023 14.7
      vertex -11.867135885089205 -11.011092958963818 14.094262652723526
    endloop
  endfacet
  facet normal -0.7579717231454539 -0.6522874112781201 -3.693738082379143e-17
    outer loop
      vertex -12.656812973588181 -10.093471534498146 14.094262652723526
      vertex -11.867135885089205 -11.011092958963818 14.094262652723526
      vertex -11.867135885089205 -11.011092958963818 15.305737347276473
    endloop
  endfacet
  facet normal -0.7071067811865476 -0.7071067811865476 -1.749457076750406e-18
    outer loop
      vertex -11.75 -11.128228844053023 14.7
      vertex -11.867135885089205 -11.011092958963818 15.305737347276473
      vertex -11.867135885089205 -11.011092958963818 14.094262652723526
    endloop
  endfacet
  facet normal -0.7071067811865476 -0.7071067811865476 -3.646735895825203e-19
    outer loop
      vertex -11.75 -11.128228844053023 14.7
      vertex -11.727334907576957 -11.150893936476066 15.305737347276473
      vertex -11.867135885089205 -11.011092958963818 15.305737347276473
    endloop
  endfacet
  facet normal -0.7056518249891695 -0.7056518249891695 0.06411710987645268
    outer loop
      vertex -11.727334907576957 -11.150893936476066 15.305737347276473
      vertex -11.717144616878867 -11.136338689242638 15.578078599640483
      vertex -11.867135885089205 -11.011092958963818 15.305737347276473
    endloop
  endfacet
  facet normal -0.8449819636085535 -0.530937357319415 0.06411710987645401
    outer loop
      vertex -13.560989711982172 -7.829441060690653 23.545807368938377
      vertex -13.385068143919117 -8.075607953063322 23.825784940630676
      vertex -13.172368129527271 -7.605070285447418 30.525302470527414
    endloop
  endfacet
  facet normal -0.8449819636085527 -0.5309373573194159 0.06411710987645405
    outer loop
      vertex -13.385068143919117 -8.075607953063322 23.825784940630676
      vertex -12.887271949883658 -8.786393242195741 24.500274832062047
      vertex -13.172368129527271 -7.605070285447418 30.525302470527414
    endloop
  endfacet
  facet normal -0.650945252446151 -0.7564121062879068 0.06411710987645364
    outer loop
      vertex -10.840061894842739 -11.682808236048338 19.21669847686755
      vertex -10.586384197853423 -11.851830294675333 19.79813393463131
      vertex -10 -11.57510031925558 29.016046507752996
    endloop
  endfacet
  facet normal -0.6509452524461572 -0.7564121062879012 0.06411710987645386
    outer loop
      vertex -10.586384197853423 -11.851830294675333 19.79813393463131
      vertex -10.175798494467154 -12.139316977743118 20.575
      vertex -10 -11.57510031925558 29.016046507752996
    endloop
  endfacet
  facet normal -0.5925983300035719 -0.8029422242590488 0.06411710987645398
    outer loop
      vertex -9.862239137482566 -12.366856718947968 21.074026857914752
      vertex -9.70830559821294 -12.460902219655946 21.31901068224756
      vertex -9.523907664183888 -11.942602470448437 29.51399424023648
    endloop
  endfacet
  facet normal -0.6509452524461569 -0.7564121062879017 0.06411710987645389
    outer loop
      vertex -10.175798494467154 -12.139316977743118 20.575
      vertex -9.862239137482566 -12.366856718947968 21.074026857914752
      vertex -10 -11.57510031925558 29.016046507752996
    endloop
  endfacet
  facet normal -0.5925983300035726 -0.8029422242590482 0.06411710987645379
    outer loop
      vertex -9.186519918999348 -12.789542152615015 22.02600517184012
      vertex -8.862364437109914 -12.998701227202444 22.40268067550091
      vertex -9.523907664183888 -11.942602470448437 29.51399424023648
    endloop
  endfacet
  facet normal -0.5925983300035711 -0.8029422242590492 0.064117109876454
    outer loop
      vertex -9.186519918999348 -12.789542152615015 22.02600517184012
      vertex -9.523907664183888 -11.942602470448437 29.51399424023648
      vertex -9.70830559821294 -12.460902219655946 21.31901068224756
    endloop
  endfacet
  facet normal -0.5309373573194129 -0.8449819636085546 0.06411710987645407
    outer loop
      vertex -8.61335949400046 -13.133205642861338 22.692029668808303
      vertex -8.570357865081789 -12.570406248688679 30.46509538222798
      vertex -8.862364437109914 -12.998701227202444 22.40268067550091
    endloop
  endfacet
  facet normal -0.530937357319416 -0.8449819636085526 0.06411710987645393
    outer loop
      vertex -8.61335949400046 -13.133205642861338 22.692029668808303
      vertex -7.9920296688083035 -13.476466629760063 23.31335949400046
      vertex -8.284670430541674 -12.730573435631246 30.71999999999999
    endloop
  endfacet
  facet normal -0.756412106287902 -0.6509452524461566 0.0641171098764539
    outer loop
      vertex -12.539603376627035 -10 17.63746455742425
      vertex -11.867135885089205 -11.011092958963818 15.305737347276473
      vertex -11.852659871518554 -10 25.741578804013525
    endloop
  endfacet
  facet normal -0.7056518249891708 -0.705651824989168 0.06411710987645407
    outer loop
      vertex -11.867135885089205 -11.011092958963818 15.305737347276473
      vertex -11.717144616878867 -11.136338689242638 15.578078599640483
      vertex -10 -10.777436835122264 38.426363306261756
    endloop
  endfacet
  facet normal -0.7056518249891593 -0.7056518249891797 0.06411710987645339
    outer loop
      vertex -11.717144616878867 -11.136338689242638 15.578078599640483
      vertex -11.61876220814526 -11.155383089620317 16.45124662757005
      vertex -10 -10.777436835122264 38.426363306261756
    endloop
  endfacet
  facet normal -0.7056518249891716 -0.7056518249891672 0.06411710987645407
    outer loop
      vertex -11.61876220814526 -11.155383089620317 16.45124662757005
      vertex -11.455402968136427 -11.24029419717437 17.314620973986695
      vertex -10 -10.777436835122264 38.426363306261756
    endloop
  endfacet
  facet normal -0.7564121062878867 -0.6509452524461742 0.06411710987645557
    outer loop
      vertex -11.867135885089205 -11.011092958963818 15.305737347276473
      vertex -11.772046786792535 -9.38789404514566 32.906970060788524
      vertex -11.852659871518554 -10 25.741578804013525
    endloop
  endfacet
  facet normal -0.7056518249891686 -0.7056518249891701 0.06411710987645393
    outer loop
      vertex -11.455402968136427 -11.24029419717437 17.314620973986695
      vertex -11.227980467987154 -11.390597154548214 18.16337329932812
      vertex -10 -10.777436835122264 38.426363306261756
    endloop
  endfacet
  facet normal -0.7056518249891699 -0.7056518249891688 0.06411710987645397
    outer loop
      vertex -10.937766546569401 -11.605451406635677 18.99275703630514
      vertex -10 -10.777436835122264 38.426363306261756
      vertex -11.227980467987154 -11.390597154548214 18.16337329932812
    endloop
  endfacet
  facet normal -0.7056518249891766 -0.7056518249891622 0.06411710987645401
    outer loop
      vertex -10.937766546569401 -11.605451406635677 18.99275703630514
      vertex -10.840061894842739 -11.682808236048338 19.21669847686755
      vertex -10 -10.777436835122264 38.426363306261756
    endloop
  endfacet
  facet normal -0.9303095998052294 -0.034809729260438 -0.3651196122629526
    outer loop
      vertex -15.278907850667919 -0.32076288410879106 9.349479196326293
      vertex -15.290909950995554 0 9.349479196326293
      vertex -15.180220897357481 0 9.067448087247731
    endloop
  endfacet
  facet normal -0.9549625787130452 -0.03573217864871049 -0.29456694428728364
    outer loop
      vertex -15.278907850667919 -0.32076288410879106 9.349479196326293
      vertex -15.380213284414104 0 9.638993492560012
      vertex -15.290909950995554 0 9.349479196326293
    endloop
  endfacet
  facet normal -0.900457332544215 -0.03369273622781222 -0.43363739667242734
    outer loop
      vertex -14.835948683714431 -0.33032424950183853 8.221749206020196
      vertex -14.848308545093614 0 8.221749206020196
      vertex -14.739200494141052 -0.061983570967536226 8
    endloop
  endfacet
  facet normal -0.9004573325442141 -0.033692736227802056 -0.4336373966724297
    outer loop
      vertex -14.848308545093614 0 8.221749206020196
      vertex -14.741519755733565 0 8
      vertex -14.739200494141052 -0.061983570967536226 8
    endloop
  endfacet
  facet normal -0.9303095998052305 -0.03480972926043674 -0.36511961226295014
    outer loop
      vertex -14.835948683714431 -0.33032424950183853 8.221749206020196
      vertex -14.958997598731695 0 8.503780315098782
      vertex -14.848308545093614 0 8.221749206020196
    endloop
  endfacet
  facet normal -0.9549625787130455 -0.035732178648707855 -0.2945669442872828
    outer loop
      vertex -15.636270174337445 -0.31344305230460967 10.507131469339164
      vertex -15.647998385882905 0 10.507131469339164
      vertex -15.558695052464358 0 10.217617173105456
    endloop
  endfacet
  facet normal -0.974279873962543 -0.0364549808403865 -0.22237302346161117
    outer loop
      vertex -15.636270174337445 -0.31344305230460967 10.507131469339164
      vertex -15.715416578616665 0 10.802509871345597
      vertex -15.647998385882905 0 10.507131469339164
    endloop
  endfacet
  facet normal -0.974279873962543 -0.03645498084038574 -0.2223730234616112
    outer loop
      vertex -15.906047282644682 -0.3081346123032382 11.688231963960785
      vertex -15.91757686637927 0 11.688231963960785
      vertex -15.85015867364551 0 11.392853561954352
    endloop
  endfacet
  facet normal -0.9881546861739822 -0.036974139684625006 -0.14894035446104126
    outer loop
      vertex -15.906047282644682 -0.3081346123032382 11.688231963960785
      vertex -15.962732888547116 0 11.987822595899328
      vertex -15.91757686637927 0 11.688231963960785
    endloop
  endfacet
  facet normal -0.9881546861739826 -0.03697413968462475 -0.14894035446103832
    outer loop
      vertex -16.08673753536973 -0.3046784937104254 12.886175487126412
      vertex -16.09813780027053 0 12.886175487126412
      vertex -16.05298177810268 0 12.586584855187851
    endloop
  endfacet
  facet normal -0.9965103476345266 -0.03728678647800867 -0.07467812672702985
    outer loop
      vertex -16.08673753536973 -0.3046784937104254 12.886175487126412
      vertex -16.120779121079526 0 13.188302916658094
      vertex -16.09813780027053 0 12.886175487126412
    endloop
  endfacet
  facet normal -0.9965103476345268 -0.037286786478009835 -0.07467812672702549
    outer loop
      vertex -16.177334907576956 -0.30297460798458015 14.094262652723526
      vertex -16.188671417572056 0 14.094262652723526
      vertex -16.16603009676306 0 13.792135223191826
    endloop
  endfacet
  facet normal -0.9993007047883986 -0.037391194276324 1.970138397853938e-18
    outer loop
      vertex -16.177334907576956 -0.30297460798458015 14.094262652723526
      vertex -16.188671417572056 0 14.397237260708087
      vertex -16.188671417572056 0 14.094262652723526
    endloop
  endfacet
  facet normal -0.9993007047883986 -0.03739119427632396 -1.3651168531733152e-18
    outer loop
      vertex -16.177334907576956 -0.3029746079845805 15.305737347276473
      vertex -16.188671417572056 0 15.305737347276473
      vertex -16.188671417572056 0 15.002762739291912
    endloop
  endfacet
  facet normal -0.9972445248843725 -0.03731425745251297 0.06411710987645892
    outer loop
      vertex -16.177334907576956 -0.3029746079845805 15.305737347276473
      vertex -16.161552503305966 0 15.727530981218738
      vertex -16.188671417572056 0 15.305737347276473
    endloop
  endfacet
  facet normal -0.9639383191620559 -0.25828649417288785 0.06411710987645425
    outer loop
      vertex -15.214386647425423 -4.5 20.234911808757456
      vertex -15.156442450384535 -4.675143339011834 20.40050681000044
      vertex -15.110367426686686 -4.5 21.798739513915237
    endloop
  endfacet
  facet normal -0.914676320152851 -0.3990691989777335 0.06411710987645407
    outer loop
      vertex -14.595695660019187 -5.96861661544679 21.728916573704442
      vertex -14.166355385742309 -6.822157194780834 22.54126801904448
      vertex -14.253994736624216 -5.594280691636428 28.93341598669141
    endloop
  endfacet
  facet normal -0.9419411782351971 -0.32959947355233965 0.06411710987645408
    outer loop
      vertex -15.08015472803611 -4.850750041871689 20.618524594735597
      vertex -14.69941022522167 -5.769093388964997 21.491200265132722
      vertex -14.667657710956728 -4.524373214279261 28.35626507923919
    endloop
  endfacet
  facet normal -0.9146763201528525 -0.39906919897773013 0.06411710987645396
    outer loop
      vertex -14.595695660019187 -5.96861661544679 21.728916573704442
      vertex -14.253994736624216 -5.594280691636428 28.93341598669141
      vertex -14.69941022522167 -5.769093388964997 21.491200265132722
    endloop
  endfacet
  facet normal -0.9419411782351973 -0.32959947355233876 0.06411710987645405
    outer loop
      vertex -15.08015472803611 -4.850750041871689 20.618524594735597
      vertex -14.667657710956728 -4.524373214279261 28.35626507923919
      vertex -15.156442450384535 -4.675143339011834 20.40050681000044
    endloop
  endfacet
  facet normal -0.9639383191620575 -0.2582864941728818 0.06411710987645355
    outer loop
      vertex -15.156442450384535 -4.675143339011834 20.40050681000044
      vertex -14.848190787465718 -3.9164557812077527 28.091033414534124
      vertex -15.110367426686686 -4.5 21.798739513915237
    endloop
  endfacet
  facet normal -0.9419411782351976 -0.3295994735523382 0.0641171098764538
    outer loop
      vertex -14.69941022522167 -5.769093388964997 21.491200265132722
      vertex -14.34599343713065 -5.36 28.78620767143081
      vertex -14.619499778404453 -4.651233683340225 28.41161373608606
    endloop
  endfacet
  facet normal -0.941941178235198 -0.3295994735523373 0.06411710987645365
    outer loop
      vertex -14.69941022522167 -5.769093388964997 21.491200265132722
      vertex -14.619499778404453 -4.651233683340225 28.41161373608606
      vertex -14.667657710956728 -4.524373214279261 28.35626507923919
    endloop
  endfacet
  facet normal -0.963938319162056 -0.25828649417288785 0.06411710987645405
    outer loop
      vertex -15.156442450384535 -4.675143339011834 20.40050681000044
      vertex -14.667657710956728 -4.524373214279261 28.35626507923919
      vertex -14.848190787465718 -3.9164557812077527 28.091033414534124
    endloop
  endfacet
  facet normal -0.9639383191620572 -0.25828649417288335 0.06411710987645367
    outer loop
      vertex -15.110367426686686 -4.5 21.798739513915237
      vertex -14.848190787465718 -3.9164557812077527 28.091033414534124
      vertex -14.9922239509082 -3.4218772833905096 27.91797291322311
    endloop
  endfacet
  facet normal -0.8822962210610671 -0.46630716756495544 0.06411710987645398
    outer loop
      vertex -14.029611541307904 -7.045313598079877 22.799999999999997
      vertex -13.754878288689019 -6.624000268619366 29.644624418492594
      vertex -14.166355385742309 -6.822157194780834 22.54126801904448
    endloop
  endfacet
  facet normal -0.8822962210610666 -0.46630716756495616 0.0641171098764539
    outer loop
      vertex -13.560989711982172 -7.829441060690653 23.545807368938377
      vertex -13.720059727656997 -6.683810675925626 29.688766507942717
      vertex -14.029611541307904 -7.045313598079877 22.799999999999997
    endloop
  endfacet
  facet normal -0.9916675289813035 -0.11173409589380577 0.06411710987645351
    outer loop
      vertex -15.980625131832191 -1.5 17.31761462423377
      vertex -15.80294370897974 -1.5 20.06572504102411
      vertex -16.019059384847083 -1.275449941073111 17.11448471205403
    endloop
  endfacet
  facet normal -0.9916675289813016 -0.11173409589382183 0.06411710987645396
    outer loop
      vertex -16.019059384847083 -1.275449941073111 17.11448471205403
      vertex -15.366739191359239 -1.1515779032676563 27.41946392594174
      vertex -16.038500048472827 -1.2019194200786603 16.941944050179245
    endloop
  endfacet
  facet normal -0.991667528981304 -0.11173409589380166 0.06411710987645386
    outer loop
      vertex -16.019059384847083 -1.275449941073111 17.11448471205403
      vertex -15.80294370897974 -1.5 20.06572504102411
      vertex -15.366739191359239 -1.1515779032676563 27.41946392594174
    endloop
  endfacet
  facet normal -0.9972445248843729 -0.03731425745251248 0.06411710987645394
    outer loop
      vertex -16.038500048472827 -1.2019194200786603 16.941944050179245
      vertex -15.414294328888532 0 27.349999999999994
      vertex -16.143240443612875 0 16.01234733216595
    endloop
  endfacet
  facet normal -0.980544725998496 -0.18552907194729712 0.06411710987645407
    outer loop
      vertex -15.420322477934342 -3.5195879785802617 21.088314990012524
      vertex -15.226129957786426 -2.2949698308502837 27.601657851258963
      vertex -15.545591602358211 -2.9567506771469714 20.801195106918794
    endloop
  endfacet
  facet normal -0.9805447259984957 -0.18552907194729812 0.06411710987645415
    outer loop
      vertex -15.545591602358211 -2.9567506771469714 20.801195106918794
      vertex -15.226129957786426 -2.2949698308502837 27.601657851258963
      vertex -15.683541370104992 -2.363913508230426 20.406957320771237
    endloop
  endfacet
  facet normal -0.9639383191620565 -0.25828649417288563 0.06411710987645405
    outer loop
      vertex -15.110367426686686 -4.5 21.798739513915237
      vertex -14.9922239509082 -3.4218772833905096 27.91797291322311
      vertex -15.420322477934342 -3.5195879785802617 21.088314990012524
    endloop
  endfacet
  facet normal -0.9805447259984961 -0.18552907194729631 0.06411710987645385
    outer loop
      vertex -15.420322477934342 -3.5195879785802617 21.088314990012524
      vertex -15.04781336196842 -3.1597754696848925 27.826259521972563
      vertex -15.207895894740373 -2.385424412011686 27.61877278141084
    endloop
  endfacet
  facet normal -0.9916675289813035 -0.11173409589380494 0.06411710987645414
    outer loop
      vertex -15.683541370104992 -2.363913508230426 20.406957320771237
      vertex -15.226129957786426 -2.2949698308502837 27.601657851258963
      vertex -15.313219349477288 -1.5977330934085872 27.469733542866614
    endloop
  endfacet
  facet normal -0.9805447259984968 -0.18552907194729232 0.06411710987645322
    outer loop
      vertex -15.420322477934342 -3.5195879785802617 21.088314990012524
      vertex -15.207895894740373 -2.385424412011686 27.61877278141084
      vertex -15.226129957786426 -2.2949698308502837 27.601657851258963
    endloop
  endfacet
  facet normal -0.9805447259984952 -0.18552907194730126 0.06411710987645407
    outer loop
      vertex -15.420322477934342 -3.5195879785802617 21.088314990012524
      vertex -14.9922239509082 -3.4218772833905096 27.91797291322311
      vertex -15.04781336196842 -3.1597754696848925 27.826259521972563
    endloop
  endfacet
  facet normal -0.9916675289813038 -0.11173409589380276 0.06411710987645391
    outer loop
      vertex -15.683541370104992 -2.363913508230426 20.406957320771237
      vertex -15.366739191359239 -1.1515779032676563 27.41946392594174
      vertex -15.80294370897974 -1.5 20.06572504102411
    endloop
  endfacet
  facet normal -0.9972445248843727 -0.037314257452512885 0.06411710987645401
    outer loop
      vertex -16.038500048472827 -1.2019194200786603 16.941944050179245
      vertex -15.366739191359239 -1.1515779032676563 27.41946392594174
      vertex -15.382391794976828 -0.8011066032464665 27.379975294217743
    endloop
  endfacet
  facet normal -0.9972445248843729 -0.03731425745251333 0.06411710987645404
    outer loop
      vertex -16.038500048472827 -1.2019194200786603 16.941944050179245
      vertex -15.382391794976828 -0.8011066032464665 27.379975294217743
      vertex -15.414294328888532 0 27.349999999999994
    endloop
  endfacet
  facet normal -0.991667528981304 -0.11173409589380291 0.06411710987645396
    outer loop
      vertex -15.683541370104992 -2.363913508230426 20.406957320771237
      vertex -15.313219349477288 -1.5977330934085872 27.469733542866614
      vertex -15.366739191359239 -1.1515779032676563 27.41946392594174
    endloop
  endfacet
  facet normal -0.530937357319419 -0.8449819636085508 0.06411710987645365
    outer loop
      vertex -7.8325002366887855 -13.566288360240232 23.450645671205173
      vertex -8.284670430541674 -12.730573435631246 30.71999999999999
      vertex -7.9920296688083035 -13.476466629760063 23.31335949400046
    endloop
  endfacet
  facet normal -0.4663071675649559 -0.8822962210610666 0.0641171098764541
    outer loop
      vertex -7.8325002366887855 -13.566288360240232 23.450645671205173
      vertex -7.326005171840121 -13.802303518263516 23.886519918999348
      vertex -7.575096786953455 -13.120452507255138 31.457687205969517
    endloop
  endfacet
  facet normal -0.8029422242590479 -0.5925983300035729 0.06411710987645404
    outer loop
      vertex -12.66567001598208 -9.054166101063446 24.800534790111485
      vertex -12.510788342959843 -8.529711065196851 31.587369291673255
      vertex -12.887271949883658 -8.786393242195741 24.500274832062047
    endloop
  endfacet
  facet normal -0.8029422242590497 -0.5925983300035705 0.06411710987645389
    outer loop
      vertex -12.66567001598208 -9.054166101063446 24.800534790111485
      vertex -12.149377803934533 -9.688805490116334 25.400477224759207
      vertex -12.510788342959843 -8.529711065196851 31.587369291673255
    endloop
  endfacet
  facet normal -0.8449819636085539 -0.5309373573194139 0.06411710987645361
    outer loop
      vertex -12.887271949883658 -8.786393242195741 24.500274832062047
      vertex -12.994027005674011 -7.858316066015739 30.778548251095735
      vertex -13.172368129527271 -7.605070285447418 30.525302470527414
    endloop
  endfacet
  facet normal -0.8029422242590496 -0.5925983300035708 0.06411710987645394
    outer loop
      vertex -12.149377803934533 -9.688805490116334 25.400477224759207
      vertex -12.233589917194786 -8.857279660667466 32.03120897755797
      vertex -12.510788342959843 -8.529711065196851 31.587369291673255
    endloop
  endfacet
  facet normal -0.844981963608551 -0.5309373573194186 0.06411710987645405
    outer loop
      vertex -12.887271949883658 -8.786393242195741 24.500274832062047
      vertex -12.510788342959843 -8.529711065196851 31.587369291673255
      vertex -12.619348492574943 -8.381233492057278 31.386189324074365
    endloop
  endfacet
  facet normal -0.8449819636085525 -0.5309373573194164 0.06411710987645398
    outer loop
      vertex -12.887271949883658 -8.786393242195741 24.500274832062047
      vertex -12.619348492574943 -8.381233492057278 31.386189324074365
      vertex -12.994027005674011 -7.858316066015739 30.778548251095735
    endloop
  endfacet
  facet normal -0.6509452524461559 -0.7564121062879026 0.064117109876454
    outer loop
      vertex -9.862239137482566 -12.366856718947968 21.074026857914752
      vertex -9.523907664183888 -11.942602470448437 29.51399424023648
      vertex -10 -11.57510031925558 29.016046507752996
    endloop
  endfacet
  facet normal -0.5925983300035719 -0.8029422242590486 0.06411710987645396
    outer loop
      vertex -8.862364437109914 -12.998701227202444 22.40268067550091
      vertex -9.21893096236296 -12.145709982445124 29.78919514646475
      vertex -9.523907664183888 -11.942602470448437 29.51399424023648
    endloop
  endfacet
  facet normal -0.5925983300035709 -0.8029422242590495 0.0641171098764541
    outer loop
      vertex -8.862364437109914 -12.998701227202444 22.40268067550091
      vertex -8.570357865081789 -12.570406248688679 30.46509538222798
      vertex -9.21893096236296 -12.145709982445124 29.78919514646475
    endloop
  endfacet
  facet normal -0.5309373573194163 -0.8449819636085525 0.06411710987645394
    outer loop
      vertex -8.61335949400046 -13.133205642861338 22.692029668808303
      vertex -8.284670430541674 -12.730573435631246 30.71999999999999
      vertex -8.570357865081789 -12.570406248688679 30.46509538222798
    endloop
  endfacet
  facet normal -0.756412106287904 -0.6509452524461541 0.06411710987645382
    outer loop
      vertex -11.867135885089205 -11.011092958963818 15.305737347276473
      vertex -11.495887110517629 -9.658386263913933 33.41876631665977
      vertex -11.772046786792535 -9.38789404514566 32.906970060788524
    endloop
  endfacet
  facet normal -0.7564121062879021 -0.6509452524461562 0.06411710987645412
    outer loop
      vertex -12.149377803934533 -9.688805490116334 25.400477224759207
      vertex -11.875440323643186 -9.975772474009743 25.718798351888893
      vertex -11.772046786792535 -9.38789404514566 32.906970060788524
    endloop
  endfacet
  facet normal -0.7564121062879141 -0.6509452524461425 0.06411710987645318
    outer loop
      vertex -11.875440323643186 -9.975772474009743 25.718798351888893
      vertex -11.852659871518554 -10 25.741578804013525
      vertex -11.772046786792535 -9.38789404514566 32.906970060788524
    endloop
  endfacet
  facet normal -0.7564121062879007 -0.6509452524461582 0.06411710987645405
    outer loop
      vertex -11.867135885089205 -11.011092958963818 15.305737347276473
      vertex -11.157722145016194 -9.978966585465871 34.15354421879224
      vertex -11.495887110517629 -9.658386263913933 33.41876631665977
    endloop
  endfacet
  facet normal -0.7564121062879048 -0.6509452524461532 0.06411710987645391
    outer loop
      vertex -11.867135885089205 -11.011092958963818 15.305737347276473
      vertex -10.95392880601203 -10.163760617287592 34.68165522027217
      vertex -11.157722145016194 -9.978966585465871 34.15354421879224
    endloop
  endfacet
  facet normal -0.7056518249891685 -0.7056518249891705 0.06411710987645394
    outer loop
      vertex -11.867135885089205 -11.011092958963818 15.305737347276473
      vertex -10.853180624341919 -10.24374047802743 34.9102245303151
      vertex -10.95392880601203 -10.163760617287592 34.68165522027217
    endloop
  endfacet
  facet normal -0.7056518249891696 -0.7056518249891693 0.06411710987645397
    outer loop
      vertex -11.867135885089205 -11.011092958963818 15.305737347276473
      vertex -10.575334607307637 -10.45122721858915 35.6845755879883
      vertex -10.853180624341919 -10.24374047802743 34.9102245303151
    endloop
  endfacet
  facet normal -0.7056518249891672 -0.7056518249891716 0.06411710987645387
    outer loop
      vertex -11.867135885089205 -11.011092958963818 15.305737347276473
      vertex -10.35472396621743 -10.600266457133378 36.4722669065914
      vertex -10.575334607307637 -10.45122721858915 35.6845755879883
    endloop
  endfacet
  facet normal -0.7056518249891706 -0.7056518249891681 0.06411710987645407
    outer loop
      vertex -11.867135885089205 -11.011092958963818 15.305737347276473
      vertex -10.192582445264254 -10.690024705782252 37.268893396753526
      vertex -10.35472396621743 -10.600266457133378 36.4722669065914
    endloop
  endfacet
  facet normal -0.6509452524461562 -0.7564121062879021 0.06411710987645403
    outer loop
      vertex -10.840061894842739 -11.682808236048338 19.21669847686755
      vertex -10 -11.57510031925558 29.016046507752996
      vertex -10 -10.777436835122264 38.426363306261756
    endloop
  endfacet
  facet normal -0.7056518249891705 -0.7056518249891682 0.06411710987645405
    outer loop
      vertex -11.867135885089205 -11.011092958963818 15.305737347276473
      vertex -10.089816805603984 -10.72 38.06999999999999
      vertex -10.192582445264254 -10.690024705782252 37.268893396753526
    endloop
  endfacet
  facet normal -0.7056518249891698 -0.7056518249891689 0.06411710987645398
    outer loop
      vertex -11.867135885089205 -11.011092958963818 15.305737347276473
      vertex -10 -10.75987432145552 38.61965055586198
      vertex -10.089816805603984 -10.72 38.06999999999999
    endloop
  endfacet
  facet normal -0.7056518249891819 -0.7056518249891568 0.06411710987645489
    outer loop
      vertex -11.867135885089205 -11.011092958963818 15.305737347276473
      vertex -10 -10.777436835122264 38.426363306261756
      vertex -10 -10.75987432145552 38.61965055586198
    endloop
  endfacet
  facet normal -0.8029422242590425 -0.5925983300035803 0.06411710987645414
    outer loop
      vertex -12.149377803934533 -9.688805490116334 25.400477224759207
      vertex -11.772046786792535 -9.38789404514566 32.906970060788524
      vertex -11.864605942580187 -9.283792328569183 32.709999999999994
    endloop
  endfacet
  facet normal -0.8029422242590497 -0.5925983300035704 0.06411710987645389
    outer loop
      vertex -12.149377803934533 -9.688805490116334 25.400477224759207
      vertex -11.864605942580187 -9.283792328569183 32.709999999999994
      vertex -12.233589917194786 -8.857279660667466 32.03120897755797
    endloop
  endfacet
  facet normal -0.7056518249891693 -0.7056518249891693 0.06411710987645391
    outer loop
      vertex -10.089816805603984 -10.72 38.06999999999999
      vertex -10 -10.75987432145552 38.61965055586198
      vertex -10.060440794209763 -10.699433527245757 38.61965055586198
    endloop
  endfacet
  facet normal -0.7051323199898522 -0.7051323199898522 0.07467812672702424
    outer loop
      vertex -10 -10.75987432145552 38.61965055586198
      vertex -10.043218774850194 -10.690024705782252 38.87110660324646
      vertex -10.060440794209763 -10.699433527245757 38.61965055586198
    endloop
  endfacet
  facet normal -0.7051323199898474 -0.7051323199898567 0.07467812672702637
    outer loop
      vertex -10 -10.75987432145552 38.61965055586198
      vertex -10 -10.643776683263521 39.71587779871862
      vertex -10.043218774850194 -10.690024705782252 38.87110660324646
    endloop
  endfacet
  facet normal -0.7051323199898498 -0.7051323199898544 0.07467812672702637
    outer loop
      vertex -10.043218774850194 -10.690024705782252 38.87110660324646
      vertex -10 -10.643776683263521 39.71587779871862
      vertex -10.048609065457818 -10.600266457133378 39.667733093408586
    endloop
  endfacet
  facet normal -0.7051323199898518 -0.7051323199898518 0.07467812672703072
    outer loop
      vertex -10 -10.643776683263521 39.71587779871862
      vertex -10.052619695854997 -10.591156987408525 39.71587779871862
      vertex -10.048609065457818 -10.600266457133378 39.667733093408586
    endloop
  endfacet
  facet normal -0.6992198405412342 -0.6992198405412342 0.14894035446104553
    outer loop
      vertex -10 -10.643776683263521 39.71587779871862
      vertex -10.03501913109706 -10.45122721858915 40.45542441201169
      vertex -10.052619695854997 -10.591156987408525 39.71587779871862
    endloop
  endfacet
  facet normal -0.6992198405412445 -0.6992198405412247 0.14894035446104256
    outer loop
      vertex -10 -10.643776683263521 39.71587779871862
      vertex -10 -10.412230671965862 40.80290062529484
      vertex -10.03501913109706 -10.45122721858915 40.45542441201169
    endloop
  endfacet
  facet normal -0.6992198405412345 -0.6992198405412346 0.1489403544610427
    outer loop
      vertex -10.03501913109706 -10.45122721858915 40.45542441201169
      vertex -10 -10.412230671965862 40.80290062529484
      vertex -10.054109424114957 -10.358121247850905 40.80290062529484
    endloop
  endfacet
  facet normal -0.6894020011707765 -0.6894020011707765 0.2223730234616087
    outer loop
      vertex -10 -10.412230671965862 40.80290062529484
      vertex -10.030797745083465 -10.24374047802743 41.22977546968489
      vertex -10.054109424114957 -10.358121247850905 40.80290062529484
    endloop
  endfacet
  facet normal -0.6894020011707758 -0.6894020011707772 0.22237302346160906
    outer loop
      vertex -10 -10.412230671965862 40.80290062529484
      vertex -10 -10.0665311867815 41.87463996300705
      vertex -10.030797745083465 -10.24374047802743 41.22977546968489
    endloop
  endfacet
  facet normal -0.6894020011707764 -0.6894020011707767 0.22237302346160892
    outer loop
      vertex -10.030797745083465 -10.24374047802743 41.22977546968489
      vertex -10 -10.0665311867815 41.87463996300705
      vertex -10.048438554312542 -10.018092632468958 41.87463996300705
    endloop
  endfacet
  facet normal -0.6757330520750227 -0.6757330520750227 0.29456694428728736
    outer loop
      vertex -10 -10.0665311867815 41.87463996300705
      vertex -10.038821619469145 -9.978966585465871 41.986455781207745
      vertex -10.048438554312542 -10.018092632468958 41.87463996300705
    endloop
  endfacet
  facet normal -0.675733052075029 -0.6757330520750184 0.2945669442872819
    outer loop
      vertex -10 -10.0665311867815 41.87463996300705
      vertex -10.039096044045435 -9.658386263913933 42.721233683340216
      vertex -10.038821619469145 -9.978966585465871 41.986455781207745
    endloop
  endfacet
  facet normal -0.6757330520750354 -0.6757330520750132 0.29456694428727914
    outer loop
      vertex -10 -10.0665311867815 41.87463996300705
      vertex -10 -9.60861151946031 42.92510221074095
      vertex -10.039096044045435 -9.658386263913933 42.721233683340216
    endloop
  endfacet
  facet normal -0.6757330520750242 -0.6757330520750242 0.2945669442872797
    outer loop
      vertex -10.039096044045435 -9.658386263913933 42.721233683340216
      vertex -10 -9.60861151946031 42.92510221074095
      vertex -10.057972918177809 -9.5506386012825 42.92510221074095
    endloop
  endfacet
  facet normal -0.6582885646663436 -0.6582885646663436 0.36511961226295464
    outer loop
      vertex -10.057972918177809 -9.5506386012825 42.92510221074095
      vertex -10 -9.60861151946031 42.92510221074095
      vertex -10 -9.278644034740525 43.52001361677716
    endloop
  endfacet
  facet normal -0.6582885646663292 -0.6582885646663557 0.36511961226295875
    outer loop
      vertex -10.057972918177809 -9.5506386012825 42.92510221074095
      vertex -10 -9.278644034740525 43.52001361677716
      vertex -10.046664191791772 -9.321942077220996 43.35781715270281
    endloop
  endfacet
  facet normal -0.7056418223706361 -0.6072538902818115 0.3651196122629585
    outer loop
      vertex -10.046664191791772 -9.321942077220996 43.35781715270281
      vertex -10 -9.278644034740525 43.52001361677716
      vertex -10.042145199529685 -9.283792328569183 43.42999999999999
    endloop
  endfacet
  facet normal -0.7056418223706181 -0.6072538902818366 0.3651196122629515
    outer loop
      vertex -10.042145199529685 -9.283792328569183 43.42999999999999
      vertex -10 -9.278644034740525 43.52001361677716
      vertex -10.052669891077773 -9 43.88165290357816
    endloop
  endfacet
  facet normal -0.705641822370618 -0.6072538902818366 0.36511961226295153
    outer loop
      vertex -10 -9.278644034740525 43.52001361677716
      vertex -10 -9.021063258959943 43.948412757500186
      vertex -10.052669891077773 -9 43.88165290357816
    endloop
  endfacet
  facet normal -0.7056418223706187 -0.6072538902818354 0.36511961226295253
    outer loop
      vertex -10.052669891077773 -9 43.88165290357816
      vertex -10 -9.021063258959943 43.948412757500186
      vertex -10.01812640002327 -9 43.948412757500186
    endloop
  endfacet
  facet normal -0.6829988137674826 -0.5877680057636165 0.43363739667246526
    outer loop
      vertex -10 -9.021063258959943 43.948412757500186
      vertex -10 -9 43.97696266995877
      vertex -10.01812640002327 -9 43.948412757500186
    endloop
  endfacet
  facet normal -0.941941178235196 -0.3295994735523427 0.06411710987645397
    outer loop
      vertex -14.69941022522167 -5.769093388964997 21.491200265132722
      vertex -14.253994736624216 -5.594280691636428 28.93341598669141
      vertex -14.34599343713065 -5.36 28.78620767143081
    endloop
  endfacet
  facet normal -0.8822962210610713 -0.4663071675649474 0.06411710987645365
    outer loop
      vertex -14.029611541307904 -7.045313598079877 22.799999999999997
      vertex -13.720059727656997 -6.683810675925626 29.688766507942717
      vertex -13.754878288689019 -6.624000268619366 29.644624418492594
    endloop
  endfacet
  facet normal -0.8822962210610664 -0.46630716756495677 0.06411710987645403
    outer loop
      vertex -13.560989711982172 -7.829441060690653 23.545807368938377
      vertex -13.360911253329935 -7.291451748904257 30.211683933984254
      vertex -13.720059727656997 -6.683810675925626 29.688766507942717
    endloop
  endfacet
  facet normal -0.8822962210610665 -0.46630716756495644 0.064117109876454
    outer loop
      vertex -13.560989711982172 -7.829441060690653 23.545807368938377
      vertex -13.172368129527271 -7.605070285447418 30.525302470527414
      vertex -13.360911253329935 -7.291451748904257 30.211683933984254
    endloop
  endfacet
  facet normal -0.9146763201528507 -0.39906919897773424 0.06411710987645396
    outer loop
      vertex -14.166355385742309 -6.822157194780834 22.54126801904448
      vertex -13.754878288689019 -6.624000268619366 29.644624418492594
      vertex -14.040478145873793 -6.038791022442028 29.212720339332527
    endloop
  endfacet
  facet normal -0.9146763201528519 -0.3990691989777316 0.06411710987645368
    outer loop
      vertex -14.166355385742309 -6.822157194780834 22.54126801904448
      vertex -14.040478145873793 -6.038791022442028 29.212720339332527
      vertex -14.253994736624216 -5.594280691636428 28.93341598669141
    endloop
  endfacet
  facet normal -0.46630716756495466 -0.8822962210610675 0.06411710987645404
    outer loop
      vertex -7.326005171840121 -13.802303518263516 23.886519918999348
      vertex -6.773249390926246 -14.064797284578896 24.29447225077721
      vertex -7.308669519583004 -13.24424235816556 31.691909034971886
    endloop
  endfacet
  facet normal -0.3990691989777414 -0.9146763201528477 0.06411710987645387
    outer loop
      vertex -6.773249390926246 -14.064797284578896 24.29447225077721
      vertex -6.619010682247558 -14.124111439196518 24.40830559821294
      vertex -6.544760010968051 -13.590334198206156 32.48515995860662
    endloop
  endfacet
  facet normal -0.39906919897773246 -0.9146763201528515 0.064117109876454
    outer loop
      vertex -6.619010682247558 -14.124111439196518 24.40830559821294
      vertex -5.875 -14.415949598464934 24.875798494467155
      vertex -6.295997830138324 -13.683844105069804 32.69948694181399
    endloop
  endfacet
  facet normal -0.46630716756495605 -0.8822962210610666 0.06411710987645383
    outer loop
      vertex -6.773249390926246 -14.064797284578896 24.29447225077721
      vertex -6.544760010968051 -13.590334198206156 32.48515995860662
      vertex -7.308669519583004 -13.24424235816556 31.691909034971886
    endloop
  endfacet
  facet normal -0.3990691989777337 -0.914676320152851 0.06411710987645403
    outer loop
      vertex -6.619010682247558 -14.124111439196518 24.40830559821294
      vertex -6.295997830138324 -13.683844105069804 32.69948694181399
      vertex -6.544760010968051 -13.590334198206156 32.48515995860662
    endloop
  endfacet
  facet normal -0.5309373573194156 -0.844981963608553 0.0641171098764541
    outer loop
      vertex -7.8325002366887855 -13.566288360240232 23.450645671205173
      vertex -7.575096786953455 -13.120452507255138 31.457687205969517
      vertex -8.284670430541674 -12.730573435631246 30.71999999999999
    endloop
  endfacet
  facet normal -0.4663071675649583 -0.8822962210610655 0.0641171098764539
    outer loop
      vertex -7.326005171840121 -13.802303518263516 23.886519918999348
      vertex -7.308669519583004 -13.24424235816556 31.691909034971886
      vertex -7.575096786953455 -13.120452507255138 31.457687205969517
    endloop
  endfacet
  facet normal -0.3990691989777322 -0.9146763201528516 0.06411710987645401
    outer loop
      vertex -5.875 -14.415949598464934 24.875798494467155
      vertex -5.687260743236234 -14.490904044392076 24.975021588675787
      vertex -6.295997830138324 -13.683844105069804 32.69948694181399
    endloop
  endfacet
  facet normal -0.3295994735523401 -0.941941178235197 0.06411710987645387
    outer loop
      vertex -5.098133934631309 -14.675854250809522 25.286384197853423
      vertex -5.4860556623557954 -13.978241859217942 33.54082738578791
      vertex -5.687260743236234 -14.490904044392076 24.975021588675787
    endloop
  endfacet
  facet normal -0.25828649417288857 -0.9639383191620557 0.06411710987645396
    outer loop
      vertex -4.578252218200489 -14.842329151595107 25.513206272032132
      vertex -4.292757036305139 -14.910542131117918 25.637766546569402
      vertex -4.4334208781918925 -14.37279747937127 33.15558988723505
    endloop
  endfacet
  facet normal -0.25828649417288585 -0.9639383191620564 0.06411710987645405
    outer loop
      vertex -4.292757036305139 -14.910542131117918 25.637766546569402
      vertex -3.463373299328124 -15.113471028094049 25.927980467987155
      vertex -4.4334208781918925 -14.37279747937127 33.15558988723505
    endloop
  endfacet
  facet normal -0.3295994735523372 -0.9419411782351979 0.0641171098764541
    outer loop
      vertex -5.098133934631309 -14.675854250809522 25.286384197853423
      vertex -4.578252218200489 -14.842329151595107 25.513206272032132
      vertex -5.4860556623557954 -13.978241859217942 33.54082738578791
    endloop
  endfacet
  facet normal -0.3990691989777334 -0.9146763201528512 0.06411710987645387
    outer loop
      vertex -5.687260743236234 -14.490904044392076 24.975021588675787
      vertex -5.4860556623557954 -13.978241859217942 33.54082738578791
      vertex -6.295997830138324 -13.683844105069804 32.69948694181399
    endloop
  endfacet
  facet normal -0.329599473552338 -0.9419411782351976 0.06411710987645394
    outer loop
      vertex -4.578252218200489 -14.842329151595107 25.513206272032132
      vertex -5.251603333279533 -14.046920245056269 33.737098936159704
      vertex -5.4860556623557954 -13.978241859217942 33.54082738578791
    endloop
  endfacet
  facet normal -0.32959947355233465 -0.9419411782351989 0.06411710987645396
    outer loop
      vertex -4.578252218200489 -14.842329151595107 25.513206272032132
      vertex -4.4334208781918925 -14.37279747937127 33.15558988723505
      vertex -4.5 -14.353294381942765 33.09985323701215
    endloop
  endfacet
  facet normal -0.3295994735523384 -0.9419411782351976 0.06411710987645391
    outer loop
      vertex -4.578252218200489 -14.842329151595107 25.513206272032132
      vertex -4.5 -14.353294381942765 33.09985323701215
      vertex -5.251603333279533 -14.046920245056269 33.737098936159704
    endloop
  endfacet
  facet normal -0.3295994735523387 -0.9419411782351973 0.06411710987645358
    outer loop
      vertex -5.251603333279533 -14.046920245056269 33.737098936159704
      vertex -4.5 -14.353294381942765 33.09985323701215
      vertex -4.5 -14.256640765142583 34.51978657251159
    endloop
  endfacet
  facet normal -0.25828649417293215 -0.9639383191620445 0.06411710987644649
    outer loop
      vertex -4.4334208781918925 -14.37279747937127 33.15558988723505
      vertex -3.463373299328124 -15.113471028094049 25.927980467987155
      vertex -3.450297624000644 -15.116741598942045 25.931484084631645
    endloop
  endfacet
  facet normal -0.18552907194729698 -0.980544725998496 0.06411710987645403
    outer loop
      vertex -3.450297624000644 -15.116741598942045 25.931484084631645
      vertex -2.614620973986689 -15.26021825833131 26.15540296813643
      vertex -3.335886253026252 -14.61547263044211 33.92846460721618
    endloop
  endfacet
  facet normal -0.25828649417288646 -0.9639383191620562 0.06411710987645405
    outer loop
      vertex -4.4334208781918925 -14.37279747937127 33.15558988723505
      vertex -3.450297624000644 -15.116741598942045 25.931484084631645
      vertex -3.758719230262607 -14.524706647949339 33.58972134895425
    endloop
  endfacet
  facet normal -0.1855290719472938 -0.9805447259984965 0.06411710987645437
    outer loop
      vertex -2.614620973986689 -15.26021825833131 26.15540296813643
      vertex -2.3082732157316497 -15.31439214945414 26.213367091317362
      vertex -3.335886253026252 -14.61547263044211 33.92846460721618
    endloop
  endfacet
  facet normal -0.11173409589380251 -0.9916675289813038 0.06411710987645393
    outer loop
      vertex -2.3082732157316497 -15.31439214945414 26.213367091317362
      vertex -1.7512466275700465 -15.37033956157516 26.31876220814526
      vertex -2.228318437366232 -14.783926855412854 34.557144333556636
    endloop
  endfacet
  facet normal -0.11173409589380175 -0.991667528981304 0.06411710987645398
    outer loop
      vertex -1.7512466275700465 -15.37033956157516 26.31876220814526
      vertex -1.1565445145377502 -15.43301401292001 26.385769043585416
      vertex -2.228318437366232 -14.783926855412854 34.557144333556636
    endloop
  endfacet
  facet normal -0.03731425745251671 -0.9972445248843725 0.06411710987645403
    outer loop
      vertex -1.1565445145377502 -15.43301401292001 26.385769043585416
      vertex -0.8780785996404834 -15.441416202704813 26.417144616878865
      vertex -1.1011676677347975 -14.694061346629558 37.91128614735548
    endloop
  endfacet
  facet normal -0.037314257452513946 -0.9972445248843728 0.064117109876454
    outer loop
      vertex -0.8780785996404834 -15.441416202704813 26.417144616878865
      vertex 0 -15.472159172915125 26.45
      vertex -0.6697357115108905 -14.7 38.06999999999999
    endloop
  endfacet
  facet normal -0.25828649417288696 -0.963938319162056 0.06411710987645401
    outer loop
      vertex -3.450297624000644 -15.116741598942045 25.931484084631645
      vertex -3.335886253026252 -14.61547263044211 33.92846460721618
      vertex -3.758719230262607 -14.524706647949339 33.58972134895425
    endloop
  endfacet
  facet normal -0.18552907194729668 -0.9805447259984958 0.06411710987645391
    outer loop
      vertex -2.3082732157316497 -15.31439214945414 26.213367091317362
      vertex -2.228318437366232 -14.783926855412854 34.557144333556636
      vertex -3.335886253026252 -14.61547263044211 33.92846460721618
    endloop
  endfacet
  facet normal -0.11173409589380191 -0.991667528981304 0.06411710987645396
    outer loop
      vertex -1.1565445145377502 -15.43301401292001 26.385769043585416
      vertex -1.8429781660723157 -14.818904265163718 34.68768180386401
      vertex -2.228318437366232 -14.783926855412854 34.557144333556636
    endloop
  endfacet
  facet normal -0.11173409589380062 -0.9916675289813043 0.06411710987645411
    outer loop
      vertex -1.1565445145377502 -15.43301401292001 26.385769043585416
      vertex -1.5 -14.847706488858721 34.839905216856586
      vertex -1.8429781660723157 -14.818904265163718 34.68768180386401
    endloop
  endfacet
  facet normal -0.11173409589380155 -0.9916675289813041 0.06411710987645403
    outer loop
      vertex -1.1565445145377502 -15.43301401292001 26.385769043585416
      vertex -1.1011676677347975 -14.694061346629558 37.91128614735548
      vertex -1.5 -14.847706488858721 34.839905216856586
    endloop
  endfacet
  facet normal -0.03731425745251651 -0.9972445248843727 0.06411710987645404
    outer loop
      vertex -0.8780785996404834 -15.441416202704813 26.417144616878865
      vertex -0.6697357115108905 -14.7 38.06999999999999
      vertex -1.1011676677347975 -14.694061346629558 37.91128614735548
    endloop
  endfacet
  facet normal -0.03731425745251247 -0.9972445248843729 0.0641171098764541
    outer loop
      vertex -0.6697357115108905 -14.7 38.06999999999999
      vertex 0 -15.472159172915125 26.45
      vertex -0.27492140354153016 -14.679433527245756 38.61965055586198
    endloop
  endfacet
  facet normal -0.03731425745251775 -0.9972445248843724 0.06411710987645396
    outer loop
      vertex -0.27492140354153016 -14.679433527245756 38.61965055586198
      vertex 0 -15.472159172915125 26.45
      vertex 0 -14.689720360389458 38.61965055586198
    endloop
  endfacet
  facet normal -0.11173409589380319 -0.9916675289813038 0.06411710987645423
    outer loop
      vertex -1.5 -14.847706488858721 34.839905216856586
      vertex -1.1011676677347975 -14.694061346629558 37.91128614735548
      vertex -1.5 -14.677588398073032 37.47103732885487
    endloop
  endfacet
  facet normal -0.03728678647801459 -0.9965103476345268 0.07467812672702337
    outer loop
      vertex -0.27492140354153016 -14.679433527245756 38.61965055586198
      vertex 0 -14.689720360389458 38.61965055586198
      vertex 0 -14.66917545817389 38.89380322339998
    endloop
  endfacet
  facet normal -0.03728678647801279 -0.9965103476345271 0.07467812672702337
    outer loop
      vertex -0.2764675220705724 -14.597224800613272 39.71587779871862
      vertex 0 -14.628114387646235 39.441725131180625
      vertex 0 -14.607569485430666 39.71587779871862
    endloop
  endfacet
  facet normal -0.036974139684628766 -0.9881546861739813 0.14894035446104611
    outer loop
      vertex -0.2764675220705724 -14.597224800613272 39.71587779871862
      vertex 0 -14.607569485430666 39.71587779871862
      vertex 0 -14.5665945764265 39.987728557329575
    endloop
  endfacet
  facet normal -0.03697413968463099 -0.9881546861739814 0.1489403544610449
    outer loop
      vertex -0.2796036296825744 -14.433265126844246 40.80290062529484
      vertex 0 -14.484702065533499 40.53104986668391
      vertex 0 -14.443727156529336 40.80290062529484
    endloop
  endfacet
  facet normal -0.03645498084039172 -0.9742798739625443 0.22237302346160465
    outer loop
      vertex -0.2796036296825744 -14.433265126844246 40.80290062529484
      vertex 0 -14.443727156529336 40.80290062529484
      vertex 0 -14.3825513890487 41.07092917526366
    endloop
  endfacet
  facet normal -0.03645498084038924 -0.9742798739625443 0.22237302346160517
    outer loop
      vertex -0.28442054746162554 -14.18846738041731 41.87463996300705
      vertex 0 -14.26028541392994 41.60661141303822
      vertex 0 -14.199109646449303 41.87463996300705
    endloop
  endfacet
  facet normal -0.03573217864871047 -0.954962578713045 0.29456694428728375
    outer loop
      vertex -0.28442054746162554 -14.18846738041731 41.87463996300705
      vertex 0 -14.199109646449303 41.87463996300705
      vertex 0 -14.118075140199123 42.13734737995991
    endloop
  endfacet
  facet normal -0.03573217864871109 -0.9549625787130457 0.29456694428728136
    outer loop
      vertex -0.2910626170617623 -13.864194160791257 42.92510221074095
      vertex 0 -13.956119461783196 42.662394793788046
      vertex 0 -13.875084955533003 42.92510221074095
    endloop
  endfacet
  facet normal -0.03480972926043856 -0.9303095998052292 0.36511961226295314
    outer loop
      vertex -0.2910626170617623 -13.864194160791257 42.92510221074095
      vertex 0 -13.875084955533003 42.92510221074095
      vertex 0 -13.77464488834289 43.18101932823819
    endloop
  endfacet
  facet normal -0.034809729260438786 -0.9303095998052282 0.36511961226295536
    outer loop
      vertex -0.2997386708442329 -13.46224973151865 43.948412757500186
      vertex 0 -13.573905228478747 43.69249564000299
      vertex 0 -13.47346516128865 43.948412757500186
    endloop
  endfacet
  facet normal -0.03369273622781421 -0.900457332544213 0.43363739667243095
    outer loop
      vertex -0.2997386708442329 -13.46224973151865 43.948412757500186
      vertex 0 -13.47346516128865 43.948412757500186
      vertex 0 -13.354181234756606 44.19610838321113
    endloop
  endfacet
  facet normal -0.033692736227803395 -0.9004573325442123 0.4336373966724332
    outer loop
      vertex 0 -13.115780211049785 44.6911532099031
      vertex 0 -13.077809598164674 44.769999999999996
      vertex -0.09891484493210938 -13.074108465796863 44.769999999999996
    endloop
  endfacet
  facet normal -0.9303095998052294 0.03480972926043793 -0.36511961226295264
    outer loop
      vertex -15.290909950995554 0 9.349479196326293
      vertex -15.278907850667919 0.3207628841087917 9.349479196326293
      vertex -15.180220897357481 0 9.067448087247731
    endloop
  endfacet
  facet normal -0.9549625787130452 0.035732178648710415 -0.29456694428728364
    outer loop
      vertex -15.290909950995554 0 9.349479196326293
      vertex -15.380213284414104 0 9.638993492560012
      vertex -15.278907850667919 0.3207628841087917 9.349479196326293
    endloop
  endfacet
  facet normal -0.900457332544215 0.03369273622781245 -0.4336373966724273
    outer loop
      vertex -14.848308545093614 0 8.221749206020196
      vertex -14.835948683714431 0.3303242495018363 8.221749206020196
      vertex -14.739200494141052 0.06198357096753581 8
    endloop
  endfacet
  facet normal -0.9004573325442141 0.03369273622780245 -0.4336373966724297
    outer loop
      vertex -14.848308545093614 0 8.221749206020196
      vertex -14.739200494141052 0.06198357096753581 8
      vertex -14.741519755733565 0 8
    endloop
  endfacet
  facet normal -0.9303095998052304 0.03480972926043699 -0.36511961226295014
    outer loop
      vertex -14.958997598731695 0 8.503780315098782
      vertex -14.835948683714431 0.3303242495018363 8.221749206020196
      vertex -14.848308545093614 0 8.221749206020196
    endloop
  endfacet
  facet normal -0.9549625787130454 0.03573217864870736 -0.29456694428728286
    outer loop
      vertex -15.647998385882905 0 10.507131469339164
      vertex -15.636270174337445 0.31344305230461394 10.507131469339164
      vertex -15.558695052464358 0 10.217617173105456
    endloop
  endfacet
  facet normal -0.9742798739625431 0.036454980840385995 -0.22237302346161117
    outer loop
      vertex -15.715416578616665 0 10.802509871345597
      vertex -15.636270174337445 0.31344305230461394 10.507131469339164
      vertex -15.647998385882905 0 10.507131469339164
    endloop
  endfacet
  facet normal -0.974279873962543 0.03645498084039077 -0.2223730234616112
    outer loop
      vertex -15.85015867364551 0 11.392853561954352
      vertex -15.91757686637927 0 11.688231963960785
      vertex -15.90604728264468 0.3081346123032433 11.688231963960785
    endloop
  endfacet
  facet normal -0.988154686173982 0.03697413968463007 -0.14894035446104123
    outer loop
      vertex -15.962732888547116 0 11.987822595899328
      vertex -15.90604728264468 0.3081346123032433 11.688231963960785
      vertex -15.91757686637927 0 11.688231963960785
    endloop
  endfacet
  facet normal -0.9881546861739827 0.03697413968462452 -0.14894035446103834
    outer loop
      vertex -16.05298177810268 0 12.586584855187851
      vertex -16.09813780027053 0 12.886175487126412
      vertex -16.08673753536973 0.3046784937104273 12.886175487126412
    endloop
  endfacet
  facet normal -0.9965103476345266 0.037286786478008434 -0.07467812672702986
    outer loop
      vertex -16.09813780027053 0 12.886175487126412
      vertex -16.120779121079526 0 13.188302916658094
      vertex -16.08673753536973 0.3046784937104273 12.886175487126412
    endloop
  endfacet
  facet normal -0.9965103476345268 0.03728678647800979 -0.07467812672702548
    outer loop
      vertex -16.16603009676306 0 13.792135223191826
      vertex -16.188671417572056 0 14.094262652723526
      vertex -16.177334907576956 0.3029746079845805 14.094262652723526
    endloop
  endfacet
  facet normal -0.9993007047883986 0.03739119427632396 0
    outer loop
      vertex -16.188671417572056 0 14.094262652723526
      vertex -16.188671417572056 0 14.397237260708087
      vertex -16.177334907576956 0.3029746079845805 14.094262652723526
    endloop
  endfacet
  facet normal -0.9993007047883986 0.037391194276324 0
    outer loop
      vertex -16.188671417572056 0 15.002762739291912
      vertex -16.188671417572056 0 15.305737347276473
      vertex -16.177334907576956 0.30297460798458015 15.305737347276473
    endloop
  endfacet
  facet normal -0.9972445248843725 0.037314257452513 0.06411710987645892
    outer loop
      vertex -16.188671417572056 0 15.305737347276473
      vertex -16.161552503305966 0 15.727530981218738
      vertex -16.177334907576956 0.30297460798458015 15.305737347276473
    endloop
  endfacet
  facet normal -0.9972445248843729 0.03731425745251266 0.06411710987645394
    outer loop
      vertex -16.143240443612875 0 16.01234733216595
      vertex -15.414294328888532 0 27.349999999999994
      vertex -16.038500048472827 1.2019194200786605 16.94194405017924
    endloop
  endfacet
  facet normal -0.9916675289813021 0.11173409589381922 0.06411710987645396
    outer loop
      vertex -16.038500048472827 1.2019194200786605 16.94194405017924
      vertex -15.366739191359239 1.1515779032676565 27.41946392594174
      vertex -16.019059384847083 1.275449941073111 17.11448471205403
    endloop
  endfacet
  facet normal -0.9916675289813036 0.11173409589380544 0.06411710987645389
    outer loop
      vertex -16.019059384847083 1.275449941073111 17.11448471205403
      vertex -15.366739191359239 1.1515779032676565 27.41946392594174
      vertex -15.980625131832191 1.5 17.31761462423377
    endloop
  endfacet
  facet normal -0.9916675289813047 0.11173409589379497 0.0641171098764536
    outer loop
      vertex -15.980625131832191 1.5 17.31761462423377
      vertex -15.366739191359239 1.1515779032676565 27.41946392594174
      vertex -15.80294370897974 1.5 20.06572504102411
    endloop
  endfacet
  facet normal -0.9972445248843729 0.03731425745251336 0.06411710987645403
    outer loop
      vertex -16.038500048472827 1.2019194200786605 16.94194405017924
      vertex -15.414294328888532 0 27.349999999999994
      vertex -15.382391794976828 0.8011066032464665 27.379975294217743
    endloop
  endfacet
  facet normal -0.9972445248843728 0.037314257452512926 0.064117109876454
    outer loop
      vertex -16.038500048472827 1.2019194200786605 16.94194405017924
      vertex -15.382391794976828 0.8011066032464665 27.379975294217743
      vertex -15.366739191359239 1.1515779032676565 27.41946392594174
    endloop
  endfacet
  facet normal -0.9916675289813038 0.11173409589380302 0.06411710987645393
    outer loop
      vertex -15.80294370897974 1.5 20.06572504102411
      vertex -15.366739191359239 1.1515779032676565 27.41946392594174
      vertex -15.313219349477288 1.5977330934085872 27.469733542866614
    endloop
  endfacet
  facet normal -0.9916675289813038 0.11173409589380252 0.06411710987645393
    outer loop
      vertex -15.80294370897974 1.5 20.06572504102411
      vertex -15.313219349477288 1.5977330934085872 27.469733542866614
      vertex -15.226129957786428 2.2949698308502837 27.601657851258963
    endloop
  endfacet
  facet normal -0.9916675289813038 0.11173409589380276 0.0641171098764539
    outer loop
      vertex -15.80294370897974 1.5 20.06572504102411
      vertex -15.226129957786428 2.2949698308502837 27.601657851258963
      vertex -15.683541370104992 2.363913508230426 20.406957320771237
    endloop
  endfacet
  facet normal -0.980544725998496 0.18552907194729754 0.06411710987645403
    outer loop
      vertex -15.683541370104992 2.363913508230426 20.406957320771237
      vertex -15.047813361968418 3.1597754696848974 27.826259521972567
      vertex -15.545591602358211 2.9567506771469736 20.801195106918794
    endloop
  endfacet
  facet normal -0.9805447259984956 0.18552907194729823 0.06411710987645398
    outer loop
      vertex -15.545591602358211 2.9567506771469736 20.801195106918794
      vertex -15.047813361968418 3.1597754696848974 27.826259521972567
      vertex -15.420322477934342 3.5195879785802617 21.08831499001252
    endloop
  endfacet
  facet normal -0.9805447259984934 0.18552907194731083 0.06411710987645387
    outer loop
      vertex -15.683541370104992 2.363913508230426 20.406957320771237
      vertex -15.226129957786428 2.2949698308502837 27.601657851258963
      vertex -15.207895894740373 2.385424412011686 27.61877278141084
    endloop
  endfacet
  facet normal -0.9805447259984957 0.18552907194729706 0.06411710987645408
    outer loop
      vertex -15.683541370104992 2.363913508230426 20.406957320771237
      vertex -15.207895894740373 2.385424412011686 27.61877278141084
      vertex -15.047813361968418 3.1597754696848974 27.826259521972567
    endloop
  endfacet
  facet normal -0.9805447259984967 0.1855290719472927 0.06411710987645375
    outer loop
      vertex -15.420322477934342 3.5195879785802617 21.08831499001252
      vertex -15.047813361968418 3.1597754696848974 27.826259521972567
      vertex -14.992223950908201 3.4218772833905096 27.91797291322311
    endloop
  endfacet
  facet normal -0.9639383191620561 0.25828649417288707 0.06411710987645378
    outer loop
      vertex -15.420322477934342 3.5195879785802617 21.08831499001252
      vertex -14.992223950908201 3.4218772833905096 27.91797291322311
      vertex -14.848190787465716 3.916455781207758 28.091033414534124
    endloop
  endfacet
  facet normal -0.9639383191620559 0.25828649417288785 0.06411710987645425
    outer loop
      vertex -15.214386647425423 4.5 20.234911808757456
      vertex -15.110367426686686 4.5 21.798739513915237
      vertex -15.156442450384535 4.675143339011834 20.40050681000044
    endloop
  endfacet
  facet normal -0.9639383191620565 0.2582864941728855 0.0641171098764539
    outer loop
      vertex -15.420322477934342 3.5195879785802617 21.08831499001252
      vertex -14.848190787465716 3.916455781207758 28.091033414534124
      vertex -15.110367426686686 4.5 21.798739513915237
    endloop
  endfacet
  facet normal -0.9419411782351973 0.3295994735523388 0.06411710987645405
    outer loop
      vertex -15.156442450384535 4.675143339011834 20.40050681000044
      vertex -14.667657710956728 4.524373214279261 28.35626507923919
      vertex -15.08015472803611 4.850750041871689 20.618524594735597
    endloop
  endfacet
  facet normal -0.9639383191620562 0.25828649417288624 0.06411710987645405
    outer loop
      vertex -15.156442450384535 4.675143339011834 20.40050681000044
      vertex -15.110367426686686 4.5 21.798739513915237
      vertex -14.667657710956728 4.524373214279261 28.35626507923919
    endloop
  endfacet
  facet normal -0.9419411782351972 0.32959947355233965 0.0641171098764539
    outer loop
      vertex -15.08015472803611 4.850750041871689 20.618524594735597
      vertex -14.34599343713065 5.36 28.78620767143081
      vertex -14.69941022522167 5.769093388964997 21.491200265132726
    endloop
  endfacet
  facet normal -0.9146763201528522 0.39906919897773097 0.06411710987645401
    outer loop
      vertex -14.69941022522167 5.769093388964997 21.491200265132726
      vertex -14.253994736624216 5.594280691636428 28.933415986691408
      vertex -14.595695660019187 5.96861661544679 21.728916573704442
    endloop
  endfacet
  facet normal -0.9639383191620559 0.2582864941728873 0.06411710987645403
    outer loop
      vertex -15.110367426686686 4.5 21.798739513915237
      vertex -14.848190787465716 3.916455781207758 28.091033414534124
      vertex -14.667657710956728 4.524373214279261 28.35626507923919
    endloop
  endfacet
  facet normal -0.941941178235198 0.3295994735523374 0.06411710987645403
    outer loop
      vertex -15.08015472803611 4.850750041871689 20.618524594735597
      vertex -14.667657710956728 4.524373214279261 28.35626507923919
      vertex -14.619499778404453 4.651233683340225 28.41161373608606
    endloop
  endfacet
  facet normal -0.9419411782351975 0.3295994735523381 0.06411710987645404
    outer loop
      vertex -15.08015472803611 4.850750041871689 20.618524594735597
      vertex -14.619499778404453 4.651233683340225 28.41161373608606
      vertex -14.34599343713065 5.36 28.78620767143081
    endloop
  endfacet
  facet normal -0.914676320152851 0.39906919897773374 0.0641171098764539
    outer loop
      vertex -14.595695660019187 5.96861661544679 21.728916573704442
      vertex -14.040478145873793 6.038791022442028 29.212720339332527
      vertex -14.166355385742309 6.822157194780834 22.54126801904448
    endloop
  endfacet
  facet normal -0.882296221061067 0.46630716756495544 0.06411710987645401
    outer loop
      vertex -14.166355385742309 6.822157194780834 22.54126801904448
      vertex -13.754878288689019 6.624000268619366 29.64462441849259
      vertex -14.029611541307904 7.045313598079877 22.799999999999997
    endloop
  endfacet
  facet normal -0.882296221061067 0.46630716756495555 0.06411710987645385
    outer loop
      vertex -14.029611541307904 7.045313598079877 22.799999999999997
      vertex -13.360911253329938 7.291451748904254 30.21168393398425
      vertex -13.560989711982172 7.8294410606906535 23.54580736893838
    endloop
  endfacet
  facet normal -0.7495174441732696 0.6450119159310072 -0.1489403544610434
    outer loop
      vertex -12.37984397277366 10 11.688231963960785
      vertex -12.539603376627033 10 12.492194466212954
      vertex -11.668409516894465 10.82670183588424 11.688231963960785
    endloop
  endfacet
  facet normal -0.7956234422249987 0.5871968230457857 -0.14894035446104076
    outer loop
      vertex -12.539603376627033 10 12.492194466212954
      vertex -12.613356448484334 10 12.886175487126412
      vertex -12.586030941360134 10.037024747385264 12.886175487126412
    endloop
  endfacet
  facet normal -0.8023510934989558 0.592162055648259 -0.0746781267270272
    outer loop
      vertex -12.613356448484334 10 12.886175487126412
      vertex -12.725798105485545 10 14.094262652723526
      vertex -12.586030941360134 10.037024747385264 12.886175487126412
    endloop
  endfacet
  facet normal -0.8023510934989555 0.5921620556482594 -0.07467812672702713
    outer loop
      vertex -12.586030941360134 10.037024747385264 12.886175487126412
      vertex -12.725798105485545 10 14.094262652723526
      vertex -12.656812973588181 10.093471534498146 14.094262652723526
    endloop
  endfacet
  facet normal -0.7495174441732702 0.645011915931007 -0.1489403544610408
    outer loop
      vertex -12.539603376627033 10 12.492194466212954
      vertex -12.586030941360134 10.037024747385264 12.886175487126412
      vertex -11.800770047462795 10.949514460623533 12.886175487126412
    endloop
  endfacet
  facet normal -0.7558552312727105 0.6504660227454002 -0.07467812672702706
    outer loop
      vertex -12.586030941360134 10.037024747385264 12.886175487126412
      vertex -12.656812973588181 10.093471534498146 14.094262652723526
      vertex -11.867135885089205 11.011092958963818 14.094262652723526
    endloop
  endfacet
  facet normal -0.8045977797666659 0.593820185573505 0
    outer loop
      vertex -12.725798105485545 10 14.094262652723526
      vertex -12.725798105485545 10 15.305737347276473
      vertex -12.656812973588181 10.093471534498146 14.094262652723526
    endloop
  endfacet
  facet normal -0.8045977797666659 0.593820185573505 0
    outer loop
      vertex -12.656812973588181 10.093471534498146 14.094262652723526
      vertex -12.725798105485545 10 15.305737347276473
      vertex -12.656812973588181 10.093471534498146 15.305737347276473
    endloop
  endfacet
  facet normal -0.7579717231454539 0.6522874112781201 0
    outer loop
      vertex -12.656812973588181 10.093471534498146 14.094262652723526
      vertex -12.656812973588181 10.093471534498146 15.305737347276473
      vertex -11.867135885089205 11.011092958963818 15.305737347276473
    endloop
  endfacet
  facet normal -0.8029422242590467 0.5925983300035744 0.06411710987645404
    outer loop
      vertex -12.725798105485545 10 15.305737347276473
      vertex -12.539603376627035 10 17.63746455742424
      vertex -12.656812973588181 10.093471534498146 15.305737347276473
    endloop
  endfacet
  facet normal -0.7564121062879019 0.6509452524461565 0.06411710987645404
    outer loop
      vertex -12.656812973588181 10.093471534498146 15.305737347276473
      vertex -12.539603376627035 10 17.63746455742424
      vertex -11.867135885089205 11.011092958963818 15.305737347276473
    endloop
  endfacet
  facet normal -0.7056418223706172 0.6072538902818374 -0.3651196122629525
    outer loop
      vertex -11.553653930206139 10 9.349479196326293
      vertex -11.209030161558609 10.400460084377242 9.349479196326293
      vertex -10.88458037248768 10.099414674383661 8.221749206020196
    endloop
  endfacet
  facet normal -0.7243411596310484 0.6233459711890331 -0.2945669442872861
    outer loop
      vertex -11.553653930206139 10 9.349479196326293
      vertex -12.024434981475306 10 10.507131469339164
      vertex -11.209030161558609 10.400460084377242 9.349479196326293
    endloop
  endfacet
  facet normal -0.7243411596310472 0.6233459711890351 -0.2945669442872845
    outer loop
      vertex -11.209030161558609 10.400460084377242 9.349479196326293
      vertex -12.024434981475306 10 10.507131469339164
      vertex -11.470794507161566 10.643341902760904 10.507131469339164
    endloop
  endfacet
  facet normal -0.6829988137674944 0.587768005763634 -0.433637396672423
    outer loop
      vertex -10.970133617571378 10 8.221749206020196
      vertex -10.88458037248768 10.099414674383661 8.221749206020196
      vertex -10.829344575958915 10 8
    endloop
  endfacet
  facet normal -0.6829988137674905 0.5877680057636379 -0.43363739667242374
    outer loop
      vertex -10.88458037248768 10.099414674383661 8.221749206020196
      vertex -10.806298650556856 10.026779851161395 8
      vertex -10.829344575958915 10 8
    endloop
  endfacet
  facet normal -0.7056418223706153 0.6072538902818402 -0.36511961226295114
    outer loop
      vertex -11.553653930206139 10 9.349479196326293
      vertex -10.88458037248768 10.099414674383661 8.221749206020196
      vertex -10.970133617571378 10 8.221749206020196
    endloop
  endfacet
  facet normal -0.6582885646663442 0.6582885646663443 -0.3651196122629525
    outer loop
      vertex -11.209030161558609 10.400460084377242 9.349479196326293
      vertex -10.34684562885908 11.151247520778963 9.148636973211008
      vertex -10.88458037248768 10.099414674383661 8.221749206020196
    endloop
  endfacet
  facet normal -0.6371650524813657 0.6371650524813657 -0.43363739667242396
    outer loop
      vertex -10.88458037248768 10.099414674383661 8.221749206020196
      vertex -10.099414674383661 10.88458037248768 8.221749206020196
      vertex -10.806298650556856 10.026779851161395 8
    endloop
  endfacet
  facet normal -0.6371650524813635 0.6371650524813649 -0.43363739667242807
    outer loop
      vertex -10.099414674383661 10.88458037248768 8.221749206020196
      vertex -10.026779851161395 10.806298650556855 8
      vertex -10.806298650556856 10.026779851161395 8
    endloop
  endfacet
  facet normal -0.6582885646663442 0.6582885646663442 -0.3651196122629524
    outer loop
      vertex -10.88458037248768 10.099414674383661 8.221749206020196
      vertex -10.34684562885908 11.151247520778963 9.148636973211008
      vertex -10.099414674383661 10.88458037248768 8.221749206020196
    endloop
  endfacet
  facet normal -0.6072538902818398 0.7056418223706151 -0.36511961226295236
    outer loop
      vertex -10.175798494467154 11.130986294844721 8.825
      vertex -10.099414674383661 10.88458037248768 8.221749206020196
      vertex -10.34684562885908 11.151247520778963 9.148636973211008
    endloop
  endfacet
  facet normal -0.6582885646663441 0.6582885646663441 -0.365119612262953
    outer loop
      vertex -11.209030161558609 10.400460084377242 9.349479196326293
      vertex -10.452993842976678 11.156496402959172 9.349479196326293
      vertex -10.34684562885908 11.151247520778963 9.148636973211008
    endloop
  endfacet
  facet normal -0.675733052075023 0.675733052075023 -0.29456694428728547
    outer loop
      vertex -11.209030161558609 10.400460084377242 9.349479196326293
      vertex -10.586384197853423 11.13312705203326 9.60186606536869
      vertex -10.452993842976678 11.156496402959172 9.349479196326293
    endloop
  endfacet
  facet normal -0.6757330520750233 0.6757330520750229 -0.2945669442872844
    outer loop
      vertex -11.209030161558609 10.400460084377242 9.349479196326293
      vertex -11.470794507161566 10.643341902760904 10.507131469339164
      vertex -10.586384197853423 11.13312705203326 9.60186606536869
    endloop
  endfacet
  facet normal -0.6757330520750231 0.6757330520750235 -0.29456694428728386
    outer loop
      vertex -11.470794507161566 10.643341902760904 10.507131469339164
      vertex -10.937766546569401 11.132826260170255 10.40724296369486
      vertex -10.586384197853423 11.13312705203326 9.60186606536869
    endloop
  endfacet
  facet normal -0.7389933694179627 0.6359552172856434 -0.22237302346160773
    outer loop
      vertex -12.37984397277366 10 11.688231963960785
      vertex -11.470794507161566 10.643341902760904 10.507131469339164
      vertex -12.024434981475306 10 10.507131469339164
    endloop
  endfacet
  facet normal -0.7389933694179632 0.6359552172856423 -0.2223730234616087
    outer loop
      vertex -12.37984397277366 10 11.688231963960785
      vertex -11.668409516894465 10.82670183588424 11.688231963960785
      vertex -11.470794507161566 10.643341902760904 10.507131469339164
    endloop
  endfacet
  facet normal -0.7495174441732694 0.6450119159310073 -0.1489403544610429
    outer loop
      vertex -12.539603376627033 10 12.492194466212954
      vertex -11.800770047462795 10.949514460623533 12.886175487126412
      vertex -11.668409516894465 10.82670183588424 11.688231963960785
    endloop
  endfacet
  facet normal -0.6894020011707767 0.6894020011707767 -0.22237302346160753
    outer loop
      vertex -11.470794507161566 10.643341902760904 10.507131469339164
      vertex -11.227980467987154 11.121461409451786 11.236626700671875
      vertex -10.972719046401691 11.141417363520778 10.507131469339164
    endloop
  endfacet
  facet normal -0.6894020011707753 0.6894020011707778 -0.22237302346160864
    outer loop
      vertex -11.470794507161566 10.643341902760904 10.507131469339164
      vertex -11.668409516894465 10.82670183588424 11.688231963960785
      vertex -11.227980467987154 11.121461409451786 11.236626700671875
    endloop
  endfacet
  facet normal -0.6894020011707763 0.6894020011707763 -0.22237302346161045
    outer loop
      vertex -11.668409516894465 10.82670183588424 11.688231963960785
      vertex -11.348987733583062 11.146123619195643 11.688231963960785
      vertex -11.227980467987154 11.121461409451786 11.236626700671875
    endloop
  endfacet
  facet normal -0.6992198405412345 0.6992198405412345 -0.14894035446104245
    outer loop
      vertex -11.668409516894465 10.82670183588424 11.688231963960785
      vertex -11.455402968136427 11.124304416913727 12.085379026013303
      vertex -11.348987733583062 11.146123619195643 11.688231963960785
    endloop
  endfacet
  facet normal -0.6992198405412341 0.699219840541235 -0.14894035446104298
    outer loop
      vertex -11.668409516894465 10.82670183588424 11.688231963960785
      vertex -11.800770047462795 10.949514460623533 12.886175487126412
      vertex -11.455402968136427 11.124304416913727 12.085379026013303
    endloop
  endfacet
  facet normal -0.6757330520750227 0.6757330520750227 -0.2945669442872863
    outer loop
      vertex -11.470794507161566 10.643341902760904 10.507131469339164
      vertex -10.972719046401691 11.141417363520778 10.507131469339164
      vertex -10.937766546569401 11.132826260170255 10.40724296369486
    endloop
  endfacet
  facet normal -0.5877680057636308 0.6829988137674938 -0.4336373966724281
    outer loop
      vertex -10.099414674383661 10.88458037248768 8.221749206020196
      vertex -9.70830559821294 11.131788196028742 8.08098931775244
      vertex -10.026779851161395 10.806298650556855 8
    endloop
  endfacet
  facet normal -0.6072538902818378 0.7056418223706166 -0.36511961226295275
    outer loop
      vertex -10.175798494467154 11.130986294844721 8.825
      vertex -9.796750898008806 11.145043612936728 8.221749206020196
      vertex -10.099414674383661 10.88458037248768 8.221749206020196
    endloop
  endfacet
  facet normal -0.5877680057636323 0.6829988137674946 -0.43363739667242474
    outer loop
      vertex -9.70830559821294 11.131788196028742 8.08098931775244
      vertex -9.648532761515364 11.131806591545502 8
      vertex -10.026779851161395 10.806298650556855 8
    endloop
  endfacet
  facet normal -0.5877680057636308 0.6829988137674945 -0.433637396672427
    outer loop
      vertex -10.099414674383661 10.88458037248768 8.221749206020196
      vertex -9.796750898008806 11.145043612936728 8.221749206020196
      vertex -9.70830559821294 11.131788196028742 8.08098931775244
    endloop
  endfacet
  facet normal -0.7051323199898523 0.7051323199898523 -0.07467812672702122
    outer loop
      vertex -11.800770047462795 10.949514460623533 12.886175487126412
      vertex -11.61876220814526 11.138149707473705 12.948753372429948
      vertex -11.606921833426027 11.1433626746603 12.886175487126412
    endloop
  endfacet
  facet normal -0.7558552312727098 0.6504660227454008 -0.07467812672702781
    outer loop
      vertex -12.586030941360134 10.037024747385264 12.886175487126412
      vertex -11.867135885089205 11.011092958963818 14.094262652723526
      vertex -11.800770047462795 10.949514460623533 12.886175487126412
    endloop
  endfacet
  facet normal -0.7051323199898506 0.7051323199898532 -0.07467812672702874
    outer loop
      vertex -11.800770047462795 10.949514460623533 12.886175487126412
      vertex -11.717144616878867 11.13224150648121 13.821921400359516
      vertex -11.61876220814526 11.138149707473705 12.948753372429948
    endloop
  endfacet
  facet normal -0.7051323199898538 0.7051323199898502 -0.07467812672702787
    outer loop
      vertex -11.800770047462795 10.949514460623533 12.886175487126412
      vertex -11.867135885089205 11.011092958963818 14.094262652723526
      vertex -11.717144616878867 11.13224150648121 13.821921400359516
    endloop
  endfacet
  facet normal -0.6992198405412344 0.6992198405412344 -0.14894035446104323
    outer loop
      vertex -11.455402968136427 11.124304416913727 12.085379026013303
      vertex -11.800770047462795 10.949514460623533 12.886175487126412
      vertex -11.606921833426027 11.1433626746603 12.886175487126412
    endloop
  endfacet
  facet normal -0.705132319989852 0.705132319989852 -0.07467812672702606
    outer loop
      vertex -11.717144616878867 11.13224150648121 13.821921400359516
      vertex -11.867135885089205 11.011092958963818 14.094262652723526
      vertex -11.727334907576957 11.150893936476066 14.094262652723526
    endloop
  endfacet
  facet normal -0.7071067811865476 0.7071067811865476 1.3430787646334203e-17
    outer loop
      vertex -11.867135885089205 11.011092958963818 14.094262652723526
      vertex -11.75 11.128228844053023 14.7
      vertex -11.727334907576957 11.150893936476066 14.094262652723526
    endloop
  endfacet
  facet normal -0.7579717231454539 0.6522874112781201 3.693738082379143e-17
    outer loop
      vertex -12.656812973588181 10.093471534498146 14.094262652723526
      vertex -11.867135885089205 11.011092958963818 15.305737347276473
      vertex -11.867135885089205 11.011092958963818 14.094262652723526
    endloop
  endfacet
  facet normal -0.7071067811865476 0.7071067811865476 0
    outer loop
      vertex -11.867135885089205 11.011092958963818 14.094262652723526
      vertex -11.867135885089205 11.011092958963818 15.305737347276473
      vertex -11.75 11.128228844053023 14.7
    endloop
  endfacet
  facet normal -0.7071067811865476 0.7071067811865476 1.4196376913377375e-17
    outer loop
      vertex -11.867135885089205 11.011092958963818 15.305737347276473
      vertex -11.727334907576958 11.150893936476065 15.305737347276473
      vertex -11.75 11.128228844053023 14.7
    endloop
  endfacet
  facet normal -0.7056518249891696 0.7056518249891696 0.06411710987645268
    outer loop
      vertex -11.867135885089205 11.011092958963818 15.305737347276473
      vertex -11.717144616878867 11.136338689242638 15.578078599640483
      vertex -11.727334907576958 11.150893936476065 15.305737347276473
    endloop
  endfacet
  facet normal -0.8449819636085522 0.5309373573194169 0.06411710987645407
    outer loop
      vertex -13.560989711982172 7.8294410606906535 23.54580736893838
      vertex -13.172368129527271 7.605070285447418 30.525302470527418
      vertex -13.385068143919117 8.075607953063322 23.825784940630676
    endloop
  endfacet
  facet normal -0.756412106287902 0.6509452524461565 0.06411710987645401
    outer loop
      vertex -12.539603376627035 10 17.63746455742424
      vertex -11.852659871518552 10 25.741578804013525
      vertex -11.867135885089205 11.011092958963818 15.305737347276473
    endloop
  endfacet
  facet normal -0.7056518249891709 0.7056518249891679 0.06411710987645411
    outer loop
      vertex -11.867135885089205 11.011092958963818 15.305737347276473
      vertex -10 10.777436835122266 38.42636330626172
      vertex -11.717144616878867 11.136338689242638 15.578078599640483
    endloop
  endfacet
  facet normal -0.7056518249891599 0.7056518249891791 0.06411710987645346
    outer loop
      vertex -11.717144616878867 11.136338689242638 15.578078599640483
      vertex -10 10.777436835122266 38.42636330626172
      vertex -11.61876220814526 11.155383089620317 16.45124662757005
    endloop
  endfacet
  facet normal -0.7056518249891719 0.705651824989167 0.06411710987645414
    outer loop
      vertex -11.61876220814526 11.155383089620317 16.45124662757005
      vertex -10 10.777436835122266 38.42636330626172
      vertex -11.455402968136427 11.24029419717437 17.314620973986695
    endloop
  endfacet
  facet normal -0.7564121062879016 0.650945252446157 0.06411710987645404
    outer loop
      vertex -11.867135885089205 11.011092958963818 15.305737347276473
      vertex -11.852659871518552 10 25.741578804013525
      vertex -11.495887110517627 9.658386263913933 33.41876631665977
    endloop
  endfacet
  facet normal -0.7056518249891689 0.7056518249891699 0.064117109876454
    outer loop
      vertex -11.455402968136427 11.24029419717437 17.314620973986695
      vertex -10 10.777436835122266 38.42636330626172
      vertex -11.227980467987154 11.390597154548214 18.16337329932812
    endloop
  endfacet
  facet normal -0.70565182498917 0.7056518249891688 0.06411710987645403
    outer loop
      vertex -11.227980467987154 11.390597154548214 18.16337329932812
      vertex -10 10.777436835122266 38.42636330626172
      vertex -10.937766546569401 11.605451406635677 18.99275703630514
    endloop
  endfacet
  facet normal -0.7056518249891695 0.7056518249891693 0.06411710987645401
    outer loop
      vertex -10.937766546569401 11.605451406635677 18.99275703630514
      vertex -10 10.777436835122266 38.42636330626172
      vertex -10.840061894842737 11.682808236048338 19.21669847686755
    endloop
  endfacet
  facet normal -0.6509452524461581 0.7564121062879006 0.06411710987645422
    outer loop
      vertex -10.840061894842737 11.682808236048338 19.21669847686755
      vertex -10 11.575100319255577 29.016046507752993
      vertex -10.586384197853423 11.851830294675334 19.79813393463131
    endloop
  endfacet
  facet normal -0.6509452524461552 0.756412106287903 0.06411710987645387
    outer loop
      vertex -10.586384197853423 11.851830294675334 19.79813393463131
      vertex -9.523907664183886 11.942602470448438 29.51399424023648
      vertex -10.175798494467154 12.139316977743118 20.575
    endloop
  endfacet
  facet normal -0.6509452524461602 0.7564121062878988 0.06411710987645414
    outer loop
      vertex -10.175798494467154 12.139316977743118 20.575
      vertex -9.523907664183886 11.942602470448438 29.51399424023648
      vertex -9.862239137482566 12.36685671894797 21.074026857914756
    endloop
  endfacet
  facet normal -0.5925983300035642 0.8029422242590545 0.06411710987645375
    outer loop
      vertex -9.862239137482566 12.36685671894797 21.074026857914756
      vertex -9.21893096236296 12.145709982445124 29.78919514646475
      vertex -9.70830559821294 12.460902219655946 21.31901068224756
    endloop
  endfacet
  facet normal -0.6509452524461581 0.7564121062879005 0.06411710987645422
    outer loop
      vertex -10.586384197853423 11.851830294675334 19.79813393463131
      vertex -10 11.575100319255577 29.016046507752993
      vertex -9.523907664183886 11.942602470448438 29.51399424023648
    endloop
  endfacet
  facet normal -0.5925983300035711 0.8029422242590493 0.064117109876454
    outer loop
      vertex -9.70830559821294 12.460902219655946 21.31901068224756
      vertex -8.570357865081789 12.570406248688679 30.46509538222798
      vertex -9.186519918999348 12.789542152615015 22.02600517184012
    endloop
  endfacet
  facet normal -0.592598330003571 0.8029422242590493 0.06411710987645398
    outer loop
      vertex -9.186519918999348 12.789542152615015 22.02600517184012
      vertex -8.570357865081789 12.570406248688679 30.46509538222798
      vertex -8.862364437109912 12.998701227202444 22.402680675500914
    endloop
  endfacet
  facet normal -0.530937357319415 0.8449819636085532 0.06411710987645398
    outer loop
      vertex -8.862364437109912 12.998701227202444 22.402680675500914
      vertex -8.570357865081789 12.570406248688679 30.46509538222798
      vertex -8.61335949400046 13.133205642861338 22.692029668808303
    endloop
  endfacet
  facet normal -0.530937357319416 0.8449819636085526 0.06411710987645393
    outer loop
      vertex -8.61335949400046 13.133205642861338 22.692029668808303
      vertex -8.284670430541674 12.730573435631246 30.71999999999999
      vertex -7.9920296688083035 13.476466629760063 23.31335949400046
    endloop
  endfacet
  facet normal -0.530937357319419 0.8449819636085508 0.06411710987645365
    outer loop
      vertex -7.9920296688083035 13.476466629760063 23.31335949400046
      vertex -8.284670430541674 12.730573435631246 30.71999999999999
      vertex -7.8325002366887855 13.566288360240232 23.450645671205173
    endloop
  endfacet
  facet normal -0.46630716756495594 0.8822962210610669 0.06411710987645401
    outer loop
      vertex -7.8325002366887855 13.566288360240232 23.450645671205173
      vertex -7.575096786953456 13.120452507255138 31.45768720596952
      vertex -7.326005171840121 13.802303518263516 23.886519918999348
    endloop
  endfacet
  facet normal -0.9419411782351956 0.32959947355234376 0.06411710987645404
    outer loop
      vertex -14.69941022522167 5.769093388964997 21.491200265132726
      vertex -14.34599343713065 5.36 28.78620767143081
      vertex -14.253994736624216 5.594280691636428 28.933415986691408
    endloop
  endfacet
  facet normal -0.9146763201528522 0.39906919897773085 0.06411710987645401
    outer loop
      vertex -14.595695660019187 5.96861661544679 21.728916573704442
      vertex -14.253994736624216 5.594280691636428 28.933415986691408
      vertex -14.040478145873793 6.038791022442028 29.212720339332527
    endloop
  endfacet
  facet normal -0.9146763201528505 0.3990691989777345 0.06411710987645398
    outer loop
      vertex -14.166355385742309 6.822157194780834 22.54126801904448
      vertex -14.040478145873793 6.038791022442028 29.212720339332527
      vertex -13.754878288689019 6.624000268619366 29.64462441849259
    endloop
  endfacet
  facet normal -0.8822962210610695 0.46630716756495066 0.06411710987645378
    outer loop
      vertex -14.029611541307904 7.045313598079877 22.799999999999997
      vertex -13.754878288689019 6.624000268619366 29.64462441849259
      vertex -13.720059727656999 6.683810675925622 29.68876650794271
    endloop
  endfacet
  facet normal -0.8822962210610674 0.46630716756495455 0.06411710987645393
    outer loop
      vertex -14.029611541307904 7.045313598079877 22.799999999999997
      vertex -13.720059727656999 6.683810675925622 29.68876650794271
      vertex -13.360911253329938 7.291451748904254 30.21168393398425
    endloop
  endfacet
  facet normal -0.8822962210610652 0.4663071675649589 0.06411710987645405
    outer loop
      vertex -13.560989711982172 7.8294410606906535 23.54580736893838
      vertex -13.360911253329938 7.291451748904254 30.21168393398425
      vertex -13.172368129527271 7.605070285447418 30.525302470527418
    endloop
  endfacet
  facet normal -0.8449819636085539 0.530937357319414 0.06411710987645393
    outer loop
      vertex -13.385068143919117 8.075607953063322 23.825784940630676
      vertex -13.172368129527271 7.605070285447418 30.525302470527418
      vertex -12.99402700567401 7.858316066015742 30.77854825109574
    endloop
  endfacet
  facet normal -0.8449819636085525 0.5309373573194163 0.06411710987645383
    outer loop
      vertex -13.385068143919117 8.075607953063322 23.825784940630676
      vertex -12.619348492574941 8.381233492057282 31.386189324074373
      vertex -12.887271949883658 8.786393242195741 24.500274832062043
    endloop
  endfacet
  facet normal -0.8449819636085529 0.5309373573194156 0.0641171098764539
    outer loop
      vertex -13.385068143919117 8.075607953063322 23.825784940630676
      vertex -12.99402700567401 7.858316066015742 30.77854825109574
      vertex -12.619348492574941 8.381233492057282 31.386189324074373
    endloop
  endfacet
  facet normal -0.8029422242590484 0.5925983300035724 0.06411710987645401
    outer loop
      vertex -12.887271949883658 8.786393242195741 24.500274832062043
      vertex -12.510788342959843 8.529711065196851 31.587369291673255
      vertex -12.66567001598208 9.054166101063446 24.800534790111485
    endloop
  endfacet
  facet normal -0.802942224259049 0.5925983300035714 0.06411710987645387
    outer loop
      vertex -12.66567001598208 9.054166101063446 24.800534790111485
      vertex -12.233589917194786 8.857279660667466 32.03120897755797
      vertex -12.149377803934533 9.688805490116332 25.400477224759207
    endloop
  endfacet
  facet normal -0.8449819636085487 0.5309373573194224 0.06411710987645404
    outer loop
      vertex -12.887271949883658 8.786393242195741 24.500274832062043
      vertex -12.619348492574941 8.381233492057282 31.386189324074373
      vertex -12.510788342959843 8.529711065196851 31.587369291673255
    endloop
  endfacet
  facet normal -0.8029422242590497 0.5925983300035708 0.06411710987645391
    outer loop
      vertex -12.66567001598208 9.054166101063446 24.800534790111485
      vertex -12.510788342959843 8.529711065196851 31.587369291673255
      vertex -12.233589917194786 8.857279660667466 32.03120897755797
    endloop
  endfacet
  facet normal -0.8029422242590483 0.5925983300035722 0.064117109876454
    outer loop
      vertex -12.149377803934533 9.688805490116332 25.400477224759207
      vertex -12.233589917194786 8.857279660667466 32.03120897755797
      vertex -11.864605942580186 9.283792328569183 32.709999999999994
    endloop
  endfacet
  facet normal -0.802942224259056 0.5925983300035622 0.06411710987645372
    outer loop
      vertex -12.149377803934533 9.688805490116332 25.400477224759207
      vertex -11.864605942580186 9.283792328569183 32.709999999999994
      vertex -11.772046786792538 9.387894045145659 32.906970060788524
    endloop
  endfacet
  facet normal -0.7564121062879039 0.6509452524461542 0.06411710987645378
    outer loop
      vertex -12.149377803934533 9.688805490116332 25.400477224759207
      vertex -11.772046786792538 9.387894045145659 32.906970060788524
      vertex -11.875440323643186 9.975772474009743 25.718798351888893
    endloop
  endfacet
  facet normal -0.7564121062878879 0.6509452524461726 0.06411710987645411
    outer loop
      vertex -11.875440323643186 9.975772474009743 25.718798351888893
      vertex -11.495887110517627 9.658386263913933 33.41876631665977
      vertex -11.852659871518552 10 25.741578804013525
    endloop
  endfacet
  facet normal -0.7564121062879022 0.6509452524461562 0.06411710987645401
    outer loop
      vertex -11.867135885089205 11.011092958963818 15.305737347276473
      vertex -11.495887110517627 9.658386263913933 33.41876631665977
      vertex -11.157722145016196 9.97896658546587 34.153544218792234
    endloop
  endfacet
  facet normal -0.7564121062878996 0.6509452524461592 0.06411710987645407
    outer loop
      vertex -11.867135885089205 11.011092958963818 15.305737347276473
      vertex -11.157722145016196 9.97896658546587 34.153544218792234
      vertex -10.953928806012028 10.16376061728759 34.68165522027217
    endloop
  endfacet
  facet normal -0.7056518249891757 0.7056518249891631 0.06411710987645408
    outer loop
      vertex -11.867135885089205 11.011092958963818 15.305737347276473
      vertex -10.953928806012028 10.16376061728759 34.68165522027217
      vertex -10.853180624341919 10.243740478027428 34.9102245303151
    endloop
  endfacet
  facet normal -0.7056518249891679 0.7056518249891709 0.06411710987645398
    outer loop
      vertex -11.867135885089205 11.011092958963818 15.305737347276473
      vertex -10.853180624341919 10.243740478027428 34.9102245303151
      vertex -10.575334607307632 10.451227218589151 35.684575587988306
    endloop
  endfacet
  facet normal -0.7564121062878995 0.6509452524461594 0.06411710987645414
    outer loop
      vertex -11.875440323643186 9.975772474009743 25.718798351888893
      vertex -11.772046786792538 9.387894045145659 32.906970060788524
      vertex -11.495887110517627 9.658386263913933 33.41876631665977
    endloop
  endfacet
  facet normal -0.705651824989171 0.7056518249891678 0.06411710987645411
    outer loop
      vertex -11.867135885089205 11.011092958963818 15.305737347276473
      vertex -10.575334607307632 10.451227218589151 35.684575587988306
      vertex -10.354723966217426 10.60026645713338 36.47226690659141
    endloop
  endfacet
  facet normal -0.7056518249891675 0.7056518249891712 0.06411710987645394
    outer loop
      vertex -11.867135885089205 11.011092958963818 15.305737347276473
      vertex -10.354723966217426 10.60026645713338 36.47226690659141
      vertex -10.192582445264252 10.690024705782252 37.268893396753526
    endloop
  endfacet
  facet normal -0.6509452524461554 0.7564121062879027 0.06411710987645401
    outer loop
      vertex -10.840061894842737 11.682808236048338 19.21669847686755
      vertex -10 10.777436835122266 38.42636330626172
      vertex -10 11.575100319255577 29.016046507752993
    endloop
  endfacet
  facet normal -0.7056518249891848 0.7056518249891538 0.064117109876455
    outer loop
      vertex -11.867135885089205 11.011092958963818 15.305737347276473
      vertex -10.192582445264252 10.690024705782252 37.268893396753526
      vertex -10.089816805603984 10.72 38.06999999999999
    endloop
  endfacet
  facet normal -0.7056518249891649 0.705651824989174 0.06411710987645372
    outer loop
      vertex -11.867135885089205 11.011092958963818 15.305737347276473
      vertex -10.089816805603984 10.72 38.06999999999999
      vertex -10 10.777436835122266 38.42636330626172
    endloop
  endfacet
  facet normal -0.5925983300035712 0.8029422242590493 0.06411710987645414
    outer loop
      vertex -9.862239137482566 12.36685671894797 21.074026857914756
      vertex -9.523907664183886 11.942602470448438 29.51399424023648
      vertex -9.21893096236296 12.145709982445124 29.78919514646475
    endloop
  endfacet
  facet normal -0.5925983300035707 0.8029422242590496 0.06411710987645394
    outer loop
      vertex -9.70830559821294 12.460902219655946 21.31901068224756
      vertex -9.21893096236296 12.145709982445124 29.78919514646475
      vertex -8.570357865081789 12.570406248688679 30.46509538222798
    endloop
  endfacet
  facet normal -0.5309373573194163 0.8449819636085525 0.06411710987645394
    outer loop
      vertex -8.61335949400046 13.133205642861338 22.692029668808303
      vertex -8.570357865081789 12.570406248688679 30.46509538222798
      vertex -8.284670430541674 12.730573435631246 30.71999999999999
    endloop
  endfacet
  facet normal -0.7051323199898518 0.7051323199898518 0.0746781267270307
    outer loop
      vertex -10.048609065457816 10.600266457133378 39.667733093408586
      vertex -10.052619695854995 10.591156987408525 39.71587779871862
      vertex -10 10.64377668326352 39.71587779871862
    endloop
  endfacet
  facet normal -0.6992198405412343 0.6992198405412343 0.14894035446104525
    outer loop
      vertex -10.052619695854995 10.591156987408525 39.71587779871862
      vertex -10.03501913109706 10.45122721858915 40.45542441201168
      vertex -10 10.64377668326352 39.71587779871862
    endloop
  endfacet
  facet normal -0.7056518249891702 0.7056518249891683 0.06411710987645619
    outer loop
      vertex -10.089816805603984 10.72 38.06999999999999
      vertex -10.06044079420976 10.699433527245759 38.61965055586198
      vertex -10 10.777436835122266 38.42636330626172
    endloop
  endfacet
  facet normal -0.7056518249891692 0.7056518249891692 0.06411710987645684
    outer loop
      vertex -10 10.777436835122266 38.42636330626172
      vertex -10.06044079420976 10.699433527245759 38.61965055586198
      vertex -10 10.759874321455518 38.61965055586198
    endloop
  endfacet
  facet normal -0.7051323199898522 0.7051323199898522 0.07467812672702426
    outer loop
      vertex -10.06044079420976 10.699433527245759 38.61965055586198
      vertex -10.043218774850192 10.690024705782252 38.87110660324646
      vertex -10 10.759874321455518 38.61965055586198
    endloop
  endfacet
  facet normal -0.7051323199898474 0.7051323199898568 0.07467812672702638
    outer loop
      vertex -10.043218774850192 10.690024705782252 38.87110660324646
      vertex -10 10.64377668326352 39.71587779871862
      vertex -10 10.759874321455518 38.61965055586198
    endloop
  endfacet
  facet normal -0.7051323199898498 0.7051323199898544 0.07467812672702637
    outer loop
      vertex -10.048609065457816 10.600266457133378 39.667733093408586
      vertex -10 10.64377668326352 39.71587779871862
      vertex -10.043218774850192 10.690024705782252 38.87110660324646
    endloop
  endfacet
  facet normal -0.6757330520750241 0.6757330520750241 0.29456694428727964
    outer loop
      vertex -10.039096044045431 9.658386263913934 42.721233683340216
      vertex -10.057972918177807 9.5506386012825 42.92510221074095
      vertex -10 9.608611519460307 42.92510221074095
    endloop
  endfacet
  facet normal -0.6582885646663593 0.6582885646663316 0.365119612262948
    outer loop
      vertex -10 9.608611519460307 42.92510221074095
      vertex -10.046664191791768 9.32194207722099 43.357817152702815
      vertex -10 9.278644034740523 43.52001361677716
    endloop
  endfacet
  facet normal -0.7056418223706139 0.6072538902818438 0.365119612262948
    outer loop
      vertex -10.042145199529683 9.283792328569183 43.42999999999999
      vertex -10 9.278644034740523 43.52001361677716
      vertex -10.046664191791768 9.32194207722099 43.357817152702815
    endloop
  endfacet
  facet normal -0.7056418223706202 0.607253890281835 0.3651196122629505
    outer loop
      vertex -10.042145199529683 9.283792328569183 43.42999999999999
      vertex -10.052669891077771 9 43.88165290357816
      vertex -10 9.278644034740523 43.52001361677716
    endloop
  endfacet
  facet normal -0.6582885646663429 0.6582885646663429 0.36511961226295725
    outer loop
      vertex -10.057972918177807 9.5506386012825 42.92510221074095
      vertex -10.046664191791768 9.32194207722099 43.357817152702815
      vertex -10 9.608611519460307 42.92510221074095
    endloop
  endfacet
  facet normal -0.7056418223706199 0.6072538902818354 0.3651196122629508
    outer loop
      vertex -10 9.278644034740523 43.52001361677716
      vertex -10.052669891077771 9 43.88165290357816
      vertex -10 9.021063258959941 43.948412757500186
    endloop
  endfacet
  facet normal -0.7056418223706222 0.6072538902818302 0.36511961226295436
    outer loop
      vertex -10.052669891077771 9 43.88165290357816
      vertex -10.018126400023268 9 43.948412757500186
      vertex -10 9.021063258959941 43.948412757500186
    endloop
  endfacet
  facet normal -0.6829988137674984 0.5877680057636221 0.4336373966724328
    outer loop
      vertex -10.018126400023268 9 43.948412757500186
      vertex -10 9 43.97696266995877
      vertex -10 9.021063258959941 43.948412757500186
    endloop
  endfacet
  facet normal -0.6992198405412418 0.6992198405412272 0.14894035446104312
    outer loop
      vertex -10.03501913109706 10.45122721858915 40.45542441201168
      vertex -10 10.41223067196586 40.80290062529484
      vertex -10 10.64377668326352 39.71587779871862
    endloop
  endfacet
  facet normal -0.6992198405412345 0.6992198405412345 0.1489403544610432
    outer loop
      vertex -10.03501913109706 10.45122721858915 40.45542441201168
      vertex -10.054109424114957 10.358121247850903 40.80290062529484
      vertex -10 10.41223067196586 40.80290062529484
    endloop
  endfacet
  facet normal -0.6894020011707765 0.6894020011707765 0.2223730234616087
    outer loop
      vertex -10.054109424114957 10.358121247850903 40.80290062529484
      vertex -10.030797745083465 10.243740478027428 41.22977546968489
      vertex -10 10.41223067196586 40.80290062529484
    endloop
  endfacet
  facet normal -0.6894020011707747 0.6894020011707782 0.22237302346160956
    outer loop
      vertex -10.048438554312542 10.018092632468957 41.87463996300705
      vertex -10 10.41223067196586 40.80290062529484
      vertex -10.030797745083465 10.243740478027428 41.22977546968489
    endloop
  endfacet
  facet normal -0.675733052075029 0.6757330520750184 0.29456694428728186
    outer loop
      vertex -10.039096044045431 9.658386263913934 42.721233683340216
      vertex -10 10.066531186781498 41.87463996300705
      vertex -10.038821619469145 9.97896658546587 41.986455781207745
    endloop
  endfacet
  facet normal -0.6757330520750224 0.6757330520750224 0.2945669442872873
    outer loop
      vertex -10.048438554312542 10.018092632468957 41.87463996300705
      vertex -10.038821619469145 9.97896658546587 41.986455781207745
      vertex -10 10.066531186781498 41.87463996300705
    endloop
  endfacet
  facet normal -0.6894020011707765 0.6894020011707765 0.22237302346160884
    outer loop
      vertex -10.048438554312542 10.018092632468957 41.87463996300705
      vertex -10 10.066531186781498 41.87463996300705
      vertex -10 10.41223067196586 40.80290062529484
    endloop
  endfacet
  facet normal -0.6757330520750353 0.6757330520750132 0.29456694428727914
    outer loop
      vertex -10.039096044045431 9.658386263913934 42.721233683340216
      vertex -10 9.608611519460307 42.92510221074095
      vertex -10 10.066531186781498 41.87463996300705
    endloop
  endfacet
  facet normal -0.5309373573194163 0.8449819636085526 0.06411710987645401
    outer loop
      vertex -7.8325002366887855 13.566288360240232 23.450645671205173
      vertex -8.284670430541674 12.730573435631246 30.71999999999999
      vertex -7.575096786953456 13.120452507255138 31.45768720596952
    endloop
  endfacet
  facet normal -0.4663071675649565 0.8822962210610664 0.06411710987645397
    outer loop
      vertex -7.326005171840121 13.802303518263516 23.886519918999348
      vertex -7.575096786953456 13.120452507255138 31.45768720596952
      vertex -7.308669519583004 13.24424235816556 31.691909034971886
    endloop
  endfacet
  facet normal -0.4663071675649564 0.8822962210610665 0.06411710987645397
    outer loop
      vertex -7.326005171840121 13.802303518263516 23.886519918999348
      vertex -7.308669519583004 13.24424235816556 31.691909034971886
      vertex -6.773249390926249 14.064797284578896 24.29447225077721
    endloop
  endfacet
  facet normal -0.39906919897773546 0.91467632015285 0.06411710987645394
    outer loop
      vertex -6.773249390926249 14.064797284578896 24.29447225077721
      vertex -6.5447600109680515 13.590334198206156 32.48515995860662
      vertex -6.619010682247558 14.124111439196518 24.40830559821294
    endloop
  endfacet
  facet normal -0.39906919897773246 0.9146763201528515 0.06411710987645401
    outer loop
      vertex -6.619010682247558 14.124111439196518 24.40830559821294
      vertex -6.295997830138333 13.6838441050698 32.69948694181398
      vertex -5.875 14.415949598464934 24.875798494467155
    endloop
  endfacet
  facet normal -0.4663071675649566 0.8822962210610663 0.06411710987645394
    outer loop
      vertex -6.773249390926249 14.064797284578896 24.29447225077721
      vertex -7.308669519583004 13.24424235816556 31.691909034971886
      vertex -6.5447600109680515 13.590334198206156 32.48515995860662
    endloop
  endfacet
  facet normal -0.39906919897773196 0.9146763201528517 0.06411710987645401
    outer loop
      vertex -6.619010682247558 14.124111439196518 24.40830559821294
      vertex -6.5447600109680515 13.590334198206156 32.48515995860662
      vertex -6.295997830138333 13.6838441050698 32.69948694181398
    endloop
  endfacet
  facet normal -0.39906919897773074 0.9146763201528523 0.06411710987645419
    outer loop
      vertex -5.875 14.415949598464934 24.875798494467155
      vertex -6.295997830138333 13.6838441050698 32.69948694181398
      vertex -5.687260743236233 14.490904044392076 24.975021588675787
    endloop
  endfacet
  facet normal -0.329599473552338 0.9419411782351977 0.064117109876454
    outer loop
      vertex -5.687260743236233 14.490904044392076 24.975021588675787
      vertex -5.486055662355796 13.97824185921794 33.54082738578791
      vertex -5.098133934631309 14.67585425080952 25.286384197853423
    endloop
  endfacet
  facet normal -0.32959947355234004 0.9419411782351969 0.06411710987645396
    outer loop
      vertex -5.098133934631309 14.67585425080952 25.286384197853423
      vertex -4.5 14.353294381942765 33.09985323701214
      vertex -4.578252218200489 14.842329151595107 25.513206272032132
    endloop
  endfacet
  facet normal -0.25828649417288285 0.9639383191620573 0.06411710987645369
    outer loop
      vertex -4.578252218200489 14.842329151595107 25.513206272032132
      vertex -3.75871923026262 14.524706647949335 33.58972134895424
      vertex -4.292757036305139 14.910542131117916 25.637766546569402
    endloop
  endfacet
  facet normal -0.3990691989777323 0.9146763201528515 0.06411710987645398
    outer loop
      vertex -5.687260743236233 14.490904044392076 24.975021588675787
      vertex -6.295997830138333 13.6838441050698 32.69948694181398
      vertex -5.486055662355796 13.97824185921794 33.54082738578791
    endloop
  endfacet
  facet normal -0.3295994735523411 0.9419411782351965 0.06411710987645375
    outer loop
      vertex -5.098133934631309 14.67585425080952 25.286384197853423
      vertex -5.486055662355796 13.97824185921794 33.54082738578791
      vertex -5.251603333279543 14.046920245056265 33.7370989361597
    endloop
  endfacet
  facet normal -0.32959947355233865 0.9419411782351975 0.06411710987645387
    outer loop
      vertex -5.098133934631309 14.67585425080952 25.286384197853423
      vertex -5.251603333279543 14.046920245056265 33.7370989361597
      vertex -4.5 14.353294381942765 33.09985323701214
    endloop
  endfacet
  facet normal -0.32959947355231795 0.9419411782352046 0.06411710987645422
    outer loop
      vertex -4.578252218200489 14.842329151595107 25.513206272032132
      vertex -4.5 14.353294381942765 33.09985323701214
      vertex -4.4334208781918925 14.372797479371268 33.15558988723505
    endloop
  endfacet
  facet normal -0.2582864941728882 0.9639383191620556 0.06411710987645416
    outer loop
      vertex -4.578252218200489 14.842329151595107 25.513206272032132
      vertex -4.4334208781918925 14.372797479371268 33.15558988723505
      vertex -3.75871923026262 14.524706647949335 33.58972134895424
    endloop
  endfacet
  facet normal -0.32959947355233815 0.9419411782351975 0.06411710987645446
    outer loop
      vertex -5.251603333279543 14.046920245056265 33.7370989361597
      vertex -4.5 14.256640765142581 34.51978657251159
      vertex -4.5 14.353294381942765 33.09985323701214
    endloop
  endfacet
  facet normal -0.25828649417288774 0.9639383191620557 0.06411710987645396
    outer loop
      vertex -4.292757036305139 14.910542131117916 25.637766546569402
      vertex -3.335886253026249 14.61547263044211 33.928464607216185
      vertex -3.463373299328124 15.113471028094049 25.927980467987155
    endloop
  endfacet
  facet normal -0.25828649417284644 0.963938319162067 0.06411710987645398
    outer loop
      vertex -3.450297624000639 15.116741598942045 25.931484084631645
      vertex -3.463373299328124 15.113471028094049 25.927980467987155
      vertex -3.335886253026249 14.61547263044211 33.928464607216185
    endloop
  endfacet
  facet normal -0.185529071947296 0.9805447259984962 0.06411710987645387
    outer loop
      vertex -3.450297624000639 15.116741598942045 25.931484084631645
      vertex -2.2283184373662293 14.783926855412854 34.557144333556636
      vertex -2.614620973986689 15.260218258331308 26.15540296813643
    endloop
  endfacet
  facet normal -0.1855290719472971 0.980544725998496 0.0641171098764539
    outer loop
      vertex -2.614620973986689 15.260218258331308 26.15540296813643
      vertex -2.2283184373662293 14.783926855412854 34.557144333556636
      vertex -2.308273215731646 15.31439214945414 26.213367091317362
    endloop
  endfacet
  facet normal -0.11173409589380323 0.991667528981304 0.06411710987645405
    outer loop
      vertex -2.308273215731646 15.31439214945414 26.213367091317362
      vertex -1.1011676677347992 14.694061346629558 37.91128614735549
      vertex -1.7512466275700465 15.37033956157516 26.31876220814526
    endloop
  endfacet
  facet normal -0.11173409589380154 0.991667528981304 0.06411710987645397
    outer loop
      vertex -1.7512466275700465 15.37033956157516 26.31876220814526
      vertex -1.1011676677347992 14.694061346629558 37.91128614735549
      vertex -1.156544514537749 15.43301401292001 26.385769043585416
    endloop
  endfacet
  facet normal -0.03731425745251686 0.9972445248843727 0.06411710987645404
    outer loop
      vertex -1.156544514537749 15.43301401292001 26.385769043585416
      vertex -0.6697357115108916 14.7 38.06999999999999
      vertex -0.8780785996404834 15.441416202704813 26.417144616878865
    endloop
  endfacet
  facet normal -0.037314257452513946 0.9972445248843727 0.06411710987645396
    outer loop
      vertex -0.8780785996404834 15.441416202704813 26.417144616878865
      vertex 0 14.689720360389458 38.61965055586198
      vertex 0 15.472159172915125 26.45
    endloop
  endfacet
  facet normal -0.2582864941728876 0.9639383191620557 0.06411710987645394
    outer loop
      vertex -4.292757036305139 14.910542131117916 25.637766546569402
      vertex -3.75871923026262 14.524706647949335 33.58972134895424
      vertex -3.335886253026249 14.61547263044211 33.928464607216185
    endloop
  endfacet
  facet normal -0.18552907194729631 0.9805447259984961 0.06411710987645391
    outer loop
      vertex -3.450297624000639 15.116741598942045 25.931484084631645
      vertex -3.335886253026249 14.61547263044211 33.928464607216185
      vertex -2.2283184373662293 14.783926855412854 34.557144333556636
    endloop
  endfacet
  facet normal -0.11173409589380164 0.9916675289813042 0.06411710987645393
    outer loop
      vertex -2.308273215731646 15.31439214945414 26.213367091317362
      vertex -2.2283184373662293 14.783926855412854 34.557144333556636
      vertex -1.8429781660722881 14.81890426516372 34.687681803864024
    endloop
  endfacet
  facet normal -0.11173409589380315 0.9916675289813038 0.064117109876454
    outer loop
      vertex -2.308273215731646 15.31439214945414 26.213367091317362
      vertex -1.8429781660722881 14.81890426516372 34.687681803864024
      vertex -1.5 14.847706488858721 34.83990521685659
    endloop
  endfacet
  facet normal -0.11173409589379828 0.9916675289813045 0.06411710987645368
    outer loop
      vertex -2.308273215731646 15.31439214945414 26.213367091317362
      vertex -1.5 14.847706488858721 34.83990521685659
      vertex -1.1011676677347992 14.694061346629558 37.91128614735549
    endloop
  endfacet
  facet normal -0.03731425745251516 0.9972445248843727 0.06411710987645397
    outer loop
      vertex -1.156544514537749 15.43301401292001 26.385769043585416
      vertex -1.1011676677347992 14.694061346629558 37.91128614735549
      vertex -0.6697357115108916 14.7 38.06999999999999
    endloop
  endfacet
  facet normal -0.037314257452516215 0.9972445248843725 0.06411710987645401
    outer loop
      vertex -0.8780785996404834 15.441416202704813 26.417144616878865
      vertex -0.6697357115108916 14.7 38.06999999999999
      vertex -0.27492140354152317 14.679433527245758 38.61965055586198
    endloop
  endfacet
  facet normal -0.03731425745251214 0.9972445248843728 0.06411710987645386
    outer loop
      vertex -0.8780785996404834 15.441416202704813 26.417144616878865
      vertex -0.27492140354152317 14.679433527245758 38.61965055586198
      vertex 0 14.689720360389458 38.61965055586198
    endloop
  endfacet
  facet normal -0.11173409589380365 0.991667528981304 0.06411710987645425
    outer loop
      vertex -1.5 14.847706488858721 34.83990521685659
      vertex -1.5 14.677588398073032 37.47103732885488
      vertex -1.1011676677347992 14.694061346629558 37.91128614735549
    endloop
  endfacet
  facet normal -0.03728678647800911 0.9965103476345271 0.07467812672702531
    outer loop
      vertex -0.27492140354152317 14.679433527245758 38.61965055586198
      vertex 0 14.66917545817389 38.89380322339997
      vertex 0 14.689720360389458 38.61965055586198
    endloop
  endfacet
  facet normal -0.03728678647801185 0.9965103476345268 0.0746781267270253
    outer loop
      vertex -0.27646752207057934 14.597224800613272 39.71587779871862
      vertex 0 14.607569485430666 39.71587779871862
      vertex 0 14.628114387646235 39.44172513118063
    endloop
  endfacet
  facet normal -0.03697413968462787 0.9881546861739819 0.1489403544610423
    outer loop
      vertex -0.27646752207057934 14.597224800613272 39.71587779871862
      vertex 0 14.5665945764265 39.98772855732958
      vertex 0 14.607569485430666 39.71587779871862
    endloop
  endfacet
  facet normal -0.03480972926043851 0.9303095998052283 0.3651196122629554
    outer loop
      vertex -0.2997386708441878 13.462249731518652 43.948412757500186
      vertex 0 13.47346516128865 43.948412757500186
      vertex 0 13.573905228478747 43.69249564000299
    endloop
  endfacet
  facet normal -0.03369273622781398 0.9004573325442141 0.43363739667242895
    outer loop
      vertex -0.2997386708441878 13.462249731518652 43.948412757500186
      vertex 0 13.354181234756624 44.1961083832111
      vertex 0 13.47346516128865 43.948412757500186
    endloop
  endfacet
  facet normal -0.03369273622781577 0.900457332544215 0.43363739667242696
    outer loop
      vertex 0 13.115780211049767 44.691153209903135
      vertex -0.09891484493207339 13.074108465796863 44.769999999999996
      vertex 0 13.077809598164674 44.769999999999996
    endloop
  endfacet
  facet normal -0.03697413968462832 0.9881546861739814 0.14894035446104614
    outer loop
      vertex -0.2796036296825945 14.433265126844246 40.80290062529484
      vertex 0 14.443727156529336 40.80290062529484
      vertex 0 14.484702065533503 40.53104986668389
    endloop
  endfacet
  facet normal -0.03645498084038911 0.9742798739625446 0.22237302346160467
    outer loop
      vertex -0.2796036296825945 14.433265126844246 40.80290062529484
      vertex 0 14.3825513890487 41.07092917526366
      vertex 0 14.443727156529336 40.80290062529484
    endloop
  endfacet
  facet normal -0.03645498084039103 0.9742798739625443 0.2223730234616052
    outer loop
      vertex -0.28442054746161155 14.18846738041731 41.87463996300705
      vertex 0 14.199109646449303 41.87463996300705
      vertex 0 14.26028541392994 41.60661141303822
    endloop
  endfacet
  facet normal -0.035732178648712226 0.9549625787130449 0.29456694428728364
    outer loop
      vertex -0.28442054746161155 14.18846738041731 41.87463996300705
      vertex 0 14.118075140199123 42.13734737995991
      vertex 0 14.199109646449303 41.87463996300705
    endloop
  endfacet
  facet normal -0.03573217864870936 0.9549625787130458 0.29456694428728136
    outer loop
      vertex -0.29106261706177633 13.864194160791257 42.92510221074095
      vertex 0 13.875084955533003 42.92510221074095
      vertex 0 13.956119461783196 42.662394793788046
    endloop
  endfacet
  facet normal -0.034809729260436864 0.930309599805229 0.36511961226295403
    outer loop
      vertex -0.29106261706177633 13.864194160791257 42.92510221074095
      vertex 0 13.774644888342875 43.18101932823823
      vertex 0 13.875084955533003 42.92510221074095
    endloop
  endfacet
  facet normal 0.4663071675649561 -0.8822962210610666 0.064117109876454
    outer loop
      vertex 7.326005171840118 -13.802303518263518 23.88651991899935
      vertex 7.8325002366887855 -13.566288360240232 23.450645671205173
      vertex 7.308669519583004 -13.24424235816556 31.691909034971886
    endloop
  endfacet
  facet normal 0.53093735731942 -0.8449819636085503 0.064117109876454
    outer loop
      vertex 7.8325002366887855 -13.566288360240232 23.450645671205173
      vertex 7.9920296688083 -13.476466629760065 23.313359494000462
      vertex 7.575096786953456 -13.120452507255138 31.45768720596952
    endloop
  endfacet
  facet normal 0.5309373573194157 -0.844981963608553 0.0641171098764539
    outer loop
      vertex 7.9920296688083 -13.476466629760065 23.313359494000462
      vertex 8.613359494000463 -13.133205642861336 22.6920296688083
      vertex 7.575096786953456 -13.120452507255138 31.45768720596952
    endloop
  endfacet
  facet normal 0.5877680057636336 -0.6829988137674928 -0.4336373966724257
    outer loop
      vertex 9.70830559821294 -11.131788196028742 8.08098931775244
      vertex 9.648532761515364 -11.131806591545502 8
      vertex 10.026779851161393 -10.806298650556855 8
    endloop
  endfacet
  facet normal 0.5877680057636325 -0.6829988137674925 -0.43363739667242795
    outer loop
      vertex 9.70830559821294 -11.131788196028742 8.08098931775244
      vertex 10.09941467438366 -10.88458037248768 8.221749206020196
      vertex 9.796750898008806 -11.145043612936728 8.221749206020196
    endloop
  endfacet
  facet normal 0.5877680057636324 -0.6829988137674923 -0.43363739667242807
    outer loop
      vertex 9.70830559821294 -11.131788196028742 8.08098931775244
      vertex 10.026779851161393 -10.806298650556855 8
      vertex 10.09941467438366 -10.88458037248768 8.221749206020196
    endloop
  endfacet
  facet normal 0.6072538902818401 -0.705641822370615 -0.3651196122629521
    outer loop
      vertex 9.796750898008806 -11.145043612936728 8.221749206020196
      vertex 10.09941467438366 -10.88458037248768 8.221749206020196
      vertex 10.175798494467154 -11.13098629484472 8.825
    endloop
  endfacet
  facet normal 0.6072538902818374 -0.7056418223706169 -0.36511961226295253
    outer loop
      vertex 10.09941467438366 -10.88458037248768 8.221749206020196
      vertex 10.346845628859077 -11.151247520778961 9.148636973211001
      vertex 10.175798494467154 -11.13098629484472 8.825
    endloop
  endfacet
  facet normal 0.6582885646663443 -0.6582885646663441 -0.36511961226295264
    outer loop
      vertex 10.09941467438366 -10.88458037248768 8.221749206020196
      vertex 11.209030161558609 -10.40046008437724 9.349479196326293
      vertex 10.346845628859077 -11.151247520778961 9.148636973211001
    endloop
  endfacet
  facet normal 0.6582885646663443 -0.6582885646663444 -0.36511961226295175
    outer loop
      vertex 10.346845628859077 -11.151247520778961 9.148636973211001
      vertex 11.209030161558609 -10.40046008437724 9.349479196326293
      vertex 10.452993842976678 -11.15649640295917 9.349479196326293
    endloop
  endfacet
  facet normal 0.675733052075027 -0.6757330520750167 -0.2945669442872907
    outer loop
      vertex 10.452993842976678 -11.15649640295917 9.349479196326293
      vertex 11.470794507161566 -10.643341902760902 10.507131469339164
      vertex 10.586384197853425 -11.133127052033258 9.601866065368691
    endloop
  endfacet
  facet normal 0.6757330520750232 -0.6757330520750238 -0.2945669442872831
    outer loop
      vertex 10.586384197853425 -11.133127052033258 9.601866065368691
      vertex 11.470794507161566 -10.643341902760902 10.507131469339164
      vertex 10.9377665465694 -11.132826260170255 10.40724296369486
    endloop
  endfacet
  facet normal 0.6757330520750232 -0.6757330520750232 -0.29456694428728447
    outer loop
      vertex 10.452993842976678 -11.15649640295917 9.349479196326293
      vertex 11.209030161558609 -10.40046008437724 9.349479196326293
      vertex 11.470794507161566 -10.643341902760902 10.507131469339164
    endloop
  endfacet
  facet normal 0.6371650524813635 -0.6371650524813649 -0.43363739667242807
    outer loop
      vertex 10.09941467438366 -10.88458037248768 8.221749206020196
      vertex 10.026779851161393 -10.806298650556855 8
      vertex 10.806298650556856 -10.026779851161393 8
    endloop
  endfacet
  facet normal 0.6371650524813656 -0.6371650524813656 -0.43363739667242385
    outer loop
      vertex 10.09941467438366 -10.88458037248768 8.221749206020196
      vertex 10.806298650556856 -10.026779851161393 8
      vertex 10.88458037248768 -10.09941467438366 8.221749206020196
    endloop
  endfacet
  facet normal 0.6582885646663442 -0.6582885646663442 -0.36511961226295253
    outer loop
      vertex 10.09941467438366 -10.88458037248768 8.221749206020196
      vertex 10.88458037248768 -10.09941467438366 8.221749206020196
      vertex 11.209030161558609 -10.40046008437724 9.349479196326293
    endloop
  endfacet
  facet normal 0.6829988137674937 -0.5877680057636344 -0.43363739667242374
    outer loop
      vertex 10.88458037248768 -10.09941467438366 8.221749206020196
      vertex 10.806298650556856 -10.026779851161393 8
      vertex 10.829344575958913 -10 8
    endloop
  endfacet
  facet normal 0.6829988137674949 -0.5877680057636328 -0.4336373966724234
    outer loop
      vertex 10.88458037248768 -10.09941467438366 8.221749206020196
      vertex 10.829344575958913 -10 8
      vertex 10.970133617571376 -10 8.221749206020196
    endloop
  endfacet
  facet normal 0.7056418223706158 -0.6072538902818387 -0.36511961226295253
    outer loop
      vertex 10.88458037248768 -10.09941467438366 8.221749206020196
      vertex 10.970133617571376 -10 8.221749206020196
      vertex 11.553653930206139 -10 9.349479196326293
    endloop
  endfacet
  facet normal 0.7056418223706157 -0.6072538902818388 -0.3651196122629524
    outer loop
      vertex 10.88458037248768 -10.09941467438366 8.221749206020196
      vertex 11.553653930206139 -10 9.349479196326293
      vertex 11.209030161558609 -10.40046008437724 9.349479196326293
    endloop
  endfacet
  facet normal 0.7243411596310473 -0.623345971189035 -0.2945669442872845
    outer loop
      vertex 11.470794507161566 -10.643341902760902 10.507131469339164
      vertex 11.209030161558609 -10.40046008437724 9.349479196326293
      vertex 12.024434981475304 -10 10.507131469339164
    endloop
  endfacet
  facet normal 0.7243411596310473 -0.623345971189035 -0.2945669442872845
    outer loop
      vertex 11.209030161558609 -10.40046008437724 9.349479196326293
      vertex 11.553653930206139 -10 9.349479196326293
      vertex 12.024434981475304 -10 10.507131469339164
    endloop
  endfacet
  facet normal 0.6757330520750228 -0.6757330520750228 -0.29456694428728636
    outer loop
      vertex 10.9377665465694 -11.132826260170255 10.40724296369486
      vertex 11.470794507161566 -10.643341902760902 10.507131469339164
      vertex 10.97271904640169 -11.141417363520778 10.507131469339164
    endloop
  endfacet
  facet normal 0.6894020011707764 -0.6894020011707764 -0.22237302346160912
    outer loop
      vertex 10.97271904640169 -11.141417363520778 10.507131469339164
      vertex 11.470794507161566 -10.643341902760902 10.507131469339164
      vertex 11.227980467987154 -11.121461409451786 11.236626700671875
    endloop
  endfacet
  facet normal 0.689402001170777 -0.689402001170776 -0.22237302346160864
    outer loop
      vertex 11.470794507161566 -10.643341902760902 10.507131469339164
      vertex 11.668409516894465 -10.826701835884238 11.688231963960785
      vertex 11.227980467987154 -11.121461409451786 11.236626700671875
    endloop
  endfacet
  facet normal 0.6894020011707767 -0.6894020011707767 -0.22237302346160784
    outer loop
      vertex 11.227980467987154 -11.121461409451786 11.236626700671875
      vertex 11.668409516894465 -10.826701835884238 11.688231963960785
      vertex 11.348987733583062 -11.146123619195642 11.688231963960785
    endloop
  endfacet
  facet normal 0.6992198405412348 -0.6992198405412348 -0.1489403544610418
    outer loop
      vertex 11.348987733583062 -11.146123619195642 11.688231963960785
      vertex 11.668409516894465 -10.826701835884238 11.688231963960785
      vertex 11.455402968136427 -11.124304416913725 12.085379026013305
    endloop
  endfacet
  facet normal 0.6992198405412335 -0.6992198405412354 -0.148940354461043
    outer loop
      vertex 11.455402968136427 -11.124304416913725 12.085379026013305
      vertex 11.668409516894465 -10.826701835884238 11.688231963960785
      vertex 11.800770047462795 -10.949514460623531 12.886175487126412
    endloop
  endfacet
  facet normal 0.7389933694179633 -0.6359552172856422 -0.22237302346160862
    outer loop
      vertex 11.470794507161566 -10.643341902760902 10.507131469339164
      vertex 12.379843972773658 -10 11.688231963960785
      vertex 11.668409516894465 -10.826701835884238 11.688231963960785
    endloop
  endfacet
  facet normal 0.7389933694179627 -0.6359552172856431 -0.2223730234616078
    outer loop
      vertex 11.470794507161566 -10.643341902760902 10.507131469339164
      vertex 12.024434981475304 -10 10.507131469339164
      vertex 12.379843972773658 -10 11.688231963960785
    endloop
  endfacet
  facet normal 0.7495174441732696 -0.645011915931007 -0.14894035446104292
    outer loop
      vertex 11.668409516894465 -10.826701835884238 11.688231963960785
      vertex 12.539603376627039 -10 12.492194466212991
      vertex 11.800770047462795 -10.949514460623531 12.886175487126412
    endloop
  endfacet
  facet normal 0.6992198405412344 -0.6992198405412345 -0.14894035446104356
    outer loop
      vertex 11.455402968136427 -11.124304416913725 12.085379026013305
      vertex 11.800770047462795 -10.949514460623531 12.886175487126412
      vertex 11.606921833426027 -11.143362674660299 12.886175487126412
    endloop
  endfacet
  facet normal 0.7051323199898525 -0.7051323199898525 -0.07467812672701908
    outer loop
      vertex 11.606921833426027 -11.143362674660299 12.886175487126412
      vertex 11.800770047462795 -10.949514460623531 12.886175487126412
      vertex 11.61876220814526 -11.138149707473703 12.94875337242995
    endloop
  endfacet
  facet normal 0.7051323199898505 -0.7051323199898534 -0.0746781267270276
    outer loop
      vertex 11.61876220814526 -11.138149707473703 12.94875337242995
      vertex 11.800770047462795 -10.949514460623531 12.886175487126412
      vertex 11.717144616878867 -11.132241506481206 13.821921400359514
    endloop
  endfacet
  facet normal 0.7051323199898533 -0.7051323199898507 -0.07467812672702683
    outer loop
      vertex 11.717144616878867 -11.132241506481206 13.821921400359514
      vertex 11.800770047462795 -10.949514460623531 12.886175487126412
      vertex 11.867135885089205 -11.011092958963815 14.094262652723526
    endloop
  endfacet
  facet normal 0.7558552312727098 -0.6504660227454011 -0.0746781267270269
    outer loop
      vertex 11.800770047462795 -10.949514460623531 12.886175487126412
      vertex 12.656812973588183 -10.093471534498143 14.094262652723526
      vertex 11.867135885089205 -11.011092958963815 14.094262652723526
    endloop
  endfacet
  facet normal 0.705132319989852 -0.705132319989852 -0.07467812672702558
    outer loop
      vertex 11.717144616878867 -11.132241506481206 13.821921400359514
      vertex 11.867135885089205 -11.011092958963815 14.094262652723526
      vertex 11.727334907576957 -11.150893936476063 14.094262652723526
    endloop
  endfacet
  facet normal 0.7071067811865476 -0.7071067811865476 -1.5755469448899249e-18
    outer loop
      vertex 11.727334907576957 -11.150893936476063 14.094262652723526
      vertex 11.867135885089205 -11.011092958963815 14.094262652723526
      vertex 11.75 -11.12822884405302 14.7
    endloop
  endfacet
  facet normal 0.7071067811865476 -0.7071067811865476 1.749457076750406e-18
    outer loop
      vertex 11.75 -11.12822884405302 14.7
      vertex 11.867135885089205 -11.011092958963815 14.094262652723526
      vertex 11.867135885089205 -11.011092958963815 15.305737347276473
    endloop
  endfacet
  facet normal 0.7579717231454531 -0.6522874112781208 0
    outer loop
      vertex 11.867135885089205 -11.011092958963815 14.094262652723526
      vertex 12.656812973588183 -10.093471534498143 14.094262652723526
      vertex 11.867135885089205 -11.011092958963815 15.305737347276473
    endloop
  endfacet
  facet normal 0.7071067811865476 -0.7071067811865476 -4.009156774604761e-19
    outer loop
      vertex 11.75 -11.12822884405302 14.7
      vertex 11.867135885089205 -11.011092958963815 15.305737347276473
      vertex 11.727334907576958 -11.150893936476061 15.305737347276473
    endloop
  endfacet
  facet normal 0.7056518249891696 -0.7056518249891696 0.06411710987645268
    outer loop
      vertex 11.727334907576958 -11.150893936476061 15.305737347276473
      vertex 11.867135885089205 -11.011092958963815 15.305737347276473
      vertex 11.717144616878867 -11.136338689242635 15.578078599640483
    endloop
  endfacet
  facet normal 0.7495174441732697 -0.6450119159310069 -0.14894035446104312
    outer loop
      vertex 11.668409516894465 -10.826701835884238 11.688231963960785
      vertex 12.379843972773658 -10 11.688231963960785
      vertex 12.539603376627039 -10 12.492194466212991
    endloop
  endfacet
  facet normal 0.7495174441732698 -0.6450119159310069 -0.14894035446104226
    outer loop
      vertex 11.800770047462795 -10.949514460623531 12.886175487126412
      vertex 12.539603376627039 -10 12.492194466212991
      vertex 12.586030941360136 -10.03702474738526 12.886175487126412
    endloop
  endfacet
  facet normal 0.7558552312727098 -0.650466022745401 -0.07467812672702702
    outer loop
      vertex 11.800770047462795 -10.949514460623531 12.886175487126412
      vertex 12.586030941360136 -10.03702474738526 12.886175487126412
      vertex 12.656812973588183 -10.093471534498143 14.094262652723526
    endloop
  endfacet
  facet normal 0.7956234422250081 -0.5871968230457726 -0.14894035446104226
    outer loop
      vertex 12.539603376627039 -10 12.492194466212991
      vertex 12.613356448484332 -10 12.886175487126412
      vertex 12.586030941360136 -10.03702474738526 12.886175487126412
    endloop
  endfacet
  facet normal 0.8023510934989655 -0.5921620556482459 -0.0746781267270281
    outer loop
      vertex 12.586030941360136 -10.03702474738526 12.886175487126412
      vertex 12.613356448484332 -10 12.886175487126412
      vertex 12.725798105485543 -10 14.094262652723526
    endloop
  endfacet
  facet normal 0.8023510934989594 -0.5921620556482542 -0.07467812672702713
    outer loop
      vertex 12.586030941360136 -10.03702474738526 12.886175487126412
      vertex 12.725798105485543 -10 14.094262652723526
      vertex 12.656812973588183 -10.093471534498143 14.094262652723526
    endloop
  endfacet
  facet normal 0.8045977797666696 -0.5938201855734998 1.7919035395448094e-18
    outer loop
      vertex 12.656812973588183 -10.093471534498143 14.094262652723526
      vertex 12.725798105485543 -10 14.094262652723526
      vertex 12.725798105485543 -10 15.305737347276473
    endloop
  endfacet
  facet normal 0.7579717231454531 -0.6522874112781208 1.2861034310748726e-17
    outer loop
      vertex 11.867135885089205 -11.011092958963815 15.305737347276473
      vertex 12.656812973588183 -10.093471534498143 14.094262652723526
      vertex 12.656812973588183 -10.093471534498143 15.305737347276473
    endloop
  endfacet
  facet normal 0.8045977797666696 -0.5938201855734998 0
    outer loop
      vertex 12.656812973588183 -10.093471534498143 14.094262652723526
      vertex 12.725798105485543 -10 15.305737347276473
      vertex 12.656812973588183 -10.093471534498143 15.305737347276473
    endloop
  endfacet
  facet normal 0.8029422242590506 -0.5925983300035694 0.06411710987645386
    outer loop
      vertex 12.656812973588183 -10.093471534498143 15.305737347276473
      vertex 12.725798105485543 -10 15.305737347276473
      vertex 12.53960337662704 -10 17.63746455742417
    endloop
  endfacet
  facet normal 0.5925983300035726 -0.8029422242590479 0.0641171098764539
    outer loop
      vertex 9.70830559821294 -12.460902219655946 21.31901068224756
      vertex 9.862239137482563 -12.36685671894797 21.07402685791476
      vertex 9.523907664183886 -11.942602470448438 29.51399424023648
    endloop
  endfacet
  facet normal 0.6509452524461585 -0.7564121062879003 0.06411710987645387
    outer loop
      vertex 9.862239137482563 -12.36685671894797 21.07402685791476
      vertex 10.175798494467154 -12.139316977743116 20.575
      vertex 10 -11.575100319255577 29.016046507752993
    endloop
  endfacet
  facet normal 0.592598330003567 -0.8029422242590524 0.0641171098764543
    outer loop
      vertex 8.862364437109912 -12.998701227202442 22.402680675500914
      vertex 9.186519918999352 -12.789542152615013 22.02600517184012
      vertex 9.21893096236296 -12.145709982445124 29.78919514646475
    endloop
  endfacet
  facet normal 0.5309373573194199 -0.8449819636085502 0.06411710987645398
    outer loop
      vertex 8.613359494000463 -13.133205642861336 22.6920296688083
      vertex 8.862364437109912 -12.998701227202442 22.402680675500914
      vertex 8.284670430541674 -12.730573435631246 30.71999999999999
    endloop
  endfacet
  facet normal 0.592598330003572 -0.8029422242590487 0.06411710987645394
    outer loop
      vertex 9.186519918999352 -12.789542152615013 22.02600517184012
      vertex 9.70830559821294 -12.460902219655946 21.31901068224756
      vertex 9.523907664183886 -11.942602470448438 29.51399424023648
    endloop
  endfacet
  facet normal 0.6509452524461531 -0.7564121062879051 0.06411710987645373
    outer loop
      vertex 10.586384197853423 -11.851830294675331 19.79813393463131
      vertex 10.840061894842735 -11.682808236048338 19.216698476867553
      vertex 10 -11.575100319255577 29.016046507752993
    endloop
  endfacet
  facet normal 0.6509452524461573 -0.7564121062879012 0.0641171098764539
    outer loop
      vertex 10.586384197853423 -11.851830294675331 19.79813393463131
      vertex 10 -11.575100319255577 29.016046507752993
      vertex 10.175798494467154 -12.139316977743116 20.575
    endloop
  endfacet
  facet normal 0.7564121062879013 -0.6509452524461574 0.0641171098764539
    outer loop
      vertex 11.867135885089205 -11.011092958963815 15.305737347276473
      vertex 12.656812973588183 -10.093471534498143 15.305737347276473
      vertex 10.953928806012028 -10.163760617287592 34.68165522027217
    endloop
  endfacet
  facet normal 0.7056518249891733 -0.7056518249891657 0.06411710987645411
    outer loop
      vertex 11.618762208145261 -11.155383089620313 16.451246627570047
      vertex 11.717144616878867 -11.136338689242635 15.578078599640483
      vertex 10 -10.777436835122264 38.426363306261756
    endloop
  endfacet
  facet normal 0.705651824989164 -0.7056518249891749 0.06411710987645357
    outer loop
      vertex 11.618762208145261 -11.155383089620313 16.451246627570047
      vertex 10 -10.777436835122264 38.426363306261756
      vertex 11.455402968136429 -11.240294197174364 17.31462097398669
    endloop
  endfacet
  facet normal 0.7056518249891707 -0.705651824989168 0.06411710987645394
    outer loop
      vertex 11.867135885089205 -11.011092958963815 15.305737347276473
      vertex 10 -10.777436835122264 38.426363306261756
      vertex 11.717144616878867 -11.136338689242635 15.578078599640483
    endloop
  endfacet
  facet normal 0.7056518249891711 -0.7056518249891677 0.06411710987645391
    outer loop
      vertex 11.455402968136429 -11.240294197174364 17.31462097398669
      vertex 10 -10.777436835122264 38.426363306261756
      vertex 11.227980467987152 -11.390597154548212 18.16337329932813
    endloop
  endfacet
  facet normal 0.7056518249891693 -0.7056518249891695 0.06411710987645385
    outer loop
      vertex 10.9377665465694 -11.605451406635675 18.992757036305143
      vertex 11.227980467987152 -11.390597154548212 18.16337329932813
      vertex 10 -10.777436835122264 38.426363306261756
    endloop
  endfacet
  facet normal 0.7056518249891766 -0.7056518249891625 0.0641171098764539
    outer loop
      vertex 10.9377665465694 -11.605451406635675 18.992757036305143
      vertex 10 -10.777436835122264 38.426363306261756
      vertex 10.840061894842735 -11.682808236048338 19.216698476867553
    endloop
  endfacet
  facet normal 0.7564121062879005 -0.6509452524461583 0.06411710987645382
    outer loop
      vertex 11.852659871518552 -10 25.741578804013525
      vertex 10.953928806012028 -10.163760617287592 34.68165522027217
      vertex 12.656812973588183 -10.093471534498143 15.305737347276473
    endloop
  endfacet
  facet normal 0.756412106287901 -0.6509452524461578 0.06411710987645386
    outer loop
      vertex 11.852659871518552 -10 25.741578804013525
      vertex 12.656812973588183 -10.093471534498143 15.305737347276473
      vertex 12.53960337662704 -10 17.63746455742417
    endloop
  endfacet
  facet normal 0.8449819636085525 -0.5309373573194162 0.06411710987645391
    outer loop
      vertex 12.887271949883658 -8.786393242195741 24.500274832062043
      vertex 13.385068143919117 -8.075607953063322 23.825784940630676
      vertex 12.994027005674011 -7.858316066015739 30.778548251095735
    endloop
  endfacet
  facet normal 0.8449819636085523 -0.5309373573194169 0.0641171098764541
    outer loop
      vertex 13.560989711982172 -7.8294410606906535 23.54580736893838
      vertex 13.172368129527271 -7.605070285447418 30.525302470527414
      vertex 13.385068143919117 -8.075607953063322 23.825784940630676
    endloop
  endfacet
  facet normal 0.9004573325442163 -0.03369273622782745 -0.4336373966724235
    outer loop
      vertex 14.848308545093614 0 8.221749206020196
      vertex 14.739200494141052 -0.06198357096753744 8
      vertex 14.741519755733567 0 8
    endloop
  endfacet
  facet normal 0.9004573325442153 -0.03369273622781546 -0.43363739667242635
    outer loop
      vertex 14.83594868371443 -0.33032424950185435 8.221749206020196
      vertex 14.739200494141052 -0.06198357096753744 8
      vertex 14.848308545093614 0 8.221749206020196
    endloop
  endfacet
  facet normal 0.9303095998052286 -0.03480972926044001 -0.36511961226295464
    outer loop
      vertex 14.83594868371443 -0.33032424950185435 8.221749206020196
      vertex 14.848308545093614 0 8.221749206020196
      vertex 14.958997598731706 0 8.503780315098805
    endloop
  endfacet
  facet normal 0.9303095998052305 -0.03480972926043478 -0.3651196122629504
    outer loop
      vertex 15.278907850667919 -0.32076288410882114 9.349479196326293
      vertex 15.180220897357469 0 9.067448087247698
      vertex 15.290909950995554 0 9.349479196326293
    endloop
  endfacet
  facet normal 0.9549625787130447 -0.035732178648707126 -0.2945669442872857
    outer loop
      vertex 15.278907850667919 -0.32076288410882114 9.349479196326293
      vertex 15.290909950995554 0 9.349479196326293
      vertex 15.380213284414113 0 9.638993492560038
    endloop
  endfacet
  facet normal 0.9549625787130449 -0.035732178648709416 -0.29456694428728486
    outer loop
      vertex 15.636270174337444 -0.31344305230464325 10.507131469339164
      vertex 15.55869505246435 0 10.21761717310543
      vertex 15.647998385882905 0 10.507131469339164
    endloop
  endfacet
  facet normal 0.9742798739625433 -0.03645498084038813 -0.22237302346160961
    outer loop
      vertex 15.636270174337444 -0.31344305230464325 10.507131469339164
      vertex 15.647998385882905 0 10.507131469339164
      vertex 15.715416578616669 0 10.802509871345615
    endloop
  endfacet
  facet normal 0.9742798739625438 -0.0364549808403886 -0.22237302346160787
    outer loop
      vertex 15.90604728264468 -0.3081346123032617 11.688231963960785
      vertex 15.850158673645508 0 11.39285356195434
      vertex 15.91757686637927 0 11.688231963960785
    endloop
  endfacet
  facet normal 0.9881546861739815 -0.036974139684627844 -0.1489403544610449
    outer loop
      vertex 15.90604728264468 -0.3081346123032617 11.688231963960785
      vertex 15.91757686637927 0 11.688231963960785
      vertex 15.96273288854712 0 11.987822595899344
    endloop
  endfacet
  facet normal 0.9881546861739827 -0.03697413968462504 -0.14894035446103748
    outer loop
      vertex 16.08673753536973 -0.30467849371042305 12.886175487126412
      vertex 16.05298177810268 0 12.58658485518785
      vertex 16.09813780027053 0 12.886175487126412
    endloop
  endfacet
  facet normal 0.9965103476345265 -0.03728678647800895 -0.0746781267270316
    outer loop
      vertex 16.08673753536973 -0.30467849371042305 12.886175487126412
      vertex 16.09813780027053 0 12.886175487126412
      vertex 16.120779121079526 0 13.188302916658087
    endloop
  endfacet
  facet normal 0.9965103476345267 -0.03728678647800995 -0.07467812672702637
    outer loop
      vertex 16.177334907576956 -0.3029746079845792 14.094262652723526
      vertex 16.16603009676306 0 13.79213522319183
      vertex 16.188671417572056 0 14.094262652723526
    endloop
  endfacet
  facet normal 0.9993007047883986 -0.03739119427632411 -4.0385447611364654e-19
    outer loop
      vertex 16.177334907576956 -0.3029746079845792 14.094262652723526
      vertex 16.188671417572056 0 14.094262652723526
      vertex 16.188671417572056 0 14.397237260708085
    endloop
  endfacet
  facet normal 0.9993007047883986 -0.03739119427632393 4.411421253864809e-19
    outer loop
      vertex 16.177334907576956 -0.3029746079845807 15.305737347276473
      vertex 16.188671417572056 0 15.002762739291912
      vertex 16.188671417572056 0 15.305737347276473
    endloop
  endfacet
  facet normal 0.9972445248843723 -0.037314257452512926 0.06411710987645891
    outer loop
      vertex 16.177334907576956 -0.3029746079845807 15.305737347276473
      vertex 16.188671417572056 0 15.305737347276473
      vertex 16.161552503305966 0 15.727530981218738
    endloop
  endfacet
  facet normal 0.9639383191620561 -0.25828649417288674 0.06411710987645411
    outer loop
      vertex 15.156442450384533 -4.675143339011835 20.40050681000044
      vertex 15.214386647425421 -4.5 20.234911808757456
      vertex 15.110367426686684 -4.5 21.79873951391524
    endloop
  endfacet
  facet normal 0.8822962210610654 -0.46630716756495844 0.06411710987645405
    outer loop
      vertex 14.029611541307904 -7.045313598079879 22.799999999999997
      vertex 14.16635538574231 -6.822157194780835 22.541268019044477
      vertex 13.754878288689019 -6.624000268619368 29.644624418492597
    endloop
  endfacet
  facet normal 0.8822962210610665 -0.4663071675649563 0.06411710987645385
    outer loop
      vertex 13.560989711982172 -7.8294410606906535 23.54580736893838
      vertex 14.029611541307904 -7.045313598079879 22.799999999999997
      vertex 13.360911253329936 -7.291451748904257 30.211683933984254
    endloop
  endfacet
  facet normal 0.9146763201528517 -0.3990691989777319 0.06411710987645397
    outer loop
      vertex 14.16635538574231 -6.822157194780835 22.541268019044477
      vertex 14.595695660019187 -5.96861661544679 21.728916573704442
      vertex 14.040478145873793 -6.038791022442028 29.212720339332527
    endloop
  endfacet
  facet normal 0.9146763201528509 -0.399069198977734 0.06411710987645391
    outer loop
      vertex 14.595695660019187 -5.96861661544679 21.728916573704442
      vertex 14.69941022522167 -5.769093388964999 21.491200265132726
      vertex 14.253994736624218 -5.594280691636427 28.93341598669141
    endloop
  endfacet
  facet normal 0.9419411782351976 -0.32959947355233804 0.0641171098764539
    outer loop
      vertex 15.080154728036106 -4.850750041871694 20.618524594735604
      vertex 14.34599343713065 -5.36 28.78620767143081
      vertex 14.69941022522167 -5.769093388964999 21.491200265132726
    endloop
  endfacet
  facet normal 0.9419411782351977 -0.3295994735523378 0.06411710987645389
    outer loop
      vertex 15.080154728036106 -4.850750041871694 20.618524594735604
      vertex 15.156442450384533 -4.675143339011835 20.40050681000044
      vertex 14.667657710956728 -4.524373214279261 28.35626507923919
    endloop
  endfacet
  facet normal 0.9639383191620567 -0.2582864941728847 0.06411710987645389
    outer loop
      vertex 15.156442450384533 -4.675143339011835 20.40050681000044
      vertex 15.110367426686684 -4.5 21.79873951391524
      vertex 14.667657710956728 -4.524373214279261 28.35626507923919
    endloop
  endfacet
  facet normal 0.963938319162056 -0.25828649417288757 0.06411710987645382
    outer loop
      vertex 15.110367426686684 -4.5 21.79873951391524
      vertex 15.420322477934343 -3.519587978580259 21.088314990012513
      vertex 14.667657710956728 -4.524373214279261 28.35626507923919
    endloop
  endfacet
  facet normal 0.9419411782351976 -0.32959947355233815 0.06411710987645389
    outer loop
      vertex 15.080154728036106 -4.850750041871694 20.618524594735604
      vertex 14.619499778404453 -4.651233683340225 28.41161373608606
      vertex 14.34599343713065 -5.36 28.78620767143081
    endloop
  endfacet
  facet normal 0.9419411782351979 -0.32959947355233743 0.06411710987645387
    outer loop
      vertex 15.080154728036106 -4.850750041871694 20.618524594735604
      vertex 14.667657710956728 -4.524373214279261 28.35626507923919
      vertex 14.619499778404453 -4.651233683340225 28.41161373608606
    endloop
  endfacet
  facet normal 0.9639383191620557 -0.2582864941728879 0.06411710987645372
    outer loop
      vertex 15.420322477934343 -3.519587978580259 21.088314990012513
      vertex 14.848190787465718 -3.9164557812077527 28.091033414534124
      vertex 14.667657710956728 -4.524373214279261 28.35626507923919
    endloop
  endfacet
  facet normal 0.9916675289813041 -0.11173409589380144 0.06411710987645403
    outer loop
      vertex 15.980625131832193 -1.5 17.31761462423376
      vertex 16.019059384847083 -1.2754499410731168 17.114484712054022
      vertex 15.80294370897974 -1.5 20.065725041024105
    endloop
  endfacet
  facet normal 0.9916675289813034 -0.11173409589380695 0.0641171098764541
    outer loop
      vertex 16.019059384847083 -1.2754499410731168 17.114484712054022
      vertex 16.038500048472827 -1.2019194200786623 16.941944050179227
      vertex 15.366739191359237 -1.1515779032676556 27.41946392594174
    endloop
  endfacet
  facet normal 0.9916675289813038 -0.11173409589380316 0.06411710987645389
    outer loop
      vertex 16.019059384847083 -1.2754499410731168 17.114484712054022
      vertex 15.313219349477288 -1.5977330934085872 27.469733542866614
      vertex 15.80294370897974 -1.5 20.065725041024105
    endloop
  endfacet
  facet normal 0.9972445248843729 -0.03731425745251319 0.06411710987645393
    outer loop
      vertex 16.038500048472827 -1.2019194200786623 16.941944050179227
      vertex 16.143240443612875 0 16.012347332165948
      vertex 15.414294328888532 0 27.349999999999994
    endloop
  endfacet
  facet normal 0.9805447259984958 -0.18552907194729734 0.06411710987645373
    outer loop
      vertex 15.420322477934343 -3.519587978580259 21.088314990012513
      vertex 15.545591602358208 -2.956750677146991 20.8011951069188
      vertex 15.047813361968421 -3.1597754696848925 27.826259521972563
    endloop
  endfacet
  facet normal 0.9805447259984962 -0.1855290719472956 0.0641171098764538
    outer loop
      vertex 15.545591602358208 -2.956750677146991 20.8011951069188
      vertex 15.683541370104992 -2.3639135082304223 20.40695732077123
      vertex 15.047813361968421 -3.1597754696848925 27.826259521972563
    endloop
  endfacet
  facet normal 0.9639383191620571 -0.25828649417288374 0.06411710987645407
    outer loop
      vertex 15.420322477934343 -3.519587978580259 21.088314990012513
      vertex 14.992223950908201 -3.421877283390505 27.917972913223107
      vertex 14.848190787465718 -3.9164557812077527 28.091033414534124
    endloop
  endfacet
  facet normal 0.9805447259984944 -0.18552907194730497 0.06411710987645407
    outer loop
      vertex 15.420322477934343 -3.519587978580259 21.088314990012513
      vertex 15.047813361968421 -3.1597754696848925 27.826259521972563
      vertex 14.992223950908201 -3.421877283390505 27.917972913223107
    endloop
  endfacet
  facet normal 0.9805447259984945 -0.18552907194730425 0.06411710987645382
    outer loop
      vertex 15.683541370104992 -2.3639135082304223 20.40695732077123
      vertex 15.226129957786428 -2.2949698308502806 27.601657851258963
      vertex 15.207895894740373 -2.385424412011686 27.61877278141084
    endloop
  endfacet
  facet normal 0.9916675289813038 -0.111734095893803 0.06411710987645382
    outer loop
      vertex 15.683541370104992 -2.3639135082304223 20.40695732077123
      vertex 15.313219349477288 -1.5977330934085872 27.469733542866614
      vertex 15.226129957786428 -2.2949698308502806 27.601657851258963
    endloop
  endfacet
  facet normal 0.9805447259984965 -0.18552907194729418 0.06411710987645398
    outer loop
      vertex 15.683541370104992 -2.3639135082304223 20.40695732077123
      vertex 15.207895894740373 -2.385424412011686 27.61877278141084
      vertex 15.047813361968421 -3.1597754696848925 27.826259521972563
    endloop
  endfacet
  facet normal 0.9916675289813037 -0.11173409589380351 0.06411710987645387
    outer loop
      vertex 15.683541370104992 -2.3639135082304223 20.40695732077123
      vertex 15.80294370897974 -1.5 20.065725041024105
      vertex 15.313219349477288 -1.5977330934085872 27.469733542866614
    endloop
  endfacet
  facet normal 0.9916675289813043 -0.11173409589379887 0.06411710987645404
    outer loop
      vertex 16.019059384847083 -1.2754499410731168 17.114484712054022
      vertex 15.366739191359237 -1.1515779032676556 27.41946392594174
      vertex 15.313219349477288 -1.5977330934085872 27.469733542866614
    endloop
  endfacet
  facet normal 0.9972445248843725 -0.03731425745251793 0.06411710987645411
    outer loop
      vertex 16.038500048472827 -1.2019194200786623 16.941944050179227
      vertex 15.382391794976828 -0.8011066032464665 27.379975294217743
      vertex 15.366739191359237 -1.1515779032676556 27.41946392594174
    endloop
  endfacet
  facet normal 0.9972445248843727 -0.03731425745251335 0.06411710987645393
    outer loop
      vertex 16.038500048472827 -1.2019194200786623 16.941944050179227
      vertex 15.414294328888532 0 27.349999999999994
      vertex 15.382391794976828 -0.8011066032464665 27.379975294217743
    endloop
  endfacet
  facet normal 0.037314257452513946 -0.9972445248843727 0.06411710987645396
    outer loop
      vertex 0 -15.472159172915125 26.45
      vertex 0.8780785996404834 -15.441416202704813 26.417144616878865
      vertex 0 -14.689720360389458 38.61965055586198
    endloop
  endfacet
  facet normal 0.03731425745251671 -0.9972445248843727 0.06411710987645404
    outer loop
      vertex 0.8780785996404834 -15.441416202704813 26.417144616878865
      vertex 1.1565445145377502 -15.43301401292001 26.385769043585416
      vertex 0.6697357115108905 -14.7 38.06999999999999
    endloop
  endfacet
  facet normal 0.11173409589380175 -0.991667528981304 0.06411710987645398
    outer loop
      vertex 1.1565445145377502 -15.43301401292001 26.385769043585416
      vertex 1.7512466275700465 -15.37033956157516 26.31876220814526
      vertex 1.8429781660723161 -14.818904265163718 34.68768180386401
    endloop
  endfacet
  facet normal 0.2582864941729609 -0.9639383191620363 0.0641171098764538
    outer loop
      vertex 3.450297624000644 -15.116741598942045 25.93148408463164
      vertex 3.463373299328129 -15.113471028094047 25.92798046798715
      vertex 3.3358862530262523 -14.61547263044211 33.92846460721618
    endloop
  endfacet
  facet normal 0.25828649417288574 -0.9639383191620564 0.06411710987645385
    outer loop
      vertex 4.292757036305145 -14.910542131117916 25.6377665465694
      vertex 3.3358862530262523 -14.61547263044211 33.92846460721618
      vertex 3.463373299328129 -15.113471028094047 25.92798046798715
    endloop
  endfacet
  facet normal 0.11173409589380252 -0.991667528981304 0.06411710987645398
    outer loop
      vertex 1.7512466275700465 -15.37033956157516 26.31876220814526
      vertex 2.3082732157316497 -15.31439214945414 26.213367091317362
      vertex 2.228318437366232 -14.783926855412854 34.55714433355663
    endloop
  endfacet
  facet normal 0.1855290719472937 -0.9805447259984965 0.064117109876454
    outer loop
      vertex 2.3082732157316497 -15.31439214945414 26.213367091317362
      vertex 2.614620973986689 -15.26021825833131 26.15540296813643
      vertex 2.228318437366232 -14.783926855412854 34.55714433355663
    endloop
  endfacet
  facet normal 0.18552907194729729 -0.9805447259984958 0.06411710987645412
    outer loop
      vertex 2.614620973986689 -15.26021825833131 26.15540296813643
      vertex 3.450297624000644 -15.116741598942045 25.93148408463164
      vertex 2.228318437366232 -14.783926855412854 34.55714433355663
    endloop
  endfacet
  facet normal 0.1117340958938018 -0.9916675289813041 0.06411710987645397
    outer loop
      vertex 1.1565445145377502 -15.43301401292001 26.385769043585416
      vertex 1.8429781660723161 -14.818904265163718 34.68768180386401
      vertex 1.5 -14.847706488858721 34.83990521685659
    endloop
  endfacet
  facet normal 0.11173409589380309 -0.991667528981304 0.06411710987645396
    outer loop
      vertex 1.7512466275700465 -15.37033956157516 26.31876220814526
      vertex 2.228318437366232 -14.783926855412854 34.55714433355663
      vertex 1.8429781660723161 -14.818904265163718 34.68768180386401
    endloop
  endfacet
  facet normal 0.11173409589379482 -0.9916675289813048 0.06411710987645433
    outer loop
      vertex 1.1565445145377502 -15.43301401292001 26.385769043585416
      vertex 1.5 -14.847706488858721 34.83990521685659
      vertex 1.5 -14.677588398073032 37.47103732885488
    endloop
  endfacet
  facet normal 0.03731425745251694 -0.9972445248843725 0.06411710987645404
    outer loop
      vertex 0.8780785996404834 -15.441416202704813 26.417144616878865
      vertex 0.6697357115108905 -14.7 38.06999999999999
      vertex 0.2749214035415294 -14.679433527245758 38.61965055586198
    endloop
  endfacet
  facet normal 0.03731425745251522 -0.9972445248843727 0.06411710987645398
    outer loop
      vertex 1.1565445145377502 -15.43301401292001 26.385769043585416
      vertex 1.1011676677347975 -14.694061346629558 37.91128614735549
      vertex 0.6697357115108905 -14.7 38.06999999999999
    endloop
  endfacet
  facet normal 0.03731425745251131 -0.9972445248843728 0.06411710987645382
    outer loop
      vertex 0.8780785996404834 -15.441416202704813 26.417144616878865
      vertex 0.2749214035415294 -14.679433527245758 38.61965055586198
      vertex 0 -14.689720360389458 38.61965055586198
    endloop
  endfacet
  facet normal 0.11173409589380304 -0.991667528981304 0.064117109876454
    outer loop
      vertex 1.1565445145377502 -15.43301401292001 26.385769043585416
      vertex 1.5 -14.677588398073032 37.47103732885488
      vertex 1.1011676677347975 -14.694061346629558 37.91128614735549
    endloop
  endfacet
  facet normal 0.1855290719472963 -0.9805447259984961 0.06411710987645398
    outer loop
      vertex 3.450297624000644 -15.116741598942045 25.93148408463164
      vertex 3.3358862530262523 -14.61547263044211 33.92846460721618
      vertex 2.228318437366232 -14.783926855412854 34.55714433355663
    endloop
  endfacet
  facet normal 0.2582864941728867 -0.9639383191620562 0.06411710987645394
    outer loop
      vertex 4.292757036305145 -14.910542131117916 25.6377665465694
      vertex 3.758719230262608 -14.524706647949339 33.58972134895425
      vertex 3.3358862530262523 -14.61547263044211 33.92846460721618
    endloop
  endfacet
  facet normal 0.2582864941728867 -0.9639383191620562 0.06411710987645393
    outer loop
      vertex 4.292757036305145 -14.910542131117916 25.6377665465694
      vertex 4.578252218200489 -14.842329151595107 25.513206272032132
      vertex 3.758719230262608 -14.524706647949339 33.58972134895425
    endloop
  endfacet
  facet normal 0.3295994735523372 -0.9419411782351981 0.06411710987645401
    outer loop
      vertex 4.578252218200489 -14.842329151595107 25.513206272032132
      vertex 5.098133934631309 -14.675854250809522 25.286384197853423
      vertex 4.5 -14.353294381942765 33.09985323701214
    endloop
  endfacet
  facet normal 0.3295994735523401 -0.941941178235197 0.06411710987645387
    outer loop
      vertex 5.098133934631309 -14.675854250809522 25.286384197853423
      vertex 5.687260743236234 -14.490904044392076 24.975021588675787
      vertex 5.4860556623557954 -13.978241859217942 33.54082738578791
    endloop
  endfacet
  facet normal 0.39906919897773224 -0.9146763201528517 0.06411710987645389
    outer loop
      vertex 5.687260743236234 -14.490904044392076 24.975021588675787
      vertex 5.875 -14.415949598464934 24.875798494467155
      vertex 5.4860556623557954 -13.978241859217942 33.54082738578791
    endloop
  endfacet
  facet normal 0.3990691989777324 -0.9146763201528515 0.06411710987645389
    outer loop
      vertex 5.875 -14.415949598464934 24.875798494467155
      vertex 6.619010682247558 -14.124111439196518 24.40830559821294
      vertex 5.4860556623557954 -13.978241859217942 33.54082738578791
    endloop
  endfacet
  facet normal 0.25828649417289 -0.9639383191620553 0.06411710987645425
    outer loop
      vertex 4.578252218200489 -14.842329151595107 25.513206272032132
      vertex 4.4334208781918925 -14.372797479371268 33.155589887235045
      vertex 3.758719230262608 -14.524706647949339 33.58972134895425
    endloop
  endfacet
  facet normal 0.3295994735523118 -0.9419411782352066 0.06411710987645429
    outer loop
      vertex 4.578252218200489 -14.842329151595107 25.513206272032132
      vertex 4.5 -14.353294381942765 33.09985323701214
      vertex 4.4334208781918925 -14.372797479371268 33.155589887235045
    endloop
  endfacet
  facet normal 0.3295994735523378 -0.9419411782351977 0.06411710987645403
    outer loop
      vertex 5.098133934631309 -14.675854250809522 25.286384197853423
      vertex 5.251603333279533 -14.046920245056269 33.737098936159704
      vertex 4.5 -14.353294381942765 33.09985323701214
    endloop
  endfacet
  facet normal 0.32959947355233804 -0.9419411782351976 0.06411710987645401
    outer loop
      vertex 5.098133934631309 -14.675854250809522 25.286384197853423
      vertex 5.4860556623557954 -13.978241859217942 33.54082738578791
      vertex 5.251603333279533 -14.046920245056269 33.737098936159704
    endloop
  endfacet
  facet normal 0.39906919897773047 -0.9146763201528524 0.06411710987645397
    outer loop
      vertex 6.773249390926247 -14.064797284578898 24.29447225077721
      vertex 6.295997830138324 -13.683844105069804 32.69948694181399
      vertex 6.619010682247558 -14.124111439196518 24.40830559821294
    endloop
  endfacet
  facet normal 0.46630716756495727 -0.8822962210610661 0.06411710987645403
    outer loop
      vertex 6.773249390926247 -14.064797284578898 24.29447225077721
      vertex 7.326005171840118 -13.802303518263518 23.88651991899935
      vertex 6.5447600109680515 -13.590334198206156 32.48515995860662
    endloop
  endfacet
  facet normal 0.3990691989777326 -0.9146763201528515 0.06411710987645404
    outer loop
      vertex 6.773249390926247 -14.064797284578898 24.29447225077721
      vertex 6.5447600109680515 -13.590334198206156 32.48515995860662
      vertex 6.295997830138324 -13.683844105069804 32.69948694181399
    endloop
  endfacet
  facet normal 0.4663071675649566 -0.8822962210610664 0.06411710987645398
    outer loop
      vertex 7.326005171840118 -13.802303518263518 23.88651991899935
      vertex 7.308669519583004 -13.24424235816556 31.691909034971886
      vertex 6.5447600109680515 -13.590334198206156 32.48515995860662
    endloop
  endfacet
  facet normal 0.3990691989777336 -0.914676320152851 0.06411710987645401
    outer loop
      vertex 6.619010682247558 -14.124111439196518 24.40830559821294
      vertex 6.295997830138324 -13.683844105069804 32.69948694181399
      vertex 5.4860556623557954 -13.978241859217942 33.54082738578791
    endloop
  endfacet
  facet normal 0.46630716756495655 -0.8822962210610666 0.06411710987645403
    outer loop
      vertex 7.8325002366887855 -13.566288360240232 23.450645671205173
      vertex 7.575096786953456 -13.120452507255138 31.45768720596952
      vertex 7.308669519583004 -13.24424235816556 31.691909034971886
    endloop
  endfacet
  facet normal 0.32959947355233743 -0.9419411782351977 0.06411710987645444
    outer loop
      vertex 4.5 -14.353294381942765 33.09985323701214
      vertex 5.251603333279533 -14.046920245056269 33.737098936159704
      vertex 4.5 -14.256640765142581 34.51978657251159
    endloop
  endfacet
  facet normal 0.03728678647800826 -0.9965103476345271 0.07467812672702337
    outer loop
      vertex 0 -14.689720360389458 38.61965055586198
      vertex 0.2749214035415294 -14.679433527245758 38.61965055586198
      vertex 0 -14.66917545817389 38.89380322339998
    endloop
  endfacet
  facet normal 0.03728678647801192 -0.996510347634527 0.07467812672702337
    outer loop
      vertex 0 -14.628114387646235 39.441725131180625
      vertex 0.27646752207057884 -14.597224800613272 39.71587779871862
      vertex 0 -14.607569485430666 39.71587779871862
    endloop
  endfacet
  facet normal 0.03697413968462791 -0.9881546861739814 0.14894035446104611
    outer loop
      vertex 0 -14.607569485430666 39.71587779871862
      vertex 0.27646752207057884 -14.597224800613272 39.71587779871862
      vertex 0 -14.5665945764265 39.987728557329575
    endloop
  endfacet
  facet normal 0.036974139684631965 -0.9881546861739815 0.1489403544610449
    outer loop
      vertex 0 -14.484702065533499 40.53104986668391
      vertex 0.27960362968256697 -14.433265126844246 40.80290062529484
      vertex 0 -14.443727156529336 40.80290062529484
    endloop
  endfacet
  facet normal 0.036454980840392684 -0.9742798739625443 0.2223730234616046
    outer loop
      vertex 0 -14.443727156529336 40.80290062529484
      vertex 0.27960362968256697 -14.433265126844246 40.80290062529484
      vertex 0 -14.3825513890487 41.07092917526366
    endloop
  endfacet
  facet normal 0.03645498084039112 -0.9742798739625442 0.22237302346160515
    outer loop
      vertex 0 -14.26028541392994 41.60661141303822
      vertex 0.284420547461611 -14.18846738041731 41.87463996300705
      vertex 0 -14.199109646449303 41.87463996300705
    endloop
  endfacet
  facet normal 0.035732178648712296 -0.954962578713045 0.2945669442872837
    outer loop
      vertex 0 -14.199109646449303 41.87463996300705
      vertex 0.284420547461611 -14.18846738041731 41.87463996300705
      vertex 0 -14.118075140199123 42.13734737995991
    endloop
  endfacet
  facet normal 0.03573217864871126 -0.9549625787130459 0.29456694428728136
    outer loop
      vertex 0 -13.956119461783196 42.662394793788046
      vertex 0.2910626170617609 -13.864194160791257 42.92510221074095
      vertex 0 -13.875084955533003 42.92510221074095
    endloop
  endfacet
  facet normal 0.034809729260438724 -0.9303095998052292 0.36511961226295314
    outer loop
      vertex 0 -13.875084955533003 42.92510221074095
      vertex 0.2910626170617609 -13.864194160791257 42.92510221074095
      vertex 0 -13.77464488834289 43.18101932823819
    endloop
  endfacet
  facet normal 0.03480972926043858 -0.9303095998052282 0.3651196122629555
    outer loop
      vertex 0 -13.573905228478747 43.69249564000299
      vertex 0.2997386708441873 -13.462249731518652 43.948412757500186
      vertex 0 -13.47346516128865 43.948412757500186
    endloop
  endfacet
  facet normal 0.033692736227814 -0.9004573325442132 0.43363739667243095
    outer loop
      vertex 0 -13.47346516128865 43.948412757500186
      vertex 0.2997386708441873 -13.462249731518652 43.948412757500186
      vertex 0 -13.354181234756606 44.19610838321113
    endloop
  endfacet
  facet normal 0.03369273622780449 -0.9004573325442125 0.43363739667243323
    outer loop
      vertex 0 -13.115780211049785 44.6911532099031
      vertex 0.09891484493210623 -13.074108465796863 44.769999999999996
      vertex 0 -13.077809598164674 44.769999999999996
    endloop
  endfacet
  facet normal 0.5309373573194187 -0.844981963608551 0.06411710987645393
    outer loop
      vertex 8.862364437109912 -12.998701227202442 22.402680675500914
      vertex 8.570357865081787 -12.570406248688679 30.46509538222798
      vertex 8.284670430541674 -12.730573435631246 30.71999999999999
    endloop
  endfacet
  facet normal 0.5309373573194163 -0.8449819636085526 0.06411710987645396
    outer loop
      vertex 8.613359494000463 -13.133205642861336 22.6920296688083
      vertex 8.284670430541674 -12.730573435631246 30.71999999999999
      vertex 7.575096786953456 -13.120452507255138 31.45768720596952
    endloop
  endfacet
  facet normal 0.5925983300035698 -0.8029422242590503 0.06411710987645394
    outer loop
      vertex 8.862364437109912 -12.998701227202442 22.402680675500914
      vertex 9.21893096236296 -12.145709982445124 29.78919514646475
      vertex 8.570357865081787 -12.570406248688679 30.46509538222798
    endloop
  endfacet
  facet normal 0.5925983300035711 -0.8029422242590493 0.06411710987645403
    outer loop
      vertex 9.186519918999352 -12.789542152615013 22.02600517184012
      vertex 9.523907664183886 -11.942602470448438 29.51399424023648
      vertex 9.21893096236296 -12.145709982445124 29.78919514646475
    endloop
  endfacet
  facet normal 0.6509452524461581 -0.7564121062879007 0.0641171098764539
    outer loop
      vertex 9.862239137482563 -12.36685671894797 21.07402685791476
      vertex 10 -11.575100319255577 29.016046507752993
      vertex 9.523907664183886 -11.942602470448438 29.51399424023648
    endloop
  endfacet
  facet normal 0.7056518249891693 -0.7056518249891697 0.0641171098764539
    outer loop
      vertex 11.867135885089205 -11.011092958963815 15.305737347276473
      vertex 10.853180624341917 -10.24374047802743 34.9102245303151
      vertex 10.575334607307635 -10.45122721858915 35.6845755879883
    endloop
  endfacet
  facet normal 0.7056518249891683 -0.7056518249891705 0.06411710987645383
    outer loop
      vertex 11.867135885089205 -11.011092958963815 15.305737347276473
      vertex 10.953928806012028 -10.163760617287592 34.68165522027217
      vertex 10.853180624341917 -10.24374047802743 34.9102245303151
    endloop
  endfacet
  facet normal 0.7564121062879 -0.6509452524461588 0.06411710987645379
    outer loop
      vertex 11.87544032364319 -9.975772474009737 25.71879835188889
      vertex 12.149377803934534 -9.688805490116332 25.400477224759207
      vertex 11.772046786792538 -9.38789404514566 32.906970060788524
    endloop
  endfacet
  facet normal 0.7564121062879077 -0.6509452524461499 0.06411710987645385
    outer loop
      vertex 11.87544032364319 -9.975772474009737 25.71879835188889
      vertex 11.495887110517629 -9.658386263913933 33.41876631665977
      vertex 11.852659871518552 -10 25.741578804013525
    endloop
  endfacet
  facet normal 0.6509452524461555 -0.7564121062879029 0.06411710987645393
    outer loop
      vertex 10.840061894842735 -11.682808236048338 19.216698476867553
      vertex 10 -10.777436835122264 38.426363306261756
      vertex 10 -11.575100319255577 29.016046507752993
    endloop
  endfacet
  facet normal 0.7056518249891708 -0.7056518249891679 0.06411710987645396
    outer loop
      vertex 11.867135885089205 -11.011092958963815 15.305737347276473
      vertex 10.575334607307635 -10.45122721858915 35.6845755879883
      vertex 10.35472396621743 -10.600266457133378 36.4722669065914
    endloop
  endfacet
  facet normal 0.7056518249891692 -0.7056518249891696 0.06411710987645383
    outer loop
      vertex 11.867135885089205 -11.011092958963815 15.305737347276473
      vertex 10.35472396621743 -10.600266457133378 36.4722669065914
      vertex 10.192582445264254 -10.690024705782252 37.268893396753526
    endloop
  endfacet
  facet normal 0.7056518249891701 -0.7056518249891687 0.06411710987645397
    outer loop
      vertex 11.867135885089205 -11.011092958963815 15.305737347276473
      vertex 10.192582445264254 -10.690024705782252 37.268893396753526
      vertex 10.089816805603984 -10.72 38.06999999999999
    endloop
  endfacet
  facet normal 0.7056518249891711 -0.7056518249891677 0.06411710987645398
    outer loop
      vertex 11.867135885089205 -11.011092958963815 15.305737347276473
      vertex 10.089816805603984 -10.72 38.06999999999999
      vertex 10 -10.777436835122264 38.426363306261756
    endloop
  endfacet
  facet normal 0.7564121062878996 -0.6509452524461594 0.06411710987645383
    outer loop
      vertex 11.87544032364319 -9.975772474009737 25.71879835188889
      vertex 11.772046786792538 -9.38789404514566 32.906970060788524
      vertex 11.495887110517629 -9.658386263913933 33.41876631665977
    endloop
  endfacet
  facet normal 0.8029422242590544 -0.5925983300035643 0.06411710987645378
    outer loop
      vertex 12.149377803934534 -9.688805490116332 25.400477224759207
      vertex 11.864605942580187 -9.283792328569183 32.709999999999994
      vertex 11.772046786792538 -9.38789404514566 32.906970060788524
    endloop
  endfacet
  facet normal 0.7564121062879017 -0.650945252446157 0.06411710987645398
    outer loop
      vertex 11.852659871518552 -10 25.741578804013525
      vertex 11.157722145016194 -9.978966585465871 34.15354421879224
      vertex 10.953928806012028 -10.163760617287592 34.68165522027217
    endloop
  endfacet
  facet normal 0.7564121062879006 -0.6509452524461583 0.06411710987645389
    outer loop
      vertex 11.852659871518552 -10 25.741578804013525
      vertex 11.495887110517629 -9.658386263913933 33.41876631665977
      vertex 11.157722145016194 -9.978966585465871 34.15354421879224
    endloop
  endfacet
  facet normal 0.8029422242590506 -0.5925983300035692 0.06411710987645396
    outer loop
      vertex 12.665670015982084 -9.054166101063444 24.800534790111477
      vertex 12.887271949883658 -8.786393242195741 24.500274832062043
      vertex 12.510788342959845 -8.52971106519685 31.587369291673255
    endloop
  endfacet
  facet normal 0.8029422242590492 -0.5925983300035713 0.06411710987645397
    outer loop
      vertex 12.149377803934534 -9.688805490116332 25.400477224759207
      vertex 12.665670015982084 -9.054166101063444 24.800534790111477
      vertex 11.864605942580187 -9.283792328569183 32.709999999999994
    endloop
  endfacet
  facet normal 0.8449819636085543 -0.5309373573194137 0.06411710987645394
    outer loop
      vertex 13.385068143919117 -8.075607953063322 23.825784940630676
      vertex 13.172368129527271 -7.605070285447418 30.525302470527414
      vertex 12.994027005674011 -7.858316066015739 30.778548251095735
    endloop
  endfacet
  facet normal 0.8029422242590492 -0.5925983300035711 0.06411710987645407
    outer loop
      vertex 12.665670015982084 -9.054166101063444 24.800534790111477
      vertex 12.510788342959845 -8.52971106519685 31.587369291673255
      vertex 12.233589917194786 -8.857279660667466 32.03120897755797
    endloop
  endfacet
  facet normal 0.8029422242590498 -0.5925983300035702 0.0641171098764541
    outer loop
      vertex 12.665670015982084 -9.054166101063444 24.800534790111477
      vertex 12.233589917194786 -8.857279660667466 32.03120897755797
      vertex 11.864605942580187 -9.283792328569183 32.709999999999994
    endloop
  endfacet
  facet normal 0.8449819636085526 -0.530937357319416 0.06411710987645394
    outer loop
      vertex 12.887271949883658 -8.786393242195741 24.500274832062043
      vertex 12.619348492574943 -8.381233492057278 31.386189324074365
      vertex 12.510788342959845 -8.52971106519685 31.587369291673255
    endloop
  endfacet
  facet normal 0.8449819636085524 -0.5309373573194165 0.06411710987645396
    outer loop
      vertex 12.887271949883658 -8.786393242195741 24.500274832062043
      vertex 12.994027005674011 -7.858316066015739 30.778548251095735
      vertex 12.619348492574943 -8.381233492057278 31.386189324074365
    endloop
  endfacet
  facet normal 0.7056518249891719 -0.7056518249891671 0.06411710987645396
    outer loop
      vertex 10.089816805603984 -10.72 38.06999999999999
      vertex 10.060440794209761 -10.699433527245759 38.61965055586198
      vertex 10 -10.777436835122264 38.426363306261756
    endloop
  endfacet
  facet normal 0.7056518249891693 -0.7056518249891693 0.06411710987645568
    outer loop
      vertex 10 -10.777436835122264 38.426363306261756
      vertex 10.060440794209761 -10.699433527245759 38.61965055586198
      vertex 10 -10.75987432145552 38.61965055586198
    endloop
  endfacet
  facet normal 0.7051323199898522 -0.7051323199898522 0.07467812672702426
    outer loop
      vertex 10 -10.75987432145552 38.61965055586198
      vertex 10.060440794209761 -10.699433527245759 38.61965055586198
      vertex 10.043218774850194 -10.690024705782252 38.87110660324646
    endloop
  endfacet
  facet normal 0.7051323199898474 -0.7051323199898569 0.07467812672702638
    outer loop
      vertex 10 -10.75987432145552 38.61965055586198
      vertex 10.043218774850194 -10.690024705782252 38.87110660324646
      vertex 10 -10.643776683263521 39.71587779871862
    endloop
  endfacet
  facet normal 0.7051323199898498 -0.7051323199898544 0.07467812672702637
    outer loop
      vertex 10.043218774850194 -10.690024705782252 38.87110660324646
      vertex 10.048609065457818 -10.600266457133378 39.667733093408586
      vertex 10 -10.643776683263521 39.71587779871862
    endloop
  endfacet
  facet normal 0.7051323199898518 -0.7051323199898518 0.07467812672703064
    outer loop
      vertex 10 -10.643776683263521 39.71587779871862
      vertex 10.048609065457818 -10.600266457133378 39.667733093408586
      vertex 10.052619695854997 -10.591156987408525 39.71587779871862
    endloop
  endfacet
  facet normal 0.6992198405412342 -0.6992198405412342 0.14894035446104553
    outer loop
      vertex 10 -10.643776683263521 39.71587779871862
      vertex 10.052619695854997 -10.591156987408525 39.71587779871862
      vertex 10.03501913109706 -10.45122721858915 40.45542441201169
    endloop
  endfacet
  facet normal 0.6992198405412444 -0.6992198405412248 0.1489403544610426
    outer loop
      vertex 10 -10.643776683263521 39.71587779871862
      vertex 10.03501913109706 -10.45122721858915 40.45542441201169
      vertex 10 -10.412230671965862 40.80290062529484
    endloop
  endfacet
  facet normal 0.6992198405412346 -0.6992198405412346 0.1489403544610427
    outer loop
      vertex 10.03501913109706 -10.45122721858915 40.45542441201169
      vertex 10.054109424114957 -10.358121247850905 40.80290062529484
      vertex 10 -10.412230671965862 40.80290062529484
    endloop
  endfacet
  facet normal 0.6894020011707765 -0.6894020011707765 0.2223730234616087
    outer loop
      vertex 10 -10.412230671965862 40.80290062529484
      vertex 10.054109424114957 -10.358121247850905 40.80290062529484
      vertex 10.030797745083465 -10.24374047802743 41.22977546968489
    endloop
  endfacet
  facet normal 0.6894020011707742 -0.6894020011707784 0.22237302346160964
    outer loop
      vertex 10 -10.412230671965862 40.80290062529484
      vertex 10.030797745083465 -10.24374047802743 41.22977546968489
      vertex 10.048438554312542 -10.018092632468958 41.87463996300705
    endloop
  endfacet
  facet normal 0.6894020011707767 -0.6894020011707764 0.2223730234616088
    outer loop
      vertex 10 -10.412230671965862 40.80290062529484
      vertex 10.048438554312542 -10.018092632468958 41.87463996300705
      vertex 10 -10.0665311867815 41.87463996300705
    endloop
  endfacet
  facet normal 0.6757330520750224 -0.6757330520750224 0.2945669442872873
    outer loop
      vertex 10 -10.0665311867815 41.87463996300705
      vertex 10.048438554312542 -10.018092632468958 41.87463996300705
      vertex 10.038821619469145 -9.978966585465871 41.986455781207745
    endloop
  endfacet
  facet normal 0.6757330520750289 -0.6757330520750185 0.2945669442872819
    outer loop
      vertex 10 -10.0665311867815 41.87463996300705
      vertex 10.038821619469145 -9.978966585465871 41.986455781207745
      vertex 10.039096044045435 -9.658386263913933 42.721233683340216
    endloop
  endfacet
  facet normal 0.6757330520750351 -0.6757330520750134 0.29456694428727925
    outer loop
      vertex 10 -10.0665311867815 41.87463996300705
      vertex 10.039096044045435 -9.658386263913933 42.721233683340216
      vertex 10 -9.60861151946031 42.92510221074095
    endloop
  endfacet
  facet normal 0.6757330520750242 -0.6757330520750242 0.2945669442872797
    outer loop
      vertex 10.039096044045435 -9.658386263913933 42.721233683340216
      vertex 10.057972918177809 -9.5506386012825 42.92510221074095
      vertex 10 -9.60861151946031 42.92510221074095
    endloop
  endfacet
  facet normal 0.6582885646663428 -0.6582885646663428 0.36511961226295775
    outer loop
      vertex 10 -9.60861151946031 42.92510221074095
      vertex 10.057972918177809 -9.5506386012825 42.92510221074095
      vertex 10.04666419179177 -9.321942077220994 43.35781715270281
    endloop
  endfacet
  facet normal 0.6582885646663623 -0.6582885646663293 0.36511961226294676
    outer loop
      vertex 10 -9.60861151946031 42.92510221074095
      vertex 10.04666419179177 -9.321942077220994 43.35781715270281
      vertex 10 -9.278644034740525 43.52001361677716
    endloop
  endfacet
  facet normal 0.7056418223706058 -0.607253890281854 0.36511961226294676
    outer loop
      vertex 10.04666419179177 -9.321942077220994 43.35781715270281
      vertex 10.042145199529685 -9.283792328569183 43.42999999999999
      vertex 10 -9.278644034740525 43.52001361677716
    endloop
  endfacet
  facet normal 0.7056418223706181 -0.6072538902818366 0.3651196122629515
    outer loop
      vertex 10.042145199529685 -9.283792328569183 43.42999999999999
      vertex 10.052669891077773 -9 43.88165290357816
      vertex 10 -9.278644034740525 43.52001361677716
    endloop
  endfacet
  facet normal 0.7056418223706179 -0.6072538902818366 0.36511961226295153
    outer loop
      vertex 10 -9.278644034740525 43.52001361677716
      vertex 10.052669891077773 -9 43.88165290357816
      vertex 10 -9.021063258959943 43.948412757500186
    endloop
  endfacet
  facet normal 0.7056418223706187 -0.6072538902818353 0.36511961226295253
    outer loop
      vertex 10.052669891077773 -9 43.88165290357816
      vertex 10.01812640002327 -9 43.948412757500186
      vertex 10 -9.021063258959943 43.948412757500186
    endloop
  endfacet
  facet normal 0.6829988137674826 -0.5877680057636165 0.43363739667246526
    outer loop
      vertex 10 -9.021063258959943 43.948412757500186
      vertex 10.01812640002327 -9 43.948412757500186
      vertex 10 -9 43.97696266995877
    endloop
  endfacet
  facet normal 0.882296221061075 -0.4663071675649405 0.06411710987645333
    outer loop
      vertex 14.029611541307904 -7.045313598079879 22.799999999999997
      vertex 13.754878288689019 -6.624000268619368 29.644624418492597
      vertex 13.720059727656999 -6.683810675925626 29.688766507942717
    endloop
  endfacet
  facet normal 0.8822962210610645 -0.4663071675649602 0.0641171098764541
    outer loop
      vertex 13.560989711982172 -7.8294410606906535 23.54580736893838
      vertex 13.360911253329936 -7.291451748904257 30.211683933984254
      vertex 13.172368129527271 -7.605070285447418 30.525302470527414
    endloop
  endfacet
  facet normal 0.8822962210610663 -0.4663071675649569 0.0641171098764538
    outer loop
      vertex 14.029611541307904 -7.045313598079879 22.799999999999997
      vertex 13.720059727656999 -6.683810675925626 29.688766507942717
      vertex 13.360911253329936 -7.291451748904257 30.211683933984254
    endloop
  endfacet
  facet normal 0.9146763201528514 -0.3990691989777329 0.0641171098764541
    outer loop
      vertex 14.16635538574231 -6.822157194780835 22.541268019044477
      vertex 14.040478145873793 -6.038791022442028 29.212720339332527
      vertex 13.754878288689019 -6.624000268619368 29.644624418492597
    endloop
  endfacet
  facet normal 0.9146763201528509 -0.3990691989777337 0.06411710987645389
    outer loop
      vertex 14.595695660019187 -5.96861661544679 21.728916573704442
      vertex 14.253994736624218 -5.594280691636427 28.93341598669141
      vertex 14.040478145873793 -6.038791022442028 29.212720339332527
    endloop
  endfacet
  facet normal 0.9419411782351977 -0.32959947355233776 0.06411710987645389
    outer loop
      vertex 14.69941022522167 -5.769093388964999 21.491200265132726
      vertex 14.34599343713065 -5.36 28.78620767143081
      vertex 14.253994736624218 -5.594280691636427 28.93341598669141
    endloop
  endfacet
  facet normal 0.4663071675649585 0.8822962210610653 0.0641171098764539
    outer loop
      vertex 7.326005171840118 13.802303518263518 23.88651991899935
      vertex 7.575096786953455 13.120452507255138 31.457687205969517
      vertex 7.8325002366887855 13.56628836024023 23.450645671205173
    endloop
  endfacet
  facet normal 0.5309373573194132 0.8449819636085544 0.06411710987645432
    outer loop
      vertex 7.9920296688083 13.476466629760065 23.313359494000462
      vertex 7.8325002366887855 13.56628836024023 23.450645671205173
      vertex 8.284670430541672 12.730573435631246 30.71999999999999
    endloop
  endfacet
  facet normal 0.9004573325442162 0.03369273622782824 -0.4336373966724234
    outer loop
      vertex 14.848308545093614 0 8.221749206020196
      vertex 14.741519755733567 0 8
      vertex 14.739200494141052 0.06198357096753586 8
    endloop
  endfacet
  facet normal 0.9004573325442149 0.033692736227811465 -0.4336373966724275
    outer loop
      vertex 14.848308545093614 0 8.221749206020196
      vertex 14.739200494141052 0.06198357096753586 8
      vertex 14.835948683714431 0.3303242495018459 8.221749206020196
    endloop
  endfacet
  facet normal 0.9303095998052288 0.0348097292604359 -0.3651196122629547
    outer loop
      vertex 14.848308545093614 0 8.221749206020196
      vertex 14.835948683714431 0.3303242495018459 8.221749206020196
      vertex 14.958997598731706 0 8.503780315098805
    endloop
  endfacet
  facet normal 0.9303095998052304 0.034809729260435254 -0.36511961226295037
    outer loop
      vertex 15.180220897357469 0 9.067448087247698
      vertex 15.278907850667919 0.3207628841088168 9.349479196326293
      vertex 15.290909950995554 0 9.349479196326293
    endloop
  endfacet
  facet normal 0.9549625787130446 0.035732178648707605 -0.29456694428728564
    outer loop
      vertex 15.290909950995554 0 9.349479196326293
      vertex 15.278907850667919 0.3207628841088168 9.349479196326293
      vertex 15.380213284414113 0 9.638993492560038
    endloop
  endfacet
  facet normal 0.9549625787130447 0.03573217864870999 -0.2945669442872848
    outer loop
      vertex 15.55869505246435 0 10.21761717310543
      vertex 15.636270174337444 0.31344305230463826 10.507131469339164
      vertex 15.647998385882905 0 10.507131469339164
    endloop
  endfacet
  facet normal 0.9742798739625433 0.03645498084038871 -0.22237302346160961
    outer loop
      vertex 15.647998385882905 0 10.507131469339164
      vertex 15.636270174337444 0.31344305230463826 10.507131469339164
      vertex 15.715416578616669 0 10.802509871345615
    endloop
  endfacet
  facet normal 0.9742798739625438 0.03645498084038926 -0.2223730234616079
    outer loop
      vertex 15.850158673645508 0 11.39285356195434
      vertex 15.90604728264468 0.3081346123032562 11.688231963960785
      vertex 15.91757686637927 0 11.688231963960785
    endloop
  endfacet
  facet normal 0.9881546861739814 0.03697413968462851 -0.1489403544610449
    outer loop
      vertex 15.91757686637927 0 11.688231963960785
      vertex 15.90604728264468 0.3081346123032562 11.688231963960785
      vertex 15.96273288854712 0 11.987822595899344
    endloop
  endfacet
  facet normal 0.9881546861739828 0.03697413968462486 -0.14894035446103748
    outer loop
      vertex 16.05298177810268 0 12.58658485518785
      vertex 16.08673753536973 0.3046784937104245 12.886175487126412
      vertex 16.09813780027053 0 12.886175487126412
    endloop
  endfacet
  facet normal 0.9965103476345265 0.037286786478008774 -0.07467812672703161
    outer loop
      vertex 16.09813780027053 0 12.886175487126412
      vertex 16.08673753536973 0.3046784937104245 12.886175487126412
      vertex 16.120779121079526 0 13.188302916658087
    endloop
  endfacet
  facet normal 0.9965103476345268 0.03728678647801006 -0.07467812672702637
    outer loop
      vertex 16.16603009676306 0 13.79213522319183
      vertex 16.177334907576956 0.30297460798457837 14.094262652723526
      vertex 16.188671417572056 0 14.094262652723526
    endloop
  endfacet
  facet normal 0.9993007047883986 0.037391194276324216 0
    outer loop
      vertex 16.188671417572056 0 14.094262652723526
      vertex 16.177334907576956 0.30297460798457837 14.094262652723526
      vertex 16.188671417572056 0 14.397237260708085
    endloop
  endfacet
  facet normal 0.9993007047883986 0.03739119427632396 0
    outer loop
      vertex 16.188671417572056 0 15.002762739291912
      vertex 16.177334907576956 0.3029746079845805 15.305737347276473
      vertex 16.188671417572056 0 15.305737347276473
    endloop
  endfacet
  facet normal 0.9972445248843725 0.03731425745251297 0.06411710987645892
    outer loop
      vertex 16.188671417572056 0 15.305737347276473
      vertex 16.177334907576956 0.3029746079845805 15.305737347276473
      vertex 16.161552503305966 0 15.727530981218738
    endloop
  endfacet
  facet normal 0.9916675289813043 0.1117340958937994 0.06411710987645412
    outer loop
      vertex 16.019059384847083 1.2754499410731148 17.114484712054022
      vertex 15.980625131832193 1.5 17.317614624233762
      vertex 15.80294370897974 1.5 20.065725041024105
    endloop
  endfacet
  facet normal 0.9972445248843729 0.03731425745251307 0.06411710987645393
    outer loop
      vertex 16.143240443612875 0 16.012347332165948
      vertex 16.038500048472827 1.20191942007866 16.94194405017923
      vertex 15.414294328888532 0 27.349999999999994
    endloop
  endfacet
  facet normal 0.991667528981303 0.11173409589381002 0.06411710987645391
    outer loop
      vertex 16.038500048472827 1.20191942007866 16.94194405017923
      vertex 16.019059384847083 1.2754499410731148 17.114484712054022
      vertex 15.366739191359239 1.1515779032676545 27.41946392594174
    endloop
  endfacet
  facet normal 0.9916675289813041 0.11173409589380218 0.06411710987645389
    outer loop
      vertex 16.019059384847083 1.2754499410731148 17.114484712054022
      vertex 15.80294370897974 1.5 20.065725041024105
      vertex 15.366739191359239 1.1515779032676545 27.41946392594174
    endloop
  endfacet
  facet normal 0.9972445248843727 0.03731425745251328 0.06411710987645394
    outer loop
      vertex 16.038500048472827 1.20191942007866 16.94194405017923
      vertex 15.382391794976828 0.8011066032464665 27.379975294217743
      vertex 15.414294328888532 0 27.349999999999994
    endloop
  endfacet
  facet normal 0.9916675289813037 0.11173409589380386 0.06411710987645396
    outer loop
      vertex 15.80294370897974 1.5 20.065725041024105
      vertex 15.683541370104992 2.3639135082304192 20.40695732077123
      vertex 15.366739191359239 1.1515779032676545 27.41946392594174
    endloop
  endfacet
  facet normal 0.9972445248843727 0.03731425745251315 0.06411710987645393
    outer loop
      vertex 16.038500048472827 1.20191942007866 16.94194405017923
      vertex 15.366739191359239 1.1515779032676545 27.41946392594174
      vertex 15.382391794976828 0.8011066032464665 27.379975294217743
    endloop
  endfacet
  facet normal 0.9916675289813035 0.11173409589380628 0.06411710987645437
    outer loop
      vertex 15.683541370104992 2.3639135082304192 20.40695732077123
      vertex 15.313219349477286 1.5977330934085872 27.469733542866614
      vertex 15.366739191359239 1.1515779032676545 27.41946392594174
    endloop
  endfacet
  facet normal 0.9639383191620559 0.25828649417288774 0.06411710987645394
    outer loop
      vertex 15.420322477934345 3.5195879785802537 21.088314990012513
      vertex 15.110367426686684 4.5 21.79873951391524
      vertex 14.992223950908203 3.421877283390502 27.91797291322311
    endloop
  endfacet
  facet normal 0.9805447259984963 0.1855290719472949 0.06411710987645382
    outer loop
      vertex 15.683541370104992 2.3639135082304192 20.40695732077123
      vertex 15.545591602358208 2.95675067714699 20.8011951069188
      vertex 15.226129957786428 2.2949698308502784 27.601657851258963
    endloop
  endfacet
  facet normal 0.9805447259984963 0.18552907194729573 0.06411710987645391
    outer loop
      vertex 15.545591602358208 2.95675067714699 20.8011951069188
      vertex 15.420322477934345 3.5195879785802537 21.088314990012513
      vertex 15.226129957786428 2.2949698308502784 27.601657851258963
    endloop
  endfacet
  facet normal 0.9805447259984957 0.18552907194729767 0.06411710987645394
    outer loop
      vertex 15.420322477934345 3.5195879785802537 21.088314990012513
      vertex 14.992223950908203 3.421877283390502 27.91797291322311
      vertex 15.04781336196842 3.1597754696848974 27.826259521972567
    endloop
  endfacet
  facet normal 0.9916675289813042 0.11173409589380087 0.0641171098764538
    outer loop
      vertex 15.683541370104992 2.3639135082304192 20.40695732077123
      vertex 15.226129957786428 2.2949698308502784 27.601657851258963
      vertex 15.313219349477286 1.5977330934085872 27.469733542866614
    endloop
  endfacet
  facet normal 0.9805447259984954 0.18552907194729967 0.06411710987645462
    outer loop
      vertex 15.420322477934345 3.5195879785802537 21.088314990012513
      vertex 15.207895894740373 2.385424412011686 27.61877278141084
      vertex 15.226129957786428 2.2949698308502784 27.601657851258963
    endloop
  endfacet
  facet normal 0.9805447259984964 0.18552907194729495 0.06411710987645383
    outer loop
      vertex 15.420322477934345 3.5195879785802537 21.088314990012513
      vertex 15.04781336196842 3.1597754696848974 27.826259521972567
      vertex 15.207895894740373 2.385424412011686 27.61877278141084
    endloop
  endfacet
  facet normal 0.9639383191620565 0.258286494172886 0.06411710987645429
    outer loop
      vertex 15.156442450384532 4.675143339011841 20.400506810000447
      vertex 15.110367426686684 4.5 21.79873951391524
      vertex 15.214386647425421 4.5 20.23491180875746
    endloop
  endfacet
  facet normal 0.8822962210610663 0.46630716756495694 0.06411710987645391
    outer loop
      vertex 14.166355385742309 6.822157194780836 22.54126801904448
      vertex 14.029611541307904 7.045313598079878 22.799999999999997
      vertex 13.754878288689019 6.624000268619369 29.644624418492594
    endloop
  endfacet
  facet normal 0.8822962210610664 0.4663071675649566 0.06411710987645382
    outer loop
      vertex 14.029611541307904 7.045313598079878 22.799999999999997
      vertex 13.560989711982172 7.829441060690653 23.545807368938377
      vertex 13.720059727657 6.683810675925622 29.68876650794271
    endloop
  endfacet
  facet normal 0.9639383191620589 0.25828649417287725 0.06411710987645323
    outer loop
      vertex 15.156442450384532 4.675143339011841 20.400506810000447
      vertex 14.848190787465715 3.916455781207758 28.091033414534124
      vertex 15.110367426686684 4.5 21.79873951391524
    endloop
  endfacet
  facet normal 0.9419411782351969 0.3295994735523402 0.06411710987645412
    outer loop
      vertex 15.156442450384532 4.675143339011841 20.400506810000447
      vertex 15.080154728036106 4.850750041871695 20.618524594735604
      vertex 14.667657710956725 4.524373214279267 28.356265079239193
    endloop
  endfacet
  facet normal 0.9146763201528496 0.39906919897773674 0.06411710987645405
    outer loop
      vertex 14.699410225221667 5.769093388965004 21.49120026513273
      vertex 14.595695660019187 5.96861661544679 21.728916573704442
      vertex 14.253994736624215 5.594280691636433 28.933415986691415
    endloop
  endfacet
  facet normal 0.9419411782351977 0.3295994735523378 0.06411710987645407
    outer loop
      vertex 15.080154728036106 4.850750041871695 20.618524594735604
      vertex 14.699410225221667 5.769093388965004 21.49120026513273
      vertex 14.667657710956725 4.524373214279267 28.356265079239193
    endloop
  endfacet
  facet normal 0.9639383191620553 0.2582864941728897 0.06411710987645428
    outer loop
      vertex 15.110367426686684 4.5 21.79873951391524
      vertex 14.848190787465715 3.916455781207758 28.091033414534124
      vertex 14.992223950908203 3.421877283390502 27.91797291322311
    endloop
  endfacet
  facet normal 0.963938319162056 0.25828649417288707 0.06411710987645411
    outer loop
      vertex 15.156442450384532 4.675143339011841 20.400506810000447
      vertex 14.667657710956725 4.524373214279267 28.356265079239193
      vertex 14.848190787465715 3.916455781207758 28.091033414534124
    endloop
  endfacet
  facet normal 0.9419411782352003 0.3295994735523306 0.06411710987645276
    outer loop
      vertex 14.699410225221667 5.769093388965004 21.49120026513273
      vertex 14.619499778404453 4.651233683340225 28.41161373608606
      vertex 14.667657710956725 4.524373214279267 28.356265079239193
    endloop
  endfacet
  facet normal 0.9419411782351976 0.3295994735523381 0.06411710987645394
    outer loop
      vertex 14.699410225221667 5.769093388965004 21.49120026513273
      vertex 14.34599343713065 5.36 28.78620767143081
      vertex 14.619499778404453 4.651233683340225 28.41161373608606
    endloop
  endfacet
  facet normal 0.9146763201528513 0.39906919897773296 0.06411710987645394
    outer loop
      vertex 14.166355385742309 6.822157194780836 22.54126801904448
      vertex 14.253994736624215 5.594280691636433 28.933415986691415
      vertex 14.595695660019187 5.96861661544679 21.728916573704442
    endloop
  endfacet
  facet normal 0.5877680057636321 0.6829988137674949 -0.43363739667242474
    outer loop
      vertex 10.099414674383656 10.884580372487683 8.221749206020196
      vertex 9.648532761515364 11.131806591545502 8
      vertex 9.70830559821294 11.131788196028742 8.08098931775244
    endloop
  endfacet
  facet normal 0.5877680057636319 0.6829988137674932 -0.4336373966724276
    outer loop
      vertex 10.099414674383656 10.884580372487683 8.221749206020196
      vertex 9.70830559821294 11.131788196028742 8.08098931775244
      vertex 9.796750898008806 11.145043612936728 8.221749206020196
    endloop
  endfacet
  facet normal 0.5877680057636324 0.6829988137674924 -0.4336373966724281
    outer loop
      vertex 10.099414674383656 10.884580372487683 8.221749206020196
      vertex 10.02677985116139 10.806298650556858 8
      vertex 9.648532761515364 11.131806591545502 8
    endloop
  endfacet
  facet normal 0.6072538902818394 0.7056418223706157 -0.36511961226295164
    outer loop
      vertex 10.099414674383656 10.884580372487683 8.221749206020196
      vertex 9.796750898008806 11.145043612936728 8.221749206020196
      vertex 10.175798494467154 11.13098629484472 8.825
    endloop
  endfacet
  facet normal 0.6371650524813642 0.6371650524813642 -0.43363739667242807
    outer loop
      vertex 10.099414674383656 10.884580372487683 8.221749206020196
      vertex 10.884580372487683 10.099414674383656 8.221749206020196
      vertex 10.02677985116139 10.806298650556858 8
    endloop
  endfacet
  facet normal 0.6371650524813642 0.6371650524813642 -0.43363739667242807
    outer loop
      vertex 10.884580372487683 10.099414674383656 8.221749206020196
      vertex 10.806298650556858 10.02677985116139 8
      vertex 10.02677985116139 10.806298650556858 8
    endloop
  endfacet
  facet normal 0.6829988137674984 0.5877680057636256 -0.43363739667242795
    outer loop
      vertex 10.884580372487683 10.099414674383656 8.221749206020196
      vertex 10.829344575958912 10 8
      vertex 10.806298650556858 10.02677985116139 8
    endloop
  endfacet
  facet normal 0.6829988137674948 0.5877680057636292 -0.43363739667242873
    outer loop
      vertex 10.970133617571376 10 8.221749206020196
      vertex 10.829344575958912 10 8
      vertex 10.884580372487683 10.099414674383656 8.221749206020196
    endloop
  endfacet
  facet normal 0.6582885646663442 0.6582885646663442 -0.3651196122629525
    outer loop
      vertex 10.099414674383656 10.884580372487683 8.221749206020196
      vertex 11.209030161558612 10.400460084377237 9.349479196326293
      vertex 10.884580372487683 10.099414674383656 8.221749206020196
    endloop
  endfacet
  facet normal 0.7056418223706176 0.6072538902818367 -0.3651196122629524
    outer loop
      vertex 10.970133617571376 10 8.221749206020196
      vertex 10.884580372487683 10.099414674383656 8.221749206020196
      vertex 11.209030161558612 10.400460084377237 9.349479196326293
    endloop
  endfacet
  facet normal 0.6072538902818326 0.705641822370621 -0.3651196122629529
    outer loop
      vertex 10.099414674383656 10.884580372487683 8.221749206020196
      vertex 10.175798494467154 11.13098629484472 8.825
      vertex 10.34684562885907 11.151247520778961 9.148636973210987
    endloop
  endfacet
  facet normal 0.6582885646663446 0.6582885646663436 -0.3651196122629531
    outer loop
      vertex 10.099414674383656 10.884580372487683 8.221749206020196
      vertex 10.34684562885907 11.151247520778961 9.148636973210987
      vertex 11.209030161558612 10.400460084377237 9.349479196326293
    endloop
  endfacet
  facet normal 0.658288564666345 0.658288564666345 -0.3651196122629496
    outer loop
      vertex 10.34684562885907 11.151247520778961 9.148636973210987
      vertex 10.452993842976678 11.15649640295917 9.349479196326293
      vertex 11.209030161558612 10.400460084377237 9.349479196326293
    endloop
  endfacet
  facet normal 0.6757330520750233 0.6757330520750233 -0.29456694428728336
    outer loop
      vertex 10.452993842976678 11.15649640295917 9.349479196326293
      vertex 10.586384197853425 11.133127052033256 9.601866065368691
      vertex 11.209030161558612 10.400460084377237 9.349479196326293
    endloop
  endfacet
  facet normal 0.6757330520750224 0.6757330520750233 -0.2945669442872857
    outer loop
      vertex 10.586384197853425 11.133127052033256 9.601866065368691
      vertex 10.9377665465694 11.132826260170257 10.40724296369486
      vertex 11.209030161558612 10.400460084377237 9.349479196326293
    endloop
  endfacet
  facet normal 0.7056418223706162 0.6072538902818384 -0.3651196122629527
    outer loop
      vertex 10.970133617571376 10 8.221749206020196
      vertex 11.209030161558612 10.400460084377237 9.349479196326293
      vertex 11.553653930206139 10 9.349479196326293
    endloop
  endfacet
  facet normal 0.7243411596310477 0.6233459711890343 -0.2945669442872854
    outer loop
      vertex 11.553653930206139 10 9.349479196326293
      vertex 11.209030161558612 10.400460084377237 9.349479196326293
      vertex 11.47079450716157 10.6433419027609 10.507131469339164
    endloop
  endfacet
  facet normal 0.7243411596310484 0.6233459711890336 -0.2945669442872849
    outer loop
      vertex 11.553653930206139 10 9.349479196326293
      vertex 11.47079450716157 10.6433419027609 10.507131469339164
      vertex 12.024434981475304 10 10.507131469339164
    endloop
  endfacet
  facet normal 0.6757330520750228 0.6757330520750231 -0.2945669442872854
    outer loop
      vertex 10.9377665465694 11.132826260170257 10.40724296369486
      vertex 11.47079450716157 10.6433419027609 10.507131469339164
      vertex 11.209030161558612 10.400460084377237 9.349479196326293
    endloop
  endfacet
  facet normal 0.6757330520750228 0.6757330520750228 -0.2945669442872863
    outer loop
      vertex 10.9377665465694 11.132826260170257 10.40724296369486
      vertex 10.97271904640169 11.14141736352078 10.507131469339164
      vertex 11.47079450716157 10.6433419027609 10.507131469339164
    endloop
  endfacet
  facet normal 0.738993369417964 0.6359552172856419 -0.22237302346160776
    outer loop
      vertex 12.024434981475304 10 10.507131469339164
      vertex 11.47079450716157 10.6433419027609 10.507131469339164
      vertex 11.668409516894469 10.826701835884235 11.688231963960785
    endloop
  endfacet
  facet normal 0.7389933694179627 0.6359552172856429 -0.22237302346160884
    outer loop
      vertex 12.024434981475304 10 10.507131469339164
      vertex 11.668409516894469 10.826701835884235 11.688231963960785
      vertex 12.37984397277366 10 11.688231963960785
    endloop
  endfacet
  facet normal 0.7495174441732693 0.6450119159310077 -0.14894035446104295
    outer loop
      vertex 11.668409516894469 10.826701835884235 11.688231963960785
      vertex 11.800770047462798 10.949514460623528 12.886175487126412
      vertex 12.37984397277366 10 11.688231963960785
    endloop
  endfacet
  facet normal 0.6894020011707768 0.6894020011707768 -0.2223730234616076
    outer loop
      vertex 10.97271904640169 11.14141736352078 10.507131469339164
      vertex 11.227980467987154 11.121461409451786 11.236626700671875
      vertex 11.47079450716157 10.6433419027609 10.507131469339164
    endloop
  endfacet
  facet normal 0.6894020011707765 0.6894020011707768 -0.22237302346160764
    outer loop
      vertex 11.47079450716157 10.6433419027609 10.507131469339164
      vertex 11.227980467987154 11.121461409451786 11.236626700671875
      vertex 11.668409516894469 10.826701835884235 11.688231963960785
    endloop
  endfacet
  facet normal 0.6894020011707767 0.6894020011707767 -0.22237302346160784
    outer loop
      vertex 11.227980467987154 11.121461409451786 11.236626700671875
      vertex 11.348987733583062 11.146123619195642 11.688231963960785
      vertex 11.668409516894469 10.826701835884235 11.688231963960785
    endloop
  endfacet
  facet normal 0.6992198405412346 0.6992198405412346 -0.1489403544610418
    outer loop
      vertex 11.348987733583062 11.146123619195642 11.688231963960785
      vertex 11.455402968136427 11.124304416913725 12.085379026013305
      vertex 11.668409516894469 10.826701835884235 11.688231963960785
    endloop
  endfacet
  facet normal 0.6992198405412332 0.6992198405412358 -0.14894035446104337
    outer loop
      vertex 11.455402968136427 11.124304416913725 12.085379026013305
      vertex 11.606921833426027 11.143362674660299 12.886175487126412
      vertex 11.668409516894469 10.826701835884235 11.688231963960785
    endloop
  endfacet
  facet normal 0.6992198405412345 0.6992198405412345 -0.14894035446104298
    outer loop
      vertex 11.668409516894469 10.826701835884235 11.688231963960785
      vertex 11.606921833426027 11.143362674660299 12.886175487126412
      vertex 11.800770047462798 10.949514460623528 12.886175487126412
    endloop
  endfacet
  facet normal 0.7051323199898524 0.7051323199898524 -0.0746781267270191
    outer loop
      vertex 11.606921833426027 11.143362674660299 12.886175487126412
      vertex 11.61876220814526 11.138149707473703 12.94875337242995
      vertex 11.800770047462798 10.949514460623528 12.886175487126412
    endloop
  endfacet
  facet normal 0.7051323199898505 0.7051323199898534 -0.0746781267270276
    outer loop
      vertex 11.61876220814526 11.138149707473703 12.94875337242995
      vertex 11.717144616878867 11.132241506481206 13.821921400359514
      vertex 11.800770047462798 10.949514460623528 12.886175487126412
    endloop
  endfacet
  facet normal 0.7051323199898533 0.7051323199898508 -0.07467812672702684
    outer loop
      vertex 11.800770047462798 10.949514460623528 12.886175487126412
      vertex 11.717144616878867 11.132241506481206 13.821921400359514
      vertex 11.867135885089208 11.011092958963811 14.094262652723526
    endloop
  endfacet
  facet normal 0.7558552312727097 0.6504660227454009 -0.07467812672702688
    outer loop
      vertex 11.800770047462798 10.949514460623528 12.886175487126412
      vertex 11.867135885089208 11.011092958963811 14.094262652723526
      vertex 12.656812973588185 10.093471534498141 14.094262652723526
    endloop
  endfacet
  facet normal 0.705132319989852 0.705132319989852 -0.07467812672702559
    outer loop
      vertex 11.717144616878867 11.132241506481206 13.821921400359514
      vertex 11.727334907576958 11.150893936476061 14.094262652723526
      vertex 11.867135885089208 11.011092958963811 14.094262652723526
    endloop
  endfacet
  facet normal 0.7071067811865475 0.7071067811865475 1.1779783224056894e-17
    outer loop
      vertex 11.867135885089208 11.011092958963811 14.094262652723526
      vertex 11.727334907576958 11.150893936476061 14.094262652723526
      vertex 11.75 11.12822884405302 14.7
    endloop
  endfacet
  facet normal 0.7071067811865475 0.7071067811865475 0
    outer loop
      vertex 11.867135885089208 11.011092958963811 14.094262652723526
      vertex 11.75 11.12822884405302 14.7
      vertex 11.867135885089208 11.011092958963811 15.305737347276473
    endloop
  endfacet
  facet normal 0.7579717231454534 0.6522874112781208 0
    outer loop
      vertex 11.867135885089208 11.011092958963811 14.094262652723526
      vertex 11.867135885089208 11.011092958963811 15.305737347276473
      vertex 12.656812973588185 10.093471534498141 14.094262652723526
    endloop
  endfacet
  facet normal 0.7071067811865475 0.7071067811865475 1.2545372491047019e-17
    outer loop
      vertex 11.867135885089208 11.011092958963811 15.305737347276473
      vertex 11.75 11.12822884405302 14.7
      vertex 11.727334907576957 11.150893936476063 15.305737347276473
    endloop
  endfacet
  facet normal 0.7056518249891695 0.7056518249891695 0.06411710987645267
    outer loop
      vertex 11.867135885089208 11.011092958963811 15.305737347276473
      vertex 11.727334907576957 11.150893936476063 15.305737347276473
      vertex 11.717144616878867 11.136338689242635 15.578078599640483
    endloop
  endfacet
  facet normal 0.7495174441732705 0.6450119159310064 -0.1489403544610414
    outer loop
      vertex 11.800770047462798 10.949514460623528 12.886175487126412
      vertex 12.539603376627042 10 12.49219446621301
      vertex 12.37984397277366 10 11.688231963960785
    endloop
  endfacet
  facet normal 0.7956234422249944 0.5871968230457906 -0.1489403544610435
    outer loop
      vertex 12.539603376627042 10 12.49219446621301
      vertex 12.586030941360137 10.037024747385258 12.886175487126412
      vertex 12.613356448484334 10 12.886175487126412
    endloop
  endfacet
  facet normal 0.8023510934989521 0.5921620556482643 -0.07467812672702716
    outer loop
      vertex 12.613356448484334 10 12.886175487126412
      vertex 12.586030941360137 10.037024747385258 12.886175487126412
      vertex 12.656812973588185 10.093471534498141 14.094262652723526
    endloop
  endfacet
  facet normal 0.7495174441732697 0.6450119159310067 -0.14894035446104345
    outer loop
      vertex 11.800770047462798 10.949514460623528 12.886175487126412
      vertex 12.586030941360137 10.037024747385258 12.886175487126412
      vertex 12.539603376627042 10 12.49219446621301
    endloop
  endfacet
  facet normal 0.7558552312727099 0.6504660227454009 -0.07467812672702706
    outer loop
      vertex 11.800770047462798 10.949514460623528 12.886175487126412
      vertex 12.656812973588185 10.093471534498141 14.094262652723526
      vertex 12.586030941360137 10.037024747385258 12.886175487126412
    endloop
  endfacet
  facet normal 0.8023510934989613 0.5921620556482518 -0.07467812672702652
    outer loop
      vertex 12.613356448484334 10 12.886175487126412
      vertex 12.656812973588185 10.093471534498141 14.094262652723526
      vertex 12.725798105485543 10 14.094262652723526
    endloop
  endfacet
  facet normal 0.8045977797666716 0.5938201855734973 2.591478726215583e-18
    outer loop
      vertex 12.725798105485543 10 14.094262652723526
      vertex 12.656812973588185 10.093471534498141 14.094262652723526
      vertex 12.656812973588185 10.093471534498141 15.305737347276473
    endloop
  endfacet
  facet normal 0.7579717231454534 0.6522874112781208 1.111834277070641e-17
    outer loop
      vertex 11.867135885089208 11.011092958963811 15.305737347276473
      vertex 12.656812973588185 10.093471534498141 15.305737347276473
      vertex 12.656812973588185 10.093471534498141 14.094262652723526
    endloop
  endfacet
  facet normal 0.8045977797666716 0.5938201855734973 0
    outer loop
      vertex 12.725798105485543 10 14.094262652723526
      vertex 12.656812973588185 10.093471534498141 15.305737347276473
      vertex 12.725798105485543 10 15.305737347276473
    endloop
  endfacet
  facet normal 0.8029422242590525 0.5925983300035668 0.06411710987645425
    outer loop
      vertex 12.725798105485543 10 15.305737347276473
      vertex 12.656812973588185 10.093471534498141 15.305737347276473
      vertex 12.539603376627044 10 17.637464557424117
    endloop
  endfacet
  facet normal 0.7564121062879013 0.6509452524461573 0.064117109876454
    outer loop
      vertex 11.867135885089208 11.011092958963811 15.305737347276473
      vertex 11.157722145016194 9.97896658546587 34.153544218792234
      vertex 12.656812973588185 10.093471534498141 15.305737347276473
    endloop
  endfacet
  facet normal 0.7056518249891696 0.7056518249891693 0.06411710987645398
    outer loop
      vertex 11.227980467987152 11.390597154548212 18.16337329932813
      vertex 10.9377665465694 11.605451406635675 18.992757036305143
      vertex 10.953928806012032 10.163760617287586 34.68165522027216
    endloop
  endfacet
  facet normal 0.7056518249891707 0.7056518249891681 0.06411710987645398
    outer loop
      vertex 11.867135885089208 11.011092958963811 15.305737347276473
      vertex 11.717144616878867 11.136338689242635 15.578078599640483
      vertex 10.953928806012032 10.163760617287586 34.68165522027216
    endloop
  endfacet
  facet normal 0.7056518249891625 0.7056518249891764 0.06411710987645408
    outer loop
      vertex 11.618762208145261 11.155383089620312 16.451246627570047
      vertex 10.953928806012032 10.163760617287586 34.68165522027216
      vertex 11.717144616878867 11.136338689242635 15.578078599640483
    endloop
  endfacet
  facet normal 0.7056518249891701 0.7056518249891686 0.06411710987645393
    outer loop
      vertex 11.618762208145261 11.155383089620312 16.451246627570047
      vertex 11.455402968136429 11.240294197174364 17.31462097398669
      vertex 10.953928806012032 10.163760617287586 34.68165522027216
    endloop
  endfacet
  facet normal 0.7056518249891711 0.7056518249891678 0.06411710987645391
    outer loop
      vertex 11.455402968136429 11.240294197174364 17.31462097398669
      vertex 11.227980467987152 11.390597154548212 18.16337329932813
      vertex 10.953928806012032 10.163760617287586 34.68165522027216
    endloop
  endfacet
  facet normal 0.7056518249891665 0.7056518249891724 0.06411710987645423
    outer loop
      vertex 10.9377665465694 11.605451406635675 18.992757036305143
      vertex 10.84006189484273 11.68280823604834 19.216698476867563
      vertex 10.853180624341917 10.243740478027428 34.9102245303151
    endloop
  endfacet
  facet normal 0.6509452524461574 0.7564121062879011 0.06411710987645397
    outer loop
      vertex 10.586384197853423 11.851830294675331 19.79813393463131
      vertex 10.175798494467154 12.139316977743116 20.575
      vertex 10 10.777436835122272 38.426363306261635
    endloop
  endfacet
  facet normal 0.650945252446157 0.7564121062879017 0.06411710987645398
    outer loop
      vertex 10.586384197853423 11.851830294675331 19.79813393463131
      vertex 10 10.777436835122272 38.426363306261635
      vertex 10.84006189484273 11.68280823604834 19.216698476867563
    endloop
  endfacet
  facet normal 0.7564121062879011 0.6509452524461574 0.06411710987645398
    outer loop
      vertex 11.85265987151855 10 25.74157880401353
      vertex 12.656812973588185 10.093471534498141 15.305737347276473
      vertex 11.157722145016194 9.97896658546587 34.153544218792234
    endloop
  endfacet
  facet normal 0.6509452524461566 0.7564121062879018 0.06411710987645393
    outer loop
      vertex 9.862239137482561 12.36685671894797 21.074026857914763
      vertex 10 11.575100319255577 29.016046507752993
      vertex 10.175798494467154 12.139316977743116 20.575
    endloop
  endfacet
  facet normal 0.5925983300035766 0.8029422242590454 0.06411710987645408
    outer loop
      vertex 9.70830559821294 12.460902219655946 21.31901068224756
      vertex 9.523907664183882 11.942602470448438 29.51399424023648
      vertex 9.862239137482561 12.36685671894797 21.074026857914763
    endloop
  endfacet
  facet normal 0.5309373573194132 0.8449819636085546 0.06411710987645401
    outer loop
      vertex 8.86236443710991 12.998701227202444 22.402680675500918
      vertex 8.613359494000463 13.133205642861334 22.6920296688083
      vertex 8.570357865081787 12.570406248688679 30.46509538222798
    endloop
  endfacet
  facet normal 0.5925983300035709 0.8029422242590494 0.064117109876454
    outer loop
      vertex 8.86236443710991 12.998701227202444 22.402680675500918
      vertex 9.218930962362958 12.145709982445124 29.78919514646475
      vertex 9.186519918999352 12.789542152615011 22.02600517184012
    endloop
  endfacet
  facet normal 0.5309373573194175 0.8449819636085518 0.0641171098764539
    outer loop
      vertex 7.9920296688083 13.476466629760065 23.313359494000462
      vertex 8.284670430541672 12.730573435631246 30.71999999999999
      vertex 8.613359494000463 13.133205642861334 22.6920296688083
    endloop
  endfacet
  facet normal 0.5925983300035702 0.80294222425905 0.06411710987645405
    outer loop
      vertex 9.70830559821294 12.460902219655946 21.31901068224756
      vertex 9.186519918999352 12.789542152615011 22.02600517184012
      vertex 9.218930962362958 12.145709982445124 29.78919514646475
    endloop
  endfacet
  facet normal 0.7564121062879052 0.6509452524461529 0.06411710987645426
    outer loop
      vertex 11.85265987151855 10 25.74157880401353
      vertex 12.539603376627044 10 17.637464557424117
      vertex 12.656812973588185 10.093471534498141 15.305737347276473
    endloop
  endfacet
  facet normal 0.8449819636085527 0.5309373573194163 0.06411710987645407
    outer loop
      vertex 12.887271949883658 8.786393242195741 24.500274832062043
      vertex 13.172368129527271 7.605070285447418 30.525302470527414
      vertex 13.385068143919117 8.075607953063322 23.825784940630676
    endloop
  endfacet
  facet normal 0.8449819636085535 0.530937357319415 0.06411710987645401
    outer loop
      vertex 13.560989711982172 7.829441060690653 23.545807368938377
      vertex 13.385068143919117 8.075607953063322 23.825784940630676
      vertex 13.172368129527271 7.605070285447418 30.525302470527414
    endloop
  endfacet
  facet normal 0.037314257452513946 0.9972445248843728 0.064117109876454
    outer loop
      vertex 0 15.472159172915125 26.45
      vertex 0.6697357115108904 14.7 38.06999999999999
      vertex 0.8780785996404834 15.441416202704813 26.417144616878865
    endloop
  endfacet
  facet normal 0.11173409589380137 0.9916675289813041 0.06411710987645404
    outer loop
      vertex 1.1565445145377482 15.43301401292001 26.385769043585416
      vertex 2.2283184373662253 14.783926855412854 34.55714433355664
      vertex 1.7512466275700465 15.37033956157516 26.31876220814526
    endloop
  endfacet
  facet normal 0.03731425745251697 0.9972445248843725 0.06411710987645403
    outer loop
      vertex 0.8780785996404834 15.441416202704813 26.417144616878865
      vertex 1.1011676677347972 14.694061346629558 37.91128614735548
      vertex 1.1565445145377482 15.43301401292001 26.385769043585416
    endloop
  endfacet
  facet normal 0.18552907194729656 0.9805447259984961 0.0641171098764539
    outer loop
      vertex 2.614620973986689 15.26021825833131 26.15540296813643
      vertex 3.3358862530262448 14.615472630442111 33.92846460721619
      vertex 3.4502976240006364 15.116741598942047 25.931484084631645
    endloop
  endfacet
  facet normal 0.25828649417295757 0.963938319162038 0.06411710987644254
    outer loop
      vertex 3.4502976240006364 15.116741598942047 25.931484084631645
      vertex 4.433420878191899 14.372797479371268 33.155589887235045
      vertex 3.463373299328129 15.113471028094047 25.92798046798715
    endloop
  endfacet
  facet normal 0.11173409589380365 0.9916675289813037 0.06411710987645389
    outer loop
      vertex 1.7512466275700465 15.37033956157516 26.31876220814526
      vertex 2.2283184373662253 14.783926855412854 34.55714433355664
      vertex 2.308273215731644 15.31439214945414 26.213367091317362
    endloop
  endfacet
  facet normal 0.1855290719472904 0.9805447259984971 0.06411710987645457
    outer loop
      vertex 2.308273215731644 15.31439214945414 26.213367091317362
      vertex 3.3358862530262448 14.615472630442111 33.92846460721619
      vertex 2.614620973986689 15.26021825833131 26.15540296813643
    endloop
  endfacet
  facet normal 0.25828649417288735 0.9639383191620561 0.06411710987645397
    outer loop
      vertex 3.4502976240006364 15.116741598942047 25.931484084631645
      vertex 3.758719230262622 14.524706647949335 33.58972134895424
      vertex 4.433420878191899 14.372797479371268 33.155589887235045
    endloop
  endfacet
  facet normal 0.11173409589379599 0.9916675289813045 0.06411710987645443
    outer loop
      vertex 1.1565445145377482 15.43301401292001 26.385769043585416
      vertex 1.5 14.84770648885872 34.83990521685659
      vertex 1.8429781660722948 14.81890426516372 34.687681803864024
    endloop
  endfacet
  facet normal 0.11173409589380337 0.991667528981304 0.06411710987645375
    outer loop
      vertex 1.1565445145377482 15.43301401292001 26.385769043585416
      vertex 1.8429781660722948 14.81890426516372 34.687681803864024
      vertex 2.2283184373662253 14.783926855412854 34.55714433355664
    endloop
  endfacet
  facet normal 0.11173409589380473 0.9916675289813038 0.06411710987645403
    outer loop
      vertex 1.1565445145377482 15.43301401292001 26.385769043585416
      vertex 1.1011676677347972 14.694061346629558 37.91128614735548
      vertex 1.5 14.84770648885872 34.83990521685659
    endloop
  endfacet
  facet normal 0.037314257452516056 0.9972445248843727 0.0641171098764539
    outer loop
      vertex 0 15.472159172915125 26.45
      vertex 0.27492140354152306 14.679433527245758 38.61965055586198
      vertex 0.6697357115108904 14.7 38.06999999999999
    endloop
  endfacet
  facet normal 0.03731425745251652 0.9972445248843727 0.06411710987645405
    outer loop
      vertex 0.8780785996404834 15.441416202704813 26.417144616878865
      vertex 0.6697357115108904 14.7 38.06999999999999
      vertex 1.1011676677347972 14.694061346629558 37.91128614735548
    endloop
  endfacet
  facet normal 0.03731425745251242 0.9972445248843728 0.06411710987645397
    outer loop
      vertex 0 15.472159172915125 26.45
      vertex 0 14.689720360389458 38.61965055586198
      vertex 0.27492140354152306 14.679433527245758 38.61965055586198
    endloop
  endfacet
  facet normal 0.18552907194729484 0.9805447259984964 0.0641171098764539
    outer loop
      vertex 2.308273215731644 15.31439214945414 26.213367091317362
      vertex 2.2283184373662253 14.783926855412854 34.55714433355664
      vertex 3.3358862530262448 14.615472630442111 33.92846460721619
    endloop
  endfacet
  facet normal 0.25828649417288874 0.9639383191620555 0.06411710987645389
    outer loop
      vertex 3.4502976240006364 15.116741598942047 25.931484084631645
      vertex 3.3358862530262448 14.615472630442111 33.92846460721619
      vertex 3.758719230262622 14.524706647949335 33.58972134895424
    endloop
  endfacet
  facet normal 0.25828649417288785 0.963938319162056 0.064117109876454
    outer loop
      vertex 4.292757036305145 14.910542131117916 25.6377665465694
      vertex 4.433420878191899 14.372797479371268 33.155589887235045
      vertex 4.578252218200495 14.842329151595106 25.51320627203213
    endloop
  endfacet
  facet normal 0.2582864941728858 0.9639383191620563 0.06411710987645404
    outer loop
      vertex 4.292757036305145 14.910542131117916 25.6377665465694
      vertex 3.463373299328129 15.113471028094047 25.92798046798715
      vertex 4.433420878191899 14.372797479371268 33.155589887235045
    endloop
  endfacet
  facet normal 0.32959947355233743 0.9419411782351979 0.06411710987645411
    outer loop
      vertex 4.578252218200495 14.842329151595106 25.51320627203213
      vertex 5.251603333279543 14.046920245056265 33.7370989361597
      vertex 5.098133934631309 14.675854250809522 25.286384197853423
    endloop
  endfacet
  facet normal 0.39906919897773496 0.9146763201528504 0.06411710987645373
    outer loop
      vertex 5.68726074323624 14.490904044392074 24.975021588675784
      vertex 6.295997830138334 13.6838441050698 32.69948694181398
      vertex 5.875 14.415949598464934 24.875798494467155
    endloop
  endfacet
  facet normal 0.32959947355233987 0.941941178235197 0.06411710987645407
    outer loop
      vertex 5.68726074323624 14.490904044392074 24.975021588675784
      vertex 5.098133934631309 14.675854250809522 25.286384197853423
      vertex 5.4860556623558026 13.978241859217938 33.5408273857879
    endloop
  endfacet
  facet normal 0.3295994735523391 0.9419411782351972 0.06411710987645393
    outer loop
      vertex 4.578252218200495 14.842329151595106 25.51320627203213
      vertex 4.5 14.353294381942765 33.09985323701215
      vertex 5.251603333279543 14.046920245056265 33.7370989361597
    endloop
  endfacet
  facet normal 0.3295994735523331 0.9419411782351993 0.06411710987645398
    outer loop
      vertex 4.578252218200495 14.842329151595106 25.51320627203213
      vertex 4.433420878191899 14.372797479371268 33.155589887235045
      vertex 4.5 14.353294381942765 33.09985323701215
    endloop
  endfacet
  facet normal 0.32959947355234137 0.9419411782351964 0.06411710987645394
    outer loop
      vertex 5.098133934631309 14.675854250809522 25.286384197853423
      vertex 5.251603333279543 14.046920245056265 33.7370989361597
      vertex 5.4860556623558026 13.978241859217938 33.5408273857879
    endloop
  endfacet
  facet normal 0.39906919897773235 0.9146763201528515 0.06411710987645405
    outer loop
      vertex 5.68726074323624 14.490904044392074 24.975021588675784
      vertex 5.4860556623558026 13.978241859217938 33.5408273857879
      vertex 6.295997830138334 13.6838441050698 32.69948694181398
    endloop
  endfacet
  facet normal 0.5309373573194164 0.8449819636085525 0.0641171098764539
    outer loop
      vertex 7.8325002366887855 13.56628836024023 23.450645671205173
      vertex 7.575096786953455 13.120452507255138 31.457687205969517
      vertex 8.284670430541672 12.730573435631246 30.71999999999999
    endloop
  endfacet
  facet normal 0.4663071675649583 0.8822962210610655 0.06411710987645391
    outer loop
      vertex 7.326005171840118 13.802303518263518 23.88651991899935
      vertex 7.308669519583004 13.24424235816556 31.691909034971886
      vertex 7.575096786953455 13.120452507255138 31.457687205969517
    endloop
  endfacet
  facet normal 0.3990691989777325 0.9146763201528516 0.06411710987645396
    outer loop
      vertex 5.875 14.415949598464934 24.875798494467155
      vertex 6.544760010968052 13.590334198206156 32.48515995860662
      vertex 6.619010682247558 14.124111439196518 24.40830559821294
    endloop
  endfacet
  facet normal 0.3990691989777367 0.9146763201528496 0.06411710987645387
    outer loop
      vertex 6.773249390926249 14.064797284578896 24.294472250777208
      vertex 6.619010682247558 14.124111439196518 24.40830559821294
      vertex 6.544760010968052 13.590334198206156 32.48515995860662
    endloop
  endfacet
  facet normal 0.46630716756495577 0.8822962210610669 0.06411710987645401
    outer loop
      vertex 6.773249390926249 14.064797284578896 24.294472250777208
      vertex 7.308669519583004 13.24424235816556 31.691909034971886
      vertex 7.326005171840118 13.802303518263518 23.88651991899935
    endloop
  endfacet
  facet normal 0.4663071675649569 0.8822962210610662 0.06411710987645386
    outer loop
      vertex 6.773249390926249 14.064797284578896 24.294472250777208
      vertex 6.544760010968052 13.590334198206156 32.48515995860662
      vertex 7.308669519583004 13.24424235816556 31.691909034971886
    endloop
  endfacet
  facet normal 0.39906919897773185 0.9146763201528518 0.06411710987645404
    outer loop
      vertex 5.875 14.415949598464934 24.875798494467155
      vertex 6.295997830138334 13.6838441050698 32.69948694181398
      vertex 6.544760010968052 13.590334198206156 32.48515995860662
    endloop
  endfacet
  facet normal 0.32959947355233943 0.9419411782351973 0.06411710987645357
    outer loop
      vertex 4.5 14.353294381942765 33.09985323701215
      vertex 4.5 14.256640765142583 34.51978657251159
      vertex 5.251603333279543 14.046920245056265 33.7370989361597
    endloop
  endfacet
  facet normal 0.1117340958938026 0.9916675289813041 0.06411710987645375
    outer loop
      vertex 1.5 14.84770648885872 34.83990521685659
      vertex 1.1011676677347972 14.694061346629558 37.91128614735548
      vertex 1.5 14.677588398073032 37.47103732885487
    endloop
  endfacet
  facet normal 0.03728678647800912 0.9965103476345271 0.0746781267270253
    outer loop
      vertex 0 14.689720360389458 38.61965055586198
      vertex 0 14.66917545817389 38.89380322339997
      vertex 0.27492140354152306 14.679433527245758 38.61965055586198
    endloop
  endfacet
  facet normal 0.03728678647801264 0.9965103476345267 0.0746781267270253
    outer loop
      vertex 0 14.628114387646235 39.44172513118063
      vertex 0 14.607569485430666 39.71587779871862
      vertex 0.27646752207057346 14.597224800613272 39.71587779871862
    endloop
  endfacet
  facet normal 0.03697413968462865 0.9881546861739818 0.1489403544610423
    outer loop
      vertex 0 14.607569485430666 39.71587779871862
      vertex 0 14.5665945764265 39.98772855732958
      vertex 0.27646752207057346 14.597224800613272 39.71587779871862
    endloop
  endfacet
  facet normal 0.034809729260438765 0.9303095998052282 0.3651196122629554
    outer loop
      vertex 0 13.573905228478747 43.69249564000299
      vertex 0 13.47346516128865 43.948412757500186
      vertex 0.2997386708442329 13.46224973151865 43.948412757500186
    endloop
  endfacet
  facet normal 0.03369273622781425 0.9004573325442141 0.433637396672429
    outer loop
      vertex 0 13.47346516128865 43.948412757500186
      vertex 0 13.354181234756624 44.1961083832111
      vertex 0.2997386708442329 13.46224973151865 43.948412757500186
    endloop
  endfacet
  facet normal 0.033692736227813866 0.9004573325442151 0.43363739667242707
    outer loop
      vertex 0 13.115780211049767 44.691153209903135
      vertex 0 13.077809598164674 44.769999999999996
      vertex 0.09891484493207899 13.074108465796863 44.769999999999996
    endloop
  endfacet
  facet normal 0.03697413968463097 0.9881546861739813 0.1489403544610461
    outer loop
      vertex 0 14.484702065533503 40.53104986668389
      vertex 0 14.443727156529336 40.80290062529484
      vertex 0.2796036296825744 14.433265126844246 40.80290062529484
    endloop
  endfacet
  facet normal 0.03645498084039172 0.9742798739625443 0.22237302346160465
    outer loop
      vertex 0 14.3825513890487 41.07092917526366
      vertex 0.2796036296825744 14.433265126844246 40.80290062529484
      vertex 0 14.443727156529336 40.80290062529484
    endloop
  endfacet
  facet normal 0.03645498084038783 0.9742798739625445 0.22237302346160517
    outer loop
      vertex 0 14.26028541392994 41.60661141303822
      vertex 0 14.199109646449303 41.87463996300705
      vertex 0.28442054746163653 14.18846738041731 41.87463996300705
    endloop
  endfacet
  facet normal 0.03573217864870912 0.9549625787130451 0.2945669442872838
    outer loop
      vertex 0 14.118075140199123 42.13734737995991
      vertex 0.28442054746163653 14.18846738041731 41.87463996300705
      vertex 0 14.199109646449303 41.87463996300705
    endloop
  endfacet
  facet normal 0.03573217864870659 0.954962578713046 0.2945669442872814
    outer loop
      vertex 0 13.875084955533003 42.92510221074095
      vertex 0.2910626170617989 13.864194160791257 42.92510221074095
      vertex 0 13.956119461783196 42.662394793788046
    endloop
  endfacet
  facet normal 0.034809729260434165 0.9303095998052292 0.36511961226295403
    outer loop
      vertex 0 13.875084955533003 42.92510221074095
      vertex 0 13.774644888342875 43.18101932823823
      vertex 0.2910626170617989 13.864194160791257 42.92510221074095
    endloop
  endfacet
  facet normal 0.9146763201528514 0.39906919897773274 0.0641171098764539
    outer loop
      vertex 14.166355385742309 6.822157194780836 22.54126801904448
      vertex 14.040478145873793 6.038791022442028 29.212720339332527
      vertex 14.253994736624215 5.594280691636433 28.933415986691415
    endloop
  endfacet
  facet normal 0.9146763201528514 0.3990691989777328 0.06411710987645391
    outer loop
      vertex 14.166355385742309 6.822157194780836 22.54126801904448
      vertex 13.754878288689019 6.624000268619369 29.644624418492594
      vertex 14.040478145873793 6.038791022442028 29.212720339332527
    endloop
  endfacet
  facet normal 0.88229622106107 0.4663071675649499 0.06411710987645362
    outer loop
      vertex 14.029611541307904 7.045313598079878 22.799999999999997
      vertex 13.720059727657 6.683810675925622 29.68876650794271
      vertex 13.754878288689019 6.624000268619369 29.644624418492594
    endloop
  endfacet
  facet normal 0.882296221061067 0.46630716756495577 0.06411710987645401
    outer loop
      vertex 13.560989711982172 7.829441060690653 23.545807368938377
      vertex 13.172368129527271 7.605070285447418 30.525302470527414
      vertex 13.360911253329936 7.291451748904254 30.21168393398425
    endloop
  endfacet
  facet normal 0.8822962210610654 0.46630716756495827 0.06411710987645416
    outer loop
      vertex 13.560989711982172 7.829441060690653 23.545807368938377
      vertex 13.360911253329936 7.291451748904254 30.21168393398425
      vertex 13.720059727657 6.683810675925622 29.68876650794271
    endloop
  endfacet
  facet normal 0.9419411782351964 0.3295994735523416 0.06411710987645408
    outer loop
      vertex 14.699410225221667 5.769093388965004 21.49120026513273
      vertex 14.253994736624215 5.594280691636433 28.933415986691415
      vertex 14.34599343713065 5.36 28.78620767143081
    endloop
  endfacet
  facet normal 0.6509452524461612 0.7564121062878978 0.06411710987645376
    outer loop
      vertex 10.175798494467154 12.139316977743116 20.575
      vertex 10 11.575100319255577 29.016046507752993
      vertex 10 10.777436835122272 38.426363306261635
    endloop
  endfacet
  facet normal 0.8029422242590498 0.5925983300035703 0.06411710987645403
    outer loop
      vertex 12.149377803934536 9.688805490116328 25.400477224759204
      vertex 11.864605942580186 9.283792328569183 32.709999999999994
      vertex 12.233589917194784 8.857279660667466 32.03120897755797
    endloop
  endfacet
  facet normal 0.8029422242590496 0.5925983300035705 0.06411710987645401
    outer loop
      vertex 12.149377803934536 9.688805490116328 25.400477224759204
      vertex 11.772046786792538 9.387894045145657 32.90697006078852
      vertex 11.864605942580186 9.283792328569183 32.709999999999994
    endloop
  endfacet
  facet normal 0.7564121062879023 0.650945252446156 0.064117109876454
    outer loop
      vertex 11.867135885089208 11.011092958963811 15.305737347276473
      vertex 10.953928806012032 10.163760617287586 34.68165522027216
      vertex 11.157722145016194 9.97896658546587 34.153544218792234
    endloop
  endfacet
  facet normal 0.7564121062879002 0.6509452524461586 0.064117109876454
    outer loop
      vertex 11.87544032364319 9.975772474009736 25.71879835188889
      vertex 11.772046786792538 9.387894045145657 32.90697006078852
      vertex 12.149377803934536 9.688805490116328 25.400477224759204
    endloop
  endfacet
  facet normal 0.7564121062879082 0.6509452524461492 0.06411710987645335
    outer loop
      vertex 11.87544032364319 9.975772474009736 25.71879835188889
      vertex 11.85265987151855 10 25.74157880401353
      vertex 11.772046786792538 9.387894045145657 32.90697006078852
    endloop
  endfacet
  facet normal 0.7056518249891708 0.7056518249891682 0.06411710987645389
    outer loop
      vertex 10.9377665465694 11.605451406635675 18.992757036305143
      vertex 10.853180624341917 10.243740478027428 34.9102245303151
      vertex 10.953928806012032 10.163760617287586 34.68165522027216
    endloop
  endfacet
  facet normal 0.7056518249891708 0.705651824989168 0.06411710987645391
    outer loop
      vertex 10.84006189484273 11.68280823604834 19.216698476867563
      vertex 10.354723966217424 10.60026645713338 36.47226690659141
      vertex 10.57533460730763 10.451227218589151 35.684575587988306
    endloop
  endfacet
  facet normal 0.705651824989168 0.7056518249891708 0.06411710987645407
    outer loop
      vertex 10.84006189484273 11.68280823604834 19.216698476867563
      vertex 10.57533460730763 10.451227218589151 35.684575587988306
      vertex 10.853180624341917 10.243740478027428 34.9102245303151
    endloop
  endfacet
  facet normal 0.756412106287902 0.6509452524461565 0.06411710987645391
    outer loop
      vertex 11.85265987151855 10 25.74157880401353
      vertex 11.495887110517627 9.658386263913933 33.41876631665977
      vertex 11.772046786792538 9.387894045145657 32.90697006078852
    endloop
  endfacet
  facet normal 0.7056518249891699 0.705651824989169 0.06411710987645394
    outer loop
      vertex 10.84006189484273 11.68280823604834 19.216698476867563
      vertex 10.08981680560398 10.72 38.06999999999999
      vertex 10.19258244526425 10.690024705782252 37.268893396753526
    endloop
  endfacet
  facet normal 0.7056518249891685 0.7056518249891703 0.06411710987645398
    outer loop
      vertex 10.84006189484273 11.68280823604834 19.216698476867563
      vertex 10.19258244526425 10.690024705782252 37.268893396753526
      vertex 10.354723966217424 10.60026645713338 36.47226690659141
    endloop
  endfacet
  facet normal 0.7056518249891701 0.7056518249891687 0.06411710987645394
    outer loop
      vertex 10.84006189484273 11.68280823604834 19.216698476867563
      vertex 10 10.759874321455516 38.61965055586198
      vertex 10.08981680560398 10.72 38.06999999999999
    endloop
  endfacet
  facet normal 0.7056518249891707 0.7056518249891682 0.06411710987645436
    outer loop
      vertex 10.84006189484273 11.68280823604834 19.216698476867563
      vertex 10 10.777436835122272 38.426363306261635
      vertex 10 10.759874321455516 38.61965055586198
    endloop
  endfacet
  facet normal 0.7564121062879001 0.6509452524461586 0.06411710987645391
    outer loop
      vertex 11.85265987151855 10 25.74157880401353
      vertex 11.157722145016194 9.97896658546587 34.153544218792234
      vertex 11.495887110517627 9.658386263913933 33.41876631665977
    endloop
  endfacet
  facet normal 0.5309373573194162 0.8449819636085525 0.06411710987645389
    outer loop
      vertex 8.613359494000463 13.133205642861334 22.6920296688083
      vertex 8.284670430541672 12.730573435631246 30.71999999999999
      vertex 8.570357865081787 12.570406248688679 30.46509538222798
    endloop
  endfacet
  facet normal 0.5925983300035709 0.8029422242590495 0.06411710987645403
    outer loop
      vertex 8.86236443710991 12.998701227202444 22.402680675500918
      vertex 8.570357865081787 12.570406248688679 30.46509538222798
      vertex 9.218930962362958 12.145709982445124 29.78919514646475
    endloop
  endfacet
  facet normal 0.5925983300035736 0.8029422242590475 0.06411710987645415
    outer loop
      vertex 9.70830559821294 12.460902219655946 21.31901068224756
      vertex 9.218930962362958 12.145709982445124 29.78919514646475
      vertex 9.523907664183882 11.942602470448438 29.51399424023648
    endloop
  endfacet
  facet normal 0.6509452524461552 0.7564121062879031 0.06411710987645407
    outer loop
      vertex 9.862239137482561 12.36685671894797 21.074026857914763
      vertex 9.523907664183882 11.942602470448438 29.51399424023648
      vertex 10 11.575100319255577 29.016046507752993
    endloop
  endfacet
  facet normal 0.8449819636085542 0.5309373573194136 0.06411710987645348
    outer loop
      vertex 12.887271949883658 8.786393242195741 24.500274832062043
      vertex 12.99402700567401 7.858316066015742 30.77854825109574
      vertex 13.172368129527271 7.605070285447418 30.525302470527414
    endloop
  endfacet
  facet normal 0.8029422242590492 0.5925983300035712 0.06411710987645391
    outer loop
      vertex 12.149377803934536 9.688805490116328 25.400477224759204
      vertex 12.510788342959845 8.52971106519685 31.587369291673255
      vertex 12.665670015982084 9.054166101063442 24.800534790111477
    endloop
  endfacet
  facet normal 0.8029422242590488 0.5925983300035718 0.06411710987645396
    outer loop
      vertex 12.887271949883658 8.786393242195741 24.500274832062043
      vertex 12.665670015982084 9.054166101063442 24.800534790111477
      vertex 12.510788342959845 8.52971106519685 31.587369291673255
    endloop
  endfacet
  facet normal 0.8449819636085528 0.5309373573194156 0.0641171098764538
    outer loop
      vertex 12.887271949883658 8.786393242195741 24.500274832062043
      vertex 12.619348492574941 8.381233492057282 31.386189324074373
      vertex 12.99402700567401 7.858316066015742 30.77854825109574
    endloop
  endfacet
  facet normal 0.8449819636085504 0.5309373573194198 0.06411710987645396
    outer loop
      vertex 12.887271949883658 8.786393242195741 24.500274832062043
      vertex 12.510788342959845 8.52971106519685 31.587369291673255
      vertex 12.619348492574941 8.381233492057282 31.386189324074373
    endloop
  endfacet
  facet normal 0.8029422242590475 0.5925983300035735 0.06411710987645446
    outer loop
      vertex 12.149377803934536 9.688805490116328 25.400477224759204
      vertex 12.233589917194784 8.857279660667466 32.03120897755797
      vertex 12.510788342959845 8.52971106519685 31.587369291673255
    endloop
  endfacet
  facet normal 0.7051323199898518 0.7051323199898519 0.07467812672703068
    outer loop
      vertex 10.048609065457816 10.600266457133378 39.667733093408586
      vertex 10 10.64377668326352 39.71587779871862
      vertex 10.052619695854995 10.591156987408525 39.71587779871862
    endloop
  endfacet
  facet normal 0.6992198405412343 0.6992198405412343 0.1489403544610453
    outer loop
      vertex 10.052619695854995 10.591156987408525 39.71587779871862
      vertex 10 10.64377668326352 39.71587779871862
      vertex 10.03501913109706 10.45122721858915 40.45542441201168
    endloop
  endfacet
  facet normal 0.7056518249891695 0.7056518249891695 0.06411710987645391
    outer loop
      vertex 10.08981680560398 10.72 38.06999999999999
      vertex 10 10.759874321455516 38.61965055586198
      vertex 10.06044079420976 10.699433527245757 38.61965055586198
    endloop
  endfacet
  facet normal 0.7051323199898522 0.7051323199898522 0.07467812672702426
    outer loop
      vertex 10.06044079420976 10.699433527245757 38.61965055586198
      vertex 10 10.759874321455516 38.61965055586198
      vertex 10.04321877485019 10.690024705782252 38.87110660324646
    endloop
  endfacet
  facet normal 0.7051323199898507 0.7051323199898535 0.07467812672702488
    outer loop
      vertex 10.04321877485019 10.690024705782252 38.87110660324646
      vertex 10 10.759874321455516 38.61965055586198
      vertex 10 10.64377668326352 39.71587779871862
    endloop
  endfacet
  facet normal 0.705132319989849 0.7051323199898551 0.0746781267270249
    outer loop
      vertex 10.048609065457816 10.600266457133378 39.667733093408586
      vertex 10.04321877485019 10.690024705782252 38.87110660324646
      vertex 10 10.64377668326352 39.71587779871862
    endloop
  endfacet
  facet normal 0.675733052075023 0.675733052075023 0.2945669442872851
    outer loop
      vertex 10.039096044045435 9.658386263913934 42.721233683340216
      vertex 10 9.60861151946031 42.92510221074095
      vertex 10.057972918177809 9.5506386012825 42.92510221074095
    endloop
  endfacet
  facet normal 0.658288564666368 0.6582885646663242 0.3651196122629454
    outer loop
      vertex 10.057972918177809 9.5506386012825 42.92510221074095
      vertex 10 9.27864403474052 43.52001361677718
      vertex 10.046664191791772 9.32194207722099 43.357817152702815
    endloop
  endfacet
  facet normal 0.7056418223706208 0.6072538902818375 0.3651196122629451
    outer loop
      vertex 10.042145199529687 9.283792328569183 43.42999999999999
      vertex 10.046664191791772 9.32194207722099 43.357817152702815
      vertex 10 9.27864403474052 43.52001361677718
    endloop
  endfacet
  facet normal 0.7056418223706262 0.60725389028183 0.36511961226294715
    outer loop
      vertex 10.042145199529687 9.283792328569183 43.42999999999999
      vertex 10 9.27864403474052 43.52001361677718
      vertex 10.052669891077775 9 43.88165290357816
    endloop
  endfacet
  facet normal 0.6582885646663442 0.6582885646663442 0.3651196122629522
    outer loop
      vertex 10 9.60861151946031 42.92510221074095
      vertex 10 9.27864403474052 43.52001361677718
      vertex 10.057972918177809 9.5506386012825 42.92510221074095
    endloop
  endfacet
  facet normal 0.7056418223706079 0.6072538902818435 0.36511961226296025
    outer loop
      vertex 10 9.27864403474052 43.52001361677718
      vertex 10 9.021063258959943 43.948412757500186
      vertex 10.052669891077775 9 43.88165290357816
    endloop
  endfacet
  facet normal 0.7056418223706139 0.6072538902818313 0.3651196122629688
    outer loop
      vertex 10.052669891077775 9 43.88165290357816
      vertex 10 9.021063258959943 43.948412757500186
      vertex 10.01812640002327 9 43.948412757500186
    endloop
  endfacet
  facet normal 0.6829988137674826 0.5877680057636165 0.43363739667246526
    outer loop
      vertex 10.01812640002327 9 43.948412757500186
      vertex 10 9.021063258959943 43.948412757500186
      vertex 10 9 43.97696266995877
    endloop
  endfacet
  facet normal 0.6992198405412416 0.6992198405412273 0.14894035446104312
    outer loop
      vertex 10.03501913109706 10.45122721858915 40.45542441201168
      vertex 10 10.64377668326352 39.71587779871862
      vertex 10 10.41223067196586 40.80290062529484
    endloop
  endfacet
  facet normal 0.6992198405412345 0.6992198405412345 0.1489403544610432
    outer loop
      vertex 10.03501913109706 10.45122721858915 40.45542441201168
      vertex 10 10.41223067196586 40.80290062529484
      vertex 10.054109424114957 10.358121247850903 40.80290062529484
    endloop
  endfacet
  facet normal 0.6894020011707765 0.6894020011707765 0.2223730234616087
    outer loop
      vertex 10.054109424114957 10.358121247850903 40.80290062529484
      vertex 10 10.41223067196586 40.80290062529484
      vertex 10.030797745083465 10.243740478027428 41.22977546968489
    endloop
  endfacet
  facet normal 0.6894020011707759 0.6894020011707772 0.22237302346160906
    outer loop
      vertex 10 10.066531186781498 41.87463996300705
      vertex 10.030797745083465 10.243740478027428 41.22977546968489
      vertex 10 10.41223067196586 40.80290062529484
    endloop
  endfacet
  facet normal 0.6894020011707765 0.6894020011707765 0.2223730234616089
    outer loop
      vertex 10.048438554312542 10.018092632468957 41.87463996300705
      vertex 10.030797745083465 10.243740478027428 41.22977546968489
      vertex 10 10.066531186781498 41.87463996300705
    endloop
  endfacet
  facet normal 0.6757330520750152 0.6757330520750305 0.29456694428728564
    outer loop
      vertex 10.039096044045435 9.658386263913934 42.721233683340216
      vertex 10.038821619469147 9.97896658546587 41.986455781207745
      vertex 10 10.066531186781498 41.87463996300705
    endloop
  endfacet
  facet normal 0.6757330520750247 0.6757330520750247 0.29456694428727753
    outer loop
      vertex 10.048438554312542 10.018092632468957 41.87463996300705
      vertex 10 10.066531186781498 41.87463996300705
      vertex 10.038821619469147 9.97896658546587 41.986455781207745
    endloop
  endfacet
  facet normal 0.6757330520750156 0.6757330520750303 0.29456694428728547
    outer loop
      vertex 10.039096044045435 9.658386263913934 42.721233683340216
      vertex 10 10.066531186781498 41.87463996300705
      vertex 10 9.60861151946031 42.92510221074095
    endloop
  endfacet
  facet normal 0 1 0
    outer loop
      vertex -14.335455729120746 1.5 9.07374822475752
      vertex -13.874920565697252 1.5 8.018190417589604
      vertex -14.739200494141052 1.5 8
    endloop
  endfacet
  facet normal 0 1 0
    outer loop
      vertex -14.335455729120746 1.5 9.07374822475752
      vertex -14.739200494141052 1.5 8
      vertex -14.715821209106567 1.5 10.160770314072074
    endloop
  endfacet
  facet normal 0 1 0
    outer loop
      vertex -15.08015472803611 1.5 8.781475405264404
      vertex -15.013889847600081 1.5 11.273177617072756
      vertex -14.739200494141052 1.5 8
    endloop
  endfacet
  facet normal 0 1 0
    outer loop
      vertex -14.715821209106567 1.5 10.160770314072074
      vertex -14.739200494141052 1.5 8
      vertex -15.013889847600081 1.5 11.273177617072756
    endloop
  endfacet
  facet normal 0 1 0
    outer loop
      vertex -15.48027945373548 1.5 9.924966174543354
      vertex -15.356938476590173 1.5 13.549156558769068
      vertex -15.08015472803611 1.5 8.781475405264404
    endloop
  endfacet
  facet normal 0 1 0
    outer loop
      vertex -15.08015472803611 1.5 8.781475405264404
      vertex -15.356938476590173 1.5 13.549156558769068
      vertex -15.227994723866978 1.5 12.40474910088691
    endloop
  endfacet
  facet normal 0 1 0
    outer loop
      vertex -15.08015472803611 1.5 8.781475405264404
      vertex -15.227994723866978 1.5 12.40474910088691
      vertex -15.013889847600081 1.5 11.273177617072756
    endloop
  endfacet
  facet normal 0 1 0
    outer loop
      vertex -13.874920565697252 1.5 8.018190417589604
      vertex -13.865306649304376 1.5 8
      vertex -14.739200494141052 1.5 8
    endloop
  endfacet
  facet normal 0 1 0
    outer loop
      vertex -15.793832177345543 1.5 11.095160869907705
      vertex -16.019059384847083 1.5 12.28551528794597
      vertex -16.154701514335116 1.5 15.91062751610007
    endloop
  endfacet
  facet normal 0 1 0
    outer loop
      vertex -15.48027945373548 1.5 9.924966174543354
      vertex -15.793832177345543 1.5 11.095160869907705
      vertex -15.980625131832191 1.5 17.31761462423377
    endloop
  endfacet
  facet normal 0 1 0
    outer loop
      vertex -16.019059384847083 1.5 12.28551528794597
      vertex -16.154701514335116 1.5 13.48937248389993
      vertex -16.2 1.5 14.7
    endloop
  endfacet
  facet normal 0 1 0
    outer loop
      vertex -15.48027945373548 1.5 9.924966174543354
      vertex -15.399999999999999 1.5 14.7
      vertex -15.356938476590173 1.5 13.549156558769068
    endloop
  endfacet
  facet normal 0 1 0
    outer loop
      vertex -16.019059384847083 1.5 12.28551528794597
      vertex -16.2 1.5 14.7
      vertex -16.154701514335116 1.5 15.91062751610007
    endloop
  endfacet
  facet normal 0 1 0
    outer loop
      vertex -15.793832177345543 1.5 11.095160869907705
      vertex -16.154701514335116 1.5 15.91062751610007
      vertex -16.019059384847083 1.5 17.11448471205403
    endloop
  endfacet
  facet normal 0 1 0
    outer loop
      vertex -15.793832177345543 1.5 11.095160869907705
      vertex -16.019059384847083 1.5 17.11448471205403
      vertex -15.980625131832191 1.5 17.31761462423377
    endloop
  endfacet
  facet normal 0 1 0
    outer loop
      vertex -15.48027945373548 1.5 9.924966174543354
      vertex -15.980625131832191 1.5 17.31761462423377
      vertex -15.80294370897974 1.5 20.06572504102411
    endloop
  endfacet
  facet normal 0 1 0
    outer loop
      vertex -15.48027945373548 1.5 9.924966174543354
      vertex -15.545591602358211 1.5 20.801195106918794
      vertex -15.399999999999999 1.5 14.7
    endloop
  endfacet
  facet normal 0 1 0
    outer loop
      vertex -15.48027945373548 1.5 9.924966174543354
      vertex -15.80294370897974 1.5 20.06572504102411
      vertex -15.545591602358211 1.5 20.801195106918794
    endloop
  endfacet
  facet normal 0 1 0
    outer loop
      vertex -15.399999999999999 1.5 14.7
      vertex -15.545591602358211 1.5 20.801195106918794
      vertex -15.356938476590173 1.5 15.85084344123093
    endloop
  endfacet
  facet normal 0 -1 0
    outer loop
      vertex -15.48027945373548 4.5 9.924966174543354
      vertex -15.08015472803611 4.5 8.781475405264404
      vertex -15.013889847600081 4.5 11.273177617072756
    endloop
  endfacet
  facet normal 0 -1 0
    outer loop
      vertex -15.08015472803611 4.5 8.781475405264404
      vertex -14.739200494141052 4.5 8
      vertex -14.335455729120746 4.5 9.07374822475752
    endloop
  endfacet
  facet normal 0 -1 0
    outer loop
      vertex -14.335455729120746 4.5 9.07374822475752
      vertex -14.739200494141052 4.5 8
      vertex -13.874920565697252 4.5 8.018190417589604
    endloop
  endfacet
  facet normal 0 -1 0
    outer loop
      vertex -15.08015472803611 4.5 8.781475405264404
      vertex -14.335455729120746 4.5 9.07374822475752
      vertex -14.715821209106567 4.5 10.160770314072074
    endloop
  endfacet
  facet normal 0 -1 0
    outer loop
      vertex -15.08015472803611 4.5 8.781475405264404
      vertex -14.715821209106567 4.5 10.160770314072074
      vertex -15.013889847600081 4.5 11.273177617072756
    endloop
  endfacet
  facet normal 0 -1 0
    outer loop
      vertex -15.48027945373548 4.5 9.924966174543354
      vertex -15.227994723866978 4.5 12.40474910088691
      vertex -15.793832177345543 4.5 11.095160869907705
    endloop
  endfacet
  facet normal 0 -1 0
    outer loop
      vertex -15.48027945373548 4.5 9.924966174543354
      vertex -15.013889847600081 4.5 11.273177617072756
      vertex -15.227994723866978 4.5 12.40474910088691
    endloop
  endfacet
  facet normal 0 -1 0
    outer loop
      vertex -15.793832177345543 4.5 11.095160869907705
      vertex -15.227994723866978 4.5 12.40474910088691
      vertex -15.356938476590173 4.5 13.549156558769068
    endloop
  endfacet
  facet normal 0 -1 0
    outer loop
      vertex -13.874920565697252 4.5 8.018190417589604
      vertex -14.739200494141052 4.5 8
      vertex -13.865306649304376 4.5 8
    endloop
  endfacet
  facet normal 0 -1 0
    outer loop
      vertex -15.793832177345543 4.5 11.095160869907705
      vertex -15.356938476590173 4.5 13.549156558769068
      vertex -15.399999999999999 4.5 14.7
    endloop
  endfacet
  facet normal 0 -1 0
    outer loop
      vertex -15.793832177345543 4.5 11.095160869907705
      vertex -15.48027945373548 4.5 19.475033825456645
      vertex -16.019059384847083 4.5 12.28551528794597
    endloop
  endfacet
  facet normal 0 -1 0
    outer loop
      vertex -16.019059384847083 4.5 12.28551528794597
      vertex -15.793832177345543 4.5 18.304839130092294
      vertex -16.154701514335116 4.5 13.48937248389993
    endloop
  endfacet
  facet normal 0 -1 0
    outer loop
      vertex -16.154701514335116 4.5 13.48937248389993
      vertex -16.019059384847083 4.5 17.11448471205403
      vertex -16.2 4.5 14.7
    endloop
  endfacet
  facet normal 0 -1 0
    outer loop
      vertex -16.2 4.5 14.7
      vertex -16.019059384847083 4.5 17.11448471205403
      vertex -16.154701514335116 4.5 15.91062751610007
    endloop
  endfacet
  facet normal 0 -1 0
    outer loop
      vertex -15.793832177345543 4.5 11.095160869907705
      vertex -15.399999999999999 4.5 14.7
      vertex -15.48027945373548 4.5 19.475033825456645
    endloop
  endfacet
  facet normal 0 -1 0
    outer loop
      vertex -16.154701514335116 4.5 13.48937248389993
      vertex -15.793832177345543 4.5 18.304839130092294
      vertex -16.019059384847083 4.5 17.11448471205403
    endloop
  endfacet
  facet normal 0 -1 0
    outer loop
      vertex -16.019059384847083 4.5 12.28551528794597
      vertex -15.48027945373548 4.5 19.475033825456645
      vertex -15.793832177345543 4.5 18.304839130092294
    endloop
  endfacet
  facet normal 0 -1 0
    outer loop
      vertex -15.399999999999999 4.5 14.7
      vertex -15.356938476590173 4.5 15.85084344123093
      vertex -15.48027945373548 4.5 19.475033825456645
    endloop
  endfacet
  facet normal 0 1 0
    outer loop
      vertex -15.356938476590173 1.5 15.85084344123093
      vertex -15.545591602358211 1.5 20.801195106918794
      vertex -15.227994723866978 1.5 16.99525089911309
    endloop
  endfacet
  facet normal 0 1 0
    outer loop
      vertex -15.227994723866978 1.5 16.99525089911309
      vertex -15.545591602358211 1.5 20.801195106918794
      vertex -15.013889847600081 1.5 18.12682238292724
    endloop
  endfacet
  facet normal 0.9438833303083671 -6.026464850889851e-17 -0.3302790619551684
    outer loop
      vertex -15.80294370897974 1.5 20.06572504102411
      vertex -15.683541370104992 2.363913508230426 20.406957320771237
      vertex -15.545591602358211 1.5 20.801195106918794
    endloop
  endfacet
  facet normal 0 1 0
    outer loop
      vertex -15.013889847600081 1.5 18.12682238292724
      vertex -15.545591602358211 1.5 20.801195106918794
      vertex -15.046180093970397 1.5 21.94585844326322
    endloop
  endfacet
  facet normal 0 1 0
    outer loop
      vertex -15.013889847600081 1.5 18.12682238292724
      vertex -15.046180093970397 1.5 21.94585844326322
      vertex -14.715821209106567 1.5 19.239229685927924
    endloop
  endfacet
  facet normal 0 1 0
    outer loop
      vertex -14.715821209106567 1.5 19.239229685927924
      vertex -15.046180093970397 1.5 21.94585844326322
      vertex -14.335455729120746 1.5 20.32625177524248
    endloop
  endfacet
  facet normal 0 1 0
    outer loop
      vertex -14.335455729120746 1.5 20.32625177524248
      vertex -15.046180093970397 1.5 21.94585844326322
      vertex -14.462624243200123 1.5 23.049999999999997
    endloop
  endfacet
  facet normal 0 1 0
    outer loop
      vertex -14.335455729120746 1.5 20.32625177524248
      vertex -14.462624243200123 1.5 23.049999999999997
      vertex -13.874920565697252 1.5 21.381809582410394
    endloop
  endfacet
  facet normal 0.9438833303083671 0 -0.33027906195516826
    outer loop
      vertex -15.545591602358211 1.5 20.801195106918794
      vertex -15.683541370104992 2.363913508230426 20.406957320771237
      vertex -15.545591602358211 2.9567506771469736 20.801195106918794
    endloop
  endfacet
  facet normal 0.9165622558699758 0 -0.3998920243197419
    outer loop
      vertex -15.545591602358211 1.5 20.801195106918794
      vertex -15.545591602358211 2.9567506771469736 20.801195106918794
      vertex -15.046180093970397 1.5 21.94585844326322
    endloop
  endfacet
  facet normal 0.9165622558699755 -7.48838983016191e-16 -0.3998920243197427
    outer loop
      vertex -15.046180093970397 1.5 21.94585844326322
      vertex -15.545591602358211 2.9567506771469736 20.801195106918794
      vertex -15.420322477934342 3.5195879785802617 21.08831499001252
    endloop
  endfacet
  facet normal 0.9165622558699761 0 -0.3998920243197413
    outer loop
      vertex -15.046180093970397 1.5 21.94585844326322
      vertex -15.420322477934342 3.5195879785802617 21.08831499001252
      vertex -15.046180093970397 4.5 21.94585844326322
    endloop
  endfacet
  facet normal 0.8841153935046094 0 -0.46726862827306265
    outer loop
      vertex -15.046180093970397 1.5 21.94585844326322
      vertex -15.046180093970397 4.5 21.94585844326322
      vertex -14.462624243200123 1.5 23.049999999999997
    endloop
  endfacet
  facet normal 0.8467241992282852 0 -0.532032076515335
    outer loop
      vertex -14.462624243200123 1.5 23.049999999999997
      vertex -14.462624243200123 4.5 23.049999999999997
      vertex -13.798187531077115 1.5 24.107444969662485
    endloop
  endfacet
  facet normal 0.8841153935046094 0 -0.46726862827306265
    outer loop
      vertex -14.462624243200123 1.5 23.049999999999997
      vertex -15.046180093970397 4.5 21.94585844326322
      vertex -14.462624243200123 4.5 23.049999999999997
    endloop
  endfacet
  facet normal 0 1 0
    outer loop
      vertex -14.462624243200123 1.5 23.049999999999997
      vertex -13.336791218280354 1.5 22.4
      vertex -13.874920565697252 1.5 21.381809582410394
    endloop
  endfacet
  facet normal 0 1 0
    outer loop
      vertex -14.462624243200123 1.5 23.049999999999997
      vertex -13.798187531077115 1.5 24.107444969662485
      vertex -13.336791218280354 1.5 22.4
    endloop
  endfacet
  facet normal 0 1 0
    outer loop
      vertex -13.336791218280354 1.5 22.4
      vertex -13.798187531077115 1.5 24.107444969662485
      vertex -12.724077124466321 1.5 23.375128894179774
    endloop
  endfacet
  facet normal 0 1 0
    outer loop
      vertex -13.798187531077115 1.5 24.107444969662485
      vertex -13.056585757216096 1.5 25.112279691040854
      vertex -12.724077124466321 1.5 23.375128894179774
    endloop
  endfacet
  facet normal 0 1 0
    outer loop
      vertex -12.724077124466321 1.5 23.375128894179774
      vertex -13.056585757216096 1.5 25.112279691040854
      vertex -12.040204830007657 1.5 24.301742948624497
    endloop
  endfacet
  facet normal 0 1 0
    outer loop
      vertex -13.056585757216096 1.5 25.112279691040854
      vertex -12.2419662595581 1.5 26.05888472077435
      vertex -12.040204830007657 1.5 24.301742948624497
    endloop
  endfacet
  facet normal 0.8467241992282852 0 -0.532032076515335
    outer loop
      vertex -13.798187531077115 1.5 24.107444969662485
      vertex -14.462624243200123 4.5 23.049999999999997
      vertex -13.798187531077115 4.5 24.107444969662485
    endloop
  endfacet
  facet normal 0.8045977797666695 0 -0.5938201855735001
    outer loop
      vertex -13.798187531077115 1.5 24.107444969662485
      vertex -13.798187531077115 4.5 24.107444969662485
      vertex -13.056585757216096 1.5 25.112279691040854
    endloop
  endfacet
  facet normal 0.8045977797666695 0 -0.5938201855735001
    outer loop
      vertex -13.056585757216096 1.5 25.112279691040854
      vertex -13.798187531077115 4.5 24.107444969662485
      vertex -13.056585757216096 4.5 25.112279691040854
    endloop
  endfacet
  facet normal 0.7579717231454512 0 -0.6522874112781233
    outer loop
      vertex -13.056585757216096 1.5 25.112279691040854
      vertex -13.056585757216096 4.5 25.112279691040854
      vertex -12.2419662595581 1.5 26.05888472077435
    endloop
  endfacet
  facet normal 0.7579717231454512 1.2002939090884753e-17 -0.6522874112781233
    outer loop
      vertex -13.056585757216096 4.5 25.112279691040854
      vertex -12.2419662595581 4.5 26.05888472077435
      vertex -12.2419662595581 1.5 26.05888472077435
    endloop
  endfacet
  facet normal 0 -1 0
    outer loop
      vertex -15.356938476590173 4.5 15.85084344123093
      vertex -15.227994723866978 4.5 16.99525089911309
      vertex -15.046180093970397 4.5 21.94585844326322
    endloop
  endfacet
  facet normal 0 -1 0
    outer loop
      vertex -15.356938476590173 4.5 15.85084344123093
      vertex -15.214386647425423 4.5 20.234911808757456
      vertex -15.48027945373548 4.5 19.475033825456645
    endloop
  endfacet
  facet normal 0 -1 0
    outer loop
      vertex -15.356938476590173 4.5 15.85084344123093
      vertex -15.046180093970397 4.5 21.94585844326322
      vertex -15.214386647425423 4.5 20.234911808757456
    endloop
  endfacet
  facet normal 0 -1 0
    outer loop
      vertex -15.227994723866978 4.5 16.99525089911309
      vertex -15.013889847600081 4.5 18.12682238292724
      vertex -15.046180093970397 4.5 21.94585844326322
    endloop
  endfacet
  facet normal 0.9165622558699744 3.736919106895743e-15 -0.39989202431974497
    outer loop
      vertex -15.420322477934342 3.5195879785802617 21.08831499001252
      vertex -15.110367426686686 4.5 21.798739513915237
      vertex -15.046180093970397 4.5 21.94585844326322
    endloop
  endfacet
  facet normal 0 -1 0
    outer loop
      vertex -15.013889847600081 4.5 18.12682238292724
      vertex -14.715821209106567 4.5 19.239229685927924
      vertex -15.046180093970397 4.5 21.94585844326322
    endloop
  endfacet
  facet normal 0 -1 0
    outer loop
      vertex -15.214386647425423 4.5 20.234911808757456
      vertex -15.046180093970397 4.5 21.94585844326322
      vertex -15.110367426686686 4.5 21.798739513915237
    endloop
  endfacet
  facet normal 0 -1 0
    outer loop
      vertex -14.715821209106567 4.5 19.239229685927924
      vertex -14.462624243200123 4.5 23.049999999999997
      vertex -15.046180093970397 4.5 21.94585844326322
    endloop
  endfacet
  facet normal 0 -1 0
    outer loop
      vertex -14.715821209106567 4.5 19.239229685927924
      vertex -14.335455729120746 4.5 20.32625177524248
      vertex -14.462624243200123 4.5 23.049999999999997
    endloop
  endfacet
  facet normal 0 -1 0
    outer loop
      vertex -14.335455729120746 4.5 20.32625177524248
      vertex -13.798187531077115 4.5 24.107444969662485
      vertex -14.462624243200123 4.5 23.049999999999997
    endloop
  endfacet
  facet normal 0 -1 0
    outer loop
      vertex -14.335455729120746 4.5 20.32625177524248
      vertex -13.874920565697252 4.5 21.381809582410394
      vertex -13.798187531077115 4.5 24.107444969662485
    endloop
  endfacet
  facet normal 0 -1 0
    outer loop
      vertex -13.874920565697252 4.5 21.381809582410394
      vertex -13.336791218280354 4.5 22.4
      vertex -13.798187531077115 4.5 24.107444969662485
    endloop
  endfacet
  facet normal 0 -1 0
    outer loop
      vertex -13.336791218280354 4.5 22.4
      vertex -13.056585757216096 4.5 25.112279691040854
      vertex -13.798187531077115 4.5 24.107444969662485
    endloop
  endfacet
  facet normal 0 -1 0
    outer loop
      vertex -13.336791218280354 4.5 22.4
      vertex -12.724077124466321 4.5 23.375128894179774
      vertex -13.056585757216096 4.5 25.112279691040854
    endloop
  endfacet
  facet normal 0 -1 0
    outer loop
      vertex -12.724077124466321 4.5 23.375128894179774
      vertex -12.2419662595581 4.5 26.05888472077435
      vertex -13.056585757216096 4.5 25.112279691040854
    endloop
  endfacet
  facet normal 0 -1 0
    outer loop
      vertex -12.724077124466321 4.5 23.375128894179774
      vertex -12.040204830007657 4.5 24.301742948624497
      vertex -12.2419662595581 4.5 26.05888472077435
    endloop
  endfacet
  facet normal 0 1 0
    outer loop
      vertex -12.040204830007657 1.5 24.301742948624497
      vertex -12.2419662595581 1.5 26.05888472077435
      vertex -11.288998826179325 1.5 25.174660161672158
    endloop
  endfacet
  facet normal 0 1 0
    outer loop
      vertex -11.288998826179325 1.5 25.174660161672158
      vertex -12.2419662595581 1.5 26.05888472077435
      vertex -11.358884720774354 1.5 26.9419662595581
    endloop
  endfacet
  facet normal 0 1 0
    outer loop
      vertex -11.288998826179325 1.5 25.174660161672158
      vertex -11.358884720774354 1.5 26.9419662595581
      vertex -10.474660161672158 1.5 25.988998826179326
    endloop
  endfacet
  facet normal 0.7071067811865489 0 -0.7071067811865461
    outer loop
      vertex -12.2419662595581 1.5 26.05888472077435
      vertex -12.2419662595581 4.5 26.05888472077435
      vertex -11.358884720774354 1.5 26.9419662595581
    endloop
  endfacet
  facet normal 0 -1 0
    outer loop
      vertex -12.040204830007657 4.5 24.301742948624497
      vertex -11.358884720774354 4.5 26.9419662595581
      vertex -12.2419662595581 4.5 26.05888472077435
    endloop
  endfacet
  facet normal 0 -1 0
    outer loop
      vertex -12.040204830007657 4.5 24.301742948624497
      vertex -11.288998826179325 4.5 25.174660161672158
      vertex -11.358884720774354 4.5 26.9419662595581
    endloop
  endfacet
  facet normal 0 -1 0
    outer loop
      vertex -11.288998826179325 4.5 25.174660161672158
      vertex -10.474660161672158 4.5 25.988998826179326
      vertex -10.412279691040853 4.5 27.756585757216094
    endloop
  endfacet
  facet normal 0.6522874112781207 1.2964047671325384e-15 -0.7579717231454534
    outer loop
      vertex -11.358884720774354 1.5 26.9419662595581
      vertex -10.745608011408912 1.5977330934085872 27.469733542866614
      vertex -10.75840404225986 1.5 27.458721667906737
    endloop
  endfacet
  facet normal 0.6522874112781208 -1.2849589395109964e-15 -0.7579717231454532
    outer loop
      vertex -11.358884720774354 1.5 26.9419662595581
      vertex -10.572421274239938 2.385424412011686 27.61877278141084
      vertex -10.745608011408912 1.5977330934085872 27.469733542866614
    endloop
  endfacet
  facet normal 0 1 0
    outer loop
      vertex -11.358884720774354 1.5 26.9419662595581
      vertex -9.601742948624498 1.5 26.740204830007656
      vertex -10.474660161672158 1.5 25.988998826179326
    endloop
  endfacet
  facet normal 0 1 0
    outer loop
      vertex -11.358884720774354 1.5 26.9419662595581
      vertex -10.75840404225986 1.5 27.458721667906737
      vertex -9.601742948624498 1.5 26.740204830007656
    endloop
  endfacet
  facet normal 0.7071067811865489 -9.134040636367525e-18 -0.7071067811865461
    outer loop
      vertex -12.2419662595581 4.5 26.05888472077435
      vertex -11.358884720774354 4.5 26.9419662595581
      vertex -11.358884720774354 1.5 26.9419662595581
    endloop
  endfacet
  facet normal 0.65228741127812 8.154044314717444e-17 -0.7579717231454539
    outer loop
      vertex -11.358884720774354 1.5 26.9419662595581
      vertex -10.412279691040853 4.5 27.756585757216094
      vertex -10.572421274239938 2.385424412011686 27.61877278141084
    endloop
  endfacet
  facet normal 0.6522874112781202 0 -0.7579717231454538
    outer loop
      vertex -11.358884720774354 1.5 26.9419662595581
      vertex -11.358884720774354 4.5 26.9419662595581
      vertex -10.412279691040853 4.5 27.756585757216094
    endloop
  endfacet
  facet normal 0.6522874112781207 2.4691916247644937e-20 -0.7579717231454535
    outer loop
      vertex -10.572421274239938 2.385424412011686 27.61877278141084
      vertex -10.412279691040853 4.5 27.756585757216094
      vertex -10.412279691040853 2.8997494396591392 27.756585757216094
    endloop
  endfacet
  facet normal 0.5938201855735002 0 -0.8045977797666692
    outer loop
      vertex -10.412279691040853 2.8997494396591392 27.756585757216094
      vertex -10.412279691040853 4.5 27.756585757216094
      vertex -10.317875092152214 3.1597754696848974 27.826259521972567
    endloop
  endfacet
  facet normal 0.5938201855735021 2.1294232347516265e-16 -0.8045977797666679
    outer loop
      vertex -10.317875092152214 3.1597754696848974 27.826259521972567
      vertex -10.412279691040853 4.5 27.756585757216094
      vertex -9.959119207339272 3.916455781207758 28.091033414534124
    endloop
  endfacet
  facet normal 0 1 0
    outer loop
      vertex -10.75840404225986 1.5 27.458721667906737
      vertex -8.675128894179776 1.5 27.424077124466322
      vertex -9.601742948624498 1.5 26.740204830007656
    endloop
  endfacet
  facet normal 0 1 0
    outer loop
      vertex -10.75840404225986 1.5 27.458721667906737
      vertex -8.619992419149273 1.5 27.458721667906737
      vertex -8.675128894179776 1.5 27.424077124466322
    endloop
  endfacet
  facet normal 0 -1 0
    outer loop
      vertex -11.288998826179325 4.5 25.174660161672158
      vertex -10.412279691040853 4.5 27.756585757216094
      vertex -11.358884720774354 4.5 26.9419662595581
    endloop
  endfacet
  facet normal 0 -1 0
    outer loop
      vertex -10.474660161672158 4.5 25.988998826179326
      vertex -9.601742948624498 4.5 26.740204830007656
      vertex -10.412279691040853 4.5 27.756585757216094
    endloop
  endfacet
  facet normal 0 -1 0
    outer loop
      vertex -9.601742948624498 4.5 26.740204830007656
      vertex -8.675128894179776 4.5 27.424077124466322
      vertex -9.614151519592934 4.5 28.34563115455498
    endloop
  endfacet
  facet normal 0.5938201855735014 -8.419547128630316e-16 -0.8045977797666686
    outer loop
      vertex -10.412279691040853 4.5 27.756585757216094
      vertex -9.614151519592934 4.5 28.34563115455498
      vertex -9.959119207339272 3.916455781207758 28.091033414534124
    endloop
  endfacet
  facet normal 0 -1 0
    outer loop
      vertex -10.412279691040853 4.5 27.756585757216094
      vertex -9.601742948624498 4.5 26.740204830007656
      vertex -9.614151519592934 4.5 28.34563115455498
    endloop
  endfacet
  facet normal 0 -1 0
    outer loop
      vertex -9.614151519592934 4.5 28.34563115455498
      vertex -8.675128894179776 4.5 27.424077124466322
      vertex -7.699999999999999 4.5 28.036791218280353
    endloop
  endfacet
  facet normal 0 -1 0
    outer loop
      vertex -9.614151519592934 4.5 28.34563115455498
      vertex -7.699999999999999 4.5 28.036791218280353
      vertex -7.115646321477812 4.5 28.34563115455498
    endloop
  endfacet
  facet normal 0 1 0
    outer loop
      vertex 13.874920565697254 1.5 8.018190417589604
      vertex 14.739200494141052 1.5 8
      vertex 13.865306649304378 1.5 8
    endloop
  endfacet
  facet normal 0 1 0
    outer loop
      vertex 13.874920565697254 1.5 8.018190417589604
      vertex 14.335455729120744 1.5 9.073748224757516
      vertex 14.739200494141052 1.5 8
    endloop
  endfacet
  facet normal 0 1 0
    outer loop
      vertex 14.335455729120744 1.5 9.073748224757516
      vertex 15.080154728036108 1.5 8.781475405264402
      vertex 14.739200494141052 1.5 8
    endloop
  endfacet
  facet normal 0 1 0
    outer loop
      vertex 14.335455729120744 1.5 9.073748224757516
      vertex 14.715821209106565 1.5 10.160770314072074
      vertex 15.080154728036108 1.5 8.781475405264402
    endloop
  endfacet
  facet normal 0 1 0
    outer loop
      vertex 15.080154728036108 1.5 8.781475405264402
      vertex 14.715821209106565 1.5 10.160770314072074
      vertex 15.013889847600081 1.5 11.273177617072758
    endloop
  endfacet
  facet normal 0 1 0
    outer loop
      vertex 15.080154728036108 1.5 8.781475405264402
      vertex 15.013889847600081 1.5 11.273177617072758
      vertex 15.480279453735479 1.5 9.924966174543352
    endloop
  endfacet
  facet normal 0 1 0
    outer loop
      vertex 15.480279453735479 1.5 9.924966174543352
      vertex 15.013889847600081 1.5 11.273177617072758
      vertex 15.227994723866978 1.5 12.404749100886914
    endloop
  endfacet
  facet normal 0 1 0
    outer loop
      vertex 15.480279453735479 1.5 9.924966174543352
      vertex 15.227994723866978 1.5 12.404749100886914
      vertex 15.793832177345543 1.5 11.095160869907707
    endloop
  endfacet
  facet normal 0 1 0
    outer loop
      vertex 15.793832177345543 1.5 11.095160869907707
      vertex 15.227994723866978 1.5 12.404749100886914
      vertex 15.356938476590173 1.5 13.549156558769067
    endloop
  endfacet
  facet normal 0 1 0
    outer loop
      vertex 15.793832177345543 1.5 11.095160869907707
      vertex 15.356938476590173 1.5 13.549156558769067
      vertex 15.399999999999999 1.5 14.7
    endloop
  endfacet
  facet normal 0 1 0
    outer loop
      vertex 15.793832177345543 1.5 11.095160869907707
      vertex 15.545591602358208 1.5 20.8011951069188
      vertex 16.019059384847083 1.5 12.285515287945973
    endloop
  endfacet
  facet normal 0 1 0
    outer loop
      vertex 15.793832177345543 1.5 11.095160869907707
      vertex 15.399999999999999 1.5 14.7
      vertex 15.545591602358208 1.5 20.8011951069188
    endloop
  endfacet
  facet normal 0 1 0
    outer loop
      vertex 16.154701514335116 1.5 13.489372483899926
      vertex 16.019059384847083 1.5 17.114484712054022
      vertex 16.2 1.5 14.7
    endloop
  endfacet
  facet normal 0 1 0
    outer loop
      vertex 16.019059384847083 1.5 12.285515287945973
      vertex 15.80294370897974 1.5 20.065725041024105
      vertex 16.154701514335116 1.5 13.489372483899926
    endloop
  endfacet
  facet normal 0 1 0
    outer loop
      vertex 16.154701514335116 1.5 13.489372483899926
      vertex 15.980625131832193 1.5 17.317614624233762
      vertex 16.019059384847083 1.5 17.114484712054022
    endloop
  endfacet
  facet normal 0 1 0
    outer loop
      vertex 16.2 1.5 14.7
      vertex 16.019059384847083 1.5 17.114484712054022
      vertex 16.154701514335116 1.5 15.91062751610007
    endloop
  endfacet
  facet normal 0 1 0
    outer loop
      vertex 15.399999999999999 1.5 14.7
      vertex 15.356938476590173 1.5 15.85084344123093
      vertex 15.545591602358208 1.5 20.8011951069188
    endloop
  endfacet
  facet normal 0 1 0
    outer loop
      vertex 16.154701514335116 1.5 13.489372483899926
      vertex 15.80294370897974 1.5 20.065725041024105
      vertex 15.980625131832193 1.5 17.317614624233762
    endloop
  endfacet
  facet normal 0 -1 0
    outer loop
      vertex 13.874920565697254 4.5 8.018190417589604
      vertex 13.865306649304378 4.5 8
      vertex 14.739200494141052 4.5 8
    endloop
  endfacet
  facet normal 0 -1 0
    outer loop
      vertex 13.874920565697254 4.5 8.018190417589604
      vertex 14.739200494141052 4.5 8
      vertex 14.335455729120744 4.5 9.073748224757516
    endloop
  endfacet
  facet normal 0 -1 0
    outer loop
      vertex 14.335455729120744 4.5 9.073748224757516
      vertex 14.739200494141052 4.5 8
      vertex 14.715821209106565 4.5 10.160770314072074
    endloop
  endfacet
  facet normal 0 -1 0
    outer loop
      vertex 15.080154728036108 4.5 8.781475405264402
      vertex 15.013889847600081 4.5 11.273177617072758
      vertex 14.739200494141052 4.5 8
    endloop
  endfacet
  facet normal 0 -1 0
    outer loop
      vertex 14.715821209106565 4.5 10.160770314072074
      vertex 14.739200494141052 4.5 8
      vertex 15.013889847600081 4.5 11.273177617072758
    endloop
  endfacet
  facet normal 0 -1 0
    outer loop
      vertex 15.080154728036108 4.5 8.781475405264402
      vertex 15.227994723866978 4.5 12.404749100886914
      vertex 15.013889847600081 4.5 11.273177617072758
    endloop
  endfacet
  facet normal 0 -1 0
    outer loop
      vertex 15.080154728036108 4.5 8.781475405264402
      vertex 15.480279453735479 4.5 9.924966174543352
      vertex 15.356938476590173 4.5 13.549156558769067
    endloop
  endfacet
  facet normal 0 -1 0
    outer loop
      vertex 15.080154728036108 4.5 8.781475405264402
      vertex 15.356938476590173 4.5 13.549156558769067
      vertex 15.227994723866978 4.5 12.404749100886914
    endloop
  endfacet
  facet normal 0 -1 0
    outer loop
      vertex 15.480279453735479 4.5 9.924966174543352
      vertex 15.399999999999999 4.5 14.7
      vertex 15.356938476590173 4.5 13.549156558769067
    endloop
  endfacet
  facet normal 0 -1 0
    outer loop
      vertex 15.480279453735479 4.5 9.924966174543352
      vertex 15.793832177345543 4.5 11.095160869907707
      vertex 16.019059384847083 4.5 17.114484712054022
    endloop
  endfacet
  facet normal 0 -1 0
    outer loop
      vertex 15.793832177345543 4.5 11.095160869907707
      vertex 16.019059384847083 4.5 12.285515287945973
      vertex 16.154701514335116 4.5 15.91062751610007
    endloop
  endfacet
  facet normal 0 -1 0
    outer loop
      vertex 16.019059384847083 4.5 12.285515287945973
      vertex 16.154701514335116 4.5 13.489372483899926
      vertex 16.2 4.5 14.7
    endloop
  endfacet
  facet normal 0 -1 0
    outer loop
      vertex 15.480279453735479 4.5 9.924966174543352
      vertex 15.793832177345545 4.5 18.304839130092287
      vertex 15.399999999999999 4.5 14.7
    endloop
  endfacet
  facet normal 0 -1 0
    outer loop
      vertex 16.019059384847083 4.5 12.285515287945973
      vertex 16.2 4.5 14.7
      vertex 16.154701514335116 4.5 15.91062751610007
    endloop
  endfacet
  facet normal 0 -1 0
    outer loop
      vertex 15.793832177345543 4.5 11.095160869907707
      vertex 16.154701514335116 4.5 15.91062751610007
      vertex 16.019059384847083 4.5 17.114484712054022
    endloop
  endfacet
  facet normal 0 -1 0
    outer loop
      vertex 15.480279453735479 4.5 9.924966174543352
      vertex 16.019059384847083 4.5 17.114484712054022
      vertex 15.793832177345545 4.5 18.304839130092287
    endloop
  endfacet
  facet normal 0 -1 0
    outer loop
      vertex 15.399999999999999 4.5 14.7
      vertex 15.793832177345545 4.5 18.304839130092287
      vertex 15.356938476590173 4.5 15.85084344123093
    endloop
  endfacet
  facet normal 0 -1 0
    outer loop
      vertex 15.356938476590173 4.5 15.85084344123093
      vertex 15.793832177345545 4.5 18.304839130092287
      vertex 15.22799472386698 4.5 16.99525089911308
    endloop
  endfacet
  facet normal 0 1 0
    outer loop
      vertex 11.288998826179329 1.5 25.17466016167215
      vertex 10.474660161672153 1.5 25.988998826179326
      vertex 10.758404042259858 1.5 27.458721667906737
    endloop
  endfacet
  facet normal 0 1 0
    outer loop
      vertex 12.04020483000766 1.5 24.301742948624494
      vertex 11.288998826179329 1.5 25.17466016167215
      vertex 11.358884720774348 1.5 26.9419662595581
    endloop
  endfacet
  facet normal 0 1 0
    outer loop
      vertex 12.04020483000766 1.5 24.301742948624494
      vertex 11.358884720774348 1.5 26.9419662595581
      vertex 12.241966259558103 1.5 26.058884720774348
    endloop
  endfacet
  facet normal -0.7071067811865468 1.1945238037404171e-17 -0.7071067811865482
    outer loop
      vertex 11.358884720774348 4.5 26.9419662595581
      vertex 12.241966259558103 4.5 26.058884720774348
      vertex 12.241966259558103 1.5 26.058884720774348
    endloop
  endfacet
  facet normal 0 -1 0
    outer loop
      vertex 11.288998826179329 4.5 25.17466016167215
      vertex 11.358884720774348 4.5 26.9419662595581
      vertex 10.474660161672153 4.5 25.988998826179326
    endloop
  endfacet
  facet normal 0 -1 0
    outer loop
      vertex 12.04020483000766 4.5 24.301742948624494
      vertex 12.241966259558103 4.5 26.058884720774348
      vertex 11.288998826179329 4.5 25.17466016167215
    endloop
  endfacet
  facet normal 0 -1 0
    outer loop
      vertex 11.288998826179329 4.5 25.17466016167215
      vertex 12.241966259558103 4.5 26.058884720774348
      vertex 11.358884720774348 4.5 26.9419662595581
    endloop
  endfacet
  facet normal 0 1 0
    outer loop
      vertex 15.013889847600083 1.5 18.126822382927234
      vertex 15.046180093970397 1.5 21.94585844326322
      vertex 15.22799472386698 1.5 16.99525089911308
    endloop
  endfacet
  facet normal 0 1 0
    outer loop
      vertex 15.356938476590173 1.5 15.85084344123093
      vertex 15.22799472386698 1.5 16.99525089911308
      vertex 15.046180093970397 1.5 21.94585844326322
    endloop
  endfacet
  facet normal 0 1 0
    outer loop
      vertex 16.019059384847083 1.5 12.285515287945973
      vertex 15.545591602358208 1.5 20.8011951069188
      vertex 15.80294370897974 1.5 20.065725041024105
    endloop
  endfacet
  facet normal 0 1 0
    outer loop
      vertex 15.013889847600083 1.5 18.126822382927234
      vertex 14.715821209106563 1.5 19.23922968592793
      vertex 15.046180093970397 1.5 21.94585844326322
    endloop
  endfacet
  facet normal 0 1 0
    outer loop
      vertex 14.715821209106563 1.5 19.23922968592793
      vertex 14.335455729120742 1.5 20.326251775242486
      vertex 14.462624243200123 1.5 23.049999999999997
    endloop
  endfacet
  facet normal 0 1 0
    outer loop
      vertex 14.715821209106563 1.5 19.23922968592793
      vertex 14.462624243200123 1.5 23.049999999999997
      vertex 15.046180093970397 1.5 21.94585844326322
    endloop
  endfacet
  facet normal 0 1 0
    outer loop
      vertex 15.356938476590173 1.5 15.85084344123093
      vertex 15.046180093970397 1.5 21.94585844326322
      vertex 15.545591602358208 1.5 20.8011951069188
    endloop
  endfacet
  facet normal -0.9438833303083671 -1.497058887786841e-15 -0.33027906195516815
    outer loop
      vertex 15.545591602358208 1.5 20.8011951069188
      vertex 15.683541370104992 2.3639135082304192 20.40695732077123
      vertex 15.80294370897974 1.5 20.065725041024105
    endloop
  endfacet
  facet normal -0.9438833303083682 0 -0.3302790619551652
    outer loop
      vertex 15.545591602358208 1.5 20.8011951069188
      vertex 15.545591602358208 2.95675067714699 20.8011951069188
      vertex 15.683541370104992 2.3639135082304192 20.40695732077123
    endloop
  endfacet
  facet normal -0.916562255869976 0 -0.3998920243197415
    outer loop
      vertex 15.545591602358208 1.5 20.8011951069188
      vertex 15.420322477934345 3.5195879785802537 21.088314990012513
      vertex 15.545591602358208 2.95675067714699 20.8011951069188
    endloop
  endfacet
  facet normal -0.916562255869976 0 -0.3998920243197417
    outer loop
      vertex 15.046180093970397 1.5 21.94585844326322
      vertex 15.046180093970397 4.5 21.94585844326322
      vertex 15.545591602358208 1.5 20.8011951069188
    endloop
  endfacet
  facet normal -0.9165622558699761 -5.2217848970589224e-17 -0.39989202431974125
    outer loop
      vertex 15.545591602358208 1.5 20.8011951069188
      vertex 15.110367426686684 4.5 21.79873951391524
      vertex 15.420322477934345 3.5195879785802537 21.088314990012513
    endloop
  endfacet
  facet normal -0.916562255869975 9.728430808856684e-16 -0.3998920243197437
    outer loop
      vertex 15.545591602358208 1.5 20.8011951069188
      vertex 15.046180093970397 4.5 21.94585844326322
      vertex 15.110367426686684 4.5 21.79873951391524
    endloop
  endfacet
  facet normal 0 1 0
    outer loop
      vertex 13.336791218280354 1.5 22.4
      vertex 12.724077124466321 1.5 23.375128894179774
      vertex 13.0565857572161 1.5 25.112279691040847
    endloop
  endfacet
  facet normal 0 1 0
    outer loop
      vertex 13.874920565697252 1.5 21.381809582410394
      vertex 13.798187531077115 1.5 24.107444969662485
      vertex 14.335455729120742 1.5 20.326251775242486
    endloop
  endfacet
  facet normal 0 1 0
    outer loop
      vertex 13.336791218280354 1.5 22.4
      vertex 13.798187531077115 1.5 24.107444969662485
      vertex 13.874920565697252 1.5 21.381809582410394
    endloop
  endfacet
  facet normal 0 1 0
    outer loop
      vertex 13.336791218280354 1.5 22.4
      vertex 13.0565857572161 1.5 25.112279691040847
      vertex 13.798187531077115 1.5 24.107444969662485
    endloop
  endfacet
  facet normal 0 1 0
    outer loop
      vertex 12.04020483000766 1.5 24.301742948624494
      vertex 12.241966259558103 1.5 26.058884720774348
      vertex 12.724077124466321 1.5 23.375128894179774
    endloop
  endfacet
  facet normal 0 1 0
    outer loop
      vertex 12.724077124466321 1.5 23.375128894179774
      vertex 12.241966259558103 1.5 26.058884720774348
      vertex 13.0565857572161 1.5 25.112279691040847
    endloop
  endfacet
  facet normal -0.8467241992282852 0 -0.532032076515335
    outer loop
      vertex 13.798187531077115 1.5 24.107444969662485
      vertex 13.798187531077115 4.5 24.107444969662485
      vertex 14.462624243200123 1.5 23.049999999999997
    endloop
  endfacet
  facet normal -0.7579717231454525 -1.4012754126298034e-17 -0.6522874112781218
    outer loop
      vertex 13.0565857572161 1.5 25.112279691040847
      vertex 12.241966259558103 1.5 26.058884720774348
      vertex 12.241966259558103 4.5 26.058884720774348
    endloop
  endfacet
  facet normal -0.7579717231454525 0 -0.6522874112781218
    outer loop
      vertex 13.0565857572161 1.5 25.112279691040847
      vertex 12.241966259558103 4.5 26.058884720774348
      vertex 13.0565857572161 4.5 25.112279691040847
    endloop
  endfacet
  facet normal -0.8045977797666688 0 -0.593820185573501
    outer loop
      vertex 13.0565857572161 1.5 25.112279691040847
      vertex 13.0565857572161 4.5 25.112279691040847
      vertex 13.798187531077115 1.5 24.107444969662485
    endloop
  endfacet
  facet normal -0.8045977797666688 0 -0.593820185573501
    outer loop
      vertex 13.798187531077115 1.5 24.107444969662485
      vertex 13.0565857572161 4.5 25.112279691040847
      vertex 13.798187531077115 4.5 24.107444969662485
    endloop
  endfacet
  facet normal 0 1 0
    outer loop
      vertex 13.798187531077115 1.5 24.107444969662485
      vertex 14.462624243200123 1.5 23.049999999999997
      vertex 14.335455729120742 1.5 20.326251775242486
    endloop
  endfacet
  facet normal -0.8841153935046094 1.1713755579292506e-18 -0.46726862827306265
    outer loop
      vertex 15.046180093970397 1.5 21.94585844326322
      vertex 14.462624243200123 1.5 23.049999999999997
      vertex 14.462624243200123 4.5 23.049999999999997
    endloop
  endfacet
  facet normal -0.8841153935046094 0 -0.46726862827306265
    outer loop
      vertex 15.046180093970397 1.5 21.94585844326322
      vertex 14.462624243200123 4.5 23.049999999999997
      vertex 15.046180093970397 4.5 21.94585844326322
    endloop
  endfacet
  facet normal -0.8467241992282852 0 -0.532032076515335
    outer loop
      vertex 14.462624243200123 1.5 23.049999999999997
      vertex 13.798187531077115 4.5 24.107444969662485
      vertex 14.462624243200123 4.5 23.049999999999997
    endloop
  endfacet
  facet normal 0 -1 0
    outer loop
      vertex 15.013889847600083 4.5 18.126822382927234
      vertex 15.22799472386698 4.5 16.99525089911308
      vertex 15.480279453735477 4.5 19.475033825456656
    endloop
  endfacet
  facet normal 0 -1 0
    outer loop
      vertex 15.22799472386698 4.5 16.99525089911308
      vertex 15.793832177345545 4.5 18.304839130092287
      vertex 15.480279453735477 4.5 19.475033825456656
    endloop
  endfacet
  facet normal 0 -1 0
    outer loop
      vertex 15.013889847600083 4.5 18.126822382927234
      vertex 15.480279453735477 4.5 19.475033825456656
      vertex 15.214386647425421 4.5 20.23491180875746
    endloop
  endfacet
  facet normal 0 -1 0
    outer loop
      vertex 15.013889847600083 4.5 18.126822382927234
      vertex 15.046180093970397 4.5 21.94585844326322
      vertex 14.715821209106563 4.5 19.23922968592793
    endloop
  endfacet
  facet normal 0 -1 0
    outer loop
      vertex 14.715821209106563 4.5 19.23922968592793
      vertex 15.046180093970397 4.5 21.94585844326322
      vertex 14.335455729120742 4.5 20.326251775242486
    endloop
  endfacet
  facet normal 0 -1 0
    outer loop
      vertex 15.013889847600083 4.5 18.126822382927234
      vertex 15.214386647425421 4.5 20.23491180875746
      vertex 15.046180093970397 4.5 21.94585844326322
    endloop
  endfacet
  facet normal 0 -1 0
    outer loop
      vertex 13.874920565697252 4.5 21.381809582410394
      vertex 14.335455729120742 4.5 20.326251775242486
      vertex 14.462624243200123 4.5 23.049999999999997
    endloop
  endfacet
  facet normal 0 -1 0
    outer loop
      vertex 14.335455729120742 4.5 20.326251775242486
      vertex 15.046180093970397 4.5 21.94585844326322
      vertex 14.462624243200123 4.5 23.049999999999997
    endloop
  endfacet
  facet normal 0 -1 0
    outer loop
      vertex 15.046180093970397 4.5 21.94585844326322
      vertex 15.214386647425421 4.5 20.23491180875746
      vertex 15.110367426686684 4.5 21.79873951391524
    endloop
  endfacet
  facet normal 0 -1 0
    outer loop
      vertex 13.336791218280354 4.5 22.4
      vertex 13.874920565697252 4.5 21.381809582410394
      vertex 14.462624243200123 4.5 23.049999999999997
    endloop
  endfacet
  facet normal 0 -1 0
    outer loop
      vertex 13.336791218280354 4.5 22.4
      vertex 13.798187531077115 4.5 24.107444969662485
      vertex 12.724077124466321 4.5 23.375128894179774
    endloop
  endfacet
  facet normal 0 -1 0
    outer loop
      vertex 13.336791218280354 4.5 22.4
      vertex 14.462624243200123 4.5 23.049999999999997
      vertex 13.798187531077115 4.5 24.107444969662485
    endloop
  endfacet
  facet normal 0 -1 0
    outer loop
      vertex 12.04020483000766 4.5 24.301742948624494
      vertex 12.724077124466321 4.5 23.375128894179774
      vertex 13.0565857572161 4.5 25.112279691040847
    endloop
  endfacet
  facet normal 0 -1 0
    outer loop
      vertex 12.04020483000766 4.5 24.301742948624494
      vertex 13.0565857572161 4.5 25.112279691040847
      vertex 12.241966259558103 4.5 26.058884720774348
    endloop
  endfacet
  facet normal 0 -1 0
    outer loop
      vertex 12.724077124466321 4.5 23.375128894179774
      vertex 13.798187531077115 4.5 24.107444969662485
      vertex 13.0565857572161 4.5 25.112279691040847
    endloop
  endfacet
  facet normal 0 1 0
    outer loop
      vertex 8.619992419149273 1.5 27.458721667906737
      vertex 10.758404042259858 1.5 27.458721667906737
      vertex 8.675128894179776 1.5 27.424077124466322
    endloop
  endfacet
  facet normal 0 1 0
    outer loop
      vertex 8.675128894179776 1.5 27.424077124466322
      vertex 10.758404042259858 1.5 27.458721667906737
      vertex 9.601742948624493 1.5 26.74020483000766
    endloop
  endfacet
  facet normal 0 1 0
    outer loop
      vertex 9.601742948624493 1.5 26.74020483000766
      vertex 10.758404042259858 1.5 27.458721667906737
      vertex 10.474660161672153 1.5 25.988998826179326
    endloop
  endfacet
  facet normal 0 1 0
    outer loop
      vertex 11.288998826179329 1.5 25.17466016167215
      vertex 10.758404042259858 1.5 27.458721667906737
      vertex 11.358884720774348 1.5 26.9419662595581
    endloop
  endfacet
  facet normal -0.652287411278123 8.526088030985321e-16 -0.7579717231454515
    outer loop
      vertex 10.74560801140891 1.5977330934085872 27.469733542866614
      vertex 11.358884720774348 1.5 26.9419662595581
      vertex 10.758404042259858 1.5 27.458721667906737
    endloop
  endfacet
  facet normal -0.6522874112781228 8.897058279527237e-16 -0.7579717231454515
    outer loop
      vertex 10.74560801140891 1.5977330934085872 27.469733542866614
      vertex 10.57242127423994 2.385424412011686 27.61877278141084
      vertex 11.358884720774348 1.5 26.9419662595581
    endloop
  endfacet
  facet normal -0.6522874112781235 0 -0.757971723145451
    outer loop
      vertex 11.358884720774348 1.5 26.9419662595581
      vertex 10.57242127423994 2.385424412011686 27.61877278141084
      vertex 11.358884720774348 4.5 26.9419662595581
    endloop
  endfacet
  facet normal -0.6522874112781234 -2.7170959529258754e-17 -0.757971723145451
    outer loop
      vertex 10.57242127423994 2.385424412011686 27.61877278141084
      vertex 10.412279691040847 2.899749439659172 27.7565857572161
      vertex 11.358884720774348 4.5 26.9419662595581
    endloop
  endfacet
  facet normal -0.5938201855734994 -5.449275402851622e-16 -0.8045977797666699
    outer loop
      vertex 10.317875092152219 3.1597754696848974 27.826259521972567
      vertex 9.959119207339274 3.916455781207758 28.091033414534124
      vertex 10.412279691040847 4.5 27.7565857572161
    endloop
  endfacet
  facet normal -0.5938201855735045 0 -0.8045977797666662
    outer loop
      vertex 10.412279691040847 2.899749439659172 27.7565857572161
      vertex 10.317875092152219 3.1597754696848974 27.826259521972567
      vertex 10.412279691040847 4.5 27.7565857572161
    endloop
  endfacet
  facet normal -0.7071067811865468 0 -0.7071067811865482
    outer loop
      vertex 11.358884720774348 1.5 26.9419662595581
      vertex 11.358884720774348 4.5 26.9419662595581
      vertex 12.241966259558103 1.5 26.058884720774348
    endloop
  endfacet
  facet normal 0 -1 0
    outer loop
      vertex 7.115646321477812 4.5 28.34563115455498
      vertex 7.699999999999999 4.5 28.036791218280353
      vertex 9.614151519592935 4.5 28.34563115455498
    endloop
  endfacet
  facet normal 0 -1 0
    outer loop
      vertex 7.699999999999999 4.5 28.036791218280353
      vertex 8.675128894179776 4.5 27.424077124466322
      vertex 9.614151519592935 4.5 28.34563115455498
    endloop
  endfacet
  facet normal 0 -1 0
    outer loop
      vertex 8.675128894179776 4.5 27.424077124466322
      vertex 9.601742948624493 4.5 26.74020483000766
      vertex 10.412279691040847 4.5 27.7565857572161
    endloop
  endfacet
  facet normal 0 -1 0
    outer loop
      vertex 8.675128894179776 4.5 27.424077124466322
      vertex 10.412279691040847 4.5 27.7565857572161
      vertex 9.614151519592935 4.5 28.34563115455498
    endloop
  endfacet
  facet normal -0.5938201855735001 3.155352980130355e-16 -0.8045977797666694
    outer loop
      vertex 9.614151519592935 4.5 28.34563115455498
      vertex 10.412279691040847 4.5 27.7565857572161
      vertex 9.959119207339274 3.916455781207758 28.091033414534124
    endloop
  endfacet
  facet normal 0 -1 0
    outer loop
      vertex 9.601742948624493 4.5 26.74020483000766
      vertex 10.474660161672153 4.5 25.988998826179326
      vertex 11.358884720774348 4.5 26.9419662595581
    endloop
  endfacet
  facet normal 0 -1 0
    outer loop
      vertex 9.601742948624493 4.5 26.74020483000766
      vertex 11.358884720774348 4.5 26.9419662595581
      vertex 10.412279691040847 4.5 27.7565857572161
    endloop
  endfacet
  facet normal -0.6522874112781235 0 -0.757971723145451
    outer loop
      vertex 10.412279691040847 2.899749439659172 27.7565857572161
      vertex 10.412279691040847 4.5 27.7565857572161
      vertex 11.358884720774348 4.5 26.9419662595581
    endloop
  endfacet
  facet normal 0 1 0
    outer loop
      vertex -14.335455729120746 -4.5 9.07374822475752
      vertex -13.874920565697252 -4.5 8.018190417589604
      vertex -14.739200494141052 -4.5 8
    endloop
  endfacet
  facet normal 0 1 0
    outer loop
      vertex -14.335455729120746 -4.5 9.07374822475752
      vertex -14.739200494141052 -4.5 8
      vertex -14.715821209106567 -4.5 10.160770314072074
    endloop
  endfacet
  facet normal 0 1 0
    outer loop
      vertex -15.08015472803611 -4.5 8.781475405264404
      vertex -15.013889847600081 -4.5 11.273177617072756
      vertex -14.739200494141052 -4.5 8
    endloop
  endfacet
  facet normal 0 1 0
    outer loop
      vertex -14.715821209106567 -4.5 10.160770314072074
      vertex -14.739200494141052 -4.5 8
      vertex -15.013889847600081 -4.5 11.273177617072756
    endloop
  endfacet
  facet normal 0 1 0
    outer loop
      vertex -15.48027945373548 -4.5 9.924966174543354
      vertex -15.356938476590173 -4.5 13.549156558769068
      vertex -15.08015472803611 -4.5 8.781475405264404
    endloop
  endfacet
  facet normal 0 1 0
    outer loop
      vertex -15.08015472803611 -4.5 8.781475405264404
      vertex -15.356938476590173 -4.5 13.549156558769068
      vertex -15.227994723866978 -4.5 12.40474910088691
    endloop
  endfacet
  facet normal 0 1 0
    outer loop
      vertex -15.08015472803611 -4.5 8.781475405264404
      vertex -15.227994723866978 -4.5 12.40474910088691
      vertex -15.013889847600081 -4.5 11.273177617072756
    endloop
  endfacet
  facet normal 0 1 0
    outer loop
      vertex -13.874920565697252 -4.5 8.018190417589604
      vertex -13.865306649304376 -4.5 8
      vertex -14.739200494141052 -4.5 8
    endloop
  endfacet
  facet normal 0 1 0
    outer loop
      vertex -15.793832177345543 -4.5 11.095160869907705
      vertex -16.019059384847083 -4.5 12.28551528794597
      vertex -16.154701514335116 -4.5 15.91062751610007
    endloop
  endfacet
  facet normal 0 1 0
    outer loop
      vertex -15.48027945373548 -4.5 9.924966174543354
      vertex -15.793832177345543 -4.5 11.095160869907705
      vertex -16.019059384847083 -4.5 17.11448471205403
    endloop
  endfacet
  facet normal 0 1 0
    outer loop
      vertex -16.019059384847083 -4.5 12.28551528794597
      vertex -16.154701514335116 -4.5 13.48937248389993
      vertex -16.2 -4.5 14.7
    endloop
  endfacet
  facet normal 0 1 0
    outer loop
      vertex -15.48027945373548 -4.5 9.924966174543354
      vertex -15.399999999999999 -4.5 14.7
      vertex -15.356938476590173 -4.5 13.549156558769068
    endloop
  endfacet
  facet normal 0 1 0
    outer loop
      vertex -16.019059384847083 -4.5 12.28551528794597
      vertex -16.2 -4.5 14.7
      vertex -16.154701514335116 -4.5 15.91062751610007
    endloop
  endfacet
  facet normal 0 1 0
    outer loop
      vertex -15.793832177345543 -4.5 11.095160869907705
      vertex -16.154701514335116 -4.5 15.91062751610007
      vertex -16.019059384847083 -4.5 17.11448471205403
    endloop
  endfacet
  facet normal 0 1 0
    outer loop
      vertex -15.48027945373548 -4.5 9.924966174543354
      vertex -15.793832177345543 -4.5 18.304839130092294
      vertex -15.399999999999999 -4.5 14.7
    endloop
  endfacet
  facet normal 0 1 0
    outer loop
      vertex -15.48027945373548 -4.5 9.924966174543354
      vertex -16.019059384847083 -4.5 17.11448471205403
      vertex -15.793832177345543 -4.5 18.304839130092294
    endloop
  endfacet
  facet normal 0 1 0
    outer loop
      vertex -15.399999999999999 -4.5 14.7
      vertex -15.793832177345543 -4.5 18.304839130092294
      vertex -15.356938476590173 -4.5 15.85084344123093
    endloop
  endfacet
  facet normal 0 1 0
    outer loop
      vertex -15.356938476590173 -4.5 15.85084344123093
      vertex -15.793832177345543 -4.5 18.304839130092294
      vertex -15.227994723866978 -4.5 16.99525089911309
    endloop
  endfacet
  facet normal 0 -1 0
    outer loop
      vertex -15.48027945373548 -1.5 9.924966174543354
      vertex -15.08015472803611 -1.5 8.781475405264404
      vertex -15.013889847600081 -1.5 11.273177617072756
    endloop
  endfacet
  facet normal 0 -1 0
    outer loop
      vertex -15.08015472803611 -1.5 8.781475405264404
      vertex -14.739200494141052 -1.5 8
      vertex -14.335455729120746 -1.5 9.07374822475752
    endloop
  endfacet
  facet normal 0 -1 0
    outer loop
      vertex -14.335455729120746 -1.5 9.07374822475752
      vertex -14.739200494141052 -1.5 8
      vertex -13.874920565697252 -1.5 8.018190417589604
    endloop
  endfacet
  facet normal 0 -1 0
    outer loop
      vertex -15.08015472803611 -1.5 8.781475405264404
      vertex -14.335455729120746 -1.5 9.07374822475752
      vertex -14.715821209106567 -1.5 10.160770314072074
    endloop
  endfacet
  facet normal 0 -1 0
    outer loop
      vertex -15.08015472803611 -1.5 8.781475405264404
      vertex -14.715821209106567 -1.5 10.160770314072074
      vertex -15.013889847600081 -1.5 11.273177617072756
    endloop
  endfacet
  facet normal 0 -1 0
    outer loop
      vertex -15.48027945373548 -1.5 9.924966174543354
      vertex -15.227994723866978 -1.5 12.40474910088691
      vertex -15.793832177345543 -1.5 11.095160869907705
    endloop
  endfacet
  facet normal 0 -1 0
    outer loop
      vertex -15.48027945373548 -1.5 9.924966174543354
      vertex -15.013889847600081 -1.5 11.273177617072756
      vertex -15.227994723866978 -1.5 12.40474910088691
    endloop
  endfacet
  facet normal 0 -1 0
    outer loop
      vertex -15.793832177345543 -1.5 11.095160869907705
      vertex -15.227994723866978 -1.5 12.40474910088691
      vertex -15.356938476590173 -1.5 13.549156558769068
    endloop
  endfacet
  facet normal 0 -1 0
    outer loop
      vertex -13.874920565697252 -1.5 8.018190417589604
      vertex -14.739200494141052 -1.5 8
      vertex -13.865306649304376 -1.5 8
    endloop
  endfacet
  facet normal 0 -1 0
    outer loop
      vertex -15.793832177345543 -1.5 11.095160869907705
      vertex -15.356938476590173 -1.5 13.549156558769068
      vertex -15.399999999999999 -1.5 14.7
    endloop
  endfacet
  facet normal 0 -1 0
    outer loop
      vertex -15.793832177345543 -1.5 11.095160869907705
      vertex -15.545591602358211 -1.5 20.801195106918794
      vertex -16.019059384847083 -1.5 12.28551528794597
    endloop
  endfacet
  facet normal 0 -1 0
    outer loop
      vertex -16.154701514335116 -1.5 13.48937248389993
      vertex -16.019059384847083 -1.5 17.11448471205403
      vertex -16.2 -1.5 14.7
    endloop
  endfacet
  facet normal 0 -1 0
    outer loop
      vertex -16.019059384847083 -1.5 12.28551528794597
      vertex -15.80294370897974 -1.5 20.06572504102411
      vertex -16.154701514335116 -1.5 13.48937248389993
    endloop
  endfacet
  facet normal 0 -1 0
    outer loop
      vertex -16.2 -1.5 14.7
      vertex -16.019059384847083 -1.5 17.11448471205403
      vertex -16.154701514335116 -1.5 15.91062751610007
    endloop
  endfacet
  facet normal 0 -1 0
    outer loop
      vertex -16.154701514335116 -1.5 13.48937248389993
      vertex -15.980625131832191 -1.5 17.31761462423377
      vertex -16.019059384847083 -1.5 17.11448471205403
    endloop
  endfacet
  facet normal 0 -1 0
    outer loop
      vertex -15.793832177345543 -1.5 11.095160869907705
      vertex -15.399999999999999 -1.5 14.7
      vertex -15.545591602358211 -1.5 20.801195106918794
    endloop
  endfacet
  facet normal 0 -1 0
    outer loop
      vertex -16.154701514335116 -1.5 13.48937248389993
      vertex -15.80294370897974 -1.5 20.06572504102411
      vertex -15.980625131832191 -1.5 17.31761462423377
    endloop
  endfacet
  facet normal 0 -1 0
    outer loop
      vertex -15.399999999999999 -1.5 14.7
      vertex -15.356938476590173 -1.5 15.85084344123093
      vertex -15.545591602358211 -1.5 20.801195106918794
    endloop
  endfacet
  facet normal 0 1 0
    outer loop
      vertex -15.793832177345543 -4.5 18.304839130092294
      vertex -15.48027945373548 -4.5 19.475033825456645
      vertex -15.227994723866978 -4.5 16.99525089911309
    endloop
  endfacet
  facet normal 0 1 0
    outer loop
      vertex -15.227994723866978 -4.5 16.99525089911309
      vertex -15.48027945373548 -4.5 19.475033825456645
      vertex -15.013889847600081 -4.5 18.12682238292724
    endloop
  endfacet
  facet normal 0 1 0
    outer loop
      vertex -15.48027945373548 -4.5 19.475033825456645
      vertex -15.214386647425423 -4.5 20.234911808757456
      vertex -15.013889847600081 -4.5 18.12682238292724
    endloop
  endfacet
  facet normal 0 1 0
    outer loop
      vertex -15.013889847600081 -4.5 18.12682238292724
      vertex -15.046180093970397 -4.5 21.94585844326322
      vertex -14.715821209106567 -4.5 19.239229685927924
    endloop
  endfacet
  facet normal 0 1 0
    outer loop
      vertex -15.013889847600081 -4.5 18.12682238292724
      vertex -15.214386647425423 -4.5 20.234911808757456
      vertex -15.046180093970397 -4.5 21.94585844326322
    endloop
  endfacet
  facet normal 0 1 0
    outer loop
      vertex -14.715821209106567 -4.5 19.239229685927924
      vertex -15.046180093970397 -4.5 21.94585844326322
      vertex -14.335455729120746 -4.5 20.32625177524248
    endloop
  endfacet
  facet normal 0 1 0
    outer loop
      vertex -15.214386647425423 -4.5 20.234911808757456
      vertex -15.110367426686686 -4.5 21.798739513915237
      vertex -15.046180093970397 -4.5 21.94585844326322
    endloop
  endfacet
  facet normal 0 1 0
    outer loop
      vertex -14.335455729120746 -4.5 20.32625177524248
      vertex -15.046180093970397 -4.5 21.94585844326322
      vertex -14.462624243200123 -4.5 23.049999999999997
    endloop
  endfacet
  facet normal 0 1 0
    outer loop
      vertex -14.335455729120746 -4.5 20.32625177524248
      vertex -14.462624243200123 -4.5 23.049999999999997
      vertex -13.874920565697252 -4.5 21.381809582410394
    endloop
  endfacet
  facet normal 0 1 0
    outer loop
      vertex -14.462624243200123 -4.5 23.049999999999997
      vertex -13.336791218280354 -4.5 22.4
      vertex -13.874920565697252 -4.5 21.381809582410394
    endloop
  endfacet
  facet normal 0 1 0
    outer loop
      vertex -14.462624243200123 -4.5 23.049999999999997
      vertex -13.798187531077115 -4.5 24.107444969662485
      vertex -13.336791218280354 -4.5 22.4
    endloop
  endfacet
  facet normal 0 1 0
    outer loop
      vertex -13.336791218280354 -4.5 22.4
      vertex -13.798187531077115 -4.5 24.107444969662485
      vertex -12.724077124466321 -4.5 23.375128894179774
    endloop
  endfacet
  facet normal 0 1 0
    outer loop
      vertex -13.798187531077115 -4.5 24.107444969662485
      vertex -13.056585757216096 -4.5 25.112279691040854
      vertex -12.724077124466321 -4.5 23.375128894179774
    endloop
  endfacet
  facet normal 0 1 0
    outer loop
      vertex -12.724077124466321 -4.5 23.375128894179774
      vertex -13.056585757216096 -4.5 25.112279691040854
      vertex -12.040204830007657 -4.5 24.301742948624497
    endloop
  endfacet
  facet normal 0 1 0
    outer loop
      vertex -13.056585757216096 -4.5 25.112279691040854
      vertex -12.2419662595581 -4.5 26.05888472077435
      vertex -12.040204830007657 -4.5 24.301742948624497
    endloop
  endfacet
  facet normal 0.9165622558699745 -1.3351387844991294e-15 -0.3998920243197449
    outer loop
      vertex -15.110367426686686 -4.5 21.798739513915237
      vertex -15.545591602358211 -1.5 20.801195106918794
      vertex -15.046180093970397 -4.5 21.94585844326322
    endloop
  endfacet
  facet normal 0.9165622558699753 -4.88698880788112e-16 -0.3998920243197428
    outer loop
      vertex -15.110367426686686 -4.5 21.798739513915237
      vertex -15.420322477934342 -3.5195879785802617 21.088314990012524
      vertex -15.545591602358211 -1.5 20.801195106918794
    endloop
  endfacet
  facet normal 0.9165622558699767 -3.723971312530302e-18 -0.39989202431973986
    outer loop
      vertex -15.420322477934342 -3.5195879785802617 21.088314990012524
      vertex -15.545591602358211 -2.9567506771469714 20.801195106918794
      vertex -15.545591602358211 -1.5 20.801195106918794
    endloop
  endfacet
  facet normal 0.9165622558699758 0 -0.39989202431974197
    outer loop
      vertex -15.046180093970397 -4.5 21.94585844326322
      vertex -15.545591602358211 -1.5 20.801195106918794
      vertex -15.046180093970397 -1.5 21.94585844326322
    endloop
  endfacet
  facet normal 0.9438833303083671 0 -0.33027906195516826
    outer loop
      vertex -15.545591602358211 -2.9567506771469714 20.801195106918794
      vertex -15.683541370104992 -2.363913508230426 20.406957320771237
      vertex -15.545591602358211 -1.5 20.801195106918794
    endloop
  endfacet
  facet normal 0 -1 0
    outer loop
      vertex -16.019059384847083 -1.5 12.28551528794597
      vertex -15.545591602358211 -1.5 20.801195106918794
      vertex -15.80294370897974 -1.5 20.06572504102411
    endloop
  endfacet
  facet normal 0 -1 0
    outer loop
      vertex -15.356938476590173 -1.5 15.85084344123093
      vertex -15.227994723866978 -1.5 16.99525089911309
      vertex -15.046180093970397 -1.5 21.94585844326322
    endloop
  endfacet
  facet normal 0 -1 0
    outer loop
      vertex -15.227994723866978 -1.5 16.99525089911309
      vertex -15.013889847600081 -1.5 18.12682238292724
      vertex -15.046180093970397 -1.5 21.94585844326322
    endloop
  endfacet
  facet normal 0 -1 0
    outer loop
      vertex -15.356938476590173 -1.5 15.85084344123093
      vertex -15.046180093970397 -1.5 21.94585844326322
      vertex -15.545591602358211 -1.5 20.801195106918794
    endloop
  endfacet
  facet normal 0.9438833303083671 5.4367764803757364e-17 -0.3302790619551684
    outer loop
      vertex -15.683541370104992 -2.363913508230426 20.406957320771237
      vertex -15.80294370897974 -1.5 20.06572504102411
      vertex -15.545591602358211 -1.5 20.801195106918794
    endloop
  endfacet
  facet normal 0 -1 0
    outer loop
      vertex -15.013889847600081 -1.5 18.12682238292724
      vertex -14.715821209106567 -1.5 19.239229685927924
      vertex -15.046180093970397 -1.5 21.94585844326322
    endloop
  endfacet
  facet normal 0 -1 0
    outer loop
      vertex -14.715821209106567 -1.5 19.239229685927924
      vertex -14.462624243200123 -1.5 23.049999999999997
      vertex -15.046180093970397 -1.5 21.94585844326322
    endloop
  endfacet
  facet normal 0 -1 0
    outer loop
      vertex -14.715821209106567 -1.5 19.239229685927924
      vertex -14.335455729120746 -1.5 20.32625177524248
      vertex -14.462624243200123 -1.5 23.049999999999997
    endloop
  endfacet
  facet normal 0.8841153935046094 0 -0.46726862827306265
    outer loop
      vertex -15.046180093970397 -4.5 21.94585844326322
      vertex -15.046180093970397 -1.5 21.94585844326322
      vertex -14.462624243200123 -4.5 23.049999999999997
    endloop
  endfacet
  facet normal 0.8467241992282852 0 -0.532032076515335
    outer loop
      vertex -14.462624243200123 -4.5 23.049999999999997
      vertex -14.462624243200123 -1.5 23.049999999999997
      vertex -13.798187531077115 -4.5 24.107444969662485
    endloop
  endfacet
  facet normal 0.8841153935046094 0 -0.46726862827306265
    outer loop
      vertex -14.462624243200123 -4.5 23.049999999999997
      vertex -15.046180093970397 -1.5 21.94585844326322
      vertex -14.462624243200123 -1.5 23.049999999999997
    endloop
  endfacet
  facet normal 0 -1 0
    outer loop
      vertex -14.335455729120746 -1.5 20.32625177524248
      vertex -13.798187531077115 -1.5 24.107444969662485
      vertex -14.462624243200123 -1.5 23.049999999999997
    endloop
  endfacet
  facet normal 0.8467241992282852 0 -0.532032076515335
    outer loop
      vertex -13.798187531077115 -4.5 24.107444969662485
      vertex -14.462624243200123 -1.5 23.049999999999997
      vertex -13.798187531077115 -1.5 24.107444969662485
    endloop
  endfacet
  facet normal 0.8045977797666695 0 -0.5938201855735001
    outer loop
      vertex -13.798187531077115 -4.5 24.107444969662485
      vertex -13.798187531077115 -1.5 24.107444969662485
      vertex -13.056585757216096 -4.5 25.112279691040854
    endloop
  endfacet
  facet normal 0.8045977797666695 0 -0.5938201855735001
    outer loop
      vertex -13.056585757216096 -4.5 25.112279691040854
      vertex -13.798187531077115 -1.5 24.107444969662485
      vertex -13.056585757216096 -1.5 25.112279691040854
    endloop
  endfacet
  facet normal 0.7579717231454512 0 -0.6522874112781233
    outer loop
      vertex -13.056585757216096 -4.5 25.112279691040854
      vertex -13.056585757216096 -1.5 25.112279691040854
      vertex -12.2419662595581 -4.5 26.05888472077435
    endloop
  endfacet
  facet normal 0.7579717231454512 1.2002939090884753e-17 -0.6522874112781233
    outer loop
      vertex -13.056585757216096 -1.5 25.112279691040854
      vertex -12.2419662595581 -1.5 26.05888472077435
      vertex -12.2419662595581 -4.5 26.05888472077435
    endloop
  endfacet
  facet normal 0 -1 0
    outer loop
      vertex -14.335455729120746 -1.5 20.32625177524248
      vertex -13.874920565697252 -1.5 21.381809582410394
      vertex -13.798187531077115 -1.5 24.107444969662485
    endloop
  endfacet
  facet normal 0 -1 0
    outer loop
      vertex -13.874920565697252 -1.5 21.381809582410394
      vertex -13.336791218280354 -1.5 22.4
      vertex -13.798187531077115 -1.5 24.107444969662485
    endloop
  endfacet
  facet normal 0 -1 0
    outer loop
      vertex -13.336791218280354 -1.5 22.4
      vertex -13.056585757216096 -1.5 25.112279691040854
      vertex -13.798187531077115 -1.5 24.107444969662485
    endloop
  endfacet
  facet normal 0 -1 0
    outer loop
      vertex -13.336791218280354 -1.5 22.4
      vertex -12.724077124466321 -1.5 23.375128894179774
      vertex -13.056585757216096 -1.5 25.112279691040854
    endloop
  endfacet
  facet normal 0 -1 0
    outer loop
      vertex -12.724077124466321 -1.5 23.375128894179774
      vertex -12.2419662595581 -1.5 26.05888472077435
      vertex -13.056585757216096 -1.5 25.112279691040854
    endloop
  endfacet
  facet normal 0 -1 0
    outer loop
      vertex -12.724077124466321 -1.5 23.375128894179774
      vertex -12.040204830007657 -1.5 24.301742948624497
      vertex -12.2419662595581 -1.5 26.05888472077435
    endloop
  endfacet
  facet normal 0 1 0
    outer loop
      vertex -12.040204830007657 -4.5 24.301742948624497
      vertex -12.2419662595581 -4.5 26.05888472077435
      vertex -11.288998826179325 -4.5 25.174660161672158
    endloop
  endfacet
  facet normal 0 1 0
    outer loop
      vertex -11.288998826179325 -4.5 25.174660161672158
      vertex -12.2419662595581 -4.5 26.05888472077435
      vertex -11.358884720774354 -4.5 26.9419662595581
    endloop
  endfacet
  facet normal 0 1 0
    outer loop
      vertex -11.288998826179325 -4.5 25.174660161672158
      vertex -11.358884720774354 -4.5 26.9419662595581
      vertex -10.474660161672158 -4.5 25.988998826179326
    endloop
  endfacet
  facet normal 0.7071067811865489 0 -0.7071067811865461
    outer loop
      vertex -12.2419662595581 -4.5 26.05888472077435
      vertex -12.2419662595581 -1.5 26.05888472077435
      vertex -11.358884720774354 -4.5 26.9419662595581
    endloop
  endfacet
  facet normal 0 -1 0
    outer loop
      vertex -12.040204830007657 -1.5 24.301742948624497
      vertex -11.358884720774354 -1.5 26.9419662595581
      vertex -12.2419662595581 -1.5 26.05888472077435
    endloop
  endfacet
  facet normal 0 -1 0
    outer loop
      vertex -12.040204830007657 -1.5 24.301742948624497
      vertex -11.288998826179325 -1.5 25.174660161672158
      vertex -11.358884720774354 -1.5 26.9419662595581
    endloop
  endfacet
  facet normal 0 -1 0
    outer loop
      vertex -11.288998826179325 -1.5 25.174660161672158
      vertex -10.474660161672158 -1.5 25.988998826179326
      vertex -10.75840404225986 -1.5 27.458721667906737
    endloop
  endfacet
  facet normal 0.6522874112781202 1.0083865392052654e-17 -0.7579717231454538
    outer loop
      vertex -11.358884720774354 -4.5 26.9419662595581
      vertex -10.412279691040853 -2.899749439659148 27.756585757216094
      vertex -10.412279691040853 -4.5 27.756585757216094
    endloop
  endfacet
  facet normal 0 1 0
    outer loop
      vertex -11.358884720774354 -4.5 26.9419662595581
      vertex -9.601742948624498 -4.5 26.740204830007656
      vertex -10.474660161672158 -4.5 25.988998826179326
    endloop
  endfacet
  facet normal 0 1 0
    outer loop
      vertex -11.358884720774354 -4.5 26.9419662595581
      vertex -10.412279691040853 -4.5 27.756585757216094
      vertex -9.601742948624498 -4.5 26.740204830007656
    endloop
  endfacet
  facet normal 0 1 0
    outer loop
      vertex -10.412279691040853 -4.5 27.756585757216094
      vertex -8.675128894179776 -4.5 27.424077124466322
      vertex -9.601742948624498 -4.5 26.740204830007656
    endloop
  endfacet
  facet normal 0.5938201855735012 8.214772070878236e-16 -0.8045977797666686
    outer loop
      vertex -10.412279691040853 -4.5 27.756585757216094
      vertex -9.959119207339272 -3.9164557812077527 28.091033414534124
      vertex -9.614151519592934 -4.5 28.34563115455498
    endloop
  endfacet
  facet normal 0 1 0
    outer loop
      vertex -10.412279691040853 -4.5 27.756585757216094
      vertex -9.614151519592934 -4.5 28.34563115455498
      vertex -8.675128894179776 -4.5 27.424077124466322
    endloop
  endfacet
  facet normal 0 1 0
    outer loop
      vertex -9.614151519592934 -4.5 28.34563115455498
      vertex -7.699999999999999 -4.5 28.036791218280353
      vertex -8.675128894179776 -4.5 27.424077124466322
    endloop
  endfacet
  facet normal 0 1 0
    outer loop
      vertex -9.614151519592934 -4.5 28.34563115455498
      vertex -7.115646321477812 -4.5 28.34563115455498
      vertex -7.699999999999999 -4.5 28.036791218280353
    endloop
  endfacet
  facet normal 0.7071067811865489 -9.134040636367525e-18 -0.7071067811865461
    outer loop
      vertex -12.2419662595581 -1.5 26.05888472077435
      vertex -11.358884720774354 -1.5 26.9419662595581
      vertex -11.358884720774354 -4.5 26.9419662595581
    endloop
  endfacet
  facet normal 0.6522874112781204 -1.241373330245133e-16 -0.7579717231454537
    outer loop
      vertex -11.358884720774354 -4.5 26.9419662595581
      vertex -10.572421274239938 -2.385424412011686 27.61877278141084
      vertex -10.412279691040853 -2.899749439659148 27.756585757216094
    endloop
  endfacet
  facet normal 0.5938201855735024 0 -0.8045977797666678
    outer loop
      vertex -10.412279691040853 -4.5 27.756585757216094
      vertex -10.412279691040853 -2.899749439659148 27.756585757216094
      vertex -10.317875092152219 -3.1597754696848925 27.826259521972563
    endloop
  endfacet
  facet normal 0.5938201855735019 3.981715394344004e-17 -0.8045977797666681
    outer loop
      vertex -10.412279691040853 -4.5 27.756585757216094
      vertex -10.317875092152219 -3.1597754696848925 27.826259521972563
      vertex -9.959119207339272 -3.9164557812077527 28.091033414534124
    endloop
  endfacet
  facet normal 0.6522874112781201 0 -0.7579717231454539
    outer loop
      vertex -11.358884720774354 -4.5 26.9419662595581
      vertex -11.358884720774354 -1.5 26.9419662595581
      vertex -10.572421274239938 -2.385424412011686 27.61877278141084
    endloop
  endfacet
  facet normal 0 -1 0
    outer loop
      vertex -11.288998826179325 -1.5 25.174660161672158
      vertex -10.75840404225986 -1.5 27.458721667906737
      vertex -11.358884720774354 -1.5 26.9419662595581
    endloop
  endfacet
  facet normal 0.6522874112781197 -6.514201813867247e-16 -0.7579717231454542
    outer loop
      vertex -10.572421274239938 -2.385424412011686 27.61877278141084
      vertex -11.358884720774354 -1.5 26.9419662595581
      vertex -10.74560801140891 -1.5977330934085872 27.469733542866614
    endloop
  endfacet
  facet normal 0.6522874112781207 1.036300529303734e-14 -0.7579717231454534
    outer loop
      vertex -11.358884720774354 -1.5 26.9419662595581
      vertex -10.75840404225986 -1.5 27.458721667906737
      vertex -10.74560801140891 -1.5977330934085872 27.469733542866614
    endloop
  endfacet
  facet normal 0 -1 0
    outer loop
      vertex -10.474660161672158 -1.5 25.988998826179326
      vertex -9.601742948624498 -1.5 26.740204830007656
      vertex -10.75840404225986 -1.5 27.458721667906737
    endloop
  endfacet
  facet normal 0 -1 0
    outer loop
      vertex -10.75840404225986 -1.5 27.458721667906737
      vertex -9.601742948624498 -1.5 26.740204830007656
      vertex -8.675128894179776 -1.5 27.424077124466322
    endloop
  endfacet
  facet normal 0 -1 0
    outer loop
      vertex -10.75840404225986 -1.5 27.458721667906737
      vertex -8.675128894179776 -1.5 27.424077124466322
      vertex -8.619992419149273 -1.5 27.458721667906737
    endloop
  endfacet
  facet normal 0 1 0
    outer loop
      vertex 13.874920565697254 -4.5 8.018190417589604
      vertex 14.739200494141052 -4.5 8
      vertex 13.865306649304378 -4.5 8
    endloop
  endfacet
  facet normal 0 1 0
    outer loop
      vertex 13.874920565697254 -4.5 8.018190417589604
      vertex 14.335455729120744 -4.5 9.073748224757516
      vertex 14.739200494141052 -4.5 8
    endloop
  endfacet
  facet normal 0 1 0
    outer loop
      vertex 14.335455729120744 -4.5 9.073748224757516
      vertex 15.080154728036108 -4.5 8.781475405264402
      vertex 14.739200494141052 -4.5 8
    endloop
  endfacet
  facet normal 0 1 0
    outer loop
      vertex 14.335455729120744 -4.5 9.073748224757516
      vertex 14.715821209106565 -4.5 10.160770314072074
      vertex 15.080154728036108 -4.5 8.781475405264402
    endloop
  endfacet
  facet normal 0 1 0
    outer loop
      vertex 15.080154728036108 -4.5 8.781475405264402
      vertex 14.715821209106565 -4.5 10.160770314072074
      vertex 15.013889847600081 -4.5 11.273177617072758
    endloop
  endfacet
  facet normal 0 1 0
    outer loop
      vertex 15.080154728036108 -4.5 8.781475405264402
      vertex 15.013889847600081 -4.5 11.273177617072758
      vertex 15.480279453735479 -4.5 9.924966174543352
    endloop
  endfacet
  facet normal 0 1 0
    outer loop
      vertex 15.480279453735479 -4.5 9.924966174543352
      vertex 15.013889847600081 -4.5 11.273177617072758
      vertex 15.227994723866978 -4.5 12.404749100886914
    endloop
  endfacet
  facet normal 0 1 0
    outer loop
      vertex 15.480279453735479 -4.5 9.924966174543352
      vertex 15.227994723866978 -4.5 12.404749100886914
      vertex 15.793832177345543 -4.5 11.095160869907707
    endloop
  endfacet
  facet normal 0 1 0
    outer loop
      vertex 15.793832177345543 -4.5 11.095160869907707
      vertex 15.227994723866978 -4.5 12.404749100886914
      vertex 15.356938476590173 -4.5 13.549156558769067
    endloop
  endfacet
  facet normal 0 1 0
    outer loop
      vertex 15.793832177345543 -4.5 11.095160869907707
      vertex 15.356938476590173 -4.5 13.549156558769067
      vertex 15.399999999999999 -4.5 14.7
    endloop
  endfacet
  facet normal 0 1 0
    outer loop
      vertex 15.793832177345543 -4.5 11.095160869907707
      vertex 15.480279453735477 -4.5 19.475033825456656
      vertex 16.019059384847083 -4.5 12.285515287945973
    endloop
  endfacet
  facet normal 0 1 0
    outer loop
      vertex 16.019059384847083 -4.5 12.285515287945973
      vertex 15.793832177345545 -4.5 18.304839130092287
      vertex 16.154701514335116 -4.5 13.489372483899926
    endloop
  endfacet
  facet normal 0 1 0
    outer loop
      vertex 15.793832177345543 -4.5 11.095160869907707
      vertex 15.399999999999999 -4.5 14.7
      vertex 15.480279453735477 -4.5 19.475033825456656
    endloop
  endfacet
  facet normal 0 1 0
    outer loop
      vertex 16.154701514335116 -4.5 13.489372483899926
      vertex 16.019059384847083 -4.5 17.114484712054022
      vertex 16.2 -4.5 14.7
    endloop
  endfacet
  facet normal 0 1 0
    outer loop
      vertex 16.2 -4.5 14.7
      vertex 16.019059384847083 -4.5 17.114484712054022
      vertex 16.154701514335116 -4.5 15.91062751610007
    endloop
  endfacet
  facet normal 0 1 0
    outer loop
      vertex 15.399999999999999 -4.5 14.7
      vertex 15.356938476590173 -4.5 15.85084344123093
      vertex 15.480279453735477 -4.5 19.475033825456656
    endloop
  endfacet
  facet normal 0 1 0
    outer loop
      vertex 16.154701514335116 -4.5 13.489372483899926
      vertex 15.793832177345545 -4.5 18.304839130092287
      vertex 16.019059384847083 -4.5 17.114484712054022
    endloop
  endfacet
  facet normal 0 1 0
    outer loop
      vertex 16.019059384847083 -4.5 12.285515287945973
      vertex 15.480279453735477 -4.5 19.475033825456656
      vertex 15.793832177345545 -4.5 18.304839130092287
    endloop
  endfacet
  facet normal 0 -1 0
    outer loop
      vertex 13.874920565697254 -1.5 8.018190417589604
      vertex 13.865306649304378 -1.5 8
      vertex 14.739200494141052 -1.5 8
    endloop
  endfacet
  facet normal 0 -1 0
    outer loop
      vertex 13.874920565697254 -1.5 8.018190417589604
      vertex 14.739200494141052 -1.5 8
      vertex 14.335455729120744 -1.5 9.073748224757516
    endloop
  endfacet
  facet normal 0 -1 0
    outer loop
      vertex 14.335455729120744 -1.5 9.073748224757516
      vertex 14.739200494141052 -1.5 8
      vertex 14.715821209106565 -1.5 10.160770314072074
    endloop
  endfacet
  facet normal 0 -1 0
    outer loop
      vertex 15.080154728036108 -1.5 8.781475405264402
      vertex 15.013889847600081 -1.5 11.273177617072758
      vertex 14.739200494141052 -1.5 8
    endloop
  endfacet
  facet normal 0 -1 0
    outer loop
      vertex 14.715821209106565 -1.5 10.160770314072074
      vertex 14.739200494141052 -1.5 8
      vertex 15.013889847600081 -1.5 11.273177617072758
    endloop
  endfacet
  facet normal 0 -1 0
    outer loop
      vertex 15.080154728036108 -1.5 8.781475405264402
      vertex 15.227994723866978 -1.5 12.404749100886914
      vertex 15.013889847600081 -1.5 11.273177617072758
    endloop
  endfacet
  facet normal 0 -1 0
    outer loop
      vertex 15.080154728036108 -1.5 8.781475405264402
      vertex 15.480279453735479 -1.5 9.924966174543352
      vertex 15.356938476590173 -1.5 13.549156558769067
    endloop
  endfacet
  facet normal 0 -1 0
    outer loop
      vertex 15.080154728036108 -1.5 8.781475405264402
      vertex 15.356938476590173 -1.5 13.549156558769067
      vertex 15.227994723866978 -1.5 12.404749100886914
    endloop
  endfacet
  facet normal 0 -1 0
    outer loop
      vertex 15.480279453735479 -1.5 9.924966174543352
      vertex 15.399999999999999 -1.5 14.7
      vertex 15.356938476590173 -1.5 13.549156558769067
    endloop
  endfacet
  facet normal 0 -1 0
    outer loop
      vertex 15.480279453735479 -1.5 9.924966174543352
      vertex 15.793832177345543 -1.5 11.095160869907707
      vertex 15.980625131832193 -1.5 17.31761462423376
    endloop
  endfacet
  facet normal 0 -1 0
    outer loop
      vertex 15.793832177345543 -1.5 11.095160869907707
      vertex 16.019059384847083 -1.5 12.285515287945973
      vertex 16.154701514335116 -1.5 15.91062751610007
    endloop
  endfacet
  facet normal 0 -1 0
    outer loop
      vertex 16.019059384847083 -1.5 12.285515287945973
      vertex 16.154701514335116 -1.5 13.489372483899926
      vertex 16.2 -1.5 14.7
    endloop
  endfacet
  facet normal 0 -1 0
    outer loop
      vertex 16.019059384847083 -1.5 12.285515287945973
      vertex 16.2 -1.5 14.7
      vertex 16.154701514335116 -1.5 15.91062751610007
    endloop
  endfacet
  facet normal 0 -1 0
    outer loop
      vertex 15.793832177345543 -1.5 11.095160869907707
      vertex 16.154701514335116 -1.5 15.91062751610007
      vertex 16.019059384847083 -1.5 17.114484712054022
    endloop
  endfacet
  facet normal 0 -1 0
    outer loop
      vertex 15.480279453735479 -1.5 9.924966174543352
      vertex 15.545591602358208 -1.5 20.8011951069188
      vertex 15.399999999999999 -1.5 14.7
    endloop
  endfacet
  facet normal 0 -1 0
    outer loop
      vertex 15.793832177345543 -1.5 11.095160869907707
      vertex 16.019059384847083 -1.5 17.114484712054022
      vertex 15.980625131832193 -1.5 17.31761462423376
    endloop
  endfacet
  facet normal 0 -1 0
    outer loop
      vertex 15.480279453735479 -1.5 9.924966174543352
      vertex 15.980625131832193 -1.5 17.31761462423376
      vertex 15.80294370897974 -1.5 20.065725041024105
    endloop
  endfacet
  facet normal 0 -1 0
    outer loop
      vertex 15.399999999999999 -1.5 14.7
      vertex 15.545591602358208 -1.5 20.8011951069188
      vertex 15.356938476590173 -1.5 15.85084344123093
    endloop
  endfacet
  facet normal 0 -1 0
    outer loop
      vertex 15.480279453735479 -1.5 9.924966174543352
      vertex 15.80294370897974 -1.5 20.065725041024105
      vertex 15.545591602358208 -1.5 20.8011951069188
    endloop
  endfacet
  facet normal 0 1 0
    outer loop
      vertex 11.288998826179329 -4.5 25.17466016167215
      vertex 10.474660161672153 -4.5 25.988998826179326
      vertex 10.412279691040847 -4.5 27.7565857572161
    endloop
  endfacet
  facet normal 0 1 0
    outer loop
      vertex 12.04020483000766 -4.5 24.301742948624494
      vertex 11.288998826179329 -4.5 25.17466016167215
      vertex 11.358884720774348 -4.5 26.9419662595581
    endloop
  endfacet
  facet normal 0 1 0
    outer loop
      vertex 12.04020483000766 -4.5 24.301742948624494
      vertex 11.358884720774348 -4.5 26.9419662595581
      vertex 12.241966259558103 -4.5 26.058884720774348
    endloop
  endfacet
  facet normal -0.7071067811865468 1.1945238037404171e-17 -0.7071067811865482
    outer loop
      vertex 11.358884720774348 -1.5 26.9419662595581
      vertex 12.241966259558103 -1.5 26.058884720774348
      vertex 12.241966259558103 -4.5 26.058884720774348
    endloop
  endfacet
  facet normal 0 -1 0
    outer loop
      vertex 11.288998826179329 -1.5 25.17466016167215
      vertex 11.358884720774348 -1.5 26.9419662595581
      vertex 10.474660161672153 -1.5 25.988998826179326
    endloop
  endfacet
  facet normal 0 -1 0
    outer loop
      vertex 12.04020483000766 -1.5 24.301742948624494
      vertex 12.241966259558103 -1.5 26.058884720774348
      vertex 11.288998826179329 -1.5 25.17466016167215
    endloop
  endfacet
  facet normal 0 -1 0
    outer loop
      vertex 11.288998826179329 -1.5 25.17466016167215
      vertex 12.241966259558103 -1.5 26.058884720774348
      vertex 11.358884720774348 -1.5 26.9419662595581
    endloop
  endfacet
  facet normal 0 1 0
    outer loop
      vertex 15.013889847600083 -4.5 18.126822382927234
      vertex 15.046180093970397 -4.5 21.94585844326322
      vertex 15.22799472386698 -4.5 16.99525089911308
    endloop
  endfacet
  facet normal 0 1 0
    outer loop
      vertex 15.356938476590173 -4.5 15.85084344123093
      vertex 15.22799472386698 -4.5 16.99525089911308
      vertex 15.046180093970397 -4.5 21.94585844326322
    endloop
  endfacet
  facet normal 0 1 0
    outer loop
      vertex 15.356938476590173 -4.5 15.85084344123093
      vertex 15.214386647425421 -4.5 20.234911808757456
      vertex 15.480279453735477 -4.5 19.475033825456656
    endloop
  endfacet
  facet normal 0 1 0
    outer loop
      vertex 15.356938476590173 -4.5 15.85084344123093
      vertex 15.046180093970397 -4.5 21.94585844326322
      vertex 15.214386647425421 -4.5 20.234911808757456
    endloop
  endfacet
  facet normal 0 1 0
    outer loop
      vertex 15.013889847600083 -4.5 18.126822382927234
      vertex 14.715821209106563 -4.5 19.23922968592793
      vertex 15.046180093970397 -4.5 21.94585844326322
    endloop
  endfacet
  facet normal 0 1 0
    outer loop
      vertex 14.715821209106563 -4.5 19.23922968592793
      vertex 14.335455729120742 -4.5 20.326251775242486
      vertex 14.462624243200123 -4.5 23.049999999999997
    endloop
  endfacet
  facet normal 0 1 0
    outer loop
      vertex 14.715821209106563 -4.5 19.23922968592793
      vertex 14.462624243200123 -4.5 23.049999999999997
      vertex 15.046180093970397 -4.5 21.94585844326322
    endloop
  endfacet
  facet normal 0 1 0
    outer loop
      vertex 15.046180093970397 -4.5 21.94585844326322
      vertex 15.110367426686684 -4.5 21.79873951391524
      vertex 15.214386647425421 -4.5 20.234911808757456
    endloop
  endfacet
  facet normal -0.916562255869975 -3.773906255778267e-15 -0.39989202431974374
    outer loop
      vertex 15.046180093970397 -4.5 21.94585844326322
      vertex 15.420322477934343 -3.519587978580259 21.088314990012513
      vertex 15.110367426686684 -4.5 21.79873951391524
    endloop
  endfacet
  facet normal 0 1 0
    outer loop
      vertex 13.336791218280354 -4.5 22.4
      vertex 12.724077124466321 -4.5 23.375128894179774
      vertex 13.0565857572161 -4.5 25.112279691040847
    endloop
  endfacet
  facet normal 0 1 0
    outer loop
      vertex 13.874920565697252 -4.5 21.381809582410394
      vertex 13.798187531077115 -4.5 24.107444969662485
      vertex 14.335455729120742 -4.5 20.326251775242486
    endloop
  endfacet
  facet normal 0 1 0
    outer loop
      vertex 13.336791218280354 -4.5 22.4
      vertex 13.798187531077115 -4.5 24.107444969662485
      vertex 13.874920565697252 -4.5 21.381809582410394
    endloop
  endfacet
  facet normal 0 1 0
    outer loop
      vertex 13.336791218280354 -4.5 22.4
      vertex 13.0565857572161 -4.5 25.112279691040847
      vertex 13.798187531077115 -4.5 24.107444969662485
    endloop
  endfacet
  facet normal 0 1 0
    outer loop
      vertex 12.04020483000766 -4.5 24.301742948624494
      vertex 12.241966259558103 -4.5 26.058884720774348
      vertex 12.724077124466321 -4.5 23.375128894179774
    endloop
  endfacet
  facet normal 0 1 0
    outer loop
      vertex 12.724077124466321 -4.5 23.375128894179774
      vertex 12.241966259558103 -4.5 26.058884720774348
      vertex 13.0565857572161 -4.5 25.112279691040847
    endloop
  endfacet
  facet normal 0 1 0
    outer loop
      vertex 13.798187531077115 -4.5 24.107444969662485
      vertex 14.462624243200123 -4.5 23.049999999999997
      vertex 14.335455729120742 -4.5 20.326251775242486
    endloop
  endfacet
  facet normal -0.9165622558699765 0 -0.3998920243197401
    outer loop
      vertex 15.046180093970397 -4.5 21.94585844326322
      vertex 15.046180093970397 -1.5 21.94585844326322
      vertex 15.420322477934343 -3.519587978580259 21.088314990012513
    endloop
  endfacet
  facet normal -0.9165622558699751 1.702329460138398e-15 -0.39989202431974347
    outer loop
      vertex 15.420322477934343 -3.519587978580259 21.088314990012513
      vertex 15.046180093970397 -1.5 21.94585844326322
      vertex 15.545591602358208 -2.956750677146991 20.8011951069188
    endloop
  endfacet
  facet normal -0.916562255869976 0 -0.39989202431974175
    outer loop
      vertex 15.545591602358208 -2.956750677146991 20.8011951069188
      vertex 15.046180093970397 -1.5 21.94585844326322
      vertex 15.545591602358208 -1.5 20.8011951069188
    endloop
  endfacet
  facet normal -0.9438833303083682 0 -0.3302790619551652
    outer loop
      vertex 15.545591602358208 -2.956750677146991 20.8011951069188
      vertex 15.545591602358208 -1.5 20.8011951069188
      vertex 15.683541370104992 -2.3639135082304223 20.40695732077123
    endloop
  endfacet
  facet normal 0 -1 0
    outer loop
      vertex 15.356938476590173 -1.5 15.85084344123093
      vertex 15.545591602358208 -1.5 20.8011951069188
      vertex 15.22799472386698 -1.5 16.99525089911308
    endloop
  endfacet
  facet normal 0 -1 0
    outer loop
      vertex 15.013889847600083 -1.5 18.126822382927234
      vertex 15.22799472386698 -1.5 16.99525089911308
      vertex 15.545591602358208 -1.5 20.8011951069188
    endloop
  endfacet
  facet normal 0 -1 0
    outer loop
      vertex 15.013889847600083 -1.5 18.126822382927234
      vertex 15.046180093970397 -1.5 21.94585844326322
      vertex 14.715821209106563 -1.5 19.23922968592793
    endloop
  endfacet
  facet normal 0 -1 0
    outer loop
      vertex 14.715821209106563 -1.5 19.23922968592793
      vertex 15.046180093970397 -1.5 21.94585844326322
      vertex 14.335455729120742 -1.5 20.326251775242486
    endloop
  endfacet
  facet normal 0 -1 0
    outer loop
      vertex 13.874920565697252 -1.5 21.381809582410394
      vertex 14.335455729120742 -1.5 20.326251775242486
      vertex 14.462624243200123 -1.5 23.049999999999997
    endloop
  endfacet
  facet normal 0 -1 0
    outer loop
      vertex 14.335455729120742 -1.5 20.326251775242486
      vertex 15.046180093970397 -1.5 21.94585844326322
      vertex 14.462624243200123 -1.5 23.049999999999997
    endloop
  endfacet
  facet normal 0 -1 0
    outer loop
      vertex 15.013889847600083 -1.5 18.126822382927234
      vertex 15.545591602358208 -1.5 20.8011951069188
      vertex 15.046180093970397 -1.5 21.94585844326322
    endloop
  endfacet
  facet normal -0.9438833303083672 1.4980549081541139e-15 -0.33027906195516815
    outer loop
      vertex 15.683541370104992 -2.3639135082304223 20.40695732077123
      vertex 15.545591602358208 -1.5 20.8011951069188
      vertex 15.80294370897974 -1.5 20.065725041024105
    endloop
  endfacet
  facet normal -0.8467241992282852 0 -0.532032076515335
    outer loop
      vertex 13.798187531077115 -4.5 24.107444969662485
      vertex 13.798187531077115 -1.5 24.107444969662485
      vertex 14.462624243200123 -4.5 23.049999999999997
    endloop
  endfacet
  facet normal -0.7579717231454525 -1.4012754126298034e-17 -0.6522874112781218
    outer loop
      vertex 13.0565857572161 -4.5 25.112279691040847
      vertex 12.241966259558103 -4.5 26.058884720774348
      vertex 12.241966259558103 -1.5 26.058884720774348
    endloop
  endfacet
  facet normal -0.7579717231454525 0 -0.6522874112781218
    outer loop
      vertex 13.0565857572161 -4.5 25.112279691040847
      vertex 12.241966259558103 -1.5 26.058884720774348
      vertex 13.0565857572161 -1.5 25.112279691040847
    endloop
  endfacet
  facet normal -0.8045977797666688 0 -0.593820185573501
    outer loop
      vertex 13.0565857572161 -4.5 25.112279691040847
      vertex 13.0565857572161 -1.5 25.112279691040847
      vertex 13.798187531077115 -4.5 24.107444969662485
    endloop
  endfacet
  facet normal -0.8045977797666688 0 -0.593820185573501
    outer loop
      vertex 13.798187531077115 -4.5 24.107444969662485
      vertex 13.0565857572161 -1.5 25.112279691040847
      vertex 13.798187531077115 -1.5 24.107444969662485
    endloop
  endfacet
  facet normal 0 -1 0
    outer loop
      vertex 13.336791218280354 -1.5 22.4
      vertex 13.874920565697252 -1.5 21.381809582410394
      vertex 14.462624243200123 -1.5 23.049999999999997
    endloop
  endfacet
  facet normal 0 -1 0
    outer loop
      vertex 13.336791218280354 -1.5 22.4
      vertex 13.798187531077115 -1.5 24.107444969662485
      vertex 12.724077124466321 -1.5 23.375128894179774
    endloop
  endfacet
  facet normal 0 -1 0
    outer loop
      vertex 13.336791218280354 -1.5 22.4
      vertex 14.462624243200123 -1.5 23.049999999999997
      vertex 13.798187531077115 -1.5 24.107444969662485
    endloop
  endfacet
  facet normal 0 -1 0
    outer loop
      vertex 12.04020483000766 -1.5 24.301742948624494
      vertex 12.724077124466321 -1.5 23.375128894179774
      vertex 13.0565857572161 -1.5 25.112279691040847
    endloop
  endfacet
  facet normal 0 -1 0
    outer loop
      vertex 12.04020483000766 -1.5 24.301742948624494
      vertex 13.0565857572161 -1.5 25.112279691040847
      vertex 12.241966259558103 -1.5 26.058884720774348
    endloop
  endfacet
  facet normal 0 -1 0
    outer loop
      vertex 12.724077124466321 -1.5 23.375128894179774
      vertex 13.798187531077115 -1.5 24.107444969662485
      vertex 13.0565857572161 -1.5 25.112279691040847
    endloop
  endfacet
  facet normal -0.8841153935046094 1.1713755579292506e-18 -0.46726862827306265
    outer loop
      vertex 15.046180093970397 -4.5 21.94585844326322
      vertex 14.462624243200123 -4.5 23.049999999999997
      vertex 14.462624243200123 -1.5 23.049999999999997
    endloop
  endfacet
  facet normal -0.8841153935046094 0 -0.46726862827306265
    outer loop
      vertex 15.046180093970397 -4.5 21.94585844326322
      vertex 14.462624243200123 -1.5 23.049999999999997
      vertex 15.046180093970397 -1.5 21.94585844326322
    endloop
  endfacet
  facet normal -0.8467241992282852 0 -0.532032076515335
    outer loop
      vertex 14.462624243200123 -4.5 23.049999999999997
      vertex 13.798187531077115 -1.5 24.107444969662485
      vertex 14.462624243200123 -1.5 23.049999999999997
    endloop
  endfacet
  facet normal 0 1 0
    outer loop
      vertex 7.115646321477812 -4.5 28.34563115455498
      vertex 9.614151519592935 -4.5 28.34563115455498
      vertex 7.699999999999999 -4.5 28.036791218280353
    endloop
  endfacet
  facet normal 0 1 0
    outer loop
      vertex 7.699999999999999 -4.5 28.036791218280353
      vertex 9.614151519592935 -4.5 28.34563115455498
      vertex 8.675128894179776 -4.5 27.424077124466322
    endloop
  endfacet
  facet normal 0 1 0
    outer loop
      vertex 8.675128894179776 -4.5 27.424077124466322
      vertex 9.614151519592935 -4.5 28.34563115455498
      vertex 9.601742948624493 -4.5 26.74020483000766
    endloop
  endfacet
  facet normal 0 1 0
    outer loop
      vertex 9.601742948624493 -4.5 26.74020483000766
      vertex 9.614151519592935 -4.5 28.34563115455498
      vertex 10.412279691040847 -4.5 27.7565857572161
    endloop
  endfacet
  facet normal -0.5938201855735001 1.4930146982998073e-15 -0.8045977797666696
    outer loop
      vertex 9.614151519592935 -4.5 28.34563115455498
      vertex 9.959119207339276 -3.9164557812077527 28.091033414534124
      vertex 10.412279691040847 -4.5 27.7565857572161
    endloop
  endfacet
  facet normal 0 1 0
    outer loop
      vertex 9.601742948624493 -4.5 26.74020483000766
      vertex 10.412279691040847 -4.5 27.7565857572161
      vertex 10.474660161672153 -4.5 25.988998826179326
    endloop
  endfacet
  facet normal 0 1 0
    outer loop
      vertex 11.288998826179329 -4.5 25.17466016167215
      vertex 10.412279691040847 -4.5 27.7565857572161
      vertex 11.358884720774348 -4.5 26.9419662595581
    endloop
  endfacet
  facet normal 0 -1 0
    outer loop
      vertex 8.619992419149273 -1.5 27.458721667906737
      vertex 8.675128894179776 -1.5 27.424077124466322
      vertex 10.758404042259858 -1.5 27.458721667906737
    endloop
  endfacet
  facet normal 0 -1 0
    outer loop
      vertex 8.675128894179776 -1.5 27.424077124466322
      vertex 9.601742948624493 -1.5 26.74020483000766
      vertex 10.758404042259858 -1.5 27.458721667906737
    endloop
  endfacet
  facet normal -0.6522874112781234 6.986228360170516e-18 -0.757971723145451
    outer loop
      vertex 10.412279691040847 -4.5 27.7565857572161
      vertex 11.358884720774348 -1.5 26.9419662595581
      vertex 11.358884720774348 -4.5 26.9419662595581
    endloop
  endfacet
  facet normal -0.5938201855735016 -2.487678447893862e-16 -0.8045977797666684
    outer loop
      vertex 9.959119207339276 -3.9164557812077527 28.091033414534124
      vertex 10.317875092152223 -3.1597754696848925 27.826259521972563
      vertex 10.412279691040847 -4.5 27.7565857572161
    endloop
  endfacet
  facet normal -0.5938201855734992 0 -0.80459777976667
    outer loop
      vertex 10.412279691040847 -4.5 27.7565857572161
      vertex 10.317875092152223 -3.1597754696848925 27.826259521972563
      vertex 10.412279691040847 -2.899749439659176 27.7565857572161
    endloop
  endfacet
  facet normal -0.6522874112781233 0 -0.757971723145451
    outer loop
      vertex 10.412279691040847 -4.5 27.7565857572161
      vertex 10.412279691040847 -2.899749439659176 27.7565857572161
      vertex 10.57242127423994 -2.385424412011686 27.61877278141084
    endloop
  endfacet
  facet normal -0.6522874112781235 7.718208158291657e-18 -0.757971723145451
    outer loop
      vertex 10.412279691040847 -4.5 27.7565857572161
      vertex 10.57242127423994 -2.385424412011686 27.61877278141084
      vertex 11.358884720774348 -1.5 26.9419662595581
    endloop
  endfacet
  facet normal -0.7071067811865468 0 -0.7071067811865482
    outer loop
      vertex 11.358884720774348 -4.5 26.9419662595581
      vertex 11.358884720774348 -1.5 26.9419662595581
      vertex 12.241966259558103 -4.5 26.058884720774348
    endloop
  endfacet
  facet normal 0 -1 0
    outer loop
      vertex 9.601742948624493 -1.5 26.74020483000766
      vertex 10.474660161672153 -1.5 25.988998826179326
      vertex 11.358884720774348 -1.5 26.9419662595581
    endloop
  endfacet
  facet normal 0 -1 0
    outer loop
      vertex 9.601742948624493 -1.5 26.74020483000766
      vertex 11.358884720774348 -1.5 26.9419662595581
      vertex 10.758404042259858 -1.5 27.458721667906737
    endloop
  endfacet
  facet normal -0.6522874112781241 1.0619341906258504e-15 -0.7579717231454504
    outer loop
      vertex 10.57242127423994 -2.385424412011686 27.61877278141084
      vertex 10.745608011408912 -1.5977330934085872 27.469733542866614
      vertex 11.358884720774348 -1.5 26.9419662595581
    endloop
  endfacet
  facet normal -0.652287411278123 -1.2705887192744604e-14 -0.7579717231454516
    outer loop
      vertex 10.745608011408912 -1.5977330934085872 27.469733542866614
      vertex 10.758404042259858 -1.5 27.458721667906737
      vertex 11.358884720774348 -1.5 26.9419662595581
    endloop
  endfacet
  facet normal -0.9438833303083674 0 -0.3302790619551675
    outer loop
      vertex -14.335455729120746 1.5 9.07374822475752
      vertex -14.715821209106567 1.5 10.160770314072074
      vertex -14.335455729120746 4.5 9.07374822475752
    endloop
  endfacet
  facet normal -0.9165622558699759 0 -0.3998920243197418
    outer loop
      vertex -14.335455729120746 1.5 9.07374822475752
      vertex -14.335455729120746 4.5 9.07374822475752
      vertex -13.874920565697252 4.5 8.018190417589604
    endloop
  endfacet
  facet normal -0.9438833303083674 0 -0.3302790619551675
    outer loop
      vertex -14.715821209106567 1.5 10.160770314072074
      vertex -14.715821209106567 4.5 10.160770314072074
      vertex -14.335455729120746 4.5 9.07374822475752
    endloop
  endfacet
  facet normal -0.9659258262890685 0 -0.25881904510251985
    outer loop
      vertex -14.715821209106567 1.5 10.160770314072074
      vertex -15.013889847600081 1.5 11.273177617072756
      vertex -14.715821209106567 4.5 10.160770314072074
    endloop
  endfacet
  facet normal -0.9825664732332882 1.316961385023867e-18 -0.1859116071629149
    outer loop
      vertex -15.227994723866978 1.5 12.40474910088691
      vertex -15.013889847600081 4.5 11.273177617072756
      vertex -15.013889847600081 1.5 11.273177617072756
    endloop
  endfacet
  facet normal -0.9659258262890685 0 -0.25881904510251985
    outer loop
      vertex -15.013889847600081 1.5 11.273177617072756
      vertex -15.013889847600081 4.5 11.273177617072756
      vertex -14.715821209106567 4.5 10.160770314072074
    endloop
  endfacet
  facet normal -0.9825664732332882 0 -0.1859116071629149
    outer loop
      vertex -15.227994723866978 1.5 12.40474910088691
      vertex -15.227994723866978 4.5 12.40474910088691
      vertex -15.013889847600081 4.5 11.273177617072756
    endloop
  endfacet
  facet normal -0.9165622558699759 6.4550642487304576e-18 -0.3998920243197418
    outer loop
      vertex -14.335455729120746 1.5 9.07374822475752
      vertex -13.874920565697252 4.5 8.018190417589604
      vertex -13.874920565697252 1.5 8.018190417589604
    endloop
  endfacet
  facet normal -0.8841153935046218 0 -0.46726862827303933
    outer loop
      vertex -13.874920565697252 1.5 8.018190417589604
      vertex -13.874920565697252 4.5 8.018190417589604
      vertex -13.865306649304376 1.5 8
    endloop
  endfacet
  facet normal -0.8841153935046218 7.682028546499579e-20 -0.46726862827303933
    outer loop
      vertex -13.874920565697252 4.5 8.018190417589604
      vertex -13.865306649304376 4.5 8
      vertex -13.865306649304376 1.5 8
    endloop
  endfacet
  facet normal -0.9937122098932427 0 -0.11196447610330794
    outer loop
      vertex -15.227994723866978 1.5 12.40474910088691
      vertex -15.356938476590173 1.5 13.549156558769068
      vertex -15.227994723866978 4.5 12.40474910088691
    endloop
  endfacet
  facet normal -0.9993007047883986 0 -0.037391194276325514
    outer loop
      vertex -15.356938476590173 1.5 13.549156558769068
      vertex -15.399999999999999 1.5 14.7
      vertex -15.356938476590173 4.5 13.549156558769068
    endloop
  endfacet
  facet normal -0.9937122098932427 0 -0.11196447610330794
    outer loop
      vertex -15.356938476590173 1.5 13.549156558769068
      vertex -15.356938476590173 4.5 13.549156558769068
      vertex -15.227994723866978 4.5 12.40474910088691
    endloop
  endfacet
  facet normal -0.9993007047883986 6.789202208237084e-19 -0.037391194276325514
    outer loop
      vertex -15.356938476590173 4.5 13.549156558769068
      vertex -15.399999999999999 1.5 14.7
      vertex -15.399999999999999 4.5 14.7
    endloop
  endfacet
  facet normal -0.9993007047883986 0 0.037391194276325514
    outer loop
      vertex -15.399999999999999 1.5 14.7
      vertex -15.356938476590173 1.5 15.85084344123093
      vertex -15.399999999999999 4.5 14.7
    endloop
  endfacet
  facet normal -0.9937122098932427 0 0.11196447610330794
    outer loop
      vertex -15.356938476590173 1.5 15.85084344123093
      vertex -15.227994723866978 1.5 16.99525089911309
      vertex -15.356938476590173 4.5 15.85084344123093
    endloop
  endfacet
  facet normal -0.9993007047883986 0 0.037391194276325514
    outer loop
      vertex -15.356938476590173 1.5 15.85084344123093
      vertex -15.356938476590173 4.5 15.85084344123093
      vertex -15.399999999999999 4.5 14.7
    endloop
  endfacet
  facet normal -0.9937122098932427 0 0.11196447610330794
    outer loop
      vertex -15.227994723866978 1.5 16.99525089911309
      vertex -15.227994723866978 4.5 16.99525089911309
      vertex -15.356938476590173 4.5 15.85084344123093
    endloop
  endfacet
  facet normal -0.982566473233288 0 0.1859116071629152
    outer loop
      vertex -15.227994723866978 1.5 16.99525089911309
      vertex -15.013889847600081 1.5 18.12682238292724
      vertex -15.227994723866978 4.5 16.99525089911309
    endloop
  endfacet
  facet normal -0.9659258262890685 0 0.25881904510251946
    outer loop
      vertex -15.013889847600081 1.5 18.12682238292724
      vertex -14.715821209106567 1.5 19.239229685927924
      vertex -15.013889847600081 4.5 18.12682238292724
    endloop
  endfacet
  facet normal -0.982566473233288 0 0.1859116071629152
    outer loop
      vertex -15.013889847600081 1.5 18.12682238292724
      vertex -15.013889847600081 4.5 18.12682238292724
      vertex -15.227994723866978 4.5 16.99525089911309
    endloop
  endfacet
  facet normal -0.9659258262890685 0 0.25881904510251946
    outer loop
      vertex -14.715821209106567 1.5 19.239229685927924
      vertex -14.715821209106567 4.5 19.239229685927924
      vertex -15.013889847600081 4.5 18.12682238292724
    endloop
  endfacet
  facet normal -0.9438833303083674 0 0.3302790619551675
    outer loop
      vertex -14.715821209106567 1.5 19.239229685927924
      vertex -14.335455729120746 1.5 20.32625177524248
      vertex -14.715821209106567 4.5 19.239229685927924
    endloop
  endfacet
  facet normal -0.9165622558699759 0 0.3998920243197418
    outer loop
      vertex -14.335455729120746 1.5 20.32625177524248
      vertex -13.874920565697252 1.5 21.381809582410394
      vertex -14.335455729120746 4.5 20.32625177524248
    endloop
  endfacet
  facet normal -0.9438833303083674 0 0.3302790619551675
    outer loop
      vertex -14.335455729120746 1.5 20.32625177524248
      vertex -14.335455729120746 4.5 20.32625177524248
      vertex -14.715821209106567 4.5 19.239229685927924
    endloop
  endfacet
  facet normal -0.88411539350461 0 0.46726862827306154
    outer loop
      vertex -13.874920565697252 1.5 21.381809582410394
      vertex -13.336791218280354 1.5 22.4
      vertex -13.874920565697252 4.5 21.381809582410394
    endloop
  endfacet
  facet normal -0.9165622558699759 0 0.3998920243197418
    outer loop
      vertex -13.874920565697252 1.5 21.381809582410394
      vertex -13.874920565697252 4.5 21.381809582410394
      vertex -14.335455729120746 4.5 20.32625177524248
    endloop
  endfacet
  facet normal -0.88411539350461 0 0.46726862827306154
    outer loop
      vertex -13.336791218280354 1.5 22.4
      vertex -13.336791218280354 4.5 22.4
      vertex -13.874920565697252 4.5 21.381809582410394
    endloop
  endfacet
  facet normal -0.8467241992282839 0 0.5320320765153371
    outer loop
      vertex -13.336791218280354 1.5 22.4
      vertex -12.724077124466321 1.5 23.375128894179774
      vertex -13.336791218280354 4.5 22.4
    endloop
  endfacet
  facet normal -0.8045977797666691 0 0.5938201855735006
    outer loop
      vertex -12.724077124466321 1.5 23.375128894179774
      vertex -12.040204830007657 1.5 24.301742948624497
      vertex -12.724077124466321 4.5 23.375128894179774
    endloop
  endfacet
  facet normal -0.8467241992282839 0 0.5320320765153371
    outer loop
      vertex -12.724077124466321 1.5 23.375128894179774
      vertex -12.724077124466321 4.5 23.375128894179774
      vertex -13.336791218280354 4.5 22.4
    endloop
  endfacet
  facet normal -0.8045977797666691 1.5374504010122528e-18 0.5938201855735006
    outer loop
      vertex -12.724077124466321 4.5 23.375128894179774
      vertex -12.040204830007657 1.5 24.301742948624497
      vertex -12.040204830007657 4.5 24.301742948624497
    endloop
  endfacet
  facet normal -0.7579717231454534 0 0.6522874112781206
    outer loop
      vertex -12.040204830007657 1.5 24.301742948624497
      vertex -11.288998826179325 1.5 25.174660161672158
      vertex -12.040204830007657 4.5 24.301742948624497
    endloop
  endfacet
  facet normal -0.7579717231454534 0 0.6522874112781206
    outer loop
      vertex -11.288998826179325 1.5 25.174660161672158
      vertex -11.288998826179325 4.5 25.174660161672158
      vertex -12.040204830007657 4.5 24.301742948624497
    endloop
  endfacet
  facet normal -0.7071067811865483 0 0.7071067811865468
    outer loop
      vertex -11.288998826179325 1.5 25.174660161672158
      vertex -10.474660161672158 1.5 25.988998826179326
      vertex -11.288998826179325 4.5 25.174660161672158
    endloop
  endfacet
  facet normal -0.6522874112781198 0 0.7579717231454542
    outer loop
      vertex -10.474660161672158 1.5 25.988998826179326
      vertex -9.601742948624498 1.5 26.740204830007656
      vertex -10.474660161672158 4.5 25.988998826179326
    endloop
  endfacet
  facet normal -0.7071067811865483 1.2899010817886773e-17 0.7071067811865468
    outer loop
      vertex -11.288998826179325 4.5 25.174660161672158
      vertex -10.474660161672158 1.5 25.988998826179326
      vertex -10.474660161672158 4.5 25.988998826179326
    endloop
  endfacet
  facet normal -0.5320320765153367 5.135174098171217e-15 0.8467241992282841
    outer loop
      vertex -8.675128894179776 1.5 27.424077124466322
      vertex -8.619992419149273 1.5 27.458721667906737
      vertex -8.602467120546088 1.5977330934085872 27.469733542866614
    endloop
  endfacet
  facet normal -0.5938201855735022 0 0.8045977797666678
    outer loop
      vertex -9.601742948624498 1.5 26.740204830007656
      vertex -8.675128894179776 1.5 27.424077124466322
      vertex -9.601742948624498 4.5 26.740204830007656
    endloop
  endfacet
  facet normal -0.6522874112781198 0 0.7579717231454542
    outer loop
      vertex -9.601742948624498 1.5 26.740204830007656
      vertex -9.601742948624498 4.5 26.740204830007656
      vertex -10.474660161672158 4.5 25.988998826179326
    endloop
  endfacet
  facet normal -0.5320320765153318 0 0.8467241992282872
    outer loop
      vertex -8.675128894179776 1.5 27.424077124466322
      vertex -8.602467120546088 1.5977330934085872 27.469733542866614
      vertex -8.675128894179776 4.5 27.424077124466322
    endloop
  endfacet
  facet normal -0.5320320765153346 -9.881401790453418e-17 0.8467241992282855
    outer loop
      vertex -8.602467120546088 1.5977330934085872 27.469733542866614
      vertex -8.36527253119633 2.385424412011686 27.61877278141084
      vertex -8.675128894179776 4.5 27.424077124466322
    endloop
  endfacet
  facet normal -0.5938201855735022 0 0.8045977797666678
    outer loop
      vertex -8.675128894179776 1.5 27.424077124466322
      vertex -8.675128894179776 4.5 27.424077124466322
      vertex -9.601742948624498 4.5 26.740204830007656
    endloop
  endfacet
  facet normal -0.5320320765153367 -5.305596562552092e-16 0.8467241992282841
    outer loop
      vertex -8.36527253119633 2.385424412011686 27.61877278141084
      vertex -8.035059275252635 3.1597754696848974 27.826259521972567
      vertex -8.675128894179776 4.5 27.424077124466322
    endloop
  endfacet
  facet normal -0.5320320765153349 6.46618346827669e-16 0.8467241992282852
    outer loop
      vertex -8.675128894179776 4.5 27.424077124466322
      vertex -8.035059275252635 3.1597754696848974 27.826259521972567
      vertex -7.699999999999999 3.761440490380153 28.036791218280353
    endloop
  endfacet
  facet normal -0.5320320765153352 3.694579248777756e-17 0.8467241992282849
    outer loop
      vertex -8.675128894179776 4.5 27.424077124466322
      vertex -7.699999999999999 3.761440490380153 28.036791218280353
      vertex -7.699999999999999 4.5 28.036791218280353
    endloop
  endfacet
  facet normal -0.4672686282730668 0 0.8841153935046072
    outer loop
      vertex -7.699999999999999 3.761440490380153 28.036791218280353
      vertex -7.597368755821048 3.916455781207758 28.091033414534124
      vertex -7.699999999999999 4.5 28.036791218280353
    endloop
  endfacet
  facet normal -0.46726862827306187 1.1112556235181369e-15 0.8841153935046099
    outer loop
      vertex -7.597368755821048 3.916455781207758 28.091033414534124
      vertex -7.115646321477812 4.5 28.34563115455498
      vertex -7.699999999999999 4.5 28.036791218280353
    endloop
  endfacet
  facet normal 0.8841153935046218 -7.682028546499579e-20 -0.46726862827303933
    outer loop
      vertex 13.874920565697254 1.5 8.018190417589604
      vertex 13.865306649304378 1.5 8
      vertex 13.865306649304378 4.5 8
    endloop
  endfacet
  facet normal 0.8841153935046218 0 -0.46726862827303933
    outer loop
      vertex 13.874920565697254 1.5 8.018190417589604
      vertex 13.865306649304378 4.5 8
      vertex 13.874920565697254 4.5 8.018190417589604
    endloop
  endfacet
  facet normal 0.9165622558699764 0 -0.39989202431974036
    outer loop
      vertex 13.874920565697254 1.5 8.018190417589604
      vertex 13.874920565697254 4.5 8.018190417589604
      vertex 14.335455729120744 4.5 9.073748224757516
    endloop
  endfacet
  facet normal 0.9165622558699764 -6.936277371132806e-18 -0.39989202431974036
    outer loop
      vertex 13.874920565697254 1.5 8.018190417589604
      vertex 14.335455729120744 4.5 9.073748224757516
      vertex 14.335455729120744 1.5 9.073748224757516
    endloop
  endfacet
  facet normal 0.9438833303083678 4.046269182317479e-18 -0.33027906195516654
    outer loop
      vertex 14.335455729120744 1.5 9.073748224757516
      vertex 14.715821209106565 4.5 10.160770314072074
      vertex 14.715821209106565 1.5 10.160770314072074
    endloop
  endfacet
  facet normal 0.9438833303083678 0 -0.33027906195516654
    outer loop
      vertex 14.335455729120744 1.5 9.073748224757516
      vertex 14.335455729120744 4.5 9.073748224757516
      vertex 14.715821209106565 4.5 10.160770314072074
    endloop
  endfacet
  facet normal 0.9659258262890683 6.826493221013192e-18 -0.2588190451025209
    outer loop
      vertex 14.715821209106565 1.5 10.160770314072074
      vertex 15.013889847600081 4.5 11.273177617072758
      vertex 15.013889847600081 1.5 11.273177617072758
    endloop
  endfacet
  facet normal 0.9825664732332882 -3.705246607008456e-18 -0.18591160716291463
    outer loop
      vertex 15.013889847600081 1.5 11.273177617072758
      vertex 15.227994723866978 4.5 12.404749100886914
      vertex 15.227994723866978 1.5 12.404749100886914
    endloop
  endfacet
  facet normal 0.9659258262890683 0 -0.2588190451025209
    outer loop
      vertex 14.715821209106565 1.5 10.160770314072074
      vertex 14.715821209106565 4.5 10.160770314072074
      vertex 15.013889847600081 4.5 11.273177617072758
    endloop
  endfacet
  facet normal 0.9825664732332882 0 -0.18591160716291463
    outer loop
      vertex 15.013889847600081 1.5 11.273177617072758
      vertex 15.013889847600081 4.5 11.273177617072758
      vertex 15.227994723866978 4.5 12.404749100886914
    endloop
  endfacet
  facet normal 0.9937122098932425 -3.330060033415995e-18 -0.11196447610330845
    outer loop
      vertex 15.227994723866978 1.5 12.404749100886914
      vertex 15.356938476590173 4.5 13.549156558769067
      vertex 15.356938476590173 1.5 13.549156558769067
    endloop
  endfacet
  facet normal 0.9993007047883986 -6.312208749267774e-19 -0.03739119427632546
    outer loop
      vertex 15.356938476590173 1.5 13.549156558769067
      vertex 15.399999999999999 4.5 14.7
      vertex 15.399999999999999 1.5 14.7
    endloop
  endfacet
  facet normal 0.9937122098932425 0 -0.11196447610330845
    outer loop
      vertex 15.227994723866978 1.5 12.404749100886914
      vertex 15.227994723866978 4.5 12.404749100886914
      vertex 15.356938476590173 4.5 13.549156558769067
    endloop
  endfacet
  facet normal 0.9993007047883986 0 -0.03739119427632546
    outer loop
      vertex 15.356938476590173 1.5 13.549156558769067
      vertex 15.356938476590173 4.5 13.549156558769067
      vertex 15.399999999999999 4.5 14.7
    endloop
  endfacet
  facet normal 0.9993007047883986 6.789202208237084e-19 0.037391194276325514
    outer loop
      vertex 15.399999999999999 1.5 14.7
      vertex 15.356938476590173 4.5 15.85084344123093
      vertex 15.356938476590173 1.5 15.85084344123093
    endloop
  endfacet
  facet normal 0.9937122098932426 -7.310937843779904e-19 0.11196447610330709
    outer loop
      vertex 15.356938476590173 1.5 15.85084344123093
      vertex 15.22799472386698 4.5 16.99525089911308
      vertex 15.22799472386698 1.5 16.99525089911308
    endloop
  endfacet
  facet normal 0.9993007047883986 0 0.037391194276325514
    outer loop
      vertex 15.399999999999999 1.5 14.7
      vertex 15.399999999999999 4.5 14.7
      vertex 15.356938476590173 4.5 15.85084344123093
    endloop
  endfacet
  facet normal 0.9937122098932426 0 0.11196447610330709
    outer loop
      vertex 15.356938476590173 1.5 15.85084344123093
      vertex 15.356938476590173 4.5 15.85084344123093
      vertex 15.22799472386698 4.5 16.99525089911308
    endloop
  endfacet
  facet normal 0.7071067811865476 1.0727169073926882e-17 0.7071067811865476
    outer loop
      vertex 11.288998826179329 1.5 25.17466016167215
      vertex 10.474660161672153 4.5 25.988998826179326
      vertex 10.474660161672153 1.5 25.988998826179326
    endloop
  endfacet
  facet normal 0.6522874112781215 0 0.7579717231454526
    outer loop
      vertex 10.474660161672153 1.5 25.988998826179326
      vertex 10.474660161672153 4.5 25.988998826179326
      vertex 9.601742948624493 4.5 26.74020483000766
    endloop
  endfacet
  facet normal 0.7071067811865476 0 0.7071067811865476
    outer loop
      vertex 11.288998826179329 1.5 25.17466016167215
      vertex 11.288998826179329 4.5 25.17466016167215
      vertex 10.474660161672153 4.5 25.988998826179326
    endloop
  endfacet
  facet normal 0.757971723145452 6.828110028578613e-18 0.6522874112781222
    outer loop
      vertex 12.04020483000766 1.5 24.301742948624494
      vertex 11.288998826179329 4.5 25.17466016167215
      vertex 11.288998826179329 1.5 25.17466016167215
    endloop
  endfacet
  facet normal 0.757971723145452 0 0.6522874112781222
    outer loop
      vertex 12.04020483000766 1.5 24.301742948624494
      vertex 12.04020483000766 4.5 24.301742948624494
      vertex 11.288998826179329 4.5 25.17466016167215
    endloop
  endfacet
  facet normal 0.916562255869976 0 0.39989202431974147
    outer loop
      vertex 13.874920565697252 1.5 21.381809582410394
      vertex 14.335455729120742 1.5 20.326251775242486
      vertex 13.874920565697252 4.5 21.381809582410394
    endloop
  endfacet
  facet normal 0.88411539350461 0 0.46726862827306154
    outer loop
      vertex 13.874920565697252 1.5 21.381809582410394
      vertex 13.874920565697252 4.5 21.381809582410394
      vertex 13.336791218280354 4.5 22.4
    endloop
  endfacet
  facet normal 0.982566473233288 0 0.1859116071629152
    outer loop
      vertex 15.013889847600083 1.5 18.126822382927234
      vertex 15.22799472386698 1.5 16.99525089911308
      vertex 15.013889847600083 4.5 18.126822382927234
    endloop
  endfacet
  facet normal 0.9659258262890683 1.2128859315665923e-18 0.25881904510252074
    outer loop
      vertex 15.013889847600083 1.5 18.126822382927234
      vertex 14.715821209106563 4.5 19.23922968592793
      vertex 14.715821209106563 1.5 19.23922968592793
    endloop
  endfacet
  facet normal 0.982566473233288 0 0.1859116071629152
    outer loop
      vertex 15.22799472386698 1.5 16.99525089911308
      vertex 15.22799472386698 4.5 16.99525089911308
      vertex 15.013889847600083 4.5 18.126822382927234
    endloop
  endfacet
  facet normal 0.9659258262890683 0 0.25881904510252074
    outer loop
      vertex 15.013889847600083 1.5 18.126822382927234
      vertex 15.013889847600083 4.5 18.126822382927234
      vertex 14.715821209106563 4.5 19.23922968592793
    endloop
  endfacet
  facet normal 0.9438833303083674 1.4710420004477342e-18 0.3302790619551675
    outer loop
      vertex 14.715821209106563 1.5 19.23922968592793
      vertex 14.335455729120742 4.5 20.326251775242486
      vertex 14.335455729120742 1.5 20.326251775242486
    endloop
  endfacet
  facet normal 0.9438833303083674 0 0.3302790619551675
    outer loop
      vertex 14.715821209106563 1.5 19.23922968592793
      vertex 14.715821209106563 4.5 19.23922968592793
      vertex 14.335455729120742 4.5 20.326251775242486
    endloop
  endfacet
  facet normal 0.916562255869976 0 0.39989202431974147
    outer loop
      vertex 14.335455729120742 1.5 20.326251775242486
      vertex 14.335455729120742 4.5 20.326251775242486
      vertex 13.874920565697252 4.5 21.381809582410394
    endloop
  endfacet
  facet normal 0.8045977797666695 0 0.5938201855735
    outer loop
      vertex 12.04020483000766 1.5 24.301742948624494
      vertex 12.724077124466321 1.5 23.375128894179774
      vertex 12.04020483000766 4.5 24.301742948624494
    endloop
  endfacet
  facet normal 0.8467241992282839 -2.6248890094015967e-18 0.5320320765153371
    outer loop
      vertex 13.336791218280354 1.5 22.4
      vertex 12.724077124466321 4.5 23.375128894179774
      vertex 12.724077124466321 1.5 23.375128894179774
    endloop
  endfacet
  facet normal 0.8467241992282839 0 0.5320320765153371
    outer loop
      vertex 13.336791218280354 1.5 22.4
      vertex 13.336791218280354 4.5 22.4
      vertex 12.724077124466321 4.5 23.375128894179774
    endloop
  endfacet
  facet normal 0.8045977797666695 1.5672500098722975e-17 0.5938201855735
    outer loop
      vertex 12.04020483000766 4.5 24.301742948624494
      vertex 12.724077124466321 1.5 23.375128894179774
      vertex 12.724077124466321 4.5 23.375128894179774
    endloop
  endfacet
  facet normal 0.88411539350461 0 0.46726862827306154
    outer loop
      vertex 13.336791218280354 1.5 22.4
      vertex 13.874920565697252 1.5 21.381809582410394
      vertex 13.336791218280354 4.5 22.4
    endloop
  endfacet
  facet normal 0.5320320765153298 -2.1915057657418976e-15 0.8467241992282885
    outer loop
      vertex 8.035059275252634 3.1597754696848974 27.826259521972567
      vertex 8.365272531196332 2.385424412011686 27.61877278141084
      vertex 7.699999999999999 4.5 28.036791218280353
    endloop
  endfacet
  facet normal 0.5320320765153361 7.336552386390823e-18 0.8467241992282843
    outer loop
      vertex 8.035059275252634 3.1597754696848974 27.826259521972567
      vertex 7.699999999999999 4.5 28.036791218280353
      vertex 7.699999999999999 3.761440490380149 28.036791218280353
    endloop
  endfacet
  facet normal 0.46726862827306187 -3.458566993307928e-16 0.8841153935046099
    outer loop
      vertex 7.115646321477812 4.5 28.34563115455498
      vertex 7.597368755821046 3.916455781207758 28.091033414534124
      vertex 7.699999999999999 4.5 28.036791218280353
    endloop
  endfacet
  facet normal 0.4672686282730605 0 0.8841153935046105
    outer loop
      vertex 7.699999999999999 3.761440490380149 28.036791218280353
      vertex 7.699999999999999 4.5 28.036791218280353
      vertex 7.597368755821046 3.916455781207758 28.091033414534124
    endloop
  endfacet
  facet normal 0.5320320765153453 4.4057772880176605e-15 0.8467241992282786
    outer loop
      vertex 8.60246712054609 1.5977330934085872 27.469733542866614
      vertex 8.675128894179776 1.5 27.424077124466322
      vertex 8.365272531196332 2.385424412011686 27.61877278141084
    endloop
  endfacet
  facet normal 0.5320320765153366 -4.5570284306260685e-15 0.8467241992282841
    outer loop
      vertex 8.60246712054609 1.5977330934085872 27.469733542866614
      vertex 8.619992419149273 1.5 27.458721667906737
      vertex 8.675128894179776 1.5 27.424077124466322
    endloop
  endfacet
  facet normal 0.5938201855735026 0 0.8045977797666677
    outer loop
      vertex 8.675128894179776 1.5 27.424077124466322
      vertex 9.601742948624493 1.5 26.74020483000766
      vertex 8.675128894179776 4.5 27.424077124466322
    endloop
  endfacet
  facet normal 0.5320320765153478 6.185293116400289e-15 0.846724199228277
    outer loop
      vertex 7.699999999999999 4.5 28.036791218280353
      vertex 8.365272531196332 2.385424412011686 27.61877278141084
      vertex 8.675128894179776 1.5 27.424077124466322
    endloop
  endfacet
  facet normal 0.5320320765153354 -9.09555546076321e-18 0.846724199228285
    outer loop
      vertex 7.699999999999999 4.5 28.036791218280353
      vertex 8.675128894179776 1.5 27.424077124466322
      vertex 8.675128894179776 4.5 27.424077124466322
    endloop
  endfacet
  facet normal 0.6522874112781215 0 0.7579717231454526
    outer loop
      vertex 9.601742948624493 1.5 26.74020483000766
      vertex 10.474660161672153 1.5 25.988998826179326
      vertex 9.601742948624493 4.5 26.74020483000766
    endloop
  endfacet
  facet normal 0.5938201855735026 0 0.8045977797666677
    outer loop
      vertex 9.601742948624493 1.5 26.74020483000766
      vertex 9.601742948624493 4.5 26.74020483000766
      vertex 8.675128894179776 4.5 27.424077124466322
    endloop
  endfacet
  facet normal -0.9438833303083674 0 -0.3302790619551675
    outer loop
      vertex -14.335455729120746 -4.5 9.07374822475752
      vertex -14.715821209106567 -4.5 10.160770314072074
      vertex -14.335455729120746 -1.5 9.07374822475752
    endloop
  endfacet
  facet normal -0.9165622558699759 0 -0.3998920243197418
    outer loop
      vertex -14.335455729120746 -4.5 9.07374822475752
      vertex -14.335455729120746 -1.5 9.07374822475752
      vertex -13.874920565697252 -1.5 8.018190417589604
    endloop
  endfacet
  facet normal -0.9438833303083674 0 -0.3302790619551675
    outer loop
      vertex -14.715821209106567 -4.5 10.160770314072074
      vertex -14.715821209106567 -1.5 10.160770314072074
      vertex -14.335455729120746 -1.5 9.07374822475752
    endloop
  endfacet
  facet normal -0.9659258262890685 0 -0.25881904510251985
    outer loop
      vertex -14.715821209106567 -4.5 10.160770314072074
      vertex -15.013889847600081 -4.5 11.273177617072756
      vertex -14.715821209106567 -1.5 10.160770314072074
    endloop
  endfacet
  facet normal -0.9825664732332882 1.316961385023867e-18 -0.1859116071629149
    outer loop
      vertex -15.227994723866978 -4.5 12.40474910088691
      vertex -15.013889847600081 -1.5 11.273177617072756
      vertex -15.013889847600081 -4.5 11.273177617072756
    endloop
  endfacet
  facet normal -0.9659258262890685 0 -0.25881904510251985
    outer loop
      vertex -15.013889847600081 -4.5 11.273177617072756
      vertex -15.013889847600081 -1.5 11.273177617072756
      vertex -14.715821209106567 -1.5 10.160770314072074
    endloop
  endfacet
  facet normal -0.9825664732332882 0 -0.1859116071629149
    outer loop
      vertex -15.227994723866978 -4.5 12.40474910088691
      vertex -15.227994723866978 -1.5 12.40474910088691
      vertex -15.013889847600081 -1.5 11.273177617072756
    endloop
  endfacet
  facet normal -0.9165622558699759 6.4550642487304576e-18 -0.3998920243197418
    outer loop
      vertex -14.335455729120746 -4.5 9.07374822475752
      vertex -13.874920565697252 -1.5 8.018190417589604
      vertex -13.874920565697252 -4.5 8.018190417589604
    endloop
  endfacet
  facet normal -0.8841153935046218 0 -0.46726862827303933
    outer loop
      vertex -13.874920565697252 -4.5 8.018190417589604
      vertex -13.874920565697252 -1.5 8.018190417589604
      vertex -13.865306649304376 -4.5 8
    endloop
  endfacet
  facet normal -0.8841153935046218 7.682028546499579e-20 -0.46726862827303933
    outer loop
      vertex -13.874920565697252 -1.5 8.018190417589604
      vertex -13.865306649304376 -1.5 8
      vertex -13.865306649304376 -4.5 8
    endloop
  endfacet
  facet normal -0.9937122098932427 0 -0.11196447610330794
    outer loop
      vertex -15.227994723866978 -4.5 12.40474910088691
      vertex -15.356938476590173 -4.5 13.549156558769068
      vertex -15.227994723866978 -1.5 12.40474910088691
    endloop
  endfacet
  facet normal -0.9993007047883986 0 -0.037391194276325514
    outer loop
      vertex -15.356938476590173 -4.5 13.549156558769068
      vertex -15.399999999999999 -4.5 14.7
      vertex -15.356938476590173 -1.5 13.549156558769068
    endloop
  endfacet
  facet normal -0.9937122098932427 0 -0.11196447610330794
    outer loop
      vertex -15.356938476590173 -4.5 13.549156558769068
      vertex -15.356938476590173 -1.5 13.549156558769068
      vertex -15.227994723866978 -1.5 12.40474910088691
    endloop
  endfacet
  facet normal -0.9993007047883986 6.789202208237084e-19 -0.037391194276325514
    outer loop
      vertex -15.356938476590173 -1.5 13.549156558769068
      vertex -15.399999999999999 -4.5 14.7
      vertex -15.399999999999999 -1.5 14.7
    endloop
  endfacet
  facet normal -0.9993007047883986 0 0.037391194276325514
    outer loop
      vertex -15.399999999999999 -4.5 14.7
      vertex -15.356938476590173 -4.5 15.85084344123093
      vertex -15.399999999999999 -1.5 14.7
    endloop
  endfacet
  facet normal -0.9937122098932427 0 0.11196447610330794
    outer loop
      vertex -15.356938476590173 -4.5 15.85084344123093
      vertex -15.227994723866978 -4.5 16.99525089911309
      vertex -15.356938476590173 -1.5 15.85084344123093
    endloop
  endfacet
  facet normal -0.9993007047883986 0 0.037391194276325514
    outer loop
      vertex -15.356938476590173 -4.5 15.85084344123093
      vertex -15.356938476590173 -1.5 15.85084344123093
      vertex -15.399999999999999 -1.5 14.7
    endloop
  endfacet
  facet normal -0.9937122098932427 0 0.11196447610330794
    outer loop
      vertex -15.227994723866978 -4.5 16.99525089911309
      vertex -15.227994723866978 -1.5 16.99525089911309
      vertex -15.356938476590173 -1.5 15.85084344123093
    endloop
  endfacet
  facet normal -0.982566473233288 0 0.1859116071629152
    outer loop
      vertex -15.227994723866978 -4.5 16.99525089911309
      vertex -15.013889847600081 -4.5 18.12682238292724
      vertex -15.227994723866978 -1.5 16.99525089911309
    endloop
  endfacet
  facet normal -0.9659258262890685 0 0.25881904510251946
    outer loop
      vertex -15.013889847600081 -4.5 18.12682238292724
      vertex -14.715821209106567 -4.5 19.239229685927924
      vertex -15.013889847600081 -1.5 18.12682238292724
    endloop
  endfacet
  facet normal -0.982566473233288 0 0.1859116071629152
    outer loop
      vertex -15.013889847600081 -4.5 18.12682238292724
      vertex -15.013889847600081 -1.5 18.12682238292724
      vertex -15.227994723866978 -1.5 16.99525089911309
    endloop
  endfacet
  facet normal -0.9659258262890685 0 0.25881904510251946
    outer loop
      vertex -14.715821209106567 -4.5 19.239229685927924
      vertex -14.715821209106567 -1.5 19.239229685927924
      vertex -15.013889847600081 -1.5 18.12682238292724
    endloop
  endfacet
  facet normal -0.9438833303083674 0 0.3302790619551675
    outer loop
      vertex -14.715821209106567 -4.5 19.239229685927924
      vertex -14.335455729120746 -4.5 20.32625177524248
      vertex -14.715821209106567 -1.5 19.239229685927924
    endloop
  endfacet
  facet normal -0.9165622558699759 0 0.3998920243197418
    outer loop
      vertex -14.335455729120746 -4.5 20.32625177524248
      vertex -13.874920565697252 -4.5 21.381809582410394
      vertex -14.335455729120746 -1.5 20.32625177524248
    endloop
  endfacet
  facet normal -0.9438833303083674 0 0.3302790619551675
    outer loop
      vertex -14.335455729120746 -4.5 20.32625177524248
      vertex -14.335455729120746 -1.5 20.32625177524248
      vertex -14.715821209106567 -1.5 19.239229685927924
    endloop
  endfacet
  facet normal -0.88411539350461 0 0.46726862827306154
    outer loop
      vertex -13.874920565697252 -4.5 21.381809582410394
      vertex -13.336791218280354 -4.5 22.4
      vertex -13.874920565697252 -1.5 21.381809582410394
    endloop
  endfacet
  facet normal -0.9165622558699759 0 0.3998920243197418
    outer loop
      vertex -13.874920565697252 -4.5 21.381809582410394
      vertex -13.874920565697252 -1.5 21.381809582410394
      vertex -14.335455729120746 -1.5 20.32625177524248
    endloop
  endfacet
  facet normal -0.88411539350461 0 0.46726862827306154
    outer loop
      vertex -13.336791218280354 -4.5 22.4
      vertex -13.336791218280354 -1.5 22.4
      vertex -13.874920565697252 -1.5 21.381809582410394
    endloop
  endfacet
  facet normal -0.8467241992282839 0 0.5320320765153371
    outer loop
      vertex -13.336791218280354 -4.5 22.4
      vertex -12.724077124466321 -4.5 23.375128894179774
      vertex -13.336791218280354 -1.5 22.4
    endloop
  endfacet
  facet normal -0.8045977797666691 0 0.5938201855735006
    outer loop
      vertex -12.724077124466321 -4.5 23.375128894179774
      vertex -12.040204830007657 -4.5 24.301742948624497
      vertex -12.724077124466321 -1.5 23.375128894179774
    endloop
  endfacet
  facet normal -0.8467241992282839 0 0.5320320765153371
    outer loop
      vertex -12.724077124466321 -4.5 23.375128894179774
      vertex -12.724077124466321 -1.5 23.375128894179774
      vertex -13.336791218280354 -1.5 22.4
    endloop
  endfacet
  facet normal -0.8045977797666691 1.5374504010122528e-18 0.5938201855735006
    outer loop
      vertex -12.724077124466321 -1.5 23.375128894179774
      vertex -12.040204830007657 -4.5 24.301742948624497
      vertex -12.040204830007657 -1.5 24.301742948624497
    endloop
  endfacet
  facet normal -0.7579717231454534 0 0.6522874112781206
    outer loop
      vertex -12.040204830007657 -4.5 24.301742948624497
      vertex -11.288998826179325 -4.5 25.174660161672158
      vertex -12.040204830007657 -1.5 24.301742948624497
    endloop
  endfacet
  facet normal -0.7579717231454534 0 0.6522874112781206
    outer loop
      vertex -11.288998826179325 -4.5 25.174660161672158
      vertex -11.288998826179325 -1.5 25.174660161672158
      vertex -12.040204830007657 -1.5 24.301742948624497
    endloop
  endfacet
  facet normal -0.7071067811865483 0 0.7071067811865468
    outer loop
      vertex -11.288998826179325 -4.5 25.174660161672158
      vertex -10.474660161672158 -4.5 25.988998826179326
      vertex -11.288998826179325 -1.5 25.174660161672158
    endloop
  endfacet
  facet normal -0.6522874112781198 0 0.7579717231454542
    outer loop
      vertex -10.474660161672158 -4.5 25.988998826179326
      vertex -9.601742948624498 -4.5 26.740204830007656
      vertex -10.474660161672158 -1.5 25.988998826179326
    endloop
  endfacet
  facet normal -0.7071067811865483 1.2899010817886773e-17 0.7071067811865468
    outer loop
      vertex -11.288998826179325 -1.5 25.174660161672158
      vertex -10.474660161672158 -4.5 25.988998826179326
      vertex -10.474660161672158 -1.5 25.988998826179326
    endloop
  endfacet
  facet normal -0.5938201855735022 0 0.8045977797666678
    outer loop
      vertex -9.601742948624498 -4.5 26.740204830007656
      vertex -8.675128894179776 -4.5 27.424077124466322
      vertex -9.601742948624498 -1.5 26.740204830007656
    endloop
  endfacet
  facet normal -0.6522874112781198 0 0.7579717231454542
    outer loop
      vertex -9.601742948624498 -4.5 26.740204830007656
      vertex -9.601742948624498 -1.5 26.740204830007656
      vertex -10.474660161672158 -1.5 25.988998826179326
    endloop
  endfacet
  facet normal -0.5320320765153354 0 0.846724199228285
    outer loop
      vertex -8.675128894179776 -4.5 27.424077124466322
      vertex -7.699999999999999 -4.5 28.036791218280353
      vertex -8.675128894179776 -1.5 27.424077124466322
    endloop
  endfacet
  facet normal -0.5938201855735022 0 0.8045977797666678
    outer loop
      vertex -8.675128894179776 -4.5 27.424077124466322
      vertex -8.675128894179776 -1.5 27.424077124466322
      vertex -9.601742948624498 -1.5 26.740204830007656
    endloop
  endfacet
  facet normal -0.5320320765153487 -6.231309218478205e-15 0.8467241992282765
    outer loop
      vertex -8.365272531196332 -2.385424412011686 27.61877278141084
      vertex -8.675128894179776 -1.5 27.424077124466322
      vertex -7.699999999999999 -4.5 28.036791218280353
    endloop
  endfacet
  facet normal -0.5320320765153367 4.587079869052334e-15 0.8467241992282841
    outer loop
      vertex -8.675128894179776 -1.5 27.424077124466322
      vertex -8.60246712054609 -1.5977330934085872 27.469733542866614
      vertex -8.619992419149273 -1.5 27.458721667906737
    endloop
  endfacet
  facet normal -0.5320320765153453 -4.356249727476447e-15 0.8467241992282786
    outer loop
      vertex -8.365272531196332 -2.385424412011686 27.61877278141084
      vertex -8.60246712054609 -1.5977330934085872 27.469733542866614
      vertex -8.675128894179776 -1.5 27.424077124466322
    endloop
  endfacet
  facet normal -0.4672686282730605 0 0.8841153935046105
    outer loop
      vertex -7.699999999999999 -4.5 28.036791218280353
      vertex -7.597368755821046 -3.9164557812077527 28.091033414534124
      vertex -7.699999999999999 -3.761440490380147 28.036791218280353
    endloop
  endfacet
  facet normal -0.46726862827306187 3.2037345654087844e-16 0.8841153935046099
    outer loop
      vertex -7.699999999999999 -4.5 28.036791218280353
      vertex -7.115646321477812 -4.5 28.34563115455498
      vertex -7.597368755821046 -3.9164557812077527 28.091033414534124
    endloop
  endfacet
  facet normal -0.5320320765153345 0 0.8467241992282855
    outer loop
      vertex -7.699999999999999 -4.5 28.036791218280353
      vertex -7.699999999999999 -3.761440490380147 28.036791218280353
      vertex -8.03505927525264 -3.1597754696848925 27.826259521972563
    endloop
  endfacet
  facet normal -0.5320320765153361 -5.389411023599498e-16 0.8467241992282845
    outer loop
      vertex -8.365272531196332 -2.385424412011686 27.61877278141084
      vertex -7.699999999999999 -4.5 28.036791218280353
      vertex -8.03505927525264 -3.1597754696848925 27.826259521972563
    endloop
  endfacet
  facet normal 0.8841153935046218 -7.682028546499579e-20 -0.46726862827303933
    outer loop
      vertex 13.874920565697254 -4.5 8.018190417589604
      vertex 13.865306649304378 -4.5 8
      vertex 13.865306649304378 -1.5 8
    endloop
  endfacet
  facet normal 0.8841153935046218 0 -0.46726862827303933
    outer loop
      vertex 13.874920565697254 -4.5 8.018190417589604
      vertex 13.865306649304378 -1.5 8
      vertex 13.874920565697254 -1.5 8.018190417589604
    endloop
  endfacet
  facet normal 0.9165622558699764 0 -0.39989202431974036
    outer loop
      vertex 13.874920565697254 -4.5 8.018190417589604
      vertex 13.874920565697254 -1.5 8.018190417589604
      vertex 14.335455729120744 -1.5 9.073748224757516
    endloop
  endfacet
  facet normal 0.9165622558699764 -6.936277371132806e-18 -0.39989202431974036
    outer loop
      vertex 13.874920565697254 -4.5 8.018190417589604
      vertex 14.335455729120744 -1.5 9.073748224757516
      vertex 14.335455729120744 -4.5 9.073748224757516
    endloop
  endfacet
  facet normal 0.9438833303083678 4.046269182317479e-18 -0.33027906195516654
    outer loop
      vertex 14.335455729120744 -4.5 9.073748224757516
      vertex 14.715821209106565 -1.5 10.160770314072074
      vertex 14.715821209106565 -4.5 10.160770314072074
    endloop
  endfacet
  facet normal 0.9438833303083678 0 -0.33027906195516654
    outer loop
      vertex 14.335455729120744 -4.5 9.073748224757516
      vertex 14.335455729120744 -1.5 9.073748224757516
      vertex 14.715821209106565 -1.5 10.160770314072074
    endloop
  endfacet
  facet normal 0.9659258262890683 6.826493221013192e-18 -0.2588190451025209
    outer loop
      vertex 14.715821209106565 -4.5 10.160770314072074
      vertex 15.013889847600081 -1.5 11.273177617072758
      vertex 15.013889847600081 -4.5 11.273177617072758
    endloop
  endfacet
  facet normal 0.9825664732332882 -3.705246607008456e-18 -0.18591160716291463
    outer loop
      vertex 15.013889847600081 -4.5 11.273177617072758
      vertex 15.227994723866978 -1.5 12.404749100886914
      vertex 15.227994723866978 -4.5 12.404749100886914
    endloop
  endfacet
  facet normal 0.9659258262890683 0 -0.2588190451025209
    outer loop
      vertex 14.715821209106565 -4.5 10.160770314072074
      vertex 14.715821209106565 -1.5 10.160770314072074
      vertex 15.013889847600081 -1.5 11.273177617072758
    endloop
  endfacet
  facet normal 0.9825664732332882 0 -0.18591160716291463
    outer loop
      vertex 15.013889847600081 -4.5 11.273177617072758
      vertex 15.013889847600081 -1.5 11.273177617072758
      vertex 15.227994723866978 -1.5 12.404749100886914
    endloop
  endfacet
  facet normal 0.9937122098932425 -3.330060033415995e-18 -0.11196447610330845
    outer loop
      vertex 15.227994723866978 -4.5 12.404749100886914
      vertex 15.356938476590173 -1.5 13.549156558769067
      vertex 15.356938476590173 -4.5 13.549156558769067
    endloop
  endfacet
  facet normal 0.9993007047883986 -6.312208749267774e-19 -0.03739119427632546
    outer loop
      vertex 15.356938476590173 -4.5 13.549156558769067
      vertex 15.399999999999999 -1.5 14.7
      vertex 15.399999999999999 -4.5 14.7
    endloop
  endfacet
  facet normal 0.9937122098932425 0 -0.11196447610330845
    outer loop
      vertex 15.227994723866978 -4.5 12.404749100886914
      vertex 15.227994723866978 -1.5 12.404749100886914
      vertex 15.356938476590173 -1.5 13.549156558769067
    endloop
  endfacet
  facet normal 0.9993007047883986 0 -0.03739119427632546
    outer loop
      vertex 15.356938476590173 -4.5 13.549156558769067
      vertex 15.356938476590173 -1.5 13.549156558769067
      vertex 15.399999999999999 -1.5 14.7
    endloop
  endfacet
  facet normal 0.9993007047883986 6.789202208237084e-19 0.037391194276325514
    outer loop
      vertex 15.399999999999999 -4.5 14.7
      vertex 15.356938476590173 -1.5 15.85084344123093
      vertex 15.356938476590173 -4.5 15.85084344123093
    endloop
  endfacet
  facet normal 0.9937122098932426 -7.310937843779904e-19 0.11196447610330709
    outer loop
      vertex 15.356938476590173 -4.5 15.85084344123093
      vertex 15.22799472386698 -1.5 16.99525089911308
      vertex 15.22799472386698 -4.5 16.99525089911308
    endloop
  endfacet
  facet normal 0.9993007047883986 0 0.037391194276325514
    outer loop
      vertex 15.399999999999999 -4.5 14.7
      vertex 15.399999999999999 -1.5 14.7
      vertex 15.356938476590173 -1.5 15.85084344123093
    endloop
  endfacet
  facet normal 0.9937122098932426 0 0.11196447610330709
    outer loop
      vertex 15.356938476590173 -4.5 15.85084344123093
      vertex 15.356938476590173 -1.5 15.85084344123093
      vertex 15.22799472386698 -1.5 16.99525089911308
    endloop
  endfacet
  facet normal 0.7071067811865476 1.0727169073926882e-17 0.7071067811865476
    outer loop
      vertex 11.288998826179329 -4.5 25.17466016167215
      vertex 10.474660161672153 -1.5 25.988998826179326
      vertex 10.474660161672153 -4.5 25.988998826179326
    endloop
  endfacet
  facet normal 0.6522874112781215 0 0.7579717231454526
    outer loop
      vertex 10.474660161672153 -4.5 25.988998826179326
      vertex 10.474660161672153 -1.5 25.988998826179326
      vertex 9.601742948624493 -1.5 26.74020483000766
    endloop
  endfacet
  facet normal 0.7071067811865476 0 0.7071067811865476
    outer loop
      vertex 11.288998826179329 -4.5 25.17466016167215
      vertex 11.288998826179329 -1.5 25.17466016167215
      vertex 10.474660161672153 -1.5 25.988998826179326
    endloop
  endfacet
  facet normal 0.757971723145452 6.828110028578613e-18 0.6522874112781222
    outer loop
      vertex 12.04020483000766 -4.5 24.301742948624494
      vertex 11.288998826179329 -1.5 25.17466016167215
      vertex 11.288998826179329 -4.5 25.17466016167215
    endloop
  endfacet
  facet normal 0.757971723145452 0 0.6522874112781222
    outer loop
      vertex 12.04020483000766 -4.5 24.301742948624494
      vertex 12.04020483000766 -1.5 24.301742948624494
      vertex 11.288998826179329 -1.5 25.17466016167215
    endloop
  endfacet
  facet normal 0.916562255869976 0 0.39989202431974147
    outer loop
      vertex 13.874920565697252 -4.5 21.381809582410394
      vertex 14.335455729120742 -4.5 20.326251775242486
      vertex 13.874920565697252 -1.5 21.381809582410394
    endloop
  endfacet
  facet normal 0.88411539350461 0 0.46726862827306154
    outer loop
      vertex 13.874920565697252 -4.5 21.381809582410394
      vertex 13.874920565697252 -1.5 21.381809582410394
      vertex 13.336791218280354 -1.5 22.4
    endloop
  endfacet
  facet normal 0.982566473233288 0 0.1859116071629152
    outer loop
      vertex 15.013889847600083 -4.5 18.126822382927234
      vertex 15.22799472386698 -4.5 16.99525089911308
      vertex 15.013889847600083 -1.5 18.126822382927234
    endloop
  endfacet
  facet normal 0.9659258262890683 1.2128859315665923e-18 0.25881904510252074
    outer loop
      vertex 15.013889847600083 -4.5 18.126822382927234
      vertex 14.715821209106563 -1.5 19.23922968592793
      vertex 14.715821209106563 -4.5 19.23922968592793
    endloop
  endfacet
  facet normal 0.982566473233288 0 0.1859116071629152
    outer loop
      vertex 15.22799472386698 -4.5 16.99525089911308
      vertex 15.22799472386698 -1.5 16.99525089911308
      vertex 15.013889847600083 -1.5 18.126822382927234
    endloop
  endfacet
  facet normal 0.9659258262890683 0 0.25881904510252074
    outer loop
      vertex 15.013889847600083 -4.5 18.126822382927234
      vertex 15.013889847600083 -1.5 18.126822382927234
      vertex 14.715821209106563 -1.5 19.23922968592793
    endloop
  endfacet
  facet normal 0.9438833303083674 1.4710420004477342e-18 0.3302790619551675
    outer loop
      vertex 14.715821209106563 -4.5 19.23922968592793
      vertex 14.335455729120742 -1.5 20.326251775242486
      vertex 14.335455729120742 -4.5 20.326251775242486
    endloop
  endfacet
  facet normal 0.9438833303083674 0 0.3302790619551675
    outer loop
      vertex 14.715821209106563 -4.5 19.23922968592793
      vertex 14.715821209106563 -1.5 19.23922968592793
      vertex 14.335455729120742 -1.5 20.326251775242486
    endloop
  endfacet
  facet normal 0.916562255869976 0 0.39989202431974147
    outer loop
      vertex 14.335455729120742 -4.5 20.326251775242486
      vertex 14.335455729120742 -1.5 20.326251775242486
      vertex 13.874920565697252 -1.5 21.381809582410394
    endloop
  endfacet
  facet normal 0.8045977797666695 0 0.5938201855735
    outer loop
      vertex 12.04020483000766 -4.5 24.301742948624494
      vertex 12.724077124466321 -4.5 23.375128894179774
      vertex 12.04020483000766 -1.5 24.301742948624494
    endloop
  endfacet
  facet normal 0.8467241992282839 -2.6248890094015967e-18 0.5320320765153371
    outer loop
      vertex 13.336791218280354 -4.5 22.4
      vertex 12.724077124466321 -1.5 23.375128894179774
      vertex 12.724077124466321 -4.5 23.375128894179774
    endloop
  endfacet
  facet normal 0.8467241992282839 0 0.5320320765153371
    outer loop
      vertex 13.336791218280354 -4.5 22.4
      vertex 13.336791218280354 -1.5 22.4
      vertex 12.724077124466321 -1.5 23.375128894179774
    endloop
  endfacet
  facet normal 0.8045977797666695 1.5672500098722975e-17 0.5938201855735
    outer loop
      vertex 12.04020483000766 -1.5 24.301742948624494
      vertex 12.724077124466321 -4.5 23.375128894179774
      vertex 12.724077124466321 -1.5 23.375128894179774
    endloop
  endfacet
  facet normal 0.88411539350461 0 0.46726862827306154
    outer loop
      vertex 13.336791218280354 -4.5 22.4
      vertex 13.874920565697252 -4.5 21.381809582410394
      vertex 13.336791218280354 -1.5 22.4
    endloop
  endfacet
  facet normal 0.46726862827306187 -3.843337584788383e-16 0.8841153935046099
    outer loop
      vertex 7.115646321477812 -4.5 28.34563115455498
      vertex 7.699999999999999 -4.5 28.036791218280353
      vertex 7.597368755821047 -3.9164557812077527 28.091033414534124
    endloop
  endfacet
  facet normal 0.46726862827306365 0 0.8841153935046089
    outer loop
      vertex 7.699999999999999 -4.5 28.036791218280353
      vertex 7.699999999999999 -3.7614404903801475 28.036791218280353
      vertex 7.597368755821047 -3.9164557812077527 28.091033414534124
    endloop
  endfacet
  facet normal 0.5320320765153354 0 0.846724199228285
    outer loop
      vertex 7.699999999999999 -4.5 28.036791218280353
      vertex 8.675128894179776 -4.5 27.424077124466322
      vertex 7.699999999999999 -3.7614404903801475 28.036791218280353
    endloop
  endfacet
  facet normal 0.5938201855735026 0 0.8045977797666677
    outer loop
      vertex 8.675128894179776 -4.5 27.424077124466322
      vertex 9.601742948624493 -4.5 26.74020483000766
      vertex 8.675128894179776 -1.5 27.424077124466322
    endloop
  endfacet
  facet normal 0.5320320765153357 6.670515304136629e-16 0.8467241992282848
    outer loop
      vertex 7.699999999999999 -3.7614404903801475 28.036791218280353
      vertex 8.675128894179776 -4.5 27.424077124466322
      vertex 8.035059275252639 -3.1597754696848925 27.826259521972563
    endloop
  endfacet
  facet normal 0.5320320765153349 1.7380262593342152e-16 0.8467241992282852
    outer loop
      vertex 8.035059275252639 -3.1597754696848925 27.826259521972563
      vertex 8.675128894179776 -4.5 27.424077124466322
      vertex 8.36527253119633 -2.385424412011686 27.61877278141084
    endloop
  endfacet
  facet normal 0.5320320765153346 9.891016918196519e-17 0.8467241992282853
    outer loop
      vertex 8.675128894179776 -4.5 27.424077124466322
      vertex 8.602467120546088 -1.5977330934085872 27.469733542866614
      vertex 8.36527253119633 -2.385424412011686 27.61877278141084
    endloop
  endfacet
  facet normal 0.5320320765153318 0 0.8467241992282872
    outer loop
      vertex 8.675128894179776 -4.5 27.424077124466322
      vertex 8.675128894179776 -1.5 27.424077124466322
      vertex 8.602467120546088 -1.5977330934085872 27.469733542866614
    endloop
  endfacet
  facet normal 0.6522874112781215 0 0.7579717231454526
    outer loop
      vertex 9.601742948624493 -4.5 26.74020483000766
      vertex 10.474660161672153 -4.5 25.988998826179326
      vertex 9.601742948624493 -1.5 26.74020483000766
    endloop
  endfacet
  facet normal 0.5938201855735026 0 0.8045977797666677
    outer loop
      vertex 9.601742948624493 -4.5 26.74020483000766
      vertex 9.601742948624493 -1.5 26.74020483000766
      vertex 8.675128894179776 -1.5 27.424077124466322
    endloop
  endfacet
  facet normal 0.5320320765153367 -5.112253301908491e-15 0.846724199228284
    outer loop
      vertex 8.602467120546088 -1.5977330934085872 27.469733542866614
      vertex 8.675128894179776 -1.5 27.424077124466322
      vertex 8.619992419149273 -1.5 27.458721667906737
    endloop
  endfacet
  facet normal 0.8467241992282845 -6.362166127696478e-17 0.5320320765153361
    outer loop
      vertex -10.175798494467154 -11.130986294844721 8.825
      vertex -9.796750898008806 -11.145043612936728 8.221749206020196
      vertex -10 -10.5 8.545218298813515
    endloop
  endfacet
  facet normal 0.8467241992282847 -3.7718692447914946e-19 0.5320320765153359
    outer loop
      vertex -9.796750898008806 -11.145043612936728 8.221749206020196
      vertex -9.70830559821294 -11.131788196028742 8.08098931775244
      vertex -9.70830559821294 -10.5 8.08098931775244
    endloop
  endfacet
  facet normal 0.804597779766669 -2.3786653770827955e-18 0.5938201855735005
    outer loop
      vertex -9.70830559821294 -11.131788196028742 8.08098931775244
      vertex -9.648532761515364 -11.131806591545502 8
      vertex -9.648532761515364 -10.5 8
    endloop
  endfacet
  facet normal 0.8467241992282845 2.0364609716820442e-17 0.5320320765153359
    outer loop
      vertex -9.796750898008806 -11.145043612936728 8.221749206020196
      vertex -9.70830559821294 -10.5 8.08098931775244
      vertex -10 -10.5 8.545218298813515
    endloop
  endfacet
  facet normal 0.804597779766669 0 0.5938201855735005
    outer loop
      vertex -9.70830559821294 -11.131788196028742 8.08098931775244
      vertex -9.648532761515364 -10.5 8
      vertex -9.70830559821294 -10.5 8.08098931775244
    endloop
  endfacet
  facet normal 0.8841153935046095 0 0.4672686282730623
    outer loop
      vertex -10.175798494467154 -11.130986294844721 8.825
      vertex -10.175798494467154 11.130986294844721 8.825
      vertex -10.34684562885908 -11.151247520778963 9.148636973211008
    endloop
  endfacet
  facet normal 0.9165622558699755 1.023525163297383e-18 0.39989202431974213
    outer loop
      vertex -10.937766546569401 -11.132826260170255 10.40724296369486
      vertex -10.586384197853423 -11.13312705203326 9.60186606536869
      vertex -10.586384197853423 11.13312705203326 9.60186606536869
    endloop
  endfacet
  facet normal 0.8841153935046092 -3.53873028978127e-17 0.46726862827306287
    outer loop
      vertex -10.452993842976678 -11.156496402959172 9.349479196326293
      vertex -10.34684562885908 -11.151247520778963 9.148636973211008
      vertex -10.586384197853423 11.13312705203326 9.60186606536869
    endloop
  endfacet
  facet normal 0.8841153935046107 2.235449300069757e-20 0.46726862827306037
    outer loop
      vertex -10.452993842976678 -11.156496402959172 9.349479196326293
      vertex -10.586384197853423 11.13312705203326 9.60186606536869
      vertex -10.586384197853423 -11.13312705203326 9.60186606536869
    endloop
  endfacet
  facet normal 0.9659258262890683 0 0.258819045102521
    outer loop
      vertex -11.455402968136427 -11.124304416913727 12.085379026013303
      vertex -11.348987733583062 -11.146123619195643 11.688231963960785
      vertex -11.455402968136427 11.124304416913727 12.085379026013303
    endloop
  endfacet
  facet normal 0.965925826289068 6.127417371291405e-20 0.2588190451025219
    outer loop
      vertex -11.227980467987154 -11.121461409451786 11.236626700671875
      vertex -11.348987733583062 11.146123619195643 11.688231963960785
      vertex -11.348987733583062 -11.146123619195643 11.688231963960785
    endloop
  endfacet
  facet normal 0.9825664732332884 0 0.1859116071629132
    outer loop
      vertex -11.455402968136427 -11.124304416913727 12.085379026013303
      vertex -11.455402968136427 11.124304416913727 12.085379026013303
      vertex -11.606921833426027 -11.1433626746603 12.886175487126412
    endloop
  endfacet
  facet normal 0.9438833303083678 4.571421946091547e-20 0.33027906195516654
    outer loop
      vertex -10.972719046401691 -11.141417363520778 10.507131469339164
      vertex -10.937766546569401 -11.132826260170255 10.40724296369486
      vertex -10.937766546569401 11.132826260170255 10.40724296369486
    endloop
  endfacet
  facet normal 0.943883330308368 -2.486216671872789e-18 0.330279061955166
    outer loop
      vertex -10.972719046401691 -11.141417363520778 10.507131469339164
      vertex -10.937766546569401 11.132826260170255 10.40724296369486
      vertex -11.227980467987154 -11.121461409451786 11.236626700671875
    endloop
  endfacet
  facet normal 0.8467241992282843 -1.157043417679043e-19 0.5320320765153362
    outer loop
      vertex -10.175798494467154 -11.130986294844721 8.825
      vertex -10 -10.5 8.545218298813515
      vertex -10 10.5 8.545218298813515
    endloop
  endfacet
  facet normal 0.9937122098932424 3.23291418972684e-19 0.11196447610330915
    outer loop
      vertex -11.717144616878867 -11.13224150648121 13.821921400359516
      vertex -11.61876220814526 -11.138149707473705 12.948753372429948
      vertex -11.61876220814526 11.138149707473705 12.948753372429948
    endloop
  endfacet
  facet normal 0.9825664732332877 1.6927891155510215e-16 0.18591160716291774
    outer loop
      vertex -11.61876220814526 -11.138149707473705 12.948753372429948
      vertex -11.606921833426027 -11.1433626746603 12.886175487126412
      vertex -11.455402968136427 11.124304416913727 12.085379026013303
    endloop
  endfacet
  facet normal 0.9993007047883984 0 0.03739119427632769
    outer loop
      vertex -11.717144616878867 -11.13224150648121 13.821921400359516
      vertex -11.717144616878867 11.13224150648121 13.821921400359516
      vertex -11.727334907576958 -11.150893936476065 14.094262652723526
    endloop
  endfacet
  facet normal 0.9993007047883985 -4.729644168633801e-17 0.037391194276323834
    outer loop
      vertex -11.727334907576958 -11.150893936476065 14.094262652723526
      vertex -11.717144616878867 11.13224150648121 13.821921400359516
      vertex -11.75 -11.128228844053023 14.7
    endloop
  endfacet
  facet normal 0.9993007047883986 0 -0.03739119427632675
    outer loop
      vertex -11.75 -11.128228844053023 14.7
      vertex -11.75 11.128228844053023 14.7
      vertex -11.727334907576957 -11.150893936476066 15.305737347276473
    endloop
  endfacet
  facet normal 0.9993007047883988 1.5138499905271462e-16 -0.03739119427632119
    outer loop
      vertex -11.727334907576957 -11.150893936476066 15.305737347276473
      vertex -11.75 11.128228844053023 14.7
      vertex -11.717144616878867 -11.136338689242638 15.578078599640483
    endloop
  endfacet
  facet normal 0.9937122098932424 0 -0.11196447610330915
    outer loop
      vertex -11.717144616878867 -11.136338689242638 15.578078599640483
      vertex -11.717144616878867 11.136338689242638 15.578078599640483
      vertex -11.61876220814526 -11.155383089620317 16.45124662757005
    endloop
  endfacet
  facet normal 0.9825664732332884 0 -0.18591160716291352
    outer loop
      vertex -11.61876220814526 -11.155383089620317 16.45124662757005
      vertex -11.61876220814526 11.155383089620317 16.45124662757005
      vertex -11.455402968136427 -11.24029419717437 17.314620973986695
    endloop
  endfacet
  facet normal 0.9438833303083681 6.296460065872243e-19 -0.33027906195516543
    outer loop
      vertex -10.937766546569401 -11.605451406635677 18.99275703630514
      vertex -11.227980467987154 -11.390597154548214 18.16337329932812
      vertex -11.227980467987154 11.390597154548214 18.16337329932812
    endloop
  endfacet
  facet normal 0.916562255869978 0 -0.399892024319737
    outer loop
      vertex -10.937766546569401 -11.605451406635677 18.99275703630514
      vertex -10.937766546569401 11.605451406635677 18.99275703630514
      vertex -10.840061894842739 -11.682808236048338 19.21669847686755
    endloop
  endfacet
  facet normal 0.9165622558699748 -6.968109032753688e-17 -0.39989202431974413
    outer loop
      vertex -10.840061894842739 -11.682808236048338 19.21669847686755
      vertex -10.840061894842737 11.682808236048338 19.21669847686755
      vertex -10.586384197853423 -11.851830294675333 19.79813393463131
    endloop
  endfacet
  facet normal 0.8841153935046098 0 -0.46726862827306187
    outer loop
      vertex -10.586384197853423 -11.851830294675333 19.79813393463131
      vertex -10.586384197853423 11.851830294675334 19.79813393463131
      vertex -10.175798494467154 -12.139316977743118 20.575
    endloop
  endfacet
  facet normal 0.8467241992282837 0 -0.5320320765153372
    outer loop
      vertex -10.175798494467154 -12.139316977743118 20.575
      vertex -10.175798494467154 12.139316977743118 20.575
      vertex -9.862239137482566 -12.366856718947968 21.074026857914752
    endloop
  endfacet
  facet normal 0.846724199228286 3.0804335456533886e-19 -0.5320320765153337
    outer loop
      vertex -9.862239137482566 -12.366856718947968 21.074026857914752
      vertex -9.70830559821294 12.460902219655946 21.31901068224756
      vertex -9.70830559821294 -12.460902219655946 21.31901068224756
    endloop
  endfacet
  facet normal 0.8045977797666671 6.320248849561304e-19 -0.5938201855735031
    outer loop
      vertex -9.186519918999348 -12.789542152615015 22.02600517184012
      vertex -9.70830559821294 -12.460902219655946 21.31901068224756
      vertex -9.70830559821294 12.460902219655946 21.31901068224756
    endloop
  endfacet
  facet normal 0.7579717231454545 0 -0.6522874112781194
    outer loop
      vertex -9.186519918999348 -12.789542152615015 22.02600517184012
      vertex -9.186519918999348 12.789542152615015 22.02600517184012
      vertex -8.862364437109914 -12.998701227202444 22.40268067550091
    endloop
  endfacet
  facet normal 0.7579717231454537 0 -0.6522874112781203
    outer loop
      vertex -8.61335949400046 -13.133205642861338 22.692029668808303
      vertex -8.862364437109914 -12.998701227202444 22.40268067550091
      vertex -8.61335949400046 13.133205642861338 22.692029668808303
    endloop
  endfacet
  facet normal 0.7071067811865476 0 -0.7071067811865476
    outer loop
      vertex -8.61335949400046 -13.133205642861338 22.692029668808303
      vertex -8.61335949400046 13.133205642861338 22.692029668808303
      vertex -7.9920296688083035 -13.476466629760063 23.31335949400046
    endloop
  endfacet
  facet normal 0.9659258262890679 0 -0.25881904510252196
    outer loop
      vertex -11.455402968136427 -11.24029419717437 17.314620973986695
      vertex -11.455402968136427 11.24029419717437 17.314620973986695
      vertex -11.227980467987154 -11.390597154548214 18.16337329932812
    endloop
  endfacet
  facet normal 0.39989202431974036 5.244737665338604e-19 -0.9165622558699764
    outer loop
      vertex -4.578252218200489 -14.842329151595107 25.513206272032132
      vertex -4.292757036305139 -8.733996257812532 25.637766546569402
      vertex -4.292757036305139 -14.910542131117918 25.637766546569402
    endloop
  endfacet
  facet normal 0.3998920243197434 -1.7101399518920337e-16 -0.9165622558699751
    outer loop
      vertex -4.578252218200489 -14.842329151595107 25.513206272032132
      vertex -4.5 -8.611482618425475 25.547347365823956
      vertex -4.292757036305139 -8.733996257812532 25.637766546569402
    endloop
  endfacet
  facet normal 0.3302790619551663 -2.1445764949215512e-18 -0.9438833303083678
    outer loop
      vertex -4.292757036305139 -14.910542131117918 25.637766546569402
      vertex -3.463373299328124 -9.127222157677464 25.927980467987155
      vertex -3.463373299328124 -15.113471028094049 25.927980467987155
    endloop
  endfacet
  facet normal 0.2588190451025607 -6.598624592665905e-15 -0.9659258262890577
    outer loop
      vertex -3.450297624000644 -15.116741598942045 25.931484084631645
      vertex -3.463373299328124 -15.113471028094049 25.927980467987155
      vertex -2.614620973986689 -9.435368702935719 26.15540296813643
    endloop
  endfacet
  facet normal 0.2588190451025188 1.0176894677818399e-18 -0.9659258262890689
    outer loop
      vertex -3.450297624000644 -15.116741598942045 25.931484084631645
      vertex -2.614620973986689 -9.435368702935719 26.15540296813643
      vertex -2.614620973986689 -15.26021825833131 26.15540296813643
    endloop
  endfacet
  facet normal 0.18591160716291405 -8.649201335797326e-17 -0.9825664732332883
    outer loop
      vertex -2.614620973986689 -15.26021825833131 26.15540296813643
      vertex -2.4520584008023802 -9.477044988252752 26.18616146648594
      vertex -2.3082732157316497 -15.31439214945414 26.213367091317362
    endloop
  endfacet
  facet normal 0.18591160716291102 -3.7610905716231965e-19 -0.9825664732332888
    outer loop
      vertex -2.3082732157316497 -15.31439214945414 26.213367091317362
      vertex -1.7512466275700465 -9.631129845492199 26.31876220814526
      vertex -1.7512466275700465 -15.37033956157516 26.31876220814526
    endloop
  endfacet
  facet normal 0.1119644761033082 1.0295235289878478e-16 -0.9937122098932425
    outer loop
      vertex -1.7512466275700465 -15.37033956157516 26.31876220814526
      vertex -1.5 -9.664025147231424 26.347070904313565
      vertex -1.1565445145377502 -15.43301401292001 26.385769043585416
    endloop
  endfacet
  facet normal 0.3302790619551664 0 -0.9438833303083678
    outer loop
      vertex -4.292757036305139 -14.910542131117918 25.637766546569402
      vertex -4.292757036305139 -8.733996257812532 25.637766546569402
      vertex -3.463373299328124 -9.127222157677464 25.927980467987155
    endloop
  endfacet
  facet normal 0.25881904510251946 0 -0.9659258262890688
    outer loop
      vertex -3.463373299328124 -15.113471028094049 25.927980467987155
      vertex -3.463373299328124 -9.127222157677464 25.927980467987155
      vertex -2.614620973986689 -9.435368702935719 26.15540296813643
    endloop
  endfacet
  facet normal 0.18591160716291108 0 -0.9825664732332889
    outer loop
      vertex -2.614620973986689 -15.26021825833131 26.15540296813643
      vertex -2.614620973986689 -9.435368702935719 26.15540296813643
      vertex -2.4520584008023802 -9.477044988252752 26.18616146648594
    endloop
  endfacet
  facet normal 0.1859116071629123 -1.3077075987094032e-16 -0.9825664732332887
    outer loop
      vertex -2.3082732157316497 -15.31439214945414 26.213367091317362
      vertex -2.4520584008023802 -9.477044988252752 26.18616146648594
      vertex -1.7512466275700465 -9.631129845492199 26.31876220814526
    endloop
  endfacet
  facet normal 0.11196447610331052 0 -0.9937122098932422
    outer loop
      vertex -1.7512466275700465 -15.37033956157516 26.31876220814526
      vertex -1.7512466275700465 -9.631129845492199 26.31876220814526
      vertex -1.5 -9.664025147231424 26.347070904313565
    endloop
  endfacet
  facet normal 0.11196447610330648 -7.995276840960133e-19 -0.9937122098932427
    outer loop
      vertex -1.1565445145377502 -15.43301401292001 26.385769043585416
      vertex -1.5 -9.664025147231424 26.347070904313565
      vertex -1.5 -7.451039552667687 26.347070904313565
    endloop
  endfacet
  facet normal 0.6522874112781223 3.667881938266087e-20 -0.7579717231454521
    outer loop
      vertex -7.8325002366887855 -13.566288360240232 23.450645671205173
      vertex -7.9920296688083035 -13.476466629760063 23.31335949400046
      vertex -7.9920296688083035 13.476466629760063 23.31335949400046
    endloop
  endfacet
  facet normal 0.6522874112781203 0 -0.7579717231454537
    outer loop
      vertex -7.8325002366887855 -13.566288360240232 23.450645671205173
      vertex -7.8325002366887855 13.566288360240232 23.450645671205173
      vertex -7.326005171840121 -13.802303518263516 23.886519918999348
    endloop
  endfacet
  facet normal 0.5938201855735029 0 -0.8045977797666671
    outer loop
      vertex -7.326005171840121 -13.802303518263516 23.886519918999348
      vertex -7.326005171840121 13.802303518263516 23.886519918999348
      vertex -6.773249390926246 -14.064797284578896 24.29447225077721
    endloop
  endfacet
  facet normal 0.5938201855735027 -9.111198469926092e-18 -0.8045977797666676
    outer loop
      vertex -6.773249390926246 -14.064797284578896 24.29447225077721
      vertex -7.326005171840121 13.802303518263516 23.886519918999348
      vertex -6.619010682247558 -14.124111439196518 24.40830559821294
    endloop
  endfacet
  facet normal 0.5320320765153366 0 -0.8467241992282841
    outer loop
      vertex -6.619010682247558 -14.124111439196518 24.40830559821294
      vertex -6.619010682247558 14.124111439196518 24.40830559821294
      vertex -5.875 -14.415949598464934 24.875798494467155
    endloop
  endfacet
  facet normal 0.4672686282730582 -1.5035095543186763e-17 -0.8841153935046117
    outer loop
      vertex -5.098133934631309 -14.675854250809522 25.286384197853423
      vertex -5.687260743236234 -14.490904044392076 24.975021588675787
      vertex -5.687260743236233 14.490904044392076 24.975021588675787
    endloop
  endfacet
  facet normal 0.4672686282730646 0 -0.8841153935046084
    outer loop
      vertex -5.875 -14.415949598464934 24.875798494467155
      vertex -5.875 14.415949598464934 24.875798494467155
      vertex -5.687260743236234 -14.490904044392076 24.975021588675787
    endloop
  endfacet
  facet normal 0.3998920243197458 0 -0.9165622558699741
    outer loop
      vertex -5.098133934631309 -14.675854250809522 25.286384197853423
      vertex -5.098133934631309 14.67585425080952 25.286384197853423
      vertex -4.578252218200489 -14.842329151595107 25.513206272032132
    endloop
  endfacet
  facet normal 0.39989202431974 -1.203443920441053e-16 -0.9165622558699765
    outer loop
      vertex -4.578252218200489 -14.842329151595107 25.513206272032132
      vertex -5.098133934631309 14.67585425080952 25.286384197853423
      vertex -4.5 -8.611482618425475 25.547347365823956
    endloop
  endfacet
  facet normal 0.3998920243197436 -5.047555810722949e-19 -0.916562255869975
    outer loop
      vertex -4.5 -6.03252532829017 25.547347365823956
      vertex -4.292757036305139 6.2036067678051054 25.637766546569402
      vertex -4.292757036305139 -6.2036067678051054 25.637766546569402
    endloop
  endfacet
  facet normal 0.11196447610330651 -1.1873130150851955e-19 -0.9937122098932427
    outer loop
      vertex -1.1565445145377502 -15.43301401292001 26.385769043585416
      vertex -1.5 -7.451039552667687 26.347070904313565
      vertex -1.5 7.451039552667687 26.347070904313565
    endloop
  endfacet
  facet normal 0.3302790619551664 -9.505778294036962e-19 -0.9438833303083678
    outer loop
      vertex -4.292757036305139 -6.2036067678051054 25.637766546569402
      vertex -3.463373299328124 6.752718306242973 25.927980467987155
      vertex -3.463373299328124 -6.752718306242974 25.927980467987155
    endloop
  endfacet
  facet normal 0.25881904510251735 1.4884154059043481e-16 -0.9659258262890693
    outer loop
      vertex -3.074245724569911 -6.949999999999999 26.032246887396298
      vertex -3.463373299328124 -6.752718306242974 25.927980467987155
      vertex -3.074245724569919 6.949999999999999 26.032246887396298
    endloop
  endfacet
  facet normal 0.2588190451025214 1.4884154059043716e-16 -0.9659258262890681
    outer loop
      vertex -3.074245724569911 -6.949999999999999 26.032246887396298
      vertex -3.074245724569919 6.949999999999999 26.032246887396298
      vertex -2.614620973986689 -7.146001779681747 26.15540296813643
    endloop
  endfacet
  facet normal 0.1859116071629121 2.2729736053682538e-19 -0.9825664732332887
    outer loop
      vertex -2.614620973986689 -7.146001779681747 26.15540296813643
      vertex -1.7512466275700465 7.405986520806714 26.31876220814526
      vertex -1.7512466275700465 -7.405986520806712 26.31876220814526
    endloop
  endfacet
  facet normal 0.11196447610331053 1.1599528459666314e-21 -0.9937122098932423
    outer loop
      vertex -1.7512466275700465 -7.405986520806712 26.31876220814526
      vertex -1.5 7.451039552667687 26.347070904313565
      vertex -1.5 -7.451039552667687 26.347070904313565
    endloop
  endfacet
  facet normal 0.11196447610330675 -4.0272606247204785e-18 -0.9937122098932426
    outer loop
      vertex -1.1565445145377502 -15.43301401292001 26.385769043585416
      vertex -1.156544514537749 15.43301401292001 26.385769043585416
      vertex -0.8780785996404834 -15.441416202704813 26.417144616878865
    endloop
  endfacet
  facet normal 0.03739119427632704 0 -0.9993007047883985
    outer loop
      vertex -0.8780785996404834 -15.441416202704813 26.417144616878865
      vertex -0.8780785996404834 15.441416202704813 26.417144616878865
      vertex 0 -15.472159172915125 26.45
    endloop
  endfacet
  facet normal 0.8841153935046095 0 0.4672686282730623
    outer loop
      vertex -10.34684562885908 -11.151247520778963 9.148636973211008
      vertex -10.175798494467154 11.130986294844721 8.825
      vertex -10.34684562885908 11.151247520778963 9.148636973211008
    endloop
  endfacet
  facet normal 0.9165622558699755 0 0.3998920243197421
    outer loop
      vertex -10.937766546569401 -11.132826260170255 10.40724296369486
      vertex -10.586384197853423 11.13312705203326 9.60186606536869
      vertex -10.937766546569401 11.132826260170255 10.40724296369486
    endloop
  endfacet
  facet normal 0.8841153935046094 0 0.467268628273063
    outer loop
      vertex -10.34684562885908 -11.151247520778963 9.148636973211008
      vertex -10.34684562885908 11.151247520778963 9.148636973211008
      vertex -10.452993842976678 11.156496402959172 9.349479196326293
    endloop
  endfacet
  facet normal 0.8841153935046107 2.835994145715832e-17 0.4672686282730604
    outer loop
      vertex -10.34684562885908 -11.151247520778963 9.148636973211008
      vertex -10.452993842976678 11.156496402959172 9.349479196326293
      vertex -10.586384197853423 11.13312705203326 9.60186606536869
    endloop
  endfacet
  facet normal 0.9438833303083678 0 0.33027906195516593
    outer loop
      vertex -11.227980467987154 -11.121461409451786 11.236626700671875
      vertex -10.972719046401691 11.141417363520778 10.507131469339164
      vertex -11.227980467987154 11.121461409451786 11.236626700671875
    endloop
  endfacet
  facet normal 0.9659258262890679 0 0.2588190451025219
    outer loop
      vertex -11.227980467987154 -11.121461409451786 11.236626700671875
      vertex -11.227980467987154 11.121461409451786 11.236626700671875
      vertex -11.348987733583062 11.146123619195643 11.688231963960785
    endloop
  endfacet
  facet normal 0.9659258262890682 0 0.258819045102521
    outer loop
      vertex -11.348987733583062 -11.146123619195643 11.688231963960785
      vertex -11.348987733583062 11.146123619195643 11.688231963960785
      vertex -11.455402968136427 11.124304416913727 12.085379026013303
    endloop
  endfacet
  facet normal 0.9438833303083677 1.3256818868978174e-17 0.33027906195516654
    outer loop
      vertex -11.227980467987154 -11.121461409451786 11.236626700671875
      vertex -10.937766546569401 11.132826260170255 10.40724296369486
      vertex -10.972719046401691 11.141417363520778 10.507131469339164
    endloop
  endfacet
  facet normal 0.8467241992282845 0 0.5320320765153362
    outer loop
      vertex -10.175798494467154 -11.130986294844721 8.825
      vertex -10 10.5 8.545218298813515
      vertex -10.175798494467154 11.130986294844721 8.825
    endloop
  endfacet
  facet normal 0.9937122098932424 0 0.11196447610330915
    outer loop
      vertex -11.717144616878867 -11.13224150648121 13.821921400359516
      vertex -11.61876220814526 11.138149707473705 12.948753372429948
      vertex -11.717144616878867 11.13224150648121 13.821921400359516
    endloop
  endfacet
  facet normal 0.9825664732332884 -1.3248807114155809e-17 0.18591160716291322
    outer loop
      vertex -11.61876220814526 -11.138149707473705 12.948753372429948
      vertex -11.455402968136427 11.124304416913727 12.085379026013303
      vertex -11.606921833426027 11.1433626746603 12.886175487126412
    endloop
  endfacet
  facet normal 0.9825664732332876 0 0.18591160716291777
    outer loop
      vertex -11.61876220814526 -11.138149707473705 12.948753372429948
      vertex -11.606921833426027 11.1433626746603 12.886175487126412
      vertex -11.61876220814526 11.138149707473705 12.948753372429948
    endloop
  endfacet
  facet normal 0.9993007047883987 -1.510691029604209e-16 0.0373911942763212
    outer loop
      vertex -11.75 -11.128228844053023 14.7
      vertex -11.717144616878867 11.13224150648121 13.821921400359516
      vertex -11.727334907576957 11.150893936476066 14.094262652723526
    endloop
  endfacet
  facet normal 0.9993007047883986 0 0.03739119427632675
    outer loop
      vertex -11.75 -11.128228844053023 14.7
      vertex -11.727334907576957 11.150893936476066 14.094262652723526
      vertex -11.75 11.128228844053023 14.7
    endloop
  endfacet
  facet normal 0.9993007047883987 4.727609360197523e-17 -0.03739119427632384
    outer loop
      vertex -11.717144616878867 -11.136338689242638 15.578078599640483
      vertex -11.75 11.128228844053023 14.7
      vertex -11.727334907576958 11.150893936476065 15.305737347276473
    endloop
  endfacet
  facet normal 0.9993007047883985 0 -0.03739119427632769
    outer loop
      vertex -11.717144616878867 -11.136338689242638 15.578078599640483
      vertex -11.727334907576958 11.150893936476065 15.305737347276473
      vertex -11.717144616878867 11.136338689242638 15.578078599640483
    endloop
  endfacet
  facet normal 0.9937122098932425 0 -0.11196447610330913
    outer loop
      vertex -11.61876220814526 -11.155383089620317 16.45124662757005
      vertex -11.717144616878867 11.136338689242638 15.578078599640483
      vertex -11.61876220814526 11.155383089620317 16.45124662757005
    endloop
  endfacet
  facet normal 0.9825664732332884 0 -0.18591160716291352
    outer loop
      vertex -11.455402968136427 -11.24029419717437 17.314620973986695
      vertex -11.61876220814526 11.155383089620317 16.45124662757005
      vertex -11.455402968136427 11.24029419717437 17.314620973986695
    endloop
  endfacet
  facet normal 0.965925826289068 0 -0.258819045102522
    outer loop
      vertex -11.227980467987154 -11.390597154548214 18.16337329932812
      vertex -11.455402968136427 11.24029419717437 17.314620973986695
      vertex -11.227980467987154 11.390597154548214 18.16337329932812
    endloop
  endfacet
  facet normal 0.9438833303083682 0 -0.3302790619551654
    outer loop
      vertex -10.937766546569401 -11.605451406635677 18.99275703630514
      vertex -11.227980467987154 11.390597154548214 18.16337329932812
      vertex -10.937766546569401 11.605451406635677 18.99275703630514
    endloop
  endfacet
  facet normal 0.9165622558699753 -6.968109032753692e-17 -0.3998920243197431
    outer loop
      vertex -10.840061894842739 -11.682808236048338 19.21669847686755
      vertex -10.937766546569401 11.605451406635677 18.99275703630514
      vertex -10.840061894842737 11.682808236048338 19.21669847686755
    endloop
  endfacet
  facet normal 0.9165622558699759 0 -0.39989202431974186
    outer loop
      vertex -10.586384197853423 -11.851830294675333 19.79813393463131
      vertex -10.840061894842737 11.682808236048338 19.21669847686755
      vertex -10.586384197853423 11.851830294675334 19.79813393463131
    endloop
  endfacet
  facet normal 0.8841153935046098 0 -0.46726862827306187
    outer loop
      vertex -10.175798494467154 -12.139316977743118 20.575
      vertex -10.586384197853423 11.851830294675334 19.79813393463131
      vertex -10.175798494467154 12.139316977743118 20.575
    endloop
  endfacet
  facet normal 0.8467241992282855 7.642029331918453e-17 -0.5320320765153346
    outer loop
      vertex -9.862239137482566 -12.366856718947968 21.074026857914752
      vertex -10.175798494467154 12.139316977743118 20.575
      vertex -9.862239137482566 12.36685671894797 21.074026857914756
    endloop
  endfacet
  facet normal 0.8467241992282825 7.642029331918523e-17 -0.5320320765153393
    outer loop
      vertex -9.862239137482566 -12.366856718947968 21.074026857914752
      vertex -9.862239137482566 12.36685671894797 21.074026857914756
      vertex -9.70830559821294 12.460902219655946 21.31901068224756
    endloop
  endfacet
  facet normal 0.8045977797666672 0 -0.5938201855735031
    outer loop
      vertex -9.186519918999348 -12.789542152615015 22.02600517184012
      vertex -9.70830559821294 12.460902219655946 21.31901068224756
      vertex -9.186519918999348 12.789542152615015 22.02600517184012
    endloop
  endfacet
  facet normal 0.7579717231454558 3.7348429550937643e-17 -0.652287411278118
    outer loop
      vertex -8.862364437109914 -12.998701227202444 22.40268067550091
      vertex -9.186519918999348 12.789542152615015 22.02600517184012
      vertex -8.862364437109912 12.998701227202444 22.402680675500914
    endloop
  endfacet
  facet normal 0.757971723145452 3.7348429550938494e-17 -0.6522874112781224
    outer loop
      vertex -8.862364437109914 -12.998701227202444 22.40268067550091
      vertex -8.862364437109912 12.998701227202444 22.402680675500914
      vertex -8.61335949400046 13.133205642861338 22.692029668808303
    endloop
  endfacet
  facet normal 0.7071067811865476 0 -0.7071067811865476
    outer loop
      vertex -7.9920296688083035 -13.476466629760063 23.31335949400046
      vertex -8.61335949400046 13.133205642861338 22.692029668808303
      vertex -7.9920296688083035 13.476466629760063 23.31335949400046
    endloop
  endfacet
  facet normal 0.8467241992282845 7.223439872683616e-17 0.5320320765153361
    outer loop
      vertex -10.175798494467154 11.130986294844721 8.825
      vertex -10 10.5 8.545218298813515
      vertex -9.796750898008806 11.145043612936728 8.221749206020196
    endloop
  endfacet
  facet normal 0.8467241992282845 -2.367284119958479e-17 0.5320320765153359
    outer loop
      vertex -10 10.5 8.545218298813515
      vertex -9.70830559821294 10.5 8.08098931775244
      vertex -9.796750898008806 11.145043612936728 8.221749206020196
    endloop
  endfacet
  facet normal 0.804597779766669 -2.3786653770827955e-18 0.5938201855735005
    outer loop
      vertex -9.70830559821294 10.5 8.08098931775244
      vertex -9.648532761515364 10.5 8
      vertex -9.648532761515364 11.131806591545502 8
    endloop
  endfacet
  facet normal 0.804597779766669 0 0.5938201855735005
    outer loop
      vertex -9.70830559821294 10.5 8.08098931775244
      vertex -9.648532761515364 11.131806591545502 8
      vertex -9.70830559821294 11.131788196028742 8.08098931775244
    endloop
  endfacet
  facet normal 0.8467241992282847 0 0.5320320765153359
    outer loop
      vertex -9.70830559821294 10.5 8.08098931775244
      vertex -9.70830559821294 11.131788196028742 8.08098931775244
      vertex -9.796750898008806 11.145043612936728 8.221749206020196
    endloop
  endfacet
  facet normal 0.399892024319744 0 -0.9165622558699749
    outer loop
      vertex -4.5 -8.611482618425475 25.547347365823956
      vertex -5.098133934631309 14.67585425080952 25.286384197853423
      vertex -4.5 -6.03252532829017 25.547347365823956
    endloop
  endfacet
  facet normal 0.3998920243197435 0 -0.9165622558699751
    outer loop
      vertex -4.5 -6.03252532829017 25.547347365823956
      vertex -4.5 6.03252532829017 25.547347365823956
      vertex -4.292757036305139 6.2036067678051054 25.637766546569402
    endloop
  endfacet
  facet normal 0.6522874112781222 0 -0.757971723145452
    outer loop
      vertex -7.8325002366887855 -13.566288360240232 23.450645671205173
      vertex -7.9920296688083035 13.476466629760063 23.31335949400046
      vertex -7.8325002366887855 13.566288360240232 23.450645671205173
    endloop
  endfacet
  facet normal 0.6522874112781204 0 -0.7579717231454537
    outer loop
      vertex -7.326005171840121 -13.802303518263516 23.886519918999348
      vertex -7.8325002366887855 13.566288360240232 23.450645671205173
      vertex -7.326005171840121 13.802303518263516 23.886519918999348
    endloop
  endfacet
  facet normal 0.5938201855735048 7.394740560576576e-17 -0.8045977797666659
    outer loop
      vertex -6.619010682247558 -14.124111439196518 24.40830559821294
      vertex -7.326005171840121 13.802303518263516 23.886519918999348
      vertex -6.773249390926249 14.064797284578896 24.29447225077721
    endloop
  endfacet
  facet normal 0.5938201855734961 0 -0.8045977797666725
    outer loop
      vertex -6.619010682247558 -14.124111439196518 24.40830559821294
      vertex -6.773249390926249 14.064797284578896 24.29447225077721
      vertex -6.619010682247558 14.124111439196518 24.40830559821294
    endloop
  endfacet
  facet normal 0.5320320765153366 0 -0.8467241992282842
    outer loop
      vertex -5.875 -14.415949598464934 24.875798494467155
      vertex -6.619010682247558 14.124111439196518 24.40830559821294
      vertex -5.875 14.415949598464934 24.875798494467155
    endloop
  endfacet
  facet normal 0.46726862827306287 -1.4319945483167578e-17 -0.8841153935046092
    outer loop
      vertex -5.687260743236234 -14.490904044392076 24.975021588675787
      vertex -5.875 14.415949598464934 24.875798494467155
      vertex -5.687260743236233 14.490904044392076 24.975021588675787
    endloop
  endfacet
  facet normal 0.4672686282730589 0 -0.8841153935046114
    outer loop
      vertex -5.098133934631309 -14.675854250809522 25.286384197853423
      vertex -5.687260743236233 14.490904044392076 24.975021588675787
      vertex -5.098133934631309 14.67585425080952 25.286384197853423
    endloop
  endfacet
  facet normal 0.39989202431974397 0 -0.916562255869975
    outer loop
      vertex -4.5 -6.03252532829017 25.547347365823956
      vertex -5.098133934631309 14.67585425080952 25.286384197853423
      vertex -4.5 6.03252532829017 25.547347365823956
    endloop
  endfacet
  facet normal 0.3302790619551664 0 -0.9438833303083678
    outer loop
      vertex -4.292757036305139 -6.2036067678051054 25.637766546569402
      vertex -4.292757036305139 6.2036067678051054 25.637766546569402
      vertex -3.463373299328124 6.752718306242973 25.927980467987155
    endloop
  endfacet
  facet normal 0.25881904510252224 0 -0.9659258262890679
    outer loop
      vertex -3.463373299328124 -6.752718306242974 25.927980467987155
      vertex -3.463373299328124 6.752718306242973 25.927980467987155
      vertex -3.074245724569919 6.949999999999999 26.032246887396298
    endloop
  endfacet
  facet normal 0.2588190451025172 0 -0.9659258262890693
    outer loop
      vertex -2.614620973986689 -7.146001779681747 26.15540296813643
      vertex -3.074245724569919 6.949999999999999 26.032246887396298
      vertex -2.614620973986689 7.146001779681745 26.15540296813643
    endloop
  endfacet
  facet normal 0.18591160716291208 0 -0.9825664732332887
    outer loop
      vertex -2.614620973986689 -7.146001779681747 26.15540296813643
      vertex -2.614620973986689 7.146001779681745 26.15540296813643
      vertex -1.7512466275700465 7.405986520806714 26.31876220814526
    endloop
  endfacet
  facet normal 0.11196447610330645 -7.995276840960143e-19 -0.9937122098932427
    outer loop
      vertex -1.1565445145377502 -15.43301401292001 26.385769043585416
      vertex -1.5 7.451039552667687 26.347070904313565
      vertex -1.5 9.66402514723142 26.347070904313565
    endloop
  endfacet
  facet normal 0.11196447610331053 0 -0.9937122098932423
    outer loop
      vertex -1.7512466275700465 -7.405986520806712 26.31876220814526
      vertex -1.7512466275700465 7.405986520806714 26.31876220814526
      vertex -1.5 7.451039552667687 26.347070904313565
    endloop
  endfacet
  facet normal 0.11196447610330622 -4.027260624720459e-18 -0.9937122098932428
    outer loop
      vertex -1.1565445145377502 -15.43301401292001 26.385769043585416
      vertex -1.5 9.66402514723142 26.347070904313565
      vertex -1.156544514537749 15.43301401292001 26.385769043585416
    endloop
  endfacet
  facet normal 0.39989202431974397 0 -0.9165622558699749
    outer loop
      vertex -4.5 6.03252532829017 25.547347365823956
      vertex -5.098133934631309 14.67585425080952 25.286384197853423
      vertex -4.5 8.611482618425473 25.547347365823956
    endloop
  endfacet
  facet normal 0.3998920243197436 -4.953157250187231e-17 -0.916562255869975
    outer loop
      vertex -4.5 8.611482618425473 25.547347365823956
      vertex -5.098133934631309 14.67585425080952 25.286384197853423
      vertex -4.292757036305139 8.733996257812528 25.637766546569402
    endloop
  endfacet
  facet normal 0.3998920243197457 2.9771240995696544e-16 -0.9165622558699741
    outer loop
      vertex -4.292757036305139 8.733996257812528 25.637766546569402
      vertex -5.098133934631309 14.67585425080952 25.286384197853423
      vertex -4.578252218200489 14.842329151595107 25.513206272032132
    endloop
  endfacet
  facet normal 0.39989202431974036 0 -0.9165622558699764
    outer loop
      vertex -4.292757036305139 8.733996257812528 25.637766546569402
      vertex -4.578252218200489 14.842329151595107 25.513206272032132
      vertex -4.292757036305139 14.910542131117916 25.637766546569402
    endloop
  endfacet
  facet normal 0.3302790619551664 0 -0.9438833303083678
    outer loop
      vertex -4.292757036305139 8.733996257812528 25.637766546569402
      vertex -4.292757036305139 14.910542131117916 25.637766546569402
      vertex -3.463373299328124 9.12722215767746 25.927980467987155
    endloop
  endfacet
  facet normal 0.25881904510251946 0 -0.9659258262890685
    outer loop
      vertex -3.463373299328124 9.12722215767746 25.927980467987155
      vertex -3.463373299328124 15.113471028094049 25.927980467987155
      vertex -2.614620973986689 9.435368702935714 26.15540296813643
    endloop
  endfacet
  facet normal 0.18591160716291402 0 -0.9825664732332884
    outer loop
      vertex -2.614620973986689 9.435368702935714 26.15540296813643
      vertex -2.614620973986689 15.260218258331308 26.15540296813643
      vertex -2.452058400802383 9.477044988252747 26.18616146648594
    endloop
  endfacet
  facet normal 0.1859116071629117 -6.812523600081058e-17 -0.9825664732332888
    outer loop
      vertex -2.452058400802383 9.477044988252747 26.18616146648594
      vertex -2.614620973986689 15.260218258331308 26.15540296813643
      vertex -1.7512466275700465 9.631129845492195 26.31876220814526
    endloop
  endfacet
  facet normal 0.11196447610331052 0 -0.9937122098932422
    outer loop
      vertex -1.7512466275700465 9.631129845492195 26.31876220814526
      vertex -1.7512466275700465 15.37033956157516 26.31876220814526
      vertex -1.5 9.66402514723142 26.347070904313565
    endloop
  endfacet
  facet normal 0.3302790619551663 -2.14457649492155e-18 -0.9438833303083678
    outer loop
      vertex -4.292757036305139 14.910542131117916 25.637766546569402
      vertex -3.463373299328124 15.113471028094049 25.927980467987155
      vertex -3.463373299328124 9.12722215767746 25.927980467987155
    endloop
  endfacet
  facet normal 0.2588190451024745 -7.166294567566712e-15 -0.9659258262890806
    outer loop
      vertex -2.614620973986689 9.435368702935714 26.15540296813643
      vertex -3.463373299328124 15.113471028094049 25.927980467987155
      vertex -3.450297624000639 15.116741598942045 25.931484084631645
    endloop
  endfacet
  facet normal 0.25881904510252024 0 -0.9659258262890684
    outer loop
      vertex -2.614620973986689 9.435368702935714 26.15540296813643
      vertex -3.450297624000639 15.116741598942045 25.931484084631645
      vertex -2.614620973986689 15.260218258331308 26.15540296813643
    endloop
  endfacet
  facet normal 0.185911607162912 -1.49821603476356e-17 -0.9825664732332887
    outer loop
      vertex -1.7512466275700465 9.631129845492195 26.31876220814526
      vertex -2.614620973986689 15.260218258331308 26.15540296813643
      vertex -2.308273215731646 15.31439214945414 26.213367091317362
    endloop
  endfacet
  facet normal 0.18591160716291213 0 -0.9825664732332886
    outer loop
      vertex -1.7512466275700465 9.631129845492195 26.31876220814526
      vertex -2.308273215731646 15.31439214945414 26.213367091317362
      vertex -1.7512466275700465 15.37033956157516 26.31876220814526
    endloop
  endfacet
  facet normal 0.11196447610330801 -1.1236451228977093e-16 -0.9937122098932425
    outer loop
      vertex -1.5 9.66402514723142 26.347070904313565
      vertex -1.7512466275700465 15.37033956157516 26.31876220814526
      vertex -1.156544514537749 15.43301401292001 26.385769043585416
    endloop
  endfacet
  facet normal 0.1119644761033072 0 -0.9937122098932428
    outer loop
      vertex -0.8780785996404834 -15.441416202704813 26.417144616878865
      vertex -1.156544514537749 15.43301401292001 26.385769043585416
      vertex -0.8780785996404834 15.441416202704813 26.417144616878865
    endloop
  endfacet
  facet normal 0.03739119427632704 -5.794973168030352e-20 -0.9993007047883984
    outer loop
      vertex -0.8780785996404834 15.441416202704813 26.417144616878865
      vertex 0 15.472159172915125 26.45
      vertex 0 -15.472159172915125 26.45
    endloop
  endfacet
  facet normal -0.1119644761033082 1.0292523997287636e-16 -0.9937122098932425
    outer loop
      vertex 1.1565445145377502 -15.43301401292001 26.385769043585416
      vertex 1.5 -9.664025147231424 26.347070904313565
      vertex 1.7512466275700465 -15.37033956157516 26.31876220814526
    endloop
  endfacet
  facet normal -0.185911607162911 0 -0.9825664732332888
    outer loop
      vertex 1.7512466275700465 -15.37033956157516 26.31876220814526
      vertex 1.7512466275700465 -9.631129845492199 26.31876220814526
      vertex 2.3082732157316497 -15.31439214945414 26.213367091317362
    endloop
  endfacet
  facet normal -0.185911607162914 -3.038502898773435e-16 -0.9825664732332883
    outer loop
      vertex 2.3082732157316497 -15.31439214945414 26.213367091317362
      vertex 1.7512466275700465 -9.631129845492199 26.31876220814526
      vertex 2.614620973986689 -15.26021825833131 26.15540296813643
    endloop
  endfacet
  facet normal -0.2588190451025226 0 -0.9659258262890678
    outer loop
      vertex 2.614620973986689 -15.26021825833131 26.15540296813643
      vertex 2.614620973986689 -9.435368702935717 26.15540296813643
      vertex 3.450297624000644 -15.116741598942045 25.93148408463164
    endloop
  endfacet
  facet normal -0.25881904510246584 8.949167579657152e-15 -0.965925826289083
    outer loop
      vertex 3.450297624000644 -15.116741598942045 25.93148408463164
      vertex 2.614620973986689 -9.435368702935717 26.15540296813643
      vertex 3.463373299328129 -15.113471028094047 25.92798046798715
    endloop
  endfacet
  facet normal -0.33027906195516643 2.1445764949215497e-18 -0.9438833303083678
    outer loop
      vertex 4.292757036305145 -14.910542131117916 25.6377665465694
      vertex 3.463373299328129 -15.113471028094047 25.92798046798715
      vertex 3.463373299328129 -9.127222157677457 25.92798046798715
    endloop
  endfacet
  facet normal -0.11196447610331052 0 -0.9937122098932422
    outer loop
      vertex 1.7512466275700465 -15.37033956157516 26.31876220814526
      vertex 1.5 -9.664025147231424 26.347070904313565
      vertex 1.7512466275700465 -9.631129845492199 26.31876220814526
    endloop
  endfacet
  facet normal -0.1859116071629117 6.872999709542869e-17 -0.9825664732332888
    outer loop
      vertex 2.614620973986689 -15.26021825833131 26.15540296813643
      vertex 1.7512466275700465 -9.631129845492199 26.31876220814526
      vertex 2.452058400802383 -9.477044988252752 26.18616146648594
    endloop
  endfacet
  facet normal -0.185911607162914 0 -0.9825664732332883
    outer loop
      vertex 2.614620973986689 -15.26021825833131 26.15540296813643
      vertex 2.452058400802383 -9.477044988252752 26.18616146648594
      vertex 2.614620973986689 -9.435368702935717 26.15540296813643
    endloop
  endfacet
  facet normal -0.2588190451025217 0 -0.965925826289068
    outer loop
      vertex 3.463373299328129 -15.113471028094047 25.92798046798715
      vertex 2.614620973986689 -9.435368702935717 26.15540296813643
      vertex 3.463373299328129 -9.127222157677457 25.92798046798715
    endloop
  endfacet
  facet normal -0.3302790619551664 0 -0.9438833303083679
    outer loop
      vertex 4.292757036305145 -14.910542131117916 25.6377665465694
      vertex 3.463373299328129 -9.127222157677457 25.92798046798715
      vertex 4.292757036305145 -8.733996257812526 25.6377665465694
    endloop
  endfacet
  facet normal -0.3998920243197371 0 -0.9165622558699779
    outer loop
      vertex 4.292757036305145 -14.910542131117916 25.6377665465694
      vertex 4.292757036305145 -8.733996257812526 25.6377665465694
      vertex 4.578252218200489 -14.842329151595107 25.513206272032132
    endloop
  endfacet
  facet normal -0.3998920243197457 -4.769125632776295e-16 -0.9165622558699741
    outer loop
      vertex 4.578252218200489 -14.842329151595107 25.513206272032132
      vertex 4.292757036305145 -8.733996257812526 25.6377665465694
      vertex 5.098133934631309 -14.675854250809522 25.286384197853423
    endloop
  endfacet
  facet normal -0.39989202431973925 5.623603682688698e-16 -0.916562255869977
    outer loop
      vertex 5.098133934631309 -14.675854250809522 25.286384197853423
      vertex 4.292757036305145 -8.733996257812526 25.6377665465694
      vertex 4.5 -8.611482618425475 25.547347365823956
    endloop
  endfacet
  facet normal -0.3998920243197439 5.154464756337183e-18 -0.916562255869975
    outer loop
      vertex 5.098133934631309 -14.675854250809522 25.286384197853423
      vertex 4.5 -8.611482618425475 25.547347365823956
      vertex 4.5 -6.03252532829017 25.547347365823956
    endloop
  endfacet
  facet normal -0.11196447610330641 -7.24906912449684e-18 -0.9937122098932428
    outer loop
      vertex 1.1565445145377502 -15.43301401292001 26.385769043585416
      vertex 1.1565445145377482 15.43301401292001 26.385769043585416
      vertex 1.5 -9.664025147231424 26.347070904313565
    endloop
  endfacet
  facet normal -0.11196447610331055 -1.1670092175087269e-21 -0.9937122098932423
    outer loop
      vertex 1.5 -7.451039552667687 26.347070904313565
      vertex 1.7512466275700465 7.405986520806712 26.31876220814526
      vertex 1.7512466275700465 -7.405986520806714 26.31876220814526
    endloop
  endfacet
  facet normal -0.11196447610330588 0 -0.9937122098932429
    outer loop
      vertex 1.5 -9.664025147231424 26.347070904313565
      vertex 1.1565445145377482 15.43301401292001 26.385769043585416
      vertex 1.5 -7.451039552667687 26.347070904313565
    endloop
  endfacet
  facet normal -0.18591160716291208 -2.3556685825869504e-19 -0.9825664732332887
    outer loop
      vertex 1.7512466275700465 -7.405986520806714 26.31876220814526
      vertex 2.614620973986689 7.146001779681747 26.15540296813643
      vertex 2.614620973986689 -7.146001779681745 26.15540296813643
    endloop
  endfacet
  facet normal -0.25881904510252207 0 -0.965925826289068
    outer loop
      vertex 2.614620973986689 -7.146001779681745 26.15540296813643
      vertex 2.614620973986689 7.146001779681747 26.15540296813643
      vertex 3.0742457245699097 -6.949999999999999 26.032246887396298
    endloop
  endfacet
  facet normal -0.25881904510252135 -4.450043423916937e-19 -0.9659258262890681
    outer loop
      vertex 3.0742457245699097 -6.949999999999999 26.032246887396298
      vertex 3.463373299328129 6.752718306242967 25.92798046798715
      vertex 3.463373299328129 -6.752718306242968 25.92798046798715
    endloop
  endfacet
  facet normal -0.3302790619551663 0 -0.9438833303083678
    outer loop
      vertex 4.292757036305145 -6.203606767805099 25.6377665465694
      vertex 3.463373299328129 -6.752718306242968 25.92798046798715
      vertex 4.292757036305145 6.203606767805097 25.6377665465694
    endloop
  endfacet
  facet normal -0.399892024319744 1.101789361559881e-18 -0.9165622558699749
    outer loop
      vertex 5.098133934631309 -14.675854250809522 25.286384197853423
      vertex 4.5 -6.03252532829017 25.547347365823956
      vertex 4.5 6.03252532829017 25.547347365823956
    endloop
  endfacet
  facet normal -0.4672686282730584 0 -0.8841153935046118
    outer loop
      vertex 5.098133934631309 -14.675854250809522 25.286384197853423
      vertex 5.098133934631309 14.675854250809522 25.286384197853423
      vertex 5.687260743236234 -14.490904044392076 24.975021588675787
    endloop
  endfacet
  facet normal -0.46726862827306465 -8.139018399893603e-18 -0.8841153935046084
    outer loop
      vertex 5.687260743236234 -14.490904044392076 24.975021588675787
      vertex 5.68726074323624 14.490904044392074 24.975021588675784
      vertex 5.875 -14.415949598464934 24.875798494467155
    endloop
  endfacet
  facet normal -0.6522874112781208 0 -0.7579717231454534
    outer loop
      vertex 7.326005171840118 -13.802303518263518 23.88651991899935
      vertex 7.326005171840118 13.802303518263518 23.88651991899935
      vertex 7.8325002366887855 -13.566288360240232 23.450645671205173
    endloop
  endfacet
  facet normal -0.6522874112781208 0 -0.7579717231454532
    outer loop
      vertex 7.8325002366887855 -13.566288360240232 23.450645671205173
      vertex 7.8325002366887855 13.56628836024023 23.450645671205173
      vertex 7.9920296688083 -13.476466629760065 23.313359494000462
    endloop
  endfacet
  facet normal -0.5320320765153366 0 -0.8467241992282842
    outer loop
      vertex 5.875 -14.415949598464934 24.875798494467155
      vertex 5.875 14.415949598464934 24.875798494467155
      vertex 6.619010682247558 -14.124111439196518 24.40830559821294
    endloop
  endfacet
  facet normal -0.5938201855735005 -2.0408251475391337e-19 -0.804597779766669
    outer loop
      vertex 6.773249390926247 -14.064797284578898 24.29447225077721
      vertex 6.619010682247558 -14.124111439196518 24.40830559821294
      vertex 6.619010682247558 14.124111439196518 24.40830559821294
    endloop
  endfacet
  facet normal -0.5938201855735027 -1.888460037269511e-17 -0.8045977797666675
    outer loop
      vertex 6.773249390926247 -14.064797284578898 24.29447225077721
      vertex 6.619010682247558 14.124111439196518 24.40830559821294
      vertex 7.326005171840118 -13.802303518263518 23.88651991899935
    endloop
  endfacet
  facet normal -0.39989202431973897 0 -0.9165622558699771
    outer loop
      vertex 4.292757036305145 -6.203606767805099 25.6377665465694
      vertex 4.292757036305145 6.203606767805097 25.6377665465694
      vertex 4.5 -6.03252532829017 25.547347365823956
    endloop
  endfacet
  facet normal -0.3998920243197443 5.1544647563371874e-18 -0.9165622558699748
    outer loop
      vertex 5.098133934631309 -14.675854250809522 25.286384197853423
      vertex 4.5 6.03252532829017 25.547347365823956
      vertex 4.5 8.611482618425473 25.547347365823956
    endloop
  endfacet
  facet normal -0.804597779766669 0 0.5938201855735005
    outer loop
      vertex 9.70830559821294 -11.131788196028742 8.08098931775244
      vertex 9.70830559821294 -10.5 8.08098931775244
      vertex 9.648532761515364 -11.131806591545502 8
    endloop
  endfacet
  facet normal -0.8467241992282847 0 0.5320320765153359
    outer loop
      vertex 9.70830559821294 -11.131788196028742 8.08098931775244
      vertex 9.796750898008806 -11.145043612936728 8.221749206020196
      vertex 9.70830559821294 -10.5 8.08098931775244
    endloop
  endfacet
  facet normal -0.804597779766669 2.3786653770827955e-18 0.5938201855735005
    outer loop
      vertex 9.70830559821294 -10.5 8.08098931775244
      vertex 9.648532761515364 -10.5 8
      vertex 9.648532761515364 -11.131806591545502 8
    endloop
  endfacet
  facet normal -0.8467241992282845 1.8568213589375625e-17 0.5320320765153359
    outer loop
      vertex 9.796750898008806 -11.145043612936728 8.221749206020196
      vertex 10 -10.5 8.545218298813515
      vertex 9.70830559821294 -10.5 8.08098931775244
    endloop
  endfacet
  facet normal -0.8467241992282845 -8.670357495837811e-17 0.5320320765153361
    outer loop
      vertex 9.796750898008806 -11.145043612936728 8.221749206020196
      vertex 10.175798494467154 -11.13098629484472 8.825
      vertex 10 -10.5 8.545218298813515
    endloop
  endfacet
  facet normal -0.8467241992282843 1.0914536738992036e-19 0.5320320765153362
    outer loop
      vertex 10 -10.5 8.545218298813515
      vertex 10.175798494467154 -11.13098629484472 8.825
      vertex 10.175798494467154 11.13098629484472 8.825
    endloop
  endfacet
  facet normal -0.8841153935046094 1.5953941483399174e-17 0.4672686282730628
    outer loop
      vertex 10.175798494467154 -11.13098629484472 8.825
      vertex 10.346845628859077 -11.151247520778961 9.148636973211001
      vertex 10.34684562885907 11.151247520778961 9.148636973210987
    endloop
  endfacet
  facet normal -0.8841153935046098 1.6064071952882388e-17 0.46726862827306215
    outer loop
      vertex 10.346845628859077 -11.151247520778961 9.148636973211001
      vertex 10.452993842976678 -11.15649640295917 9.349479196326293
      vertex 10.34684562885907 11.151247520778961 9.148636973210987
    endloop
  endfacet
  facet normal -0.8841153935046093 2.265049395140048e-17 0.4672686282730627
    outer loop
      vertex 10.452993842976678 -11.15649640295917 9.349479196326293
      vertex 10.586384197853425 -11.133127052033258 9.601866065368691
      vertex 10.34684562885907 11.151247520778961 9.148636973210987
    endloop
  endfacet
  facet normal -0.9165622558699769 -4.230538962800942e-19 0.3998920243197396
    outer loop
      vertex 10.586384197853425 -11.133127052033258 9.601866065368691
      vertex 10.9377665465694 -11.132826260170255 10.40724296369486
      vertex 10.9377665465694 11.132826260170257 10.40724296369486
    endloop
  endfacet
  facet normal -0.9438833303083678 5.638709896982184e-17 0.3302790619551665
    outer loop
      vertex 10.9377665465694 -11.132826260170255 10.40724296369486
      vertex 10.97271904640169 -11.141417363520778 10.507131469339164
      vertex 11.227980467987154 11.121461409451786 11.236626700671875
    endloop
  endfacet
  facet normal -0.9438833303083672 -4.416545262322871e-19 0.33027906195516804
    outer loop
      vertex 10.97271904640169 -11.141417363520778 10.507131469339164
      vertex 11.227980467987154 -11.121461409451786 11.236626700671875
      vertex 11.227980467987154 11.121461409451786 11.236626700671875
    endloop
  endfacet
  facet normal -0.9659258262890679 0 0.2588190451025219
    outer loop
      vertex 11.227980467987154 -11.121461409451786 11.236626700671875
      vertex 11.348987733583062 -11.146123619195642 11.688231963960785
      vertex 11.227980467987154 11.121461409451786 11.236626700671875
    endloop
  endfacet
  facet normal -0.9659258262890685 0 0.2588190451025199
    outer loop
      vertex 11.348987733583062 -11.146123619195642 11.688231963960785
      vertex 11.455402968136427 -11.124304416913725 12.085379026013305
      vertex 11.348987733583062 11.146123619195642 11.688231963960785
    endloop
  endfacet
  facet normal -0.9825664732332884 -3.4066684445929766e-18 0.1859116071629136
    outer loop
      vertex 11.455402968136427 -11.124304416913725 12.085379026013305
      vertex 11.606921833426027 -11.143362674660299 12.886175487126412
      vertex 11.61876220814526 11.138149707473703 12.94875337242995
    endloop
  endfacet
  facet normal -0.9825664732332886 2.844497864116635e-20 0.18591160716291266
    outer loop
      vertex 11.606921833426027 -11.143362674660299 12.886175487126412
      vertex 11.61876220814526 -11.138149707473703 12.94875337242995
      vertex 11.61876220814526 11.138149707473703 12.94875337242995
    endloop
  endfacet
  facet normal -0.9937122098932424 2.540343275098699e-19 0.1119644761033096
    outer loop
      vertex 11.61876220814526 -11.138149707473703 12.94875337242995
      vertex 11.717144616878867 -11.132241506481206 13.821921400359514
      vertex 11.717144616878867 11.132241506481206 13.821921400359514
    endloop
  endfacet
  facet normal -0.9993007047883987 1.578188540855661e-16 0.03739119427632095
    outer loop
      vertex 11.717144616878867 -11.132241506481206 13.821921400359514
      vertex 11.727334907576957 -11.150893936476063 14.094262652723526
      vertex 11.75 11.12822884405302 14.7
    endloop
  endfacet
  facet normal -0.9993007047883986 3.922611058409306e-20 0.037391194276326756
    outer loop
      vertex 11.727334907576957 -11.150893936476063 14.094262652723526
      vertex 11.75 -11.12822884405302 14.7
      vertex 11.75 11.12822884405302 14.7
    endloop
  endfacet
  facet normal -0.9993007047883986 -4.738164383928953e-17 -0.03739119427632383
    outer loop
      vertex 11.75 -11.12822884405302 14.7
      vertex 11.727334907576958 -11.150893936476061 15.305737347276473
      vertex 11.717144616878867 11.136338689242635 15.578078599640483
    endloop
  endfacet
  facet normal -0.9993007047883985 1.2105721121722834e-20 -0.0373911942763277
    outer loop
      vertex 11.727334907576958 -11.150893936476061 15.305737347276473
      vertex 11.717144616878867 -11.136338689242635 15.578078599640483
      vertex 11.717144616878867 11.136338689242635 15.578078599640483
    endloop
  endfacet
  facet normal -0.9825664732332883 2.414329065042442e-19 -0.18591160716291427
    outer loop
      vertex 11.618762208145261 -11.155383089620313 16.451246627570047
      vertex 11.455402968136429 -11.240294197174364 17.31462097398669
      vertex 11.455402968136429 11.240294197174364 17.31462097398669
    endloop
  endfacet
  facet normal -0.9937122098932426 0 -0.1119644761033076
    outer loop
      vertex 11.618762208145261 -11.155383089620313 16.451246627570047
      vertex 11.618762208145261 11.155383089620312 16.451246627570047
      vertex 11.717144616878867 -11.136338689242635 15.578078599640483
    endloop
  endfacet
  facet normal -0.8467241992282846 1.605077510850018e-17 -0.5320320765153359
    outer loop
      vertex 9.70830559821294 -12.460902219655946 21.31901068224756
      vertex 9.862239137482561 12.36685671894797 21.074026857914763
      vertex 9.862239137482563 -12.36685671894797 21.07402685791476
    endloop
  endfacet
  facet normal -0.8467241992282845 1.5609193273027937e-17 -0.5320320765153361
    outer loop
      vertex 9.862239137482563 -12.36685671894797 21.07402685791476
      vertex 9.862239137482561 12.36685671894797 21.074026857914763
      vertex 10.175798494467154 -12.139316977743116 20.575
    endloop
  endfacet
  facet normal -0.9165622558699752 -2.6435648915940782e-17 -0.39989202431974313
    outer loop
      vertex 10.9377665465694 -11.605451406635675 18.992757036305143
      vertex 10.840061894842735 -11.682808236048338 19.216698476867553
      vertex 10.84006189484273 11.68280823604834 19.216698476867563
    endloop
  endfacet
  facet normal -0.8841153935046099 2.6395735932969683e-19 -0.46726862827306187
    outer loop
      vertex 10.586384197853423 -11.851830294675331 19.79813393463131
      vertex 10.175798494467154 -12.139316977743116 20.575
      vertex 10.175798494467154 12.139316977743116 20.575
    endloop
  endfacet
  facet normal -0.9165622558699759 0 -0.39989202431974147
    outer loop
      vertex 10.586384197853423 -11.851830294675331 19.79813393463131
      vertex 10.586384197853423 11.851830294675331 19.79813393463131
      vertex 10.840061894842735 -11.682808236048338 19.216698476867553
    endloop
  endfacet
  facet normal -0.7579717231454526 3.6740018695426e-17 -0.6522874112781215
    outer loop
      vertex 8.613359494000463 -13.133205642861336 22.6920296688083
      vertex 8.86236443710991 12.998701227202444 22.402680675500918
      vertex 8.862364437109912 -12.998701227202442 22.402680675500914
    endloop
  endfacet
  facet normal -0.7579717231454524 3.734842955093845e-17 -0.652287411278122
    outer loop
      vertex 8.862364437109912 -12.998701227202442 22.402680675500914
      vertex 8.86236443710991 12.998701227202444 22.402680675500918
      vertex 9.186519918999352 -12.789542152615013 22.02600517184012
    endloop
  endfacet
  facet normal -0.7071067811865475 0 -0.7071067811865475
    outer loop
      vertex 7.9920296688083 -13.476466629760065 23.313359494000462
      vertex 7.9920296688083 13.476466629760065 23.313359494000462
      vertex 8.613359494000463 -13.133205642861336 22.6920296688083
    endloop
  endfacet
  facet normal -0.8045977797666691 0 -0.5938201855735005
    outer loop
      vertex 9.186519918999352 -12.789542152615013 22.02600517184012
      vertex 9.186519918999352 12.789542152615011 22.02600517184012
      vertex 9.70830559821294 -12.460902219655946 21.31901068224756
    endloop
  endfacet
  facet normal -0.9438833303083677 0 -0.3302790619551666
    outer loop
      vertex 10.9377665465694 -11.605451406635675 18.992757036305143
      vertex 10.9377665465694 11.605451406635675 18.992757036305143
      vertex 11.227980467987152 -11.390597154548212 18.16337329932813
    endloop
  endfacet
  facet normal -0.9659258262890681 6.242790869703792e-19 -0.25881904510252174
    outer loop
      vertex 11.455402968136429 -11.240294197174364 17.31462097398669
      vertex 11.227980467987152 -11.390597154548212 18.16337329932813
      vertex 11.227980467987152 11.390597154548212 18.16337329932813
    endloop
  endfacet
  facet normal -0.03739119427632704 0 -0.9993007047883984
    outer loop
      vertex 0 -15.472159172915125 26.45
      vertex 0 15.472159172915125 26.45
      vertex 0.8780785996404834 -15.441416202704813 26.417144616878865
    endloop
  endfacet
  facet normal -0.11196447610330676 0 -0.9937122098932428
    outer loop
      vertex 0.8780785996404834 -15.441416202704813 26.417144616878865
      vertex 0.8780785996404834 15.441416202704813 26.417144616878865
      vertex 1.1565445145377502 -15.43301401292001 26.385769043585416
    endloop
  endfacet
  facet normal -0.11196447610331053 0 -0.9937122098932423
    outer loop
      vertex 1.5 -7.451039552667687 26.347070904313565
      vertex 1.5 7.451039552667687 26.347070904313565
      vertex 1.7512466275700465 7.405986520806712 26.31876220814526
    endloop
  endfacet
  facet normal -0.1859116071629121 0 -0.9825664732332887
    outer loop
      vertex 1.7512466275700465 -7.405986520806714 26.31876220814526
      vertex 1.7512466275700465 7.405986520806712 26.31876220814526
      vertex 2.614620973986689 7.146001779681747 26.15540296813643
    endloop
  endfacet
  facet normal -0.25881904510252135 2.4806923431739518e-17 -0.9659258262890681
    outer loop
      vertex 3.0742457245699097 -6.949999999999999 26.032246887396298
      vertex 2.614620973986689 7.146001779681747 26.15540296813643
      vertex 3.074245724569911 6.949999999999999 26.032246887396298
    endloop
  endfacet
  facet normal -0.2588190451025222 2.4806923431739598e-17 -0.9659258262890679
    outer loop
      vertex 3.0742457245699097 -6.949999999999999 26.032246887396298
      vertex 3.074245724569911 6.949999999999999 26.032246887396298
      vertex 3.463373299328129 6.752718306242967 25.92798046798715
    endloop
  endfacet
  facet normal -0.3302790619551664 0 -0.9438833303083678
    outer loop
      vertex 3.463373299328129 -6.752718306242968 25.92798046798715
      vertex 3.463373299328129 6.752718306242967 25.92798046798715
      vertex 4.292757036305145 6.203606767805097 25.6377665465694
    endloop
  endfacet
  facet normal -0.11196447610330586 0 -0.9937122098932427
    outer loop
      vertex 1.5 -7.451039552667687 26.347070904313565
      vertex 1.1565445145377482 15.43301401292001 26.385769043585416
      vertex 1.5 7.451039552667687 26.347070904313565
    endloop
  endfacet
  facet normal -0.39989202431973897 0 -0.9165622558699771
    outer loop
      vertex 4.5 -6.03252532829017 25.547347365823956
      vertex 4.292757036305145 6.203606767805097 25.6377665465694
      vertex 4.5 6.03252532829017 25.547347365823956
    endloop
  endfacet
  facet normal -0.39989202431974274 3.635025210259256e-17 -0.9165622558699754
    outer loop
      vertex 5.098133934631309 -14.675854250809522 25.286384197853423
      vertex 4.5 8.611482618425473 25.547347365823956
      vertex 4.578252218200495 14.842329151595106 25.51320627203213
    endloop
  endfacet
  facet normal -0.3998920243197446 0 -0.9165622558699746
    outer loop
      vertex 5.098133934631309 -14.675854250809522 25.286384197853423
      vertex 4.578252218200495 14.842329151595106 25.51320627203213
      vertex 5.098133934631309 14.675854250809522 25.286384197853423
    endloop
  endfacet
  facet normal -0.4672686282730636 0 -0.8841153935046089
    outer loop
      vertex 5.875 -14.415949598464934 24.875798494467155
      vertex 5.68726074323624 14.490904044392074 24.975021588675784
      vertex 5.875 14.415949598464934 24.875798494467155
    endloop
  endfacet
  facet normal -0.46726862827305865 -8.139018399895259e-18 -0.8841153935046115
    outer loop
      vertex 5.687260743236234 -14.490904044392076 24.975021588675787
      vertex 5.098133934631309 14.675854250809522 25.286384197853423
      vertex 5.68726074323624 14.490904044392074 24.975021588675784
    endloop
  endfacet
  facet normal -0.5938201855735007 0 -0.804597779766669
    outer loop
      vertex 7.326005171840118 -13.802303518263518 23.88651991899935
      vertex 6.773249390926249 14.064797284578896 24.294472250777208
      vertex 7.326005171840118 13.802303518263518 23.88651991899935
    endloop
  endfacet
  facet normal -0.652287411278121 0 -0.7579717231454531
    outer loop
      vertex 7.9920296688083 -13.476466629760065 23.313359494000462
      vertex 7.8325002366887855 13.56628836024023 23.450645671205173
      vertex 7.9920296688083 13.476466629760065 23.313359494000462
    endloop
  endfacet
  facet normal -0.6522874112781208 0 -0.7579717231454532
    outer loop
      vertex 7.8325002366887855 -13.566288360240232 23.450645671205173
      vertex 7.326005171840118 13.802303518263518 23.88651991899935
      vertex 7.8325002366887855 13.56628836024023 23.450645671205173
    endloop
  endfacet
  facet normal -0.5320320765153366 0 -0.8467241992282841
    outer loop
      vertex 6.619010682247558 -14.124111439196518 24.40830559821294
      vertex 5.875 14.415949598464934 24.875798494467155
      vertex 6.619010682247558 14.124111439196518 24.40830559821294
    endloop
  endfacet
  facet normal -0.5938201855735081 -2.2548633349025597e-16 -0.8045977797666634
    outer loop
      vertex 7.326005171840118 -13.802303518263518 23.88651991899935
      vertex 6.619010682247558 14.124111439196518 24.40830559821294
      vertex 6.773249390926249 14.064797284578896 24.294472250777208
    endloop
  endfacet
  facet normal -0.11196447610330586 0 -0.9937122098932428
    outer loop
      vertex 1.5 7.451039552667687 26.347070904313565
      vertex 1.1565445145377482 15.43301401292001 26.385769043585416
      vertex 1.5 9.66402514723142 26.347070904313565
    endloop
  endfacet
  facet normal -0.11196447610331052 -3.011862246576208e-21 -0.9937122098932422
    outer loop
      vertex 1.5 9.66402514723142 26.347070904313565
      vertex 1.7512466275700465 15.37033956157516 26.31876220814526
      vertex 1.7512466275700465 9.631129845492195 26.31876220814526
    endloop
  endfacet
  facet normal -0.18591160716291233 -5.4494547420833e-17 -0.9825664732332887
    outer loop
      vertex 1.7512466275700465 9.631129845492195 26.31876220814526
      vertex 2.308273215731644 15.31439214945414 26.213367091317362
      vertex 2.4520584008023802 9.477044988252747 26.18616146648594
    endloop
  endfacet
  facet normal -0.18591160716291108 1.0034475540284798e-19 -0.9825664732332889
    outer loop
      vertex 2.4520584008023802 9.477044988252747 26.18616146648594
      vertex 2.614620973986689 15.26021825833131 26.15540296813643
      vertex 2.614620973986689 9.435368702935714 26.15540296813643
    endloop
  endfacet
  facet normal -0.25881904510252174 2.375748735349154e-18 -0.965925826289068
    outer loop
      vertex 2.614620973986689 9.435368702935714 26.15540296813643
      vertex 3.463373299328129 15.113471028094047 25.92798046798715
      vertex 3.463373299328129 9.127222157677458 25.92798046798715
    endloop
  endfacet
  facet normal -0.3302790619551663 0 -0.9438833303083677
    outer loop
      vertex 4.292757036305145 8.733996257812525 25.6377665465694
      vertex 3.463373299328129 9.127222157677458 25.92798046798715
      vertex 4.292757036305145 14.910542131117916 25.6377665465694
    endloop
  endfacet
  facet normal -0.11196447610330786 -1.1993811127545534e-16 -0.9937122098932426
    outer loop
      vertex 1.5 9.66402514723142 26.347070904313565
      vertex 1.1565445145377482 15.43301401292001 26.385769043585416
      vertex 1.7512466275700465 15.37033956157516 26.31876220814526
    endloop
  endfacet
  facet normal -0.18591160716291288 0 -0.9825664732332886
    outer loop
      vertex 1.7512466275700465 9.631129845492195 26.31876220814526
      vertex 1.7512466275700465 15.37033956157516 26.31876220814526
      vertex 2.308273215731644 15.31439214945414 26.213367091317362
    endloop
  endfacet
  facet normal -0.1859116071629107 -1.141429336204902e-17 -0.9825664732332889
    outer loop
      vertex 2.4520584008023802 9.477044988252747 26.18616146648594
      vertex 2.308273215731644 15.31439214945414 26.213367091317362
      vertex 2.614620973986689 15.26021825833131 26.15540296813643
    endloop
  endfacet
  facet normal -0.258819045102521 0 -0.9659258262890682
    outer loop
      vertex 2.614620973986689 9.435368702935714 26.15540296813643
      vertex 2.614620973986689 15.26021825833131 26.15540296813643
      vertex 3.4502976240006364 15.116741598942047 25.931484084631645
    endloop
  endfacet
  facet normal -0.25881904510256554 7.493987470916172e-15 -0.9659258262890562
    outer loop
      vertex 2.614620973986689 9.435368702935714 26.15540296813643
      vertex 3.4502976240006364 15.116741598942047 25.931484084631645
      vertex 3.463373299328129 15.113471028094047 25.92798046798715
    endloop
  endfacet
  facet normal -0.3302790619551663 2.14457649492155e-18 -0.9438833303083678
    outer loop
      vertex 4.292757036305145 14.910542131117916 25.6377665465694
      vertex 3.463373299328129 9.127222157677458 25.92798046798715
      vertex 3.463373299328129 15.113471028094047 25.92798046798715
    endloop
  endfacet
  facet normal -0.399892024319739 -1.9409745921115066e-17 -0.916562255869977
    outer loop
      vertex 4.5 8.611482618425473 25.547347365823956
      vertex 4.292757036305145 8.733996257812525 25.6377665465694
      vertex 4.578252218200495 14.842329151595106 25.51320627203213
    endloop
  endfacet
  facet normal -0.39989202431973936 0 -0.9165622558699769
    outer loop
      vertex 4.292757036305145 8.733996257812525 25.6377665465694
      vertex 4.292757036305145 14.910542131117916 25.6377665465694
      vertex 4.578252218200495 14.842329151595106 25.51320627203213
    endloop
  endfacet
  facet normal -0.8467241992282843 0 0.5320320765153362
    outer loop
      vertex 10 -10.5 8.545218298813515
      vertex 10.175798494467154 11.13098629484472 8.825
      vertex 10 10.5 8.545218298813515
    endloop
  endfacet
  facet normal -0.884115393504609 0 0.4672686282730637
    outer loop
      vertex 10.175798494467154 -11.13098629484472 8.825
      vertex 10.34684562885907 11.151247520778961 9.148636973210987
      vertex 10.175798494467154 11.13098629484472 8.825
    endloop
  endfacet
  facet normal -0.8841153935046103 -2.886028591235638e-17 0.4672686282730607
    outer loop
      vertex 10.586384197853425 -11.133127052033258 9.601866065368691
      vertex 10.452993842976678 11.15649640295917 9.349479196326293
      vertex 10.34684562885907 11.151247520778961 9.148636973210987
    endloop
  endfacet
  facet normal -0.8841153935046094 0 0.46726862827306276
    outer loop
      vertex 10.586384197853425 -11.133127052033258 9.601866065368691
      vertex 10.586384197853425 11.133127052033256 9.601866065368691
      vertex 10.452993842976678 11.15649640295917 9.349479196326293
    endloop
  endfacet
  facet normal -0.9165622558699769 0 0.3998920243197395
    outer loop
      vertex 10.586384197853425 -11.133127052033258 9.601866065368691
      vertex 10.9377665465694 11.132826260170257 10.40724296369486
      vertex 10.586384197853425 11.133127052033256 9.601866065368691
    endloop
  endfacet
  facet normal -0.9438833303083678 0 0.33027906195516654
    outer loop
      vertex 10.9377665465694 -11.132826260170255 10.40724296369486
      vertex 10.97271904640169 11.14141736352078 10.507131469339164
      vertex 10.9377665465694 11.132826260170257 10.40724296369486
    endloop
  endfacet
  facet normal -0.9438833303083672 -7.643110464353358e-18 0.3302790619551681
    outer loop
      vertex 10.9377665465694 -11.132826260170255 10.40724296369486
      vertex 11.227980467987154 11.121461409451786 11.236626700671875
      vertex 10.97271904640169 11.14141736352078 10.507131469339164
    endloop
  endfacet
  facet normal -0.965925826289068 0 0.25881904510252196
    outer loop
      vertex 11.348987733583062 -11.146123619195642 11.688231963960785
      vertex 11.348987733583062 11.146123619195642 11.688231963960785
      vertex 11.227980467987154 11.121461409451786 11.236626700671875
    endloop
  endfacet
  facet normal -0.9659258262890684 0 0.2588190451025199
    outer loop
      vertex 11.455402968136427 -11.124304416913725 12.085379026013305
      vertex 11.455402968136427 11.124304416913725 12.085379026013305
      vertex 11.348987733583062 11.146123619195642 11.688231963960785
    endloop
  endfacet
  facet normal -0.9825664732332884 0 0.1859116071629136
    outer loop
      vertex 11.455402968136427 -11.124304416913725 12.085379026013305
      vertex 11.606921833426027 11.143362674660299 12.886175487126412
      vertex 11.455402968136427 11.124304416913725 12.085379026013305
    endloop
  endfacet
  facet normal -0.9825664732332885 3.0621810977045775e-17 0.18591160716291294
    outer loop
      vertex 11.455402968136427 -11.124304416913725 12.085379026013305
      vertex 11.61876220814526 11.138149707473703 12.94875337242995
      vertex 11.606921833426027 11.143362674660299 12.886175487126412
    endloop
  endfacet
  facet normal -0.9937122098932424 0 0.11196447610330959
    outer loop
      vertex 11.61876220814526 -11.138149707473703 12.94875337242995
      vertex 11.717144616878867 11.132241506481206 13.821921400359514
      vertex 11.61876220814526 11.138149707473703 12.94875337242995
    endloop
  endfacet
  facet normal -0.9993007047883986 0 0.03739119427632745
    outer loop
      vertex 11.717144616878867 -11.132241506481206 13.821921400359514
      vertex 11.727334907576958 11.150893936476061 14.094262652723526
      vertex 11.717144616878867 11.132241506481206 13.821921400359514
    endloop
  endfacet
  facet normal -0.9993007047883985 4.438807027908954e-17 0.03739119427632383
    outer loop
      vertex 11.717144616878867 -11.132241506481206 13.821921400359514
      vertex 11.75 11.12822884405302 14.7
      vertex 11.727334907576958 11.150893936476061 14.094262652723526
    endloop
  endfacet
  facet normal -0.9993007047883986 0 -0.037391194276326756
    outer loop
      vertex 11.75 -11.12822884405302 14.7
      vertex 11.727334907576957 11.150893936476063 15.305737347276473
      vertex 11.75 11.12822884405302 14.7
    endloop
  endfacet
  facet normal -0.9993007047883986 -1.5113080552433738e-16 -0.03739119427632118
    outer loop
      vertex 11.75 -11.12822884405302 14.7
      vertex 11.717144616878867 11.136338689242635 15.578078599640483
      vertex 11.727334907576957 11.150893936476063 15.305737347276473
    endloop
  endfacet
  facet normal -0.9937122098932425 0 -0.11196447610330759
    outer loop
      vertex 11.717144616878867 -11.136338689242635 15.578078599640483
      vertex 11.618762208145261 11.155383089620312 16.451246627570047
      vertex 11.717144616878867 11.136338689242635 15.578078599640483
    endloop
  endfacet
  facet normal -0.9825664732332883 0 -0.18591160716291427
    outer loop
      vertex 11.618762208145261 -11.155383089620313 16.451246627570047
      vertex 11.455402968136429 11.240294197174364 17.31462097398669
      vertex 11.618762208145261 11.155383089620312 16.451246627570047
    endloop
  endfacet
  facet normal -0.9659258262890679 0 -0.2588190451025217
    outer loop
      vertex 11.455402968136429 -11.240294197174364 17.31462097398669
      vertex 11.227980467987152 11.390597154548212 18.16337329932813
      vertex 11.455402968136429 11.240294197174364 17.31462097398669
    endloop
  endfacet
  facet normal -0.8045977797666691 0 -0.5938201855735005
    outer loop
      vertex 9.70830559821294 -12.460902219655946 21.31901068224756
      vertex 9.186519918999352 12.789542152615011 22.02600517184012
      vertex 9.70830559821294 12.460902219655946 21.31901068224756
    endloop
  endfacet
  facet normal -0.8467241992282848 0 -0.5320320765153356
    outer loop
      vertex 10.175798494467154 -12.139316977743116 20.575
      vertex 9.862239137482561 12.36685671894797 21.074026857914763
      vertex 10.175798494467154 12.139316977743116 20.575
    endloop
  endfacet
  facet normal -0.8467241992282839 0 -0.5320320765153371
    outer loop
      vertex 9.70830559821294 -12.460902219655946 21.31901068224756
      vertex 9.70830559821294 12.460902219655946 21.31901068224756
      vertex 9.862239137482561 12.36685671894797 21.074026857914763
    endloop
  endfacet
  facet normal -0.9438833303083677 0 -0.33027906195516665
    outer loop
      vertex 11.227980467987152 -11.390597154548212 18.16337329932813
      vertex 10.9377665465694 11.605451406635675 18.992757036305143
      vertex 11.227980467987152 11.390597154548212 18.16337329932813
    endloop
  endfacet
  facet normal -0.9165622558699763 -2.6633977411361943e-17 -0.3998920243197406
    outer loop
      vertex 10.840061894842735 -11.682808236048338 19.216698476867553
      vertex 10.586384197853423 11.851830294675331 19.79813393463131
      vertex 10.84006189484273 11.68280823604834 19.216698476867563
    endloop
  endfacet
  facet normal -0.9165622558699743 0 -0.39989202431974546
    outer loop
      vertex 10.9377665465694 -11.605451406635675 18.992757036305143
      vertex 10.84006189484273 11.68280823604834 19.216698476867563
      vertex 10.9377665465694 11.605451406635675 18.992757036305143
    endloop
  endfacet
  facet normal -0.8841153935046099 0 -0.4672686282730619
    outer loop
      vertex 10.586384197853423 -11.851830294675331 19.79813393463131
      vertex 10.175798494467154 12.139316977743116 20.575
      vertex 10.586384197853423 11.851830294675331 19.79813393463131
    endloop
  endfacet
  facet normal -0.7071067811865475 0 -0.7071067811865475
    outer loop
      vertex 8.613359494000463 -13.133205642861336 22.6920296688083
      vertex 7.9920296688083 13.476466629760065 23.313359494000462
      vertex 8.613359494000463 13.133205642861334 22.6920296688083
    endloop
  endfacet
  facet normal -0.7579717231454535 0 -0.6522874112781206
    outer loop
      vertex 9.186519918999352 -12.789542152615013 22.02600517184012
      vertex 8.86236443710991 12.998701227202444 22.402680675500918
      vertex 9.186519918999352 12.789542152615011 22.02600517184012
    endloop
  endfacet
  facet normal -0.757971723145451 0 -0.6522874112781235
    outer loop
      vertex 8.613359494000463 -13.133205642861336 22.6920296688083
      vertex 8.613359494000463 13.133205642861334 22.6920296688083
      vertex 8.86236443710991 12.998701227202444 22.402680675500918
    endloop
  endfacet
  facet normal -0.804597779766669 0 0.5938201855735005
    outer loop
      vertex 9.70830559821294 10.5 8.08098931775244
      vertex 9.70830559821294 11.131788196028742 8.08098931775244
      vertex 9.648532761515364 10.5 8
    endloop
  endfacet
  facet normal -0.8467241992282845 -2.3361330391038227e-17 0.5320320765153359
    outer loop
      vertex 9.70830559821294 10.5 8.08098931775244
      vertex 10 10.5 8.545218298813515
      vertex 9.796750898008806 11.145043612936728 8.221749206020196
    endloop
  endfacet
  facet normal -0.804597779766669 2.3786653770827955e-18 0.5938201855735005
    outer loop
      vertex 9.70830559821294 11.131788196028742 8.08098931775244
      vertex 9.648532761515364 11.131806591545502 8
      vertex 9.648532761515364 10.5 8
    endloop
  endfacet
  facet normal -0.8467241992282847 0 0.5320320765153359
    outer loop
      vertex 9.70830559821294 10.5 8.08098931775244
      vertex 9.796750898008806 11.145043612936728 8.221749206020196
      vertex 9.70830559821294 11.131788196028742 8.08098931775244
    endloop
  endfacet
  facet normal -0.8467241992282845 7.400208878858363e-17 0.5320320765153361
    outer loop
      vertex 10 10.5 8.545218298813515
      vertex 10.175798494467154 11.13098629484472 8.825
      vertex 9.796750898008806 11.145043612936728 8.221749206020196
    endloop
  endfacet
  facet normal -0.03739119427632704 0 -0.9993007047883985
    outer loop
      vertex 0.8780785996404834 -15.441416202704813 26.417144616878865
      vertex 0 15.472159172915125 26.45
      vertex 0.8780785996404834 15.441416202704813 26.417144616878865
    endloop
  endfacet
  facet normal -0.11196447610330755 -7.249069124496913e-18 -0.9937122098932426
    outer loop
      vertex 1.1565445145377502 -15.43301401292001 26.385769043585416
      vertex 0.8780785996404834 15.441416202704813 26.417144616878865
      vertex 1.1565445145377482 15.43301401292001 26.385769043585416
    endloop
  endfacet
  facet normal 0 1 0
    outer loop
      vertex -10 -10.5 8.545218298813515
      vertex -9.70830559821294 -10.5 8.08098931775244
      vertex -10 -10.5 8
    endloop
  endfacet
  facet normal 0 1 0
    outer loop
      vertex -9.70830559821294 -10.5 8.08098931775244
      vertex -9.648532761515364 -10.5 8
      vertex -10 -10.5 8
    endloop
  endfacet
  facet normal 1 0 0
    outer loop
      vertex -10 -10.5 8.545218298813515
      vertex -10 -10.5 8
      vertex -10 10.5 8
    endloop
  endfacet
  facet normal 1 0 0
    outer loop
      vertex -10 -10.5 8.545218298813515
      vertex -10 10.5 8
      vertex -10 10.5 8.545218298813515
    endloop
  endfacet
  facet normal 0 -1 0
    outer loop
      vertex -10 10.5 8.545218298813515
      vertex -10 10.5 8
      vertex -9.70830559821294 10.5 8.08098931775244
    endloop
  endfacet
  facet normal 0 -1 0
    outer loop
      vertex -9.70830559821294 10.5 8.08098931775244
      vertex -10 10.5 8
      vertex -9.648532761515364 10.5 8
    endloop
  endfacet
  facet normal 0 1 0
    outer loop
      vertex 9.70830559821294 -10.5 8.08098931775244
      vertex 10 -10.5 8
      vertex 9.648532761515364 -10.5 8
    endloop
  endfacet
  facet normal 0 1 0
    outer loop
      vertex 9.70830559821294 -10.5 8.08098931775244
      vertex 10 -10.5 8.545218298813515
      vertex 10 -10.5 8
    endloop
  endfacet
  facet normal -1 0 0
    outer loop
      vertex 10 -10.5 8.545218298813515
      vertex 10 10.5 8.545218298813515
      vertex 10 -10.5 8
    endloop
  endfacet
  facet normal -1 0 0
    outer loop
      vertex 10 10.5 8.545218298813515
      vertex 10 10.5 8
      vertex 10 -10.5 8
    endloop
  endfacet
  facet normal 0 -1 0
    outer loop
      vertex 9.70830559821294 10.5 8.08098931775244
      vertex 9.648532761515364 10.5 8
      vertex 10 10.5 8
    endloop
  endfacet
  facet normal 0 -1 0
    outer loop
      vertex 9.70830559821294 10.5 8.08098931775244
      vertex 10 10.5 8
      vertex 10 10.5 8.545218298813515
    endloop
  endfacet
  facet normal 0 0.5938201855734917 0.8045977797666756
    outer loop
      vertex 2.452058400802383 -9.477044988252752 26.18616146648594
      vertex 4.5 -9.477044988252752 26.18616146648594
      vertex 2.614620973986689 -9.435368702935717 26.15540296813643
    endloop
  endfacet
  facet normal 2.9633988382785744e-16 0.5938201855735002 0.8045977797666692
    outer loop
      vertex 2.614620973986689 -9.435368702935717 26.15540296813643
      vertex 4.5 -9.477044988252752 26.18616146648594
      vertex 3.463373299328129 -9.127222157677457 25.92798046798715
    endloop
  endfacet
  facet normal 2.661889121554279e-18 0.5938201855735024 0.8045977797666677
    outer loop
      vertex 4.292757036305145 -8.733996257812526 25.6377665465694
      vertex 4.5 -9.477044988252752 26.18616146648594
      vertex 4.5 -8.611482618425475 25.547347365823956
    endloop
  endfacet
  facet normal 1.4931716401749832e-15 0.5938201855735027 0.8045977797666676
    outer loop
      vertex 4.292757036305145 -8.733996257812526 25.6377665465694
      vertex 3.463373299328129 -9.127222157677457 25.92798046798715
      vertex 4.5 -9.477044988252752 26.18616146648594
    endloop
  endfacet
  facet normal -1 0 0
    outer loop
      vertex 4.5 -8.611482618425475 25.547347365823956
      vertex 4.5 -9.477044988252752 26.18616146648594
      vertex 4.5 -8.666508245836397 27.20254239369438
    endloop
  endfacet
  facet normal -1 0 0
    outer loop
      vertex 4.5 -8.611482618425475 25.547347365823956
      vertex 4.5 -7.830148807084345 26.585281037007665
      vertex 4.5 -6.949999999999999 26.032246887396298
    endloop
  endfacet
  facet normal -1 0 0
    outer loop
      vertex 4.5 -8.611482618425475 25.547347365823956
      vertex 4.5 -6.949999999999999 26.032246887396298
      vertex 4.5 -6.03252532829017 25.547347365823956
    endloop
  endfacet
  facet normal 1 0 0
    outer loop
      vertex 1.5 -13.163586137523467 30.46999999999999
      vertex 1.5 -12.558829369603123 29.50753511743294
      vertex 1.5 -12.523467263843623 32.039016026265934
    endloop
  endfacet
  facet normal 1 0 0
    outer loop
      vertex 1.5 -11.883838533514052 28.592955011747243
      vertex 1.5 -11.484718962992329 30.239851192915648
      vertex 1.5 -12.558829369603123 29.50753511743294
    endloop
  endfacet
  facet normal 1 0 0
    outer loop
      vertex 1.5 -12.558829369603123 29.50753511743294
      vertex 1.5 -12.037753112603696 31.119999999999994
      vertex 1.5 -12.523467263843623 32.039016026265934
    endloop
  endfacet
  facet normal 1 0 0
    outer loop
      vertex 1.5 -12.558829369603123 29.50753511743294
      vertex 1.5 -11.484718962992329 30.239851192915648
      vertex 1.5 -12.037753112603696 31.119999999999994
    endloop
  endfacet
  facet normal 0 0.7579717231454529 0.6522874112781212
    outer loop
      vertex 1.5 -11.883838533514052 28.592955011747243
      vertex 4.5 -11.883838533514052 28.592955011747243
      vertex 1.5 -11.14238845181336 27.73137438588202
    endloop
  endfacet
  facet normal 0 0.8467241992282837 0.5320320765153373
    outer loop
      vertex 1.5 -13.163586137523467 30.46999999999999
      vertex 4.5 -13.163586137523467 30.46999999999999
      vertex 1.5 -12.558829369603123 29.50753511743294
    endloop
  endfacet
  facet normal -9.908160591416338e-18 0.8045977797666684 0.5938201855735017
    outer loop
      vertex 1.5 -11.883838533514052 28.592955011747243
      vertex 1.5 -12.558829369603123 29.50753511743294
      vertex 4.5 -12.558829369603123 29.50753511743294
    endloop
  endfacet
  facet normal 0 0.8467241992282837 0.5320320765153373
    outer loop
      vertex 1.5 -12.558829369603123 29.50753511743294
      vertex 4.5 -13.163586137523467 30.46999999999999
      vertex 4.5 -12.558829369603123 29.50753511743294
    endloop
  endfacet
  facet normal 0 0.8841153935046105 0.46726862827306037
    outer loop
      vertex 1.5 -13.163586137523467 30.46999999999999
      vertex 4.5 -13.694726792116768 31.47496716541311
      vertex 4.5 -13.163586137523467 30.46999999999999
    endloop
  endfacet
  facet normal 0 0.8045977797666684 0.5938201855735017
    outer loop
      vertex 1.5 -11.883838533514052 28.592955011747243
      vertex 4.5 -12.558829369603123 29.50753511743294
      vertex 4.5 -11.883838533514052 28.592955011747243
    endloop
  endfacet
  facet normal 1 0 0
    outer loop
      vertex 1.5 -13.694726792116768 31.47496716541311
      vertex 1.5 -13.551497979327348 34.97695901800722
      vertex 1.5 -14.149280979391905 32.51681642963079
    endloop
  endfacet
  facet normal -6.778824271543178e-17 0.965925826289068 0.25881904510252185
    outer loop
      vertex 1.5 -14.524706647949339 33.58972134895425
      vertex 1.5 -14.818904265163718 34.68768180386401
      vertex 1.8429781660723161 -14.818904265163718 34.68768180386401
    endloop
  endfacet
  facet normal 1.3419186869890912e-15 0.9659258262890681 0.2588190451025214
    outer loop
      vertex 1.5 -14.524706647949339 33.58972134895425
      vertex 1.8429781660723161 -14.818904265163718 34.68768180386401
      vertex 2.228318437366232 -14.783926855412854 34.55714433355663
    endloop
  endfacet
  facet normal 1 0 0
    outer loop
      vertex 1.5 -14.524706647949339 33.58972134895425
      vertex 1.5 -14.677588398073032 37.47103732885488
      vertex 1.5 -14.818904265163718 34.68768180386401
    endloop
  endfacet
  facet normal 0 0.9825664732332885 0.18591160716291333
    outer loop
      vertex 1.5 -14.818904265163718 34.68768180386401
      vertex 1.5 -14.847706488858721 34.83990521685659
      vertex 1.8429781660723161 -14.818904265163718 34.68768180386401
    endloop
  endfacet
  facet normal 1 0 0
    outer loop
      vertex 1.5 -14.149280979391905 32.51681642963079
      vertex 1.5 -13.551497979327348 34.97695901800722
      vertex 1.5 -13.744748484529286 35.998312500151165
    endloop
  endfacet
  facet normal 1 0 0
    outer loop
      vertex 1.5 -14.149280979391905 32.51681642963079
      vertex 1.5 -13.744748484529286 35.998312500151165
      vertex 1.5 -13.861132780818401 37.0312516991487
    endloop
  endfacet
  facet normal 1 0 0
    outer loop
      vertex 1.5 -13.694726792116768 31.47496716541311
      vertex 1.5 -13.163586137523467 30.46999999999999
      vertex 1.5 -12.93914510615444 32.99175976130711
    endloop
  endfacet
  facet normal 1 0 0
    outer loop
      vertex 1.5 -13.163586137523467 30.46999999999999
      vertex 1.5 -12.523467263843623 32.039016026265934
      vertex 1.5 -12.93914510615444 32.99175976130711
    endloop
  endfacet
  facet normal 1 0 0
    outer loop
      vertex 1.5 -13.694726792116768 31.47496716541311
      vertex 1.5 -12.93914510615444 32.99175976130711
      vertex 1.5 -13.282462000427355 33.97290307568843
    endloop
  endfacet
  facet normal 1 0 0
    outer loop
      vertex 1.5 -13.694726792116768 31.47496716541311
      vertex 1.5 -13.282462000427355 33.97290307568843
      vertex 1.5 -13.551497979327348 34.97695901800722
    endloop
  endfacet
  facet normal 0 0.9438833303083675 0.3302790619551673
    outer loop
      vertex 1.5 -14.524706647949339 33.58972134895425
      vertex 3.758719230262608 -14.524706647949339 33.58972134895425
      vertex 1.5 -14.149280979391905 32.51681642963079
    endloop
  endfacet
  facet normal -7.202342097638576e-18 0.9165622558699759 0.3998920243197417
    outer loop
      vertex 1.5 -13.694726792116768 31.47496716541311
      vertex 1.5 -14.149280979391905 32.51681642963079
      vertex 4.5 -14.149280979391905 32.51681642963079
    endloop
  endfacet
  facet normal 0 0.9165622558699759 0.3998920243197417
    outer loop
      vertex 1.5 -13.694726792116768 31.47496716541311
      vertex 4.5 -14.149280979391905 32.51681642963079
      vertex 4.5 -13.694726792116768 31.47496716541311
    endloop
  endfacet
  facet normal -9.707412213081228e-18 0.9438833303083675 0.3302790619551674
    outer loop
      vertex 1.5 -14.149280979391905 32.51681642963079
      vertex 3.758719230262608 -14.524706647949339 33.58972134895425
      vertex 4.4334208781918925 -14.372797479371268 33.155589887235045
    endloop
  endfacet
  facet normal 8.797131217137901e-16 0.9438833303083688 0.33027906195516343
    outer loop
      vertex 1.5 -14.149280979391905 32.51681642963079
      vertex 4.4334208781918925 -14.372797479371268 33.155589887235045
      vertex 4.5 -14.353294381942765 33.09985323701214
    endloop
  endfacet
  facet normal 0 0.9438833303083674 0.33027906195516776
    outer loop
      vertex 1.5 -14.149280979391905 32.51681642963079
      vertex 4.5 -14.353294381942765 33.09985323701214
      vertex 4.5 -14.149280979391905 32.51681642963079
    endloop
  endfacet
  facet normal -3.8485059410387183e-16 0.9659258262890676 0.2588190451025227
    outer loop
      vertex 1.5 -14.524706647949339 33.58972134895425
      vertex 2.228318437366232 -14.783926855412854 34.55714433355663
      vertex 3.3358862530262523 -14.61547263044211 33.92846460721618
    endloop
  endfacet
  facet normal 0 0.9659258262890683 0.25881904510252074
    outer loop
      vertex 1.5 -14.524706647949339 33.58972134895425
      vertex 3.3358862530262523 -14.61547263044211 33.92846460721618
      vertex 3.758719230262608 -14.524706647949339 33.58972134895425
    endloop
  endfacet
  facet normal 0 0.8841153935046105 0.46726862827306037
    outer loop
      vertex 1.5 -13.694726792116768 31.47496716541311
      vertex 4.5 -13.694726792116768 31.47496716541311
      vertex 1.5 -13.163586137523467 30.46999999999999
    endloop
  endfacet
  facet normal 1 0 0
    outer loop
      vertex 1.5 -11.883838533514052 28.592955011747243
      vertex 1.5 -11.14238845181336 27.73137438588202
      vertex 1.5 -10.867457606305612 29.403491754163596
    endloop
  endfacet
  facet normal 1 0 0
    outer loop
      vertex 1.5 -11.14238845181336 27.73137438588202
      vertex 1.5 -10.189421018434585 28.615598944984214
      vertex 1.5 -10.867457606305612 29.403491754163596
    endloop
  endfacet
  facet normal 1 0 0
    outer loop
      vertex 1.5 -10.338625614117975 26.927611548186633
      vertex 1.5 -9.664025147231424 26.347070904313565
      vertex 1.5 -9.45440105501578 27.880578981565407
    endloop
  endfacet
  facet normal -1.0892382943089431e-16 0.6522874112781212 0.757971723145453
    outer loop
      vertex 1.5 -10.338625614117975 26.927611548186633
      vertex 1.7512466275700465 -9.631129845492199 26.31876220814526
      vertex 1.5 -9.664025147231424 26.347070904313565
    endloop
  endfacet
  facet normal 1.2996610287442465e-16 0.6522874112781211 0.757971723145453
    outer loop
      vertex 1.5 -10.338625614117975 26.927611548186633
      vertex 2.452058400802383 -9.477044988252752 26.18616146648594
      vertex 1.7512466275700465 -9.631129845492199 26.31876220814526
    endloop
  endfacet
  facet normal 1 0 0
    outer loop
      vertex 1.5 -11.14238845181336 27.73137438588202
      vertex 1.5 -10.338625614117975 26.927611548186633
      vertex 1.5 -10.189421018434585 28.615598944984214
    endloop
  endfacet
  facet normal 1 0 0
    outer loop
      vertex 1.5 -10.338625614117975 26.927611548186633
      vertex 1.5 -9.45440105501578 27.880578981565407
      vertex 1.5 -10.189421018434585 28.615598944984214
    endloop
  endfacet
  facet normal 1 0 0
    outer loop
      vertex 1.5 -11.883838533514052 28.592955011747243
      vertex 1.5 -10.867457606305612 29.403491754163596
      vertex 1.5 -11.484718962992329 30.239851192915648
    endloop
  endfacet
  facet normal 1 0 0
    outer loop
      vertex 1.5 -9.664025147231424 26.347070904313565
      vertex 1.5 -8.666508245836397 27.20254239369438
      vertex 1.5 -9.45440105501578 27.880578981565407
    endloop
  endfacet
  facet normal 1 0 0
    outer loop
      vertex 1.5 -9.664025147231424 26.347070904313565
      vertex 1.5 -7.830148807084345 26.585281037007665
      vertex 1.5 -8.666508245836397 27.20254239369438
    endloop
  endfacet
  facet normal 1 0 0
    outer loop
      vertex 1.5 -9.664025147231424 26.347070904313565
      vertex 1.5 -7.451039552667687 26.347070904313565
      vertex 1.5 -7.830148807084345 26.585281037007665
    endloop
  endfacet
  facet normal 0 0.7071067811865482 0.7071067811865467
    outer loop
      vertex 1.5 -11.14238845181336 27.73137438588202
      vertex 4.5 -11.14238845181336 27.73137438588202
      vertex 1.5 -10.338625614117975 26.927611548186633
    endloop
  endfacet
  facet normal 1.2171512175759509e-17 0.6522874112781212 0.7579717231454529
    outer loop
      vertex 1.5 -10.338625614117975 26.927611548186633
      vertex 4.5 -9.477044988252752 26.18616146648594
      vertex 2.452058400802383 -9.477044988252752 26.18616146648594
    endloop
  endfacet
  facet normal 0 0.7579717231454529 0.6522874112781212
    outer loop
      vertex 1.5 -11.14238845181336 27.73137438588202
      vertex 4.5 -11.883838533514052 28.592955011747243
      vertex 4.5 -11.14238845181336 27.73137438588202
    endloop
  endfacet
  facet normal 0 0.7071067811865482 0.7071067811865467
    outer loop
      vertex 1.5 -10.338625614117975 26.927611548186633
      vertex 4.5 -11.14238845181336 27.73137438588202
      vertex 4.5 -10.338625614117975 26.927611548186633
    endloop
  endfacet
  facet normal 0 0.6522874112781212 0.7579717231454529
    outer loop
      vertex 1.5 -10.338625614117975 26.927611548186633
      vertex 4.5 -10.338625614117975 26.927611548186633
      vertex 4.5 -9.477044988252752 26.18616146648594
    endloop
  endfacet
  facet normal -1 0 0
    outer loop
      vertex 4.5 -11.883838533514052 28.592955011747243
      vertex 4.5 -12.558829369603123 29.50753511743294
      vertex 4.5 -12.037753112603696 31.119999999999994
    endloop
  endfacet
  facet normal -1 0 0
    outer loop
      vertex 4.5 -12.558829369603123 29.50753511743294
      vertex 4.5 -12.523467263843623 32.039016026265934
      vertex 4.5 -12.037753112603696 31.119999999999994
    endloop
  endfacet
  facet normal -1 0 0
    outer loop
      vertex 4.5 -11.883838533514052 28.592955011747243
      vertex 4.5 -12.037753112603696 31.119999999999994
      vertex 4.5 -11.484718962992329 30.239851192915648
    endloop
  endfacet
  facet normal -1 0 0
    outer loop
      vertex 4.5 -14.149280979391905 32.51681642963079
      vertex 4.5 -14.353294381942765 33.09985323701214
      vertex 4.5 -14.256640765142581 34.51978657251159
    endloop
  endfacet
  facet normal -1 0 0
    outer loop
      vertex 4.5 -13.694726792116768 31.47496716541311
      vertex 4.5 -13.744748484529286 35.998312500151165
      vertex 4.5 -13.551497979327348 34.97695901800722
    endloop
  endfacet
  facet normal -1 0 0
    outer loop
      vertex 4.5 -13.694726792116768 31.47496716541311
      vertex 4.5 -14.149280979391905 32.51681642963079
      vertex 4.5 -14.331440309072807 41.34105772915782
    endloop
  endfacet
  facet normal -1 0 0
    outer loop
      vertex 4.5 -13.694726792116768 31.47496716541311
      vertex 4.5 -13.861132780818401 37.0312516991487
      vertex 4.5 -13.744748484529286 35.998312500151165
    endloop
  endfacet
  facet normal -1 0 0
    outer loop
      vertex 4.5 -13.694726792116768 31.47496716541311
      vertex 4.5 -13.899999999999999 38.06999999999999
      vertex 4.5 -13.861132780818401 37.0312516991487
    endloop
  endfacet
  facet normal -1 0 0
    outer loop
      vertex 4.5 -13.163586137523467 30.46999999999999
      vertex 4.5 -12.93914510615444 32.99175976130711
      vertex 4.5 -12.558829369603123 29.50753511743294
    endloop
  endfacet
  facet normal -1 0 0
    outer loop
      vertex 4.5 -12.558829369603123 29.50753511743294
      vertex 4.5 -12.93914510615444 32.99175976130711
      vertex 4.5 -12.523467263843623 32.039016026265934
    endloop
  endfacet
  facet normal -1 0 0
    outer loop
      vertex 4.5 -13.694726792116768 31.47496716541311
      vertex 4.5 -13.551497979327348 34.97695901800722
      vertex 4.5 -13.163586137523467 30.46999999999999
    endloop
  endfacet
  facet normal -1 0 0
    outer loop
      vertex 4.5 -13.163586137523467 30.46999999999999
      vertex 4.5 -13.282462000427355 33.97290307568843
      vertex 4.5 -12.93914510615444 32.99175976130711
    endloop
  endfacet
  facet normal -1 0 0
    outer loop
      vertex 4.5 -13.163586137523467 30.46999999999999
      vertex 4.5 -13.551497979327348 34.97695901800722
      vertex 4.5 -13.282462000427355 33.97290307568843
    endloop
  endfacet
  facet normal -1 0 0
    outer loop
      vertex 4.5 -11.14238845181336 27.73137438588202
      vertex 4.5 -10.867457606305612 29.403491754163596
      vertex 4.5 -10.338625614117975 26.927611548186633
    endloop
  endfacet
  facet normal -1 0 0
    outer loop
      vertex 4.5 -10.338625614117975 26.927611548186633
      vertex 4.5 -10.189421018434585 28.615598944984214
      vertex 4.5 -9.477044988252752 26.18616146648594
    endloop
  endfacet
  facet normal -1 0 0
    outer loop
      vertex 4.5 -10.338625614117975 26.927611548186633
      vertex 4.5 -10.867457606305612 29.403491754163596
      vertex 4.5 -10.189421018434585 28.615598944984214
    endloop
  endfacet
  facet normal -1 0 0
    outer loop
      vertex 4.5 -10.189421018434585 28.615598944984214
      vertex 4.5 -9.45440105501578 27.880578981565407
      vertex 4.5 -9.477044988252752 26.18616146648594
    endloop
  endfacet
  facet normal -1 0 0
    outer loop
      vertex 4.5 -11.883838533514052 28.592955011747243
      vertex 4.5 -11.484718962992329 30.239851192915648
      vertex 4.5 -11.14238845181336 27.73137438588202
    endloop
  endfacet
  facet normal -1 0 0
    outer loop
      vertex 4.5 -11.14238845181336 27.73137438588202
      vertex 4.5 -11.484718962992329 30.239851192915648
      vertex 4.5 -10.867457606305612 29.403491754163596
    endloop
  endfacet
  facet normal -1 0 0
    outer loop
      vertex 4.5 -9.477044988252752 26.18616146648594
      vertex 4.5 -9.45440105501578 27.880578981565407
      vertex 4.5 -8.666508245836397 27.20254239369438
    endloop
  endfacet
  facet normal -1 0 0
    outer loop
      vertex 4.5 -8.611482618425475 25.547347365823956
      vertex 4.5 -8.666508245836397 27.20254239369438
      vertex 4.5 -7.830148807084345 26.585281037007665
    endloop
  endfacet
  facet normal 1 0 0
    outer loop
      vertex 1.5 -14.818904265163718 34.68768180386401
      vertex 1.5 -14.677588398073032 37.47103732885488
      vertex 1.5 -14.847706488858721 34.83990521685659
    endloop
  endfacet
  facet normal 1 0 0
    outer loop
      vertex 1.5 -14.524706647949339 33.58972134895425
      vertex 1.5 -14.7 38.06999999999999
      vertex 1.5 -14.677588398073032 37.47103732885488
    endloop
  endfacet
  facet normal 1 0 0
    outer loop
      vertex 1.5 -14.524706647949339 33.58972134895425
      vertex 1.5 -14.535813145509389 40.26092131278976
      vertex 1.5 -14.7 38.06999999999999
    endloop
  endfacet
  facet normal 1 0 0
    outer loop
      vertex 1.5 -14.524706647949339 33.58972134895425
      vertex 1.5 -14.149280979391905 32.51681642963079
      vertex 1.5 -14.046920245056269 42.40290106384028
    endloop
  endfacet
  facet normal 1 0 0
    outer loop
      vertex 1.5 -14.149280979391905 32.51681642963079
      vertex 1.5 -13.861132780818401 37.0312516991487
      vertex 1.5 -13.899999999999999 38.06999999999999
    endloop
  endfacet
  facet normal 1 0 0
    outer loop
      vertex 1.5 -14.149280979391905 32.51681642963079
      vertex 1.5 -13.899999999999999 38.06999999999999
      vertex 1.5 -14.046920245056269 42.40290106384028
    endloop
  endfacet
  facet normal 1 0 0
    outer loop
      vertex 1.5 -14.7 38.06999999999999
      vertex 1.5 -14.535813145509389 40.26092131278976
      vertex 1.5 -14.658895818563348 39.168532375720424
    endloop
  endfacet
  facet normal 1 0 0
    outer loop
      vertex 1.5 -14.524706647949339 33.58972134895425
      vertex 1.5 -14.331440309072807 41.34105772915782
      vertex 1.5 -14.535813145509389 40.26092131278976
    endloop
  endfacet
  facet normal 1 0 0
    outer loop
      vertex 1.5 -14.524706647949339 33.58972134895425
      vertex 1.5 -14.046920245056269 42.40290106384028
      vertex 1.5 -14.331440309072807 41.34105772915782
    endloop
  endfacet
  facet normal 1 0 0
    outer loop
      vertex 1.5 -13.899999999999999 38.06999999999999
      vertex 1.5 -13.861132780818401 39.10874830085129
      vertex 1.5 -14.046920245056269 42.40290106384028
    endloop
  endfacet
  facet normal 1 0 0
    outer loop
      vertex 1.5 -13.861132780818401 39.10874830085129
      vertex 1.5 -13.744748484529286 40.14168749984882
      vertex 1.5 -13.683844105069804 43.440513058186
    endloop
  endfacet
  facet normal 1 0 0
    outer loop
      vertex 1.5 -13.861132780818401 39.10874830085129
      vertex 1.5 -13.683844105069804 43.440513058186
      vertex 1.5 -14.046920245056269 42.40290106384028
    endloop
  endfacet
  facet normal 1 0 0
    outer loop
      vertex 1.5 -13.744748484529286 40.14168749984882
      vertex 1.5 -13.551497979327348 41.163040981992765
      vertex 1.5 -13.683844105069804 43.440513058186
    endloop
  endfacet
  facet normal 1 0 0
    outer loop
      vertex 1.5 -13.551497979327348 41.163040981992765
      vertex 1.5 -13.282462000427355 42.16709692431156
      vertex 1.5 -13.24424235816556 44.4480909650281
    endloop
  endfacet
  facet normal 1 0 0
    outer loop
      vertex 1.5 -13.551497979327348 41.163040981992765
      vertex 1.5 -13.24424235816556 44.4480909650281
      vertex 1.5 -13.683844105069804 43.440513058186
    endloop
  endfacet
  facet normal 1 0 0
    outer loop
      vertex 1.5 -13.282462000427355 42.16709692431156
      vertex 1.5 -12.93914510615444 43.14824023869288
      vertex 1.5 -13.074108465796861 44.769999999999996
    endloop
  endfacet
  facet normal 1 0 0
    outer loop
      vertex 1.5 -13.282462000427355 42.16709692431156
      vertex 1.5 -13.074108465796861 44.769999999999996
      vertex 1.5 -13.24424235816556 44.4480909650281
    endloop
  endfacet
  facet normal 1 0 0
    outer loop
      vertex 1.5 -12.93914510615444 43.14824023869288
      vertex 1.5 -12.523467263843623 44.10098397373405
      vertex 1.5 -13.074108465796861 44.769999999999996
    endloop
  endfacet
  facet normal 1 0 0
    outer loop
      vertex 1.5 -12.523467263843623 44.10098397373405
      vertex 1.5 -12.1698819703597 44.769999999999996
      vertex 1.5 -13.074108465796861 44.769999999999996
    endloop
  endfacet
  facet normal -1 0 0
    outer loop
      vertex 4.5 -14.535813145509389 35.879078687210225
      vertex 4.5 -14.658895818563348 39.168532375720424
      vertex 4.5 -14.331440309072807 34.79894227084217
    endloop
  endfacet
  facet normal -1 0 0
    outer loop
      vertex 4.5 -14.535813145509389 35.879078687210225
      vertex 4.5 -14.658895818563348 36.97146762427956
      vertex 4.5 -14.7 38.06999999999999
    endloop
  endfacet
  facet normal -1 0 0
    outer loop
      vertex 4.5 -14.535813145509389 35.879078687210225
      vertex 4.5 -14.7 38.06999999999999
      vertex 4.5 -14.658895818563348 39.168532375720424
    endloop
  endfacet
  facet normal -1 0 0
    outer loop
      vertex 4.5 -14.149280979391905 32.51681642963079
      vertex 4.5 -14.256640765142581 34.51978657251159
      vertex 4.5 -14.535813145509389 40.26092131278976
    endloop
  endfacet
  facet normal -1 0 0
    outer loop
      vertex 4.5 -14.256640765142581 34.51978657251159
      vertex 4.5 -14.331440309072807 34.79894227084217
      vertex 4.5 -14.535813145509389 40.26092131278976
    endloop
  endfacet
  facet normal -1 0 0
    outer loop
      vertex 4.5 -13.694726792116768 31.47496716541311
      vertex 4.5 -14.331440309072807 41.34105772915782
      vertex 4.5 -13.899999999999999 38.06999999999999
    endloop
  endfacet
  facet normal -1 0 0
    outer loop
      vertex 4.5 -14.331440309072807 34.79894227084217
      vertex 4.5 -14.658895818563348 39.168532375720424
      vertex 4.5 -14.535813145509389 40.26092131278976
    endloop
  endfacet
  facet normal -1 0 0
    outer loop
      vertex 4.5 -14.149280979391905 32.51681642963079
      vertex 4.5 -14.535813145509389 40.26092131278976
      vertex 4.5 -14.331440309072807 41.34105772915782
    endloop
  endfacet
  facet normal -1 0 0
    outer loop
      vertex 4.5 -13.899999999999999 38.06999999999999
      vertex 4.5 -14.331440309072807 41.34105772915782
      vertex 4.5 -13.861132780818401 39.10874830085129
    endloop
  endfacet
  facet normal -1 0 0
    outer loop
      vertex 4.5 -13.744748484529286 40.14168749984882
      vertex 4.5 -14.331440309072807 41.34105772915782
      vertex 4.5 -14.046920245056269 42.40290106384028
    endloop
  endfacet
  facet normal -1 0 0
    outer loop
      vertex 4.5 -13.861132780818401 39.10874830085129
      vertex 4.5 -14.331440309072807 41.34105772915782
      vertex 4.5 -13.744748484529286 40.14168749984882
    endloop
  endfacet
  facet normal -1 0 0
    outer loop
      vertex 4.5 -13.744748484529286 40.14168749984882
      vertex 4.5 -14.046920245056269 42.40290106384028
      vertex 4.5 -13.551497979327348 41.163040981992765
    endloop
  endfacet
  facet normal -1 0 0
    outer loop
      vertex 4.5 -13.551497979327348 41.163040981992765
      vertex 4.5 -14.046920245056269 42.40290106384028
      vertex 4.5 -13.683844105069804 43.440513058186
    endloop
  endfacet
  facet normal -1 0 0
    outer loop
      vertex 4.5 -13.551497979327348 41.163040981992765
      vertex 4.5 -13.683844105069804 43.440513058186
      vertex 4.5 -13.282462000427355 42.16709692431156
    endloop
  endfacet
  facet normal -1 0 0
    outer loop
      vertex 4.5 -13.683844105069804 43.440513058186
      vertex 4.5 -12.93914510615444 43.14824023869288
      vertex 4.5 -13.282462000427355 42.16709692431156
    endloop
  endfacet
  facet normal -1 0 0
    outer loop
      vertex 4.5 -13.683844105069804 43.440513058186
      vertex 4.5 -13.24424235816556 44.4480909650281
      vertex 4.5 -12.93914510615444 43.14824023869288
    endloop
  endfacet
  facet normal -1 0 0
    outer loop
      vertex 4.5 -12.93914510615444 43.14824023869288
      vertex 4.5 -13.24424235816556 44.4480909650281
      vertex 4.5 -12.523467263843623 44.10098397373405
    endloop
  endfacet
  facet normal -1 0 0
    outer loop
      vertex 4.5 -13.24424235816556 44.4480909650281
      vertex 4.5 -13.074108465796861 44.769999999999996
      vertex 4.5 -12.1698819703597 44.769999999999996
    endloop
  endfacet
  facet normal -1 0 0
    outer loop
      vertex 4.5 -13.24424235816556 44.4480909650281
      vertex 4.5 -12.1698819703597 44.769999999999996
      vertex 4.5 -12.523467263843623 44.10098397373405
    endloop
  endfacet
  facet normal -1 0 0
    outer loop
      vertex 4.5 6.03252532829017 25.547347365823956
      vertex 4.5 6.949999999999999 26.032246887396298
      vertex 4.5 8.611482618425473 25.547347365823956
    endloop
  endfacet
  facet normal 0 -0.593820185573508 0.8045977797666636
    outer loop
      vertex 2.4520584008023802 9.477044988252747 26.18616146648594
      vertex 2.614620973986689 9.435368702935714 26.15540296813643
      vertex 4.5 9.477044988252747 26.18616146648594
    endloop
  endfacet
  facet normal -1.8019736309691178e-17 -0.5938201855735076 0.8045977797666639
    outer loop
      vertex 2.614620973986689 9.435368702935714 26.15540296813643
      vertex 3.463373299328129 9.127222157677458 25.92798046798715
      vertex 4.5 9.477044988252747 26.18616146648594
    endloop
  endfacet
  facet normal -1 0 0
    outer loop
      vertex 4.5 8.611482618425473 25.547347365823956
      vertex 4.5 6.949999999999999 26.032246887396298
      vertex 4.5 7.830148807084345 26.585281037007665
    endloop
  endfacet
  facet normal -1 0 0
    outer loop
      vertex 4.5 8.611482618425473 25.547347365823956
      vertex 4.5 7.830148807084345 26.585281037007665
      vertex 4.5 9.477044988252747 26.18616146648594
    endloop
  endfacet
  facet normal -1.4734375343519153e-15 -0.5938201855735039 0.8045977797666667
    outer loop
      vertex 4.5 8.611482618425473 25.547347365823956
      vertex 4.5 9.477044988252747 26.18616146648594
      vertex 4.292757036305145 8.733996257812525 25.6377665465694
    endloop
  endfacet
  facet normal -1.9579794117014775e-15 -0.5938201855735039 0.8045977797666667
    outer loop
      vertex 4.292757036305145 8.733996257812525 25.6377665465694
      vertex 4.5 9.477044988252747 26.18616146648594
      vertex 3.463373299328129 9.127222157677458 25.92798046798715
    endloop
  endfacet
  facet normal 1 0 0
    outer loop
      vertex 1.5 7.451039552667687 26.347070904313565
      vertex 1.5 9.66402514723142 26.347070904313565
      vertex 1.5 7.830148807084345 26.585281037007665
    endloop
  endfacet
  facet normal 1 0 0
    outer loop
      vertex 1.5 7.830148807084345 26.585281037007665
      vertex 1.5 9.66402514723142 26.347070904313565
      vertex 1.5 8.666508245836393 27.20254239369438
    endloop
  endfacet
  facet normal 1 0 0
    outer loop
      vertex 1.5 8.666508245836393 27.20254239369438
      vertex 1.5 9.66402514723142 26.347070904313565
      vertex 1.5 9.454401055015776 27.880578981565407
    endloop
  endfacet
  facet normal 1 0 0
    outer loop
      vertex 1.5 9.66402514723142 26.347070904313565
      vertex 1.5 10.338625614117971 26.92761154818663
      vertex 1.5 10.189421018434588 28.615598944984217
    endloop
  endfacet
  facet normal 4.749879272542266e-16 -0.6522874112781187 0.7579717231454549
    outer loop
      vertex 1.5 9.66402514723142 26.347070904313565
      vertex 1.7512466275700465 9.631129845492195 26.31876220814526
      vertex 1.5 10.338625614117971 26.92761154818663
    endloop
  endfacet
  facet normal 1 0 0
    outer loop
      vertex 1.5 9.66402514723142 26.347070904313565
      vertex 1.5 10.189421018434588 28.615598944984217
      vertex 1.5 9.454401055015776 27.880578981565407
    endloop
  endfacet
  facet normal 1 0 0
    outer loop
      vertex 1.5 10.338625614117971 26.92761154818663
      vertex 1.5 10.867457606305615 29.4034917541636
      vertex 1.5 10.189421018434588 28.615598944984217
    endloop
  endfacet
  facet normal 1 0 0
    outer loop
      vertex 1.5 10.338625614117971 26.92761154818663
      vertex 1.5 11.142388451813364 27.73137438588202
      vertex 1.5 10.867457606305615 29.4034917541636
    endloop
  endfacet
  facet normal 1 0 0
    outer loop
      vertex 1.5 11.142388451813364 27.73137438588202
      vertex 1.5 11.484718962992329 30.239851192915648
      vertex 1.5 10.867457606305615 29.4034917541636
    endloop
  endfacet
  facet normal 1 0 0
    outer loop
      vertex 1.5 11.142388451813364 27.73137438588202
      vertex 1.5 11.883838533514053 28.592955011747247
      vertex 1.5 11.484718962992329 30.239851192915648
    endloop
  endfacet
  facet normal 0 -0.7071067811865468 0.7071067811865483
    outer loop
      vertex 1.5 10.338625614117971 26.92761154818663
      vertex 4.5 10.338625614117971 26.92761154818663
      vertex 1.5 11.142388451813364 27.73137438588202
    endloop
  endfacet
  facet normal 8.657990333202696e-18 -0.652287411278119 0.7579717231454549
    outer loop
      vertex 1.7512466275700465 9.631129845492195 26.31876220814526
      vertex 4.5 10.338625614117971 26.92761154818663
      vertex 1.5 10.338625614117971 26.92761154818663
    endloop
  endfacet
  facet normal -3.3150106399906416e-16 -0.6522874112781182 0.7579717231454555
    outer loop
      vertex 1.7512466275700465 9.631129845492195 26.31876220814526
      vertex 2.4520584008023802 9.477044988252747 26.18616146648594
      vertex 4.5 10.338625614117971 26.92761154818663
    endloop
  endfacet
  facet normal 0 -0.757971723145455 0.6522874112781188
    outer loop
      vertex 1.5 11.142388451813364 27.73137438588202
      vertex 4.5 11.142388451813364 27.73137438588202
      vertex 1.5 11.883838533514053 28.592955011747247
    endloop
  endfacet
  facet normal 0 -0.6522874112781185 0.7579717231454551
    outer loop
      vertex 2.4520584008023802 9.477044988252747 26.18616146648594
      vertex 4.5 9.477044988252747 26.18616146648594
      vertex 4.5 10.338625614117971 26.92761154818663
    endloop
  endfacet
  facet normal 0 -0.7071067811865468 0.7071067811865483
    outer loop
      vertex 1.5 11.142388451813364 27.73137438588202
      vertex 4.5 10.338625614117971 26.92761154818663
      vertex 4.5 11.142388451813364 27.73137438588202
    endloop
  endfacet
  facet normal 1 0 0
    outer loop
      vertex 1.5 11.883838533514053 28.592955011747247
      vertex 1.5 12.558829369603123 29.50753511743294
      vertex 1.5 12.037753112603696 31.119999999999994
    endloop
  endfacet
  facet normal 1 0 0
    outer loop
      vertex 1.5 11.484718962992329 30.239851192915648
      vertex 1.5 11.883838533514053 28.592955011747247
      vertex 1.5 12.037753112603696 31.119999999999994
    endloop
  endfacet
  facet normal 1 0 0
    outer loop
      vertex 1.5 12.558829369603123 29.50753511743294
      vertex 1.5 12.523467263843623 32.039016026265934
      vertex 1.5 12.037753112603696 31.119999999999994
    endloop
  endfacet
  facet normal 0 -0.757971723145455 0.6522874112781188
    outer loop
      vertex 1.5 11.883838533514053 28.592955011747247
      vertex 4.5 11.142388451813364 27.73137438588202
      vertex 4.5 11.883838533514053 28.592955011747247
    endloop
  endfacet
  facet normal 0 -0.8045977797666679 0.5938201855735022
    outer loop
      vertex 1.5 11.883838533514053 28.592955011747247
      vertex 4.5 11.883838533514053 28.592955011747247
      vertex 1.5 12.558829369603123 29.50753511743294
    endloop
  endfacet
  facet normal 0 -0.8467241992282837 0.5320320765153373
    outer loop
      vertex 1.5 12.558829369603123 29.50753511743294
      vertex 4.5 12.558829369603123 29.50753511743294
      vertex 1.5 13.163586137523467 30.46999999999999
    endloop
  endfacet
  facet normal 0 -0.8841153935046105 0.46726862827306037
    outer loop
      vertex 1.5 13.163586137523467 30.46999999999999
      vertex 4.5 13.163586137523467 30.46999999999999
      vertex 1.5 13.694726792116768 31.47496716541311
    endloop
  endfacet
  facet normal 0 -0.8045977797666679 0.5938201855735022
    outer loop
      vertex 1.5 12.558829369603123 29.50753511743294
      vertex 4.5 11.883838533514053 28.592955011747247
      vertex 4.5 12.558829369603123 29.50753511743294
    endloop
  endfacet
  facet normal 0 -0.8467241992282837 0.5320320765153373
    outer loop
      vertex 1.5 13.163586137523467 30.46999999999999
      vertex 4.5 12.558829369603123 29.50753511743294
      vertex 4.5 13.163586137523467 30.46999999999999
    endloop
  endfacet
  facet normal 1 0 0
    outer loop
      vertex 1.5 12.558829369603123 29.50753511743294
      vertex 1.5 12.939145106154436 32.9917597613071
      vertex 1.5 12.523467263843623 32.039016026265934
    endloop
  endfacet
  facet normal 1 0 0
    outer loop
      vertex 1.5 12.558829369603123 29.50753511743294
      vertex 1.5 13.163586137523467 30.46999999999999
      vertex 1.5 12.939145106154436 32.9917597613071
    endloop
  endfacet
  facet normal 1 0 0
    outer loop
      vertex 1.5 13.163586137523467 30.46999999999999
      vertex 1.5 13.282462000427353 33.97290307568842
      vertex 1.5 12.939145106154436 32.9917597613071
    endloop
  endfacet
  facet normal 1 0 0
    outer loop
      vertex 1.5 13.163586137523467 30.46999999999999
      vertex 1.5 13.694726792116768 31.47496716541311
      vertex 1.5 13.55149797932735 34.97695901800723
    endloop
  endfacet
  facet normal 1 0 0
    outer loop
      vertex 1.5 13.163586137523467 30.46999999999999
      vertex 1.5 13.55149797932735 34.97695901800723
      vertex 1.5 13.282462000427353 33.97290307568842
    endloop
  endfacet
  facet normal 1 0 0
    outer loop
      vertex 1.5 13.694726792116768 31.47496716541311
      vertex 1.5 13.744748484529287 35.99831250015117
      vertex 1.5 13.55149797932735 34.97695901800723
    endloop
  endfacet
  facet normal 1 0 0
    outer loop
      vertex 1.5 13.694726792116768 31.47496716541311
      vertex 1.5 13.861132780818401 37.0312516991487
      vertex 1.5 13.744748484529287 35.99831250015117
    endloop
  endfacet
  facet normal 1 0 0
    outer loop
      vertex 1.5 13.694726792116768 31.47496716541311
      vertex 1.5 13.899999999999999 38.06999999999999
      vertex 1.5 13.861132780818401 37.0312516991487
    endloop
  endfacet
  facet normal 1 0 0
    outer loop
      vertex 1.5 13.694726792116768 31.47496716541311
      vertex 1.5 14.149280979391902 32.516816429630786
      vertex 1.5 14.331440309072807 41.34105772915782
    endloop
  endfacet
  facet normal 1 0 0
    outer loop
      vertex 1.5 14.149280979391902 32.516816429630786
      vertex 1.5 14.524706647949335 33.58972134895424
      vertex 1.5 14.535813145509389 40.260921312789755
    endloop
  endfacet
  facet normal 1 0 0
    outer loop
      vertex 1.5 14.524706647949335 33.58972134895424
      vertex 1.5 14.81890426516372 34.687681803864024
      vertex 1.5 14.84770648885872 34.83990521685659
    endloop
  endfacet
  facet normal 1 0 0
    outer loop
      vertex 1.5 14.524706647949335 33.58972134895424
      vertex 1.5 14.84770648885872 34.83990521685659
      vertex 1.5 14.677588398073032 37.47103732885487
    endloop
  endfacet
  facet normal 0 -0.9825664732332894 0.18591160716290794
    outer loop
      vertex 1.5 14.81890426516372 34.687681803864024
      vertex 1.8429781660722948 14.81890426516372 34.687681803864024
      vertex 1.5 14.84770648885872 34.83990521685659
    endloop
  endfacet
  facet normal 0 -0.8841153935046105 0.46726862827306037
    outer loop
      vertex 1.5 13.694726792116768 31.47496716541311
      vertex 4.5 13.163586137523467 30.46999999999999
      vertex 4.5 13.694726792116768 31.47496716541311
    endloop
  endfacet
  facet normal 0 -0.9165622558699761 0.39989202431974136
    outer loop
      vertex 1.5 13.694726792116768 31.47496716541311
      vertex 4.5 13.694726792116768 31.47496716541311
      vertex 1.5 14.149280979391902 32.516816429630786
    endloop
  endfacet
  facet normal 0 -0.9438833303083675 0.3302790619551674
    outer loop
      vertex 1.5 14.149280979391902 32.516816429630786
      vertex 4.5 14.149280979391902 32.516816429630786
      vertex 1.5 14.524706647949335 33.58972134895424
    endloop
  endfacet
  facet normal 0 -0.9165622558699761 0.39989202431974136
    outer loop
      vertex 1.5 14.149280979391902 32.516816429630786
      vertex 4.5 13.694726792116768 31.47496716541311
      vertex 4.5 14.149280979391902 32.516816429630786
    endloop
  endfacet
  facet normal 5.848789857362492e-16 -0.943883330308367 0.3302790619551688
    outer loop
      vertex 1.5 14.524706647949335 33.58972134895424
      vertex 4.5 14.149280979391902 32.516816429630786
      vertex 4.433420878191899 14.372797479371268 33.155589887235045
    endloop
  endfacet
  facet normal -3.5893596172745595e-16 -0.9659258262890682 0.25881904510252157
    outer loop
      vertex 1.5 14.524706647949335 33.58972134895424
      vertex 3.3358862530262448 14.615472630442111 33.92846460721619
      vertex 1.5 14.81890426516372 34.687681803864024
    endloop
  endfacet
  facet normal -8.2949775474746e-15 -0.965925826289072 0.25881904510250714
    outer loop
      vertex 1.8429781660722948 14.81890426516372 34.687681803864024
      vertex 3.3358862530262448 14.615472630442111 33.92846460721619
      vertex 2.2283184373662253 14.783926855412854 34.55714433355664
    endloop
  endfacet
  facet normal 0 -0.9659258262890685 0.2588190451025197
    outer loop
      vertex 1.5 14.524706647949335 33.58972134895424
      vertex 3.758719230262622 14.524706647949335 33.58972134895424
      vertex 3.3358862530262448 14.615472630442111 33.92846460721619
    endloop
  endfacet
  facet normal 0 -0.9659258262890678 0.25881904510252235
    outer loop
      vertex 1.5 14.81890426516372 34.687681803864024
      vertex 3.3358862530262448 14.615472630442111 33.92846460721619
      vertex 1.8429781660722948 14.81890426516372 34.687681803864024
    endloop
  endfacet
  facet normal 0 -0.9438833303083681 0.3302790619551653
    outer loop
      vertex 1.5 14.524706647949335 33.58972134895424
      vertex 4.433420878191899 14.372797479371268 33.155589887235045
      vertex 3.758719230262622 14.524706647949335 33.58972134895424
    endloop
  endfacet
  facet normal -1 0 0
    outer loop
      vertex 4.5 7.830148807084345 26.585281037007665
      vertex 4.5 8.666508245836393 27.20254239369438
      vertex 4.5 9.477044988252747 26.18616146648594
    endloop
  endfacet
  facet normal -1 0 0
    outer loop
      vertex 4.5 8.666508245836393 27.20254239369438
      vertex 4.5 9.454401055015776 27.880578981565407
      vertex 4.5 9.477044988252747 26.18616146648594
    endloop
  endfacet
  facet normal -1 0 0
    outer loop
      vertex 4.5 9.477044988252747 26.18616146648594
      vertex 4.5 9.454401055015776 27.880578981565407
      vertex 4.5 10.338625614117971 26.92761154818663
    endloop
  endfacet
  facet normal -1 0 0
    outer loop
      vertex 4.5 9.454401055015776 27.880578981565407
      vertex 4.5 10.189421018434588 28.615598944984217
      vertex 4.5 10.338625614117971 26.92761154818663
    endloop
  endfacet
  facet normal -1 0 0
    outer loop
      vertex 4.5 10.338625614117971 26.92761154818663
      vertex 4.5 10.189421018434588 28.615598944984217
      vertex 4.5 11.142388451813364 27.73137438588202
    endloop
  endfacet
  facet normal -1 0 0
    outer loop
      vertex 4.5 10.189421018434588 28.615598944984217
      vertex 4.5 10.867457606305615 29.4034917541636
      vertex 4.5 11.142388451813364 27.73137438588202
    endloop
  endfacet
  facet normal -1 0 0
    outer loop
      vertex 4.5 11.142388451813364 27.73137438588202
      vertex 4.5 10.867457606305615 29.4034917541636
      vertex 4.5 11.883838533514053 28.592955011747247
    endloop
  endfacet
  facet normal -1 0 0
    outer loop
      vertex 4.5 10.867457606305615 29.4034917541636
      vertex 4.5 11.484718962992329 30.239851192915648
      vertex 4.5 11.883838533514053 28.592955011747247
    endloop
  endfacet
  facet normal -1 0 0
    outer loop
      vertex 4.5 11.484718962992329 30.239851192915648
      vertex 4.5 12.558829369603123 29.50753511743294
      vertex 4.5 11.883838533514053 28.592955011747247
    endloop
  endfacet
  facet normal -1 0 0
    outer loop
      vertex 4.5 11.484718962992329 30.239851192915648
      vertex 4.5 12.037753112603696 31.119999999999994
      vertex 4.5 12.558829369603123 29.50753511743294
    endloop
  endfacet
  facet normal -1 0 0
    outer loop
      vertex 4.5 12.558829369603123 29.50753511743294
      vertex 4.5 12.037753112603696 31.119999999999994
      vertex 4.5 12.523467263843623 32.039016026265934
    endloop
  endfacet
  facet normal -1 0 0
    outer loop
      vertex 4.5 12.558829369603123 29.50753511743294
      vertex 4.5 12.523467263843623 32.039016026265934
      vertex 4.5 13.163586137523467 30.46999999999999
    endloop
  endfacet
  facet normal -1 0 0
    outer loop
      vertex 4.5 13.163586137523467 30.46999999999999
      vertex 4.5 12.523467263843623 32.039016026265934
      vertex 4.5 12.939145106154436 32.9917597613071
    endloop
  endfacet
  facet normal -1 0 0
    outer loop
      vertex 4.5 13.163586137523467 30.46999999999999
      vertex 4.5 12.939145106154436 32.9917597613071
      vertex 4.5 13.694726792116768 31.47496716541311
    endloop
  endfacet
  facet normal -1 0 0
    outer loop
      vertex 4.5 13.694726792116768 31.47496716541311
      vertex 4.5 12.939145106154436 32.9917597613071
      vertex 4.5 13.282462000427353 33.97290307568842
    endloop
  endfacet
  facet normal -1 0 0
    outer loop
      vertex 4.5 13.694726792116768 31.47496716541311
      vertex 4.5 13.282462000427353 33.97290307568842
      vertex 4.5 13.55149797932735 34.97695901800723
    endloop
  endfacet
  facet normal -1 0 0
    outer loop
      vertex 4.5 13.694726792116768 31.47496716541311
      vertex 4.5 13.55149797932735 34.97695901800723
      vertex 4.5 14.149280979391902 32.516816429630786
    endloop
  endfacet
  facet normal -3.225019220520462e-14 -0.943883330308368 0.33027906195516576
    outer loop
      vertex 4.5 14.149280979391902 32.516816429630786
      vertex 4.5 14.353294381942765 33.09985323701215
      vertex 4.433420878191899 14.372797479371268 33.155589887235045
    endloop
  endfacet
  facet normal -1 0 0
    outer loop
      vertex 4.5 14.149280979391902 32.516816429630786
      vertex 4.5 14.256640765142583 34.51978657251159
      vertex 4.5 14.353294381942765 33.09985323701215
    endloop
  endfacet
  facet normal -1 0 0
    outer loop
      vertex 4.5 14.149280979391902 32.516816429630786
      vertex 4.5 13.55149797932735 34.97695901800723
      vertex 4.5 13.744748484529287 35.99831250015117
    endloop
  endfacet
  facet normal -1 0 0
    outer loop
      vertex 4.5 14.149280979391902 32.516816429630786
      vertex 4.5 13.744748484529287 35.99831250015117
      vertex 4.5 13.861132780818401 37.0312516991487
    endloop
  endfacet
  facet normal 1 0 0
    outer loop
      vertex 1.5 13.694726792116768 31.47496716541311
      vertex 1.5 14.331440309072807 41.34105772915782
      vertex 1.5 13.899999999999999 38.06999999999999
    endloop
  endfacet
  facet normal 1 0 0
    outer loop
      vertex 1.5 14.524706647949335 33.58972134895424
      vertex 1.5 14.677588398073032 37.47103732885487
      vertex 1.5 14.7 38.06999999999999
    endloop
  endfacet
  facet normal 1 0 0
    outer loop
      vertex 1.5 14.524706647949335 33.58972134895424
      vertex 1.5 14.7 38.06999999999999
      vertex 1.5 14.658895818563348 39.16853237572043
    endloop
  endfacet
  facet normal 1 0 0
    outer loop
      vertex 1.5 14.524706647949335 33.58972134895424
      vertex 1.5 14.658895818563348 39.16853237572043
      vertex 1.5 14.535813145509389 40.260921312789755
    endloop
  endfacet
  facet normal 1 0 0
    outer loop
      vertex 1.5 14.149280979391902 32.516816429630786
      vertex 1.5 14.535813145509389 40.260921312789755
      vertex 1.5 14.331440309072807 41.34105772915782
    endloop
  endfacet
  facet normal 1 0 0
    outer loop
      vertex 1.5 13.899999999999999 38.06999999999999
      vertex 1.5 14.331440309072807 41.34105772915782
      vertex 1.5 13.861132780818401 39.10874830085129
    endloop
  endfacet
  facet normal 1 0 0
    outer loop
      vertex 1.5 13.282462000427355 42.167096924311565
      vertex 1.5 13.551497979327348 41.163040981992765
      vertex 1.5 13.683844105069802 43.440513058186
    endloop
  endfacet
  facet normal 1 0 0
    outer loop
      vertex 1.5 13.282462000427355 42.167096924311565
      vertex 1.5 13.683844105069802 43.440513058186
      vertex 1.5 12.939145106154438 43.148240238692885
    endloop
  endfacet
  facet normal 1 0 0
    outer loop
      vertex 1.5 12.939145106154438 43.148240238692885
      vertex 1.5 13.244242358165561 44.4480909650281
      vertex 1.5 12.523467263843624 44.10098397373405
    endloop
  endfacet
  facet normal 1 0 0
    outer loop
      vertex 1.5 12.523467263843624 44.10098397373405
      vertex 1.5 13.244242358165561 44.4480909650281
      vertex 1.5 12.1698819703597 44.769999999999996
    endloop
  endfacet
  facet normal 1 0 0
    outer loop
      vertex 1.5 13.244242358165561 44.4480909650281
      vertex 1.5 13.074108465796861 44.769999999999996
      vertex 1.5 12.1698819703597 44.769999999999996
    endloop
  endfacet
  facet normal 1 0 0
    outer loop
      vertex 1.5 12.939145106154438 43.148240238692885
      vertex 1.5 13.683844105069802 43.440513058186
      vertex 1.5 13.244242358165561 44.4480909650281
    endloop
  endfacet
  facet normal 1 0 0
    outer loop
      vertex 1.5 13.861132780818401 39.10874830085129
      vertex 1.5 14.331440309072807 41.34105772915782
      vertex 1.5 13.744748484529286 40.141687499848814
    endloop
  endfacet
  facet normal 1 0 0
    outer loop
      vertex 1.5 13.744748484529286 40.141687499848814
      vertex 1.5 14.046920245056267 42.40290106384028
      vertex 1.5 13.551497979327348 41.163040981992765
    endloop
  endfacet
  facet normal 1 0 0
    outer loop
      vertex 1.5 13.744748484529286 40.141687499848814
      vertex 1.5 14.331440309072807 41.34105772915782
      vertex 1.5 14.046920245056267 42.40290106384028
    endloop
  endfacet
  facet normal 1 0 0
    outer loop
      vertex 1.5 13.551497979327348 41.163040981992765
      vertex 1.5 14.046920245056267 42.40290106384028
      vertex 1.5 13.683844105069802 43.440513058186
    endloop
  endfacet
  facet normal -1 0 0
    outer loop
      vertex 4.5 14.149280979391902 32.516816429630786
      vertex 4.5 13.861132780818401 37.0312516991487
      vertex 4.5 13.899999999999999 38.06999999999999
    endloop
  endfacet
  facet normal -1 0 0
    outer loop
      vertex 4.5 14.149280979391902 32.516816429630786
      vertex 4.5 14.046920245056267 42.40290106384028
      vertex 4.5 14.256640765142583 34.51978657251159
    endloop
  endfacet
  facet normal -1 0 0
    outer loop
      vertex 4.5 14.256640765142583 34.51978657251159
      vertex 4.5 14.046920245056267 42.40290106384028
      vertex 4.5 14.331440309072809 34.798942270842176
    endloop
  endfacet
  facet normal -1 0 0
    outer loop
      vertex 4.5 14.149280979391902 32.516816429630786
      vertex 4.5 13.899999999999999 38.06999999999999
      vertex 4.5 14.046920245056267 42.40290106384028
    endloop
  endfacet
  facet normal -1 0 0
    outer loop
      vertex 4.5 14.331440309072809 34.798942270842176
      vertex 4.5 14.046920245056267 42.40290106384028
      vertex 4.5 14.53581314550939 35.87907868721023
    endloop
  endfacet
  facet normal -1 0 0
    outer loop
      vertex 4.5 13.899999999999999 38.06999999999999
      vertex 4.5 13.861132780818401 39.10874830085129
      vertex 4.5 14.046920245056267 42.40290106384028
    endloop
  endfacet
  facet normal -1 0 0
    outer loop
      vertex 4.5 14.53581314550939 35.87907868721023
      vertex 4.5 14.046920245056267 42.40290106384028
      vertex 4.5 14.331440309072807 41.34105772915782
    endloop
  endfacet
  facet normal -1 0 0
    outer loop
      vertex 4.5 14.53581314550939 35.87907868721023
      vertex 4.5 14.331440309072807 41.34105772915782
      vertex 4.5 14.658895818563348 36.97146762427956
    endloop
  endfacet
  facet normal -1 0 0
    outer loop
      vertex 4.5 14.658895818563348 36.97146762427956
      vertex 4.5 14.535813145509389 40.260921312789755
      vertex 4.5 14.7 38.06999999999999
    endloop
  endfacet
  facet normal -1 0 0
    outer loop
      vertex 4.5 14.7 38.06999999999999
      vertex 4.5 14.535813145509389 40.260921312789755
      vertex 4.5 14.658895818563348 39.16853237572043
    endloop
  endfacet
  facet normal -1 0 0
    outer loop
      vertex 4.5 14.658895818563348 36.97146762427956
      vertex 4.5 14.331440309072807 41.34105772915782
      vertex 4.5 14.535813145509389 40.260921312789755
    endloop
  endfacet
  facet normal -1 0 0
    outer loop
      vertex 4.5 13.282462000427355 42.167096924311565
      vertex 4.5 13.244242358165561 44.4480909650281
      vertex 4.5 13.551497979327348 41.163040981992765
    endloop
  endfacet
  facet normal -1 0 0
    outer loop
      vertex 4.5 13.551497979327348 41.163040981992765
      vertex 4.5 13.244242358165561 44.4480909650281
      vertex 4.5 13.683844105069802 43.440513058186
    endloop
  endfacet
  facet normal -1 0 0
    outer loop
      vertex 4.5 13.282462000427355 42.167096924311565
      vertex 4.5 12.939145106154438 43.148240238692885
      vertex 4.5 13.074108465796861 44.769999999999996
    endloop
  endfacet
  facet normal -1 0 0
    outer loop
      vertex 4.5 12.939145106154438 43.148240238692885
      vertex 4.5 12.523467263843624 44.10098397373405
      vertex 4.5 13.074108465796861 44.769999999999996
    endloop
  endfacet
  facet normal -1 0 0
    outer loop
      vertex 4.5 12.523467263843624 44.10098397373405
      vertex 4.5 12.1698819703597 44.769999999999996
      vertex 4.5 13.074108465796861 44.769999999999996
    endloop
  endfacet
  facet normal -1 0 0
    outer loop
      vertex 4.5 13.282462000427355 42.167096924311565
      vertex 4.5 13.074108465796861 44.769999999999996
      vertex 4.5 13.244242358165561 44.4480909650281
    endloop
  endfacet
  facet normal -1 0 0
    outer loop
      vertex 4.5 13.861132780818401 39.10874830085129
      vertex 4.5 13.744748484529286 40.141687499848814
      vertex 4.5 14.046920245056267 42.40290106384028
    endloop
  endfacet
  facet normal -1 0 0
    outer loop
      vertex 4.5 13.744748484529286 40.141687499848814
      vertex 4.5 13.551497979327348 41.163040981992765
      vertex 4.5 13.683844105069802 43.440513058186
    endloop
  endfacet
  facet normal -1 0 0
    outer loop
      vertex 4.5 13.744748484529286 40.141687499848814
      vertex 4.5 13.683844105069802 43.440513058186
      vertex 4.5 14.046920245056267 42.40290106384028
    endloop
  endfacet
  facet normal 1.4540291794169042e-15 0.5938201855735024 0.8045977797666677
    outer loop
      vertex -4.292757036305139 -8.733996257812532 25.637766546569402
      vertex -4.5 -8.611482618425475 25.547347365823956
      vertex -4.5 -9.477044988252752 26.18616146648594
    endloop
  endfacet
  facet normal -2.0000724355259964e-16 0.5938201855735026 0.8045977797666676
    outer loop
      vertex -4.292757036305139 -8.733996257812532 25.637766546569402
      vertex -4.5 -9.477044988252752 26.18616146648594
      vertex -3.463373299328124 -9.127222157677464 25.927980467987155
    endloop
  endfacet
  facet normal 1 0 0
    outer loop
      vertex -4.5 -8.611482618425475 25.547347365823956
      vertex -4.5 -7.830148807084345 26.585281037007665
      vertex -4.5 -9.477044988252752 26.18616146648594
    endloop
  endfacet
  facet normal 1 0 0
    outer loop
      vertex -4.5 -8.611482618425475 25.547347365823956
      vertex -4.5 -6.949999999999999 26.032246887396298
      vertex -4.5 -7.830148807084345 26.585281037007665
    endloop
  endfacet
  facet normal 2.1242050088974573e-16 0.5938201855735019 0.8045977797666681
    outer loop
      vertex -4.5 -9.477044988252752 26.18616146648594
      vertex -2.614620973986689 -9.435368702935719 26.15540296813643
      vertex -3.463373299328124 -9.127222157677464 25.927980467987155
    endloop
  endfacet
  facet normal 0 0.593820185573508 0.8045977797666636
    outer loop
      vertex -4.5 -9.477044988252752 26.18616146648594
      vertex -2.4520584008023802 -9.477044988252752 26.18616146648594
      vertex -2.614620973986689 -9.435368702935719 26.15540296813643
    endloop
  endfacet
  facet normal 1 0 0
    outer loop
      vertex -4.5 -8.611482618425475 25.547347365823956
      vertex -4.5 -6.03252532829017 25.547347365823956
      vertex -4.5 -6.949999999999999 26.032246887396298
    endloop
  endfacet
  facet normal 1 0 0
    outer loop
      vertex -4.5 -13.163586137523467 30.46999999999999
      vertex -4.5 -12.558829369603123 29.50753511743294
      vertex -4.5 -12.523467263843623 32.039016026265934
    endloop
  endfacet
  facet normal 1 0 0
    outer loop
      vertex -4.5 -11.883838533514052 28.592955011747243
      vertex -4.5 -11.484718962992329 30.239851192915648
      vertex -4.5 -12.558829369603123 29.50753511743294
    endloop
  endfacet
  facet normal 1 0 0
    outer loop
      vertex -4.5 -12.558829369603123 29.50753511743294
      vertex -4.5 -12.037753112603696 31.119999999999994
      vertex -4.5 -12.523467263843623 32.039016026265934
    endloop
  endfacet
  facet normal 1 0 0
    outer loop
      vertex -4.5 -12.558829369603123 29.50753511743294
      vertex -4.5 -11.484718962992329 30.239851192915648
      vertex -4.5 -12.037753112603696 31.119999999999994
    endloop
  endfacet
  facet normal 2.3991535988220027e-14 0.9438833303083687 0.33027906195516427
    outer loop
      vertex -4.5 -14.149280979391905 32.51681642963079
      vertex -4.5 -14.353294381942765 33.09985323701215
      vertex -4.4334208781918925 -14.37279747937127 33.15558988723505
    endloop
  endfacet
  facet normal 1 0 0
    outer loop
      vertex -4.5 -13.694726792116768 31.47496716541311
      vertex -4.5 -13.551497979327348 34.97695901800722
      vertex -4.5 -14.149280979391905 32.51681642963079
    endloop
  endfacet
  facet normal 1 0 0
    outer loop
      vertex -4.5 -14.149280979391905 32.51681642963079
      vertex -4.5 -14.256640765142583 34.51978657251159
      vertex -4.5 -14.353294381942765 33.09985323701215
    endloop
  endfacet
  facet normal 1 0 0
    outer loop
      vertex -4.5 -14.149280979391905 32.51681642963079
      vertex -4.5 -13.551497979327348 34.97695901800722
      vertex -4.5 -13.744748484529286 35.998312500151165
    endloop
  endfacet
  facet normal 1 0 0
    outer loop
      vertex -4.5 -14.149280979391905 32.51681642963079
      vertex -4.5 -13.744748484529286 35.998312500151165
      vertex -4.5 -13.861132780818401 37.0312516991487
    endloop
  endfacet
  facet normal 1 0 0
    outer loop
      vertex -4.5 -13.694726792116768 31.47496716541311
      vertex -4.5 -13.163586137523467 30.46999999999999
      vertex -4.5 -12.93914510615444 32.99175976130711
    endloop
  endfacet
  facet normal 1 0 0
    outer loop
      vertex -4.5 -13.163586137523467 30.46999999999999
      vertex -4.5 -12.523467263843623 32.039016026265934
      vertex -4.5 -12.93914510615444 32.99175976130711
    endloop
  endfacet
  facet normal 1 0 0
    outer loop
      vertex -4.5 -13.694726792116768 31.47496716541311
      vertex -4.5 -12.93914510615444 32.99175976130711
      vertex -4.5 -13.282462000427355 33.97290307568843
    endloop
  endfacet
  facet normal 1 0 0
    outer loop
      vertex -4.5 -13.694726792116768 31.47496716541311
      vertex -4.5 -13.282462000427355 33.97290307568843
      vertex -4.5 -13.551497979327348 34.97695901800722
    endloop
  endfacet
  facet normal 1 0 0
    outer loop
      vertex -4.5 -11.883838533514052 28.592955011747243
      vertex -4.5 -11.14238845181336 27.73137438588202
      vertex -4.5 -10.867457606305612 29.403491754163596
    endloop
  endfacet
  facet normal 1 0 0
    outer loop
      vertex -4.5 -11.14238845181336 27.73137438588202
      vertex -4.5 -10.189421018434585 28.615598944984214
      vertex -4.5 -10.867457606305612 29.403491754163596
    endloop
  endfacet
  facet normal 1 0 0
    outer loop
      vertex -4.5 -10.338625614117975 26.927611548186633
      vertex -4.5 -9.477044988252752 26.18616146648594
      vertex -4.5 -9.45440105501578 27.880578981565407
    endloop
  endfacet
  facet normal 1 0 0
    outer loop
      vertex -4.5 -11.14238845181336 27.73137438588202
      vertex -4.5 -10.338625614117975 26.927611548186633
      vertex -4.5 -10.189421018434585 28.615598944984214
    endloop
  endfacet
  facet normal 1 0 0
    outer loop
      vertex -4.5 -10.338625614117975 26.927611548186633
      vertex -4.5 -9.45440105501578 27.880578981565407
      vertex -4.5 -10.189421018434585 28.615598944984214
    endloop
  endfacet
  facet normal 1 0 0
    outer loop
      vertex -4.5 -11.883838533514052 28.592955011747243
      vertex -4.5 -10.867457606305612 29.403491754163596
      vertex -4.5 -11.484718962992329 30.239851192915648
    endloop
  endfacet
  facet normal 1 0 0
    outer loop
      vertex -4.5 -9.477044988252752 26.18616146648594
      vertex -4.5 -8.666508245836397 27.20254239369438
      vertex -4.5 -9.45440105501578 27.880578981565407
    endloop
  endfacet
  facet normal 1 0 0
    outer loop
      vertex -4.5 -9.477044988252752 26.18616146648594
      vertex -4.5 -7.830148807084345 26.585281037007665
      vertex -4.5 -8.666508245836397 27.20254239369438
    endloop
  endfacet
  facet normal 0 0.7579717231454529 0.6522874112781212
    outer loop
      vertex -4.5 -11.883838533514052 28.592955011747243
      vertex -1.5 -11.883838533514052 28.592955011747243
      vertex -4.5 -11.14238845181336 27.73137438588202
    endloop
  endfacet
  facet normal 0 0.8467241992282837 0.5320320765153373
    outer loop
      vertex -4.5 -13.163586137523467 30.46999999999999
      vertex -1.5 -13.163586137523467 30.46999999999999
      vertex -4.5 -12.558829369603123 29.50753511743294
    endloop
  endfacet
  facet normal -9.908160591416338e-18 0.8045977797666684 0.5938201855735017
    outer loop
      vertex -4.5 -11.883838533514052 28.592955011747243
      vertex -4.5 -12.558829369603123 29.50753511743294
      vertex -1.5 -12.558829369603123 29.50753511743294
    endloop
  endfacet
  facet normal 0 0.8467241992282837 0.5320320765153373
    outer loop
      vertex -4.5 -12.558829369603123 29.50753511743294
      vertex -1.5 -13.163586137523467 30.46999999999999
      vertex -1.5 -12.558829369603123 29.50753511743294
    endloop
  endfacet
  facet normal 0 0.8841153935046105 0.46726862827306037
    outer loop
      vertex -4.5 -13.163586137523467 30.46999999999999
      vertex -1.5 -13.694726792116768 31.47496716541311
      vertex -1.5 -13.163586137523467 30.46999999999999
    endloop
  endfacet
  facet normal 0 0.8045977797666684 0.5938201855735017
    outer loop
      vertex -4.5 -11.883838533514052 28.592955011747243
      vertex -1.5 -12.558829369603123 29.50753511743294
      vertex -1.5 -11.883838533514052 28.592955011747243
    endloop
  endfacet
  facet normal -1 0 0
    outer loop
      vertex -1.5 -11.883838533514052 28.592955011747243
      vertex -1.5 -12.558829369603123 29.50753511743294
      vertex -1.5 -12.037753112603696 31.119999999999994
    endloop
  endfacet
  facet normal -1 0 0
    outer loop
      vertex -1.5 -12.558829369603123 29.50753511743294
      vertex -1.5 -12.523467263843623 32.039016026265934
      vertex -1.5 -12.037753112603696 31.119999999999994
    endloop
  endfacet
  facet normal -1 0 0
    outer loop
      vertex -1.5 -11.883838533514052 28.592955011747243
      vertex -1.5 -12.037753112603696 31.119999999999994
      vertex -1.5 -11.484718962992329 30.239851192915648
    endloop
  endfacet
  facet normal 3.996890245524174e-16 0.9438833303083678 0.3302790619551664
    outer loop
      vertex -4.5 -14.149280979391905 32.51681642963079
      vertex -4.4334208781918925 -14.37279747937127 33.15558988723505
      vertex -1.5 -14.524706647949339 33.58972134895425
    endloop
  endfacet
  facet normal -7.202342097638576e-18 0.9165622558699759 0.3998920243197417
    outer loop
      vertex -4.5 -13.694726792116768 31.47496716541311
      vertex -4.5 -14.149280979391905 32.51681642963079
      vertex -1.5 -14.149280979391905 32.51681642963079
    endloop
  endfacet
  facet normal 0 0.9165622558699759 0.3998920243197417
    outer loop
      vertex -4.5 -13.694726792116768 31.47496716541311
      vertex -1.5 -14.149280979391905 32.51681642963079
      vertex -1.5 -13.694726792116768 31.47496716541311
    endloop
  endfacet
  facet normal 0 0.9438833303083675 0.3302790619551674
    outer loop
      vertex -4.5 -14.149280979391905 32.51681642963079
      vertex -1.5 -14.524706647949339 33.58972134895425
      vertex -1.5 -14.149280979391905 32.51681642963079
    endloop
  endfacet
  facet normal -5.117492188317416e-18 0.943883330308367 0.3302790619551688
    outer loop
      vertex -4.4334208781918925 -14.37279747937127 33.15558988723505
      vertex -3.758719230262607 -14.524706647949339 33.58972134895425
      vertex -1.5 -14.524706647949339 33.58972134895425
    endloop
  endfacet
  facet normal 0 0.9659258262890683 0.25881904510252074
    outer loop
      vertex -3.758719230262607 -14.524706647949339 33.58972134895425
      vertex -3.335886253026252 -14.61547263044211 33.92846460721618
      vertex -1.5 -14.524706647949339 33.58972134895425
    endloop
  endfacet
  facet normal 9.235009487951353e-15 0.9659258262890724 0.2588190451025054
    outer loop
      vertex -3.335886253026252 -14.61547263044211 33.92846460721618
      vertex -2.228318437366232 -14.783926855412854 34.557144333556636
      vertex -1.8429781660723157 -14.818904265163718 34.68768180386401
    endloop
  endfacet
  facet normal 2.2119160907614074e-16 0.9659258262890681 0.25881904510252185
    outer loop
      vertex -3.335886253026252 -14.61547263044211 33.92846460721618
      vertex -1.5 -14.818904265163718 34.68768180386401
      vertex -1.5 -14.524706647949339 33.58972134895425
    endloop
  endfacet
  facet normal 1.798354961738748e-17 0.965925826289068 0.2588190451025223
    outer loop
      vertex -3.335886253026252 -14.61547263044211 33.92846460721618
      vertex -1.8429781660723157 -14.818904265163718 34.68768180386401
      vertex -1.5 -14.818904265163718 34.68768180386401
    endloop
  endfacet
  facet normal 0 0.8841153935046105 0.46726862827306037
    outer loop
      vertex -4.5 -13.694726792116768 31.47496716541311
      vertex -1.5 -13.694726792116768 31.47496716541311
      vertex -4.5 -13.163586137523467 30.46999999999999
    endloop
  endfacet
  facet normal -1 0 0
    outer loop
      vertex -1.5 -14.524706647949339 33.58972134895425
      vertex -1.5 -14.818904265163718 34.68768180386401
      vertex -1.5 -14.847706488858721 34.839905216856586
    endloop
  endfacet
  facet normal 0 0.9825664732332868 0.18591160716292174
    outer loop
      vertex -1.8429781660723157 -14.818904265163718 34.68768180386401
      vertex -1.5 -14.847706488858721 34.839905216856586
      vertex -1.5 -14.818904265163718 34.68768180386401
    endloop
  endfacet
  facet normal -1 0 0
    outer loop
      vertex -1.5 -14.524706647949339 33.58972134895425
      vertex -1.5 -14.847706488858721 34.839905216856586
      vertex -1.5 -14.677588398073032 37.47103732885487
    endloop
  endfacet
  facet normal -1 0 0
    outer loop
      vertex -1.5 -13.694726792116768 31.47496716541311
      vertex -1.5 -13.744748484529286 35.998312500151165
      vertex -1.5 -13.551497979327348 34.97695901800722
    endloop
  endfacet
  facet normal -1 0 0
    outer loop
      vertex -1.5 -14.524706647949339 33.58972134895425
      vertex -1.5 -14.535813145509389 40.26092131278976
      vertex -1.5 -14.149280979391905 32.51681642963079
    endloop
  endfacet
  facet normal -1 0 0
    outer loop
      vertex -1.5 -13.694726792116768 31.47496716541311
      vertex -1.5 -14.149280979391905 32.51681642963079
      vertex -1.5 -14.331440309072807 41.34105772915782
    endloop
  endfacet
  facet normal -1 0 0
    outer loop
      vertex -1.5 -13.694726792116768 31.47496716541311
      vertex -1.5 -13.861132780818401 37.0312516991487
      vertex -1.5 -13.744748484529286 35.998312500151165
    endloop
  endfacet
  facet normal -1 0 0
    outer loop
      vertex -1.5 -13.694726792116768 31.47496716541311
      vertex -1.5 -13.899999999999999 38.06999999999999
      vertex -1.5 -13.861132780818401 37.0312516991487
    endloop
  endfacet
  facet normal -1 0 0
    outer loop
      vertex -1.5 -13.163586137523467 30.46999999999999
      vertex -1.5 -12.93914510615444 32.99175976130711
      vertex -1.5 -12.558829369603123 29.50753511743294
    endloop
  endfacet
  facet normal -1 0 0
    outer loop
      vertex -1.5 -12.558829369603123 29.50753511743294
      vertex -1.5 -12.93914510615444 32.99175976130711
      vertex -1.5 -12.523467263843623 32.039016026265934
    endloop
  endfacet
  facet normal -1 0 0
    outer loop
      vertex -1.5 -13.694726792116768 31.47496716541311
      vertex -1.5 -13.551497979327348 34.97695901800722
      vertex -1.5 -13.163586137523467 30.46999999999999
    endloop
  endfacet
  facet normal -1 0 0
    outer loop
      vertex -1.5 -13.163586137523467 30.46999999999999
      vertex -1.5 -13.282462000427355 33.97290307568843
      vertex -1.5 -12.93914510615444 32.99175976130711
    endloop
  endfacet
  facet normal -1 0 0
    outer loop
      vertex -1.5 -13.163586137523467 30.46999999999999
      vertex -1.5 -13.551497979327348 34.97695901800722
      vertex -1.5 -13.282462000427355 33.97290307568843
    endloop
  endfacet
  facet normal 0 0.7071067811865482 0.7071067811865467
    outer loop
      vertex -4.5 -11.14238845181336 27.73137438588202
      vertex -1.5 -11.14238845181336 27.73137438588202
      vertex -4.5 -10.338625614117975 26.927611548186633
    endloop
  endfacet
  facet normal 1.2171512175759494e-17 0.6522874112781212 0.7579717231454529
    outer loop
      vertex -4.5 -10.338625614117975 26.927611548186633
      vertex -2.4520584008023802 -9.477044988252752 26.18616146648594
      vertex -4.5 -9.477044988252752 26.18616146648594
    endloop
  endfacet
  facet normal 0 0.7579717231454529 0.6522874112781212
    outer loop
      vertex -4.5 -11.14238845181336 27.73137438588202
      vertex -1.5 -11.883838533514052 28.592955011747243
      vertex -1.5 -11.14238845181336 27.73137438588202
    endloop
  endfacet
  facet normal -1.3526903705617372e-16 0.6522874112781214 0.7579717231454528
    outer loop
      vertex -4.5 -10.338625614117975 26.927611548186633
      vertex -1.7512466275700465 -9.631129845492199 26.31876220814526
      vertex -2.4520584008023802 -9.477044988252752 26.18616146648594
    endloop
  endfacet
  facet normal 0 0.6522874112781211 0.757971723145453
    outer loop
      vertex -4.5 -10.338625614117975 26.927611548186633
      vertex -1.5 -10.338625614117975 26.927611548186633
      vertex -1.7512466275700465 -9.631129845492199 26.31876220814526
    endloop
  endfacet
  facet normal 0 0.7071067811865482 0.7071067811865467
    outer loop
      vertex -4.5 -10.338625614117975 26.927611548186633
      vertex -1.5 -11.14238845181336 27.73137438588202
      vertex -1.5 -10.338625614117975 26.927611548186633
    endloop
  endfacet
  facet normal -1 0 0
    outer loop
      vertex -1.5 -11.14238845181336 27.73137438588202
      vertex -1.5 -10.867457606305612 29.403491754163596
      vertex -1.5 -10.338625614117975 26.927611548186633
    endloop
  endfacet
  facet normal -6.598300306847862e-17 0.6522874112781212 0.757971723145453
    outer loop
      vertex -1.5 -10.338625614117975 26.927611548186633
      vertex -1.5 -9.664025147231424 26.347070904313565
      vertex -1.7512466275700465 -9.631129845492199 26.31876220814526
    endloop
  endfacet
  facet normal -1 0 0
    outer loop
      vertex -1.5 -10.338625614117975 26.927611548186633
      vertex -1.5 -10.189421018434585 28.615598944984214
      vertex -1.5 -9.664025147231424 26.347070904313565
    endloop
  endfacet
  facet normal -1 0 0
    outer loop
      vertex -1.5 -10.338625614117975 26.927611548186633
      vertex -1.5 -10.867457606305612 29.403491754163596
      vertex -1.5 -10.189421018434585 28.615598944984214
    endloop
  endfacet
  facet normal -1 0 0
    outer loop
      vertex -1.5 -10.189421018434585 28.615598944984214
      vertex -1.5 -9.45440105501578 27.880578981565407
      vertex -1.5 -9.664025147231424 26.347070904313565
    endloop
  endfacet
  facet normal -1 0 0
    outer loop
      vertex -1.5 -11.883838533514052 28.592955011747243
      vertex -1.5 -11.484718962992329 30.239851192915648
      vertex -1.5 -11.14238845181336 27.73137438588202
    endloop
  endfacet
  facet normal -1 0 0
    outer loop
      vertex -1.5 -11.14238845181336 27.73137438588202
      vertex -1.5 -11.484718962992329 30.239851192915648
      vertex -1.5 -10.867457606305612 29.403491754163596
    endloop
  endfacet
  facet normal -1 0 0
    outer loop
      vertex -1.5 -9.664025147231424 26.347070904313565
      vertex -1.5 -9.45440105501578 27.880578981565407
      vertex -1.5 -8.666508245836397 27.20254239369438
    endloop
  endfacet
  facet normal -1 0 0
    outer loop
      vertex -1.5 -9.664025147231424 26.347070904313565
      vertex -1.5 -8.666508245836397 27.20254239369438
      vertex -1.5 -7.830148807084345 26.585281037007665
    endloop
  endfacet
  facet normal -1 0 0
    outer loop
      vertex -1.5 -9.664025147231424 26.347070904313565
      vertex -1.5 -7.830148807084345 26.585281037007665
      vertex -1.5 -7.451039552667687 26.347070904313565
    endloop
  endfacet
  facet normal 1 0 0
    outer loop
      vertex -4.5 -14.149280979391905 32.51681642963079
      vertex -4.5 -14.046920245056269 42.40290106384028
      vertex -4.5 -14.256640765142583 34.51978657251159
    endloop
  endfacet
  facet normal 1 0 0
    outer loop
      vertex -4.5 -14.149280979391905 32.51681642963079
      vertex -4.5 -13.861132780818401 37.0312516991487
      vertex -4.5 -13.899999999999999 38.06999999999999
    endloop
  endfacet
  facet normal 1 0 0
    outer loop
      vertex -4.5 -14.256640765142583 34.51978657251159
      vertex -4.5 -14.046920245056269 42.40290106384028
      vertex -4.5 -14.331440309072807 34.79894227084217
    endloop
  endfacet
  facet normal 1 0 0
    outer loop
      vertex -4.5 -14.535813145509389 35.879078687210225
      vertex -4.5 -14.331440309072807 34.79894227084217
      vertex -4.5 -14.046920245056269 42.40290106384028
    endloop
  endfacet
  facet normal 1 0 0
    outer loop
      vertex -4.5 -14.149280979391905 32.51681642963079
      vertex -4.5 -13.899999999999999 38.06999999999999
      vertex -4.5 -14.046920245056269 42.40290106384028
    endloop
  endfacet
  facet normal 1 0 0
    outer loop
      vertex -4.5 -14.535813145509389 35.879078687210225
      vertex -4.5 -14.331440309072807 41.34105772915782
      vertex -4.5 -14.658895818563348 36.97146762427956
    endloop
  endfacet
  facet normal 1 0 0
    outer loop
      vertex -4.5 -14.658895818563348 36.97146762427956
      vertex -4.5 -14.535813145509389 40.26092131278976
      vertex -4.5 -14.7 38.06999999999999
    endloop
  endfacet
  facet normal 1 0 0
    outer loop
      vertex -4.5 -14.7 38.06999999999999
      vertex -4.5 -14.535813145509389 40.26092131278976
      vertex -4.5 -14.658895818563348 39.168532375720424
    endloop
  endfacet
  facet normal 1 0 0
    outer loop
      vertex -4.5 -14.658895818563348 36.97146762427956
      vertex -4.5 -14.331440309072807 41.34105772915782
      vertex -4.5 -14.535813145509389 40.26092131278976
    endloop
  endfacet
  facet normal 1 0 0
    outer loop
      vertex -4.5 -14.535813145509389 35.879078687210225
      vertex -4.5 -14.046920245056269 42.40290106384028
      vertex -4.5 -14.331440309072807 41.34105772915782
    endloop
  endfacet
  facet normal 1 0 0
    outer loop
      vertex -4.5 -13.899999999999999 38.06999999999999
      vertex -4.5 -13.861132780818401 39.10874830085129
      vertex -4.5 -14.046920245056269 42.40290106384028
    endloop
  endfacet
  facet normal 1 0 0
    outer loop
      vertex -4.5 -13.861132780818401 39.10874830085129
      vertex -4.5 -13.744748484529286 40.14168749984882
      vertex -4.5 -14.046920245056269 42.40290106384028
    endloop
  endfacet
  facet normal 1 0 0
    outer loop
      vertex -4.5 -13.744748484529286 40.14168749984882
      vertex -4.5 -13.551497979327348 41.163040981992765
      vertex -4.5 -14.046920245056269 42.40290106384028
    endloop
  endfacet
  facet normal 1 0 0
    outer loop
      vertex -4.5 -13.551497979327348 41.163040981992765
      vertex -4.5 -13.683844105069804 43.440513058186
      vertex -4.5 -14.046920245056269 42.40290106384028
    endloop
  endfacet
  facet normal 1 0 0
    outer loop
      vertex -4.5 -13.551497979327348 41.163040981992765
      vertex -4.5 -13.282462000427355 42.16709692431156
      vertex -4.5 -13.24424235816556 44.4480909650281
    endloop
  endfacet
  facet normal 1 0 0
    outer loop
      vertex -4.5 -13.551497979327348 41.163040981992765
      vertex -4.5 -13.24424235816556 44.4480909650281
      vertex -4.5 -13.683844105069804 43.440513058186
    endloop
  endfacet
  facet normal 1 0 0
    outer loop
      vertex -4.5 -13.282462000427355 42.16709692431156
      vertex -4.5 -12.93914510615444 43.14824023869288
      vertex -4.5 -13.074108465796861 44.769999999999996
    endloop
  endfacet
  facet normal 1 0 0
    outer loop
      vertex -4.5 -13.282462000427355 42.16709692431156
      vertex -4.5 -13.074108465796861 44.769999999999996
      vertex -4.5 -13.24424235816556 44.4480909650281
    endloop
  endfacet
  facet normal 1 0 0
    outer loop
      vertex -4.5 -12.93914510615444 43.14824023869288
      vertex -4.5 -12.523467263843623 44.10098397373405
      vertex -4.5 -13.074108465796861 44.769999999999996
    endloop
  endfacet
  facet normal 1 0 0
    outer loop
      vertex -4.5 -12.523467263843623 44.10098397373405
      vertex -4.5 -12.1698819703597 44.769999999999996
      vertex -4.5 -13.074108465796861 44.769999999999996
    endloop
  endfacet
  facet normal -1 0 0
    outer loop
      vertex -1.5 -14.524706647949339 33.58972134895425
      vertex -1.5 -14.677588398073032 37.47103732885487
      vertex -1.5 -14.7 38.06999999999999
    endloop
  endfacet
  facet normal -1 0 0
    outer loop
      vertex -1.5 -14.524706647949339 33.58972134895425
      vertex -1.5 -14.7 38.06999999999999
      vertex -1.5 -14.658895818563348 39.168532375720424
    endloop
  endfacet
  facet normal -1 0 0
    outer loop
      vertex -1.5 -14.524706647949339 33.58972134895425
      vertex -1.5 -14.658895818563348 39.168532375720424
      vertex -1.5 -14.535813145509389 40.26092131278976
    endloop
  endfacet
  facet normal -1 0 0
    outer loop
      vertex -1.5 -13.694726792116768 31.47496716541311
      vertex -1.5 -14.331440309072807 41.34105772915782
      vertex -1.5 -13.899999999999999 38.06999999999999
    endloop
  endfacet
  facet normal -1 0 0
    outer loop
      vertex -1.5 -14.149280979391905 32.51681642963079
      vertex -1.5 -14.535813145509389 40.26092131278976
      vertex -1.5 -14.331440309072807 41.34105772915782
    endloop
  endfacet
  facet normal -1 0 0
    outer loop
      vertex -1.5 -13.899999999999999 38.06999999999999
      vertex -1.5 -14.331440309072807 41.34105772915782
      vertex -1.5 -13.861132780818401 39.10874830085129
    endloop
  endfacet
  facet normal -1 0 0
    outer loop
      vertex -1.5 -13.744748484529286 40.14168749984882
      vertex -1.5 -14.331440309072807 41.34105772915782
      vertex -1.5 -14.046920245056269 42.40290106384028
    endloop
  endfacet
  facet normal -1 0 0
    outer loop
      vertex -1.5 -13.861132780818401 39.10874830085129
      vertex -1.5 -14.331440309072807 41.34105772915782
      vertex -1.5 -13.744748484529286 40.14168749984882
    endloop
  endfacet
  facet normal -1 0 0
    outer loop
      vertex -1.5 -13.744748484529286 40.14168749984882
      vertex -1.5 -14.046920245056269 42.40290106384028
      vertex -1.5 -13.551497979327348 41.163040981992765
    endloop
  endfacet
  facet normal -1 0 0
    outer loop
      vertex -1.5 -13.551497979327348 41.163040981992765
      vertex -1.5 -14.046920245056269 42.40290106384028
      vertex -1.5 -13.683844105069804 43.440513058186
    endloop
  endfacet
  facet normal -1 0 0
    outer loop
      vertex -1.5 -13.551497979327348 41.163040981992765
      vertex -1.5 -13.683844105069804 43.440513058186
      vertex -1.5 -13.282462000427355 42.16709692431156
    endloop
  endfacet
  facet normal -1 0 0
    outer loop
      vertex -1.5 -13.683844105069804 43.440513058186
      vertex -1.5 -12.93914510615444 43.14824023869288
      vertex -1.5 -13.282462000427355 42.16709692431156
    endloop
  endfacet
  facet normal -1 0 0
    outer loop
      vertex -1.5 -13.683844105069804 43.440513058186
      vertex -1.5 -13.24424235816556 44.4480909650281
      vertex -1.5 -12.93914510615444 43.14824023869288
    endloop
  endfacet
  facet normal -1 0 0
    outer loop
      vertex -1.5 -12.93914510615444 43.14824023869288
      vertex -1.5 -13.24424235816556 44.4480909650281
      vertex -1.5 -12.523467263843623 44.10098397373405
    endloop
  endfacet
  facet normal -1 0 0
    outer loop
      vertex -1.5 -13.24424235816556 44.4480909650281
      vertex -1.5 -13.074108465796861 44.769999999999996
      vertex -1.5 -12.1698819703597 44.769999999999996
    endloop
  endfacet
  facet normal -1 0 0
    outer loop
      vertex -1.5 -13.24424235816556 44.4480909650281
      vertex -1.5 -12.1698819703597 44.769999999999996
      vertex -1.5 -12.523467263843623 44.10098397373405
    endloop
  endfacet
  facet normal 1 0 0
    outer loop
      vertex -4.5 6.03252532829017 25.547347365823956
      vertex -4.5 8.611482618425473 25.547347365823956
      vertex -4.5 6.949999999999999 26.032246887396298
    endloop
  endfacet
  facet normal 1 0 0
    outer loop
      vertex -4.5 8.611482618425473 25.547347365823956
      vertex -4.5 7.830148807084345 26.585281037007665
      vertex -4.5 6.949999999999999 26.032246887396298
    endloop
  endfacet
  facet normal -2.171872174682394e-15 -0.5938201855735038 0.8045977797666666
    outer loop
      vertex -4.5 8.611482618425473 25.547347365823956
      vertex -4.292757036305139 8.733996257812528 25.637766546569402
      vertex -4.5 9.477044988252747 26.18616146648594
    endloop
  endfacet
  facet normal 1 0 0
    outer loop
      vertex -4.5 8.611482618425473 25.547347365823956
      vertex -4.5 9.477044988252747 26.18616146648594
      vertex -4.5 8.666508245836393 27.20254239369438
    endloop
  endfacet
  facet normal 3.8758834573400007e-16 -0.5938201855735035 0.804597779766667
    outer loop
      vertex -4.292757036305139 8.733996257812528 25.637766546569402
      vertex -3.463373299328124 9.12722215767746 25.927980467987155
      vertex -4.5 9.477044988252747 26.18616146648594
    endloop
  endfacet
  facet normal 1.404770469033395e-16 -0.5938201855735039 0.8045977797666666
    outer loop
      vertex -4.5 9.477044988252747 26.18616146648594
      vertex -3.463373299328124 9.12722215767746 25.927980467987155
      vertex -2.614620973986689 9.435368702935714 26.15540296813643
    endloop
  endfacet
  facet normal 0 -0.593820185573508 0.8045977797666635
    outer loop
      vertex -4.5 9.477044988252747 26.18616146648594
      vertex -2.614620973986689 9.435368702935714 26.15540296813643
      vertex -2.452058400802383 9.477044988252747 26.18616146648594
    endloop
  endfacet
  facet normal 1 0 0
    outer loop
      vertex -4.5 8.611482618425473 25.547347365823956
      vertex -4.5 8.666508245836393 27.20254239369438
      vertex -4.5 7.830148807084345 26.585281037007665
    endloop
  endfacet
  facet normal 1 0 0
    outer loop
      vertex -4.5 8.666508245836393 27.20254239369438
      vertex -4.5 9.477044988252747 26.18616146648594
      vertex -4.5 9.454401055015776 27.880578981565407
    endloop
  endfacet
  facet normal 1 0 0
    outer loop
      vertex -4.5 9.477044988252747 26.18616146648594
      vertex -4.5 10.338625614117971 26.92761154818663
      vertex -4.5 10.189421018434588 28.615598944984217
    endloop
  endfacet
  facet normal 1 0 0
    outer loop
      vertex -4.5 9.477044988252747 26.18616146648594
      vertex -4.5 10.189421018434588 28.615598944984217
      vertex -4.5 9.454401055015776 27.880578981565407
    endloop
  endfacet
  facet normal 1 0 0
    outer loop
      vertex -4.5 10.338625614117971 26.92761154818663
      vertex -4.5 10.867457606305615 29.4034917541636
      vertex -4.5 10.189421018434588 28.615598944984217
    endloop
  endfacet
  facet normal 1 0 0
    outer loop
      vertex -4.5 10.338625614117971 26.92761154818663
      vertex -4.5 11.142388451813364 27.73137438588202
      vertex -4.5 10.867457606305615 29.4034917541636
    endloop
  endfacet
  facet normal 1 0 0
    outer loop
      vertex -4.5 11.142388451813364 27.73137438588202
      vertex -4.5 11.484718962992329 30.239851192915648
      vertex -4.5 10.867457606305615 29.4034917541636
    endloop
  endfacet
  facet normal 1 0 0
    outer loop
      vertex -4.5 11.142388451813364 27.73137438588202
      vertex -4.5 11.883838533514053 28.592955011747247
      vertex -4.5 11.484718962992329 30.239851192915648
    endloop
  endfacet
  facet normal 1 0 0
    outer loop
      vertex -4.5 11.883838533514053 28.592955011747247
      vertex -4.5 12.558829369603123 29.50753511743294
      vertex -4.5 12.037753112603696 31.119999999999994
    endloop
  endfacet
  facet normal 1 0 0
    outer loop
      vertex -4.5 11.484718962992329 30.239851192915648
      vertex -4.5 11.883838533514053 28.592955011747247
      vertex -4.5 12.037753112603696 31.119999999999994
    endloop
  endfacet
  facet normal 1 0 0
    outer loop
      vertex -4.5 12.558829369603123 29.50753511743294
      vertex -4.5 12.523467263843623 32.039016026265934
      vertex -4.5 12.037753112603696 31.119999999999994
    endloop
  endfacet
  facet normal 1 0 0
    outer loop
      vertex -4.5 12.558829369603123 29.50753511743294
      vertex -4.5 12.939145106154436 32.9917597613071
      vertex -4.5 12.523467263843623 32.039016026265934
    endloop
  endfacet
  facet normal 1 0 0
    outer loop
      vertex -4.5 12.558829369603123 29.50753511743294
      vertex -4.5 13.163586137523467 30.46999999999999
      vertex -4.5 12.939145106154436 32.9917597613071
    endloop
  endfacet
  facet normal 1 0 0
    outer loop
      vertex -4.5 13.163586137523467 30.46999999999999
      vertex -4.5 13.282462000427353 33.97290307568842
      vertex -4.5 12.939145106154436 32.9917597613071
    endloop
  endfacet
  facet normal 1 0 0
    outer loop
      vertex -4.5 13.163586137523467 30.46999999999999
      vertex -4.5 13.694726792116768 31.47496716541311
      vertex -4.5 13.55149797932735 34.97695901800723
    endloop
  endfacet
  facet normal 1 0 0
    outer loop
      vertex -4.5 13.163586137523467 30.46999999999999
      vertex -4.5 13.55149797932735 34.97695901800723
      vertex -4.5 13.282462000427353 33.97290307568842
    endloop
  endfacet
  facet normal 1 0 0
    outer loop
      vertex -4.5 13.694726792116768 31.47496716541311
      vertex -4.5 13.744748484529287 35.99831250015117
      vertex -4.5 13.55149797932735 34.97695901800723
    endloop
  endfacet
  facet normal 1 0 0
    outer loop
      vertex -4.5 14.149280979391902 32.516816429630786
      vertex -4.5 14.353294381942765 33.09985323701214
      vertex -4.5 14.256640765142581 34.51978657251159
    endloop
  endfacet
  facet normal 1 0 0
    outer loop
      vertex -4.5 13.694726792116768 31.47496716541311
      vertex -4.5 13.861132780818401 37.0312516991487
      vertex -4.5 13.744748484529287 35.99831250015117
    endloop
  endfacet
  facet normal 1 0 0
    outer loop
      vertex -4.5 13.694726792116768 31.47496716541311
      vertex -4.5 13.899999999999999 38.06999999999999
      vertex -4.5 13.861132780818401 37.0312516991487
    endloop
  endfacet
  facet normal 1 0 0
    outer loop
      vertex -4.5 13.694726792116768 31.47496716541311
      vertex -4.5 14.149280979391902 32.516816429630786
      vertex -4.5 14.331440309072807 41.34105772915782
    endloop
  endfacet
  facet normal 1.2180590420354657e-18 -0.6522874112781186 0.7579717231454551
    outer loop
      vertex -4.5 9.477044988252747 26.18616146648594
      vertex -1.5 10.338625614117971 26.92761154818663
      vertex -4.5 10.338625614117971 26.92761154818663
    endloop
  endfacet
  facet normal 0 -0.7071067811865468 0.7071067811865483
    outer loop
      vertex -4.5 10.338625614117971 26.92761154818663
      vertex -1.5 10.338625614117971 26.92761154818663
      vertex -4.5 11.142388451813364 27.73137438588202
    endloop
  endfacet
  facet normal 0 -0.757971723145455 0.6522874112781188
    outer loop
      vertex -4.5 11.142388451813364 27.73137438588202
      vertex -1.5 11.142388451813364 27.73137438588202
      vertex -4.5 11.883838533514053 28.592955011747247
    endloop
  endfacet
  facet normal 0 -0.6522874112781187 0.7579717231454552
    outer loop
      vertex -4.5 9.477044988252747 26.18616146648594
      vertex -2.452058400802383 9.477044988252747 26.18616146648594
      vertex -1.5 10.338625614117971 26.92761154818663
    endloop
  endfacet
  facet normal 0 -0.7071067811865468 0.7071067811865483
    outer loop
      vertex -4.5 11.142388451813364 27.73137438588202
      vertex -1.5 10.338625614117971 26.92761154818663
      vertex -1.5 11.142388451813364 27.73137438588202
    endloop
  endfacet
  facet normal -1 0 0
    outer loop
      vertex -1.5 7.451039552667687 26.347070904313565
      vertex -1.5 7.830148807084345 26.585281037007665
      vertex -1.5 9.66402514723142 26.347070904313565
    endloop
  endfacet
  facet normal -1 0 0
    outer loop
      vertex -1.5 7.830148807084345 26.585281037007665
      vertex -1.5 8.666508245836393 27.20254239369438
      vertex -1.5 9.66402514723142 26.347070904313565
    endloop
  endfacet
  facet normal -1 0 0
    outer loop
      vertex -1.5 8.666508245836393 27.20254239369438
      vertex -1.5 9.454401055015776 27.880578981565407
      vertex -1.5 9.66402514723142 26.347070904313565
    endloop
  endfacet
  facet normal 6.580430437640448e-16 -0.6522874112781191 0.7579717231454548
    outer loop
      vertex -2.452058400802383 9.477044988252747 26.18616146648594
      vertex -1.7512466275700465 9.631129845492195 26.31876220814526
      vertex -1.5 10.338625614117971 26.92761154818663
    endloop
  endfacet
  facet normal -4.728183706429557e-16 -0.6522874112781188 0.7579717231454549
    outer loop
      vertex -1.7512466275700465 9.631129845492195 26.31876220814526
      vertex -1.5 9.66402514723142 26.347070904313565
      vertex -1.5 10.338625614117971 26.92761154818663
    endloop
  endfacet
  facet normal -1 0 0
    outer loop
      vertex -1.5 9.66402514723142 26.347070904313565
      vertex -1.5 9.454401055015776 27.880578981565407
      vertex -1.5 10.338625614117971 26.92761154818663
    endloop
  endfacet
  facet normal -1 0 0
    outer loop
      vertex -1.5 9.454401055015776 27.880578981565407
      vertex -1.5 10.189421018434588 28.615598944984217
      vertex -1.5 10.338625614117971 26.92761154818663
    endloop
  endfacet
  facet normal -1 0 0
    outer loop
      vertex -1.5 10.338625614117971 26.92761154818663
      vertex -1.5 10.189421018434588 28.615598944984217
      vertex -1.5 11.142388451813364 27.73137438588202
    endloop
  endfacet
  facet normal -1 0 0
    outer loop
      vertex -1.5 10.189421018434588 28.615598944984217
      vertex -1.5 10.867457606305615 29.4034917541636
      vertex -1.5 11.142388451813364 27.73137438588202
    endloop
  endfacet
  facet normal -1 0 0
    outer loop
      vertex -1.5 11.142388451813364 27.73137438588202
      vertex -1.5 10.867457606305615 29.4034917541636
      vertex -1.5 11.883838533514053 28.592955011747247
    endloop
  endfacet
  facet normal -1 0 0
    outer loop
      vertex -1.5 10.867457606305615 29.4034917541636
      vertex -1.5 11.484718962992329 30.239851192915648
      vertex -1.5 11.883838533514053 28.592955011747247
    endloop
  endfacet
  facet normal 0 -0.757971723145455 0.6522874112781188
    outer loop
      vertex -4.5 11.883838533514053 28.592955011747247
      vertex -1.5 11.142388451813364 27.73137438588202
      vertex -1.5 11.883838533514053 28.592955011747247
    endloop
  endfacet
  facet normal 0 -0.8045977797666679 0.5938201855735022
    outer loop
      vertex -4.5 11.883838533514053 28.592955011747247
      vertex -1.5 11.883838533514053 28.592955011747247
      vertex -4.5 12.558829369603123 29.50753511743294
    endloop
  endfacet
  facet normal 0 -0.8467241992282837 0.5320320765153373
    outer loop
      vertex -4.5 12.558829369603123 29.50753511743294
      vertex -1.5 12.558829369603123 29.50753511743294
      vertex -4.5 13.163586137523467 30.46999999999999
    endloop
  endfacet
  facet normal 0 -0.8841153935046105 0.46726862827306037
    outer loop
      vertex -4.5 13.163586137523467 30.46999999999999
      vertex -1.5 13.163586137523467 30.46999999999999
      vertex -4.5 13.694726792116768 31.47496716541311
    endloop
  endfacet
  facet normal 0 -0.8045977797666679 0.5938201855735022
    outer loop
      vertex -4.5 12.558829369603123 29.50753511743294
      vertex -1.5 11.883838533514053 28.592955011747247
      vertex -1.5 12.558829369603123 29.50753511743294
    endloop
  endfacet
  facet normal 0 -0.8467241992282837 0.5320320765153373
    outer loop
      vertex -4.5 13.163586137523467 30.46999999999999
      vertex -1.5 12.558829369603123 29.50753511743294
      vertex -1.5 13.163586137523467 30.46999999999999
    endloop
  endfacet
  facet normal -1 0 0
    outer loop
      vertex -1.5 11.484718962992329 30.239851192915648
      vertex -1.5 12.558829369603123 29.50753511743294
      vertex -1.5 11.883838533514053 28.592955011747247
    endloop
  endfacet
  facet normal -1 0 0
    outer loop
      vertex -1.5 11.484718962992329 30.239851192915648
      vertex -1.5 12.037753112603696 31.119999999999994
      vertex -1.5 12.558829369603123 29.50753511743294
    endloop
  endfacet
  facet normal -1 0 0
    outer loop
      vertex -1.5 12.558829369603123 29.50753511743294
      vertex -1.5 12.037753112603696 31.119999999999994
      vertex -1.5 12.523467263843623 32.039016026265934
    endloop
  endfacet
  facet normal -1 0 0
    outer loop
      vertex -1.5 12.558829369603123 29.50753511743294
      vertex -1.5 12.523467263843623 32.039016026265934
      vertex -1.5 13.163586137523467 30.46999999999999
    endloop
  endfacet
  facet normal 0 -0.8841153935046105 0.46726862827306037
    outer loop
      vertex -4.5 13.694726792116768 31.47496716541311
      vertex -1.5 13.163586137523467 30.46999999999999
      vertex -1.5 13.694726792116768 31.47496716541311
    endloop
  endfacet
  facet normal 0 -0.9165622558699761 0.39989202431974136
    outer loop
      vertex -4.5 13.694726792116768 31.47496716541311
      vertex -1.5 13.694726792116768 31.47496716541311
      vertex -4.5 14.149280979391902 32.516816429630786
    endloop
  endfacet
  facet normal 0 -0.9438833303083668 0.3302790619551693
    outer loop
      vertex -4.5 14.149280979391902 32.516816429630786
      vertex -1.5 14.149280979391902 32.516816429630786
      vertex -4.5 14.353294381942765 33.09985323701214
    endloop
  endfacet
  facet normal -7.821216835834244e-15 -0.9438833303083792 0.33027906195513346
    outer loop
      vertex -4.5 14.353294381942765 33.09985323701214
      vertex -1.5 14.149280979391902 32.516816429630786
      vertex -4.4334208781918925 14.372797479371268 33.15558988723505
    endloop
  endfacet
  facet normal 8.521174058743122e-16 -0.9438833303083669 0.33027906195516893
    outer loop
      vertex -4.4334208781918925 14.372797479371268 33.15558988723505
      vertex -1.5 14.149280979391902 32.516816429630786
      vertex -3.75871923026262 14.524706647949335 33.58972134895424
    endloop
  endfacet
  facet normal 0 -0.9165622558699761 0.39989202431974136
    outer loop
      vertex -4.5 14.149280979391902 32.516816429630786
      vertex -1.5 13.694726792116768 31.47496716541311
      vertex -1.5 14.149280979391902 32.516816429630786
    endloop
  endfacet
  facet normal 0 -0.9438833303083674 0.3302790619551673
    outer loop
      vertex -3.75871923026262 14.524706647949335 33.58972134895424
      vertex -1.5 14.149280979391902 32.516816429630786
      vertex -1.5 14.524706647949335 33.58972134895424
    endloop
  endfacet
  facet normal 0 -0.9659258262890685 0.25881904510252
    outer loop
      vertex -3.75871923026262 14.524706647949335 33.58972134895424
      vertex -1.5 14.524706647949335 33.58972134895424
      vertex -3.335886253026249 14.61547263044211 33.928464607216185
    endloop
  endfacet
  facet normal 4.864970224579661e-16 -0.9659258262890679 0.2588190451025225
    outer loop
      vertex -3.335886253026249 14.61547263044211 33.928464607216185
      vertex -1.5 14.524706647949335 33.58972134895424
      vertex -2.2283184373662293 14.783926855412854 34.557144333556636
    endloop
  endfacet
  facet normal -1 0 0
    outer loop
      vertex -1.5 13.163586137523467 30.46999999999999
      vertex -1.5 12.523467263843623 32.039016026265934
      vertex -1.5 12.939145106154436 32.9917597613071
    endloop
  endfacet
  facet normal -1 0 0
    outer loop
      vertex -1.5 13.163586137523467 30.46999999999999
      vertex -1.5 12.939145106154436 32.9917597613071
      vertex -1.5 13.694726792116768 31.47496716541311
    endloop
  endfacet
  facet normal -1 0 0
    outer loop
      vertex -1.5 13.694726792116768 31.47496716541311
      vertex -1.5 12.939145106154436 32.9917597613071
      vertex -1.5 13.282462000427353 33.97290307568842
    endloop
  endfacet
  facet normal -1 0 0
    outer loop
      vertex -1.5 13.694726792116768 31.47496716541311
      vertex -1.5 13.282462000427353 33.97290307568842
      vertex -1.5 13.55149797932735 34.97695901800723
    endloop
  endfacet
  facet normal -1 0 0
    outer loop
      vertex -1.5 13.694726792116768 31.47496716541311
      vertex -1.5 13.55149797932735 34.97695901800723
      vertex -1.5 14.149280979391902 32.516816429630786
    endloop
  endfacet
  facet normal -1 0 0
    outer loop
      vertex -1.5 14.149280979391902 32.516816429630786
      vertex -1.5 13.55149797932735 34.97695901800723
      vertex -1.5 13.744748484529287 35.99831250015117
    endloop
  endfacet
  facet normal -1 0 0
    outer loop
      vertex -1.5 14.149280979391902 32.516816429630786
      vertex -1.5 13.744748484529287 35.99831250015117
      vertex -1.5 13.861132780818401 37.0312516991487
    endloop
  endfacet
  facet normal -1.5356467087367604e-15 -0.9659258262890683 0.25881904510252113
    outer loop
      vertex -2.2283184373662293 14.783926855412854 34.557144333556636
      vertex -1.5 14.524706647949335 33.58972134895424
      vertex -1.8429781660722881 14.81890426516372 34.687681803864024
    endloop
  endfacet
  facet normal 0 -0.9659258262890681 0.2588190451025215
    outer loop
      vertex -1.8429781660722881 14.81890426516372 34.687681803864024
      vertex -1.5 14.524706647949335 33.58972134895424
      vertex -1.5 14.81890426516372 34.687681803864024
    endloop
  endfacet
  facet normal 0 -0.9825664732332874 0.18591160716291902
    outer loop
      vertex -1.8429781660722881 14.81890426516372 34.687681803864024
      vertex -1.5 14.81890426516372 34.687681803864024
      vertex -1.5 14.847706488858721 34.83990521685659
    endloop
  endfacet
  facet normal -1 0 0
    outer loop
      vertex -1.5 14.524706647949335 33.58972134895424
      vertex -1.5 14.677588398073032 37.47103732885488
      vertex -1.5 14.81890426516372 34.687681803864024
    endloop
  endfacet
  facet normal 1 0 0
    outer loop
      vertex -4.5 14.149280979391902 32.516816429630786
      vertex -4.5 14.256640765142581 34.51978657251159
      vertex -4.5 14.535813145509389 40.260921312789755
    endloop
  endfacet
  facet normal 1 0 0
    outer loop
      vertex -4.5 14.256640765142581 34.51978657251159
      vertex -4.5 14.331440309072809 34.798942270842176
      vertex -4.5 14.535813145509389 40.260921312789755
    endloop
  endfacet
  facet normal 1 0 0
    outer loop
      vertex -4.5 13.694726792116768 31.47496716541311
      vertex -4.5 14.331440309072807 41.34105772915782
      vertex -4.5 13.899999999999999 38.06999999999999
    endloop
  endfacet
  facet normal 1 0 0
    outer loop
      vertex -4.5 14.331440309072809 34.798942270842176
      vertex -4.5 14.53581314550939 35.87907868721023
      vertex -4.5 14.658895818563348 39.16853237572043
    endloop
  endfacet
  facet normal 1 0 0
    outer loop
      vertex -4.5 14.53581314550939 35.87907868721023
      vertex -4.5 14.658895818563348 36.97146762427956
      vertex -4.5 14.7 38.06999999999999
    endloop
  endfacet
  facet normal 1 0 0
    outer loop
      vertex -4.5 14.53581314550939 35.87907868721023
      vertex -4.5 14.7 38.06999999999999
      vertex -4.5 14.658895818563348 39.16853237572043
    endloop
  endfacet
  facet normal 1 0 0
    outer loop
      vertex -4.5 14.149280979391902 32.516816429630786
      vertex -4.5 14.535813145509389 40.260921312789755
      vertex -4.5 14.331440309072807 41.34105772915782
    endloop
  endfacet
  facet normal 1 0 0
    outer loop
      vertex -4.5 13.899999999999999 38.06999999999999
      vertex -4.5 14.331440309072807 41.34105772915782
      vertex -4.5 13.861132780818401 39.10874830085129
    endloop
  endfacet
  facet normal 1 0 0
    outer loop
      vertex -4.5 14.331440309072809 34.798942270842176
      vertex -4.5 14.658895818563348 39.16853237572043
      vertex -4.5 14.535813145509389 40.260921312789755
    endloop
  endfacet
  facet normal 1 0 0
    outer loop
      vertex -4.5 13.282462000427355 42.167096924311565
      vertex -4.5 13.551497979327348 41.163040981992765
      vertex -4.5 13.683844105069802 43.440513058186
    endloop
  endfacet
  facet normal 1 0 0
    outer loop
      vertex -4.5 13.282462000427355 42.167096924311565
      vertex -4.5 13.683844105069802 43.440513058186
      vertex -4.5 12.939145106154438 43.148240238692885
    endloop
  endfacet
  facet normal 1 0 0
    outer loop
      vertex -4.5 12.939145106154438 43.148240238692885
      vertex -4.5 13.244242358165561 44.4480909650281
      vertex -4.5 12.523467263843624 44.10098397373405
    endloop
  endfacet
  facet normal 1 0 0
    outer loop
      vertex -4.5 12.523467263843624 44.10098397373405
      vertex -4.5 13.244242358165561 44.4480909650281
      vertex -4.5 12.1698819703597 44.769999999999996
    endloop
  endfacet
  facet normal 1 0 0
    outer loop
      vertex -4.5 13.244242358165561 44.4480909650281
      vertex -4.5 13.074108465796861 44.769999999999996
      vertex -4.5 12.1698819703597 44.769999999999996
    endloop
  endfacet
  facet normal 1 0 0
    outer loop
      vertex -4.5 12.939145106154438 43.148240238692885
      vertex -4.5 13.683844105069802 43.440513058186
      vertex -4.5 13.244242358165561 44.4480909650281
    endloop
  endfacet
  facet normal 1 0 0
    outer loop
      vertex -4.5 13.861132780818401 39.10874830085129
      vertex -4.5 14.331440309072807 41.34105772915782
      vertex -4.5 13.744748484529286 40.141687499848814
    endloop
  endfacet
  facet normal 1 0 0
    outer loop
      vertex -4.5 13.744748484529286 40.141687499848814
      vertex -4.5 14.046920245056267 42.40290106384028
      vertex -4.5 13.551497979327348 41.163040981992765
    endloop
  endfacet
  facet normal 1 0 0
    outer loop
      vertex -4.5 13.744748484529286 40.141687499848814
      vertex -4.5 14.331440309072807 41.34105772915782
      vertex -4.5 14.046920245056267 42.40290106384028
    endloop
  endfacet
  facet normal 1 0 0
    outer loop
      vertex -4.5 13.551497979327348 41.163040981992765
      vertex -4.5 14.046920245056267 42.40290106384028
      vertex -4.5 13.683844105069802 43.440513058186
    endloop
  endfacet
  facet normal -1 0 0
    outer loop
      vertex -1.5 14.149280979391902 32.516816429630786
      vertex -1.5 13.861132780818401 37.0312516991487
      vertex -1.5 13.899999999999999 38.06999999999999
    endloop
  endfacet
  facet normal -1 0 0
    outer loop
      vertex -1.5 14.149280979391902 32.516816429630786
      vertex -1.5 14.046920245056267 42.40290106384028
      vertex -1.5 14.524706647949335 33.58972134895424
    endloop
  endfacet
  facet normal -1 0 0
    outer loop
      vertex -1.5 14.149280979391902 32.516816429630786
      vertex -1.5 13.899999999999999 38.06999999999999
      vertex -1.5 14.046920245056267 42.40290106384028
    endloop
  endfacet
  facet normal -1 0 0
    outer loop
      vertex -1.5 14.81890426516372 34.687681803864024
      vertex -1.5 14.677588398073032 37.47103732885488
      vertex -1.5 14.847706488858721 34.83990521685659
    endloop
  endfacet
  facet normal -1 0 0
    outer loop
      vertex -1.5 14.524706647949335 33.58972134895424
      vertex -1.5 14.7 38.06999999999999
      vertex -1.5 14.677588398073032 37.47103732885488
    endloop
  endfacet
  facet normal -1 0 0
    outer loop
      vertex -1.5 14.524706647949335 33.58972134895424
      vertex -1.5 14.535813145509389 40.260921312789755
      vertex -1.5 14.7 38.06999999999999
    endloop
  endfacet
  facet normal -1 0 0
    outer loop
      vertex -1.5 14.524706647949335 33.58972134895424
      vertex -1.5 14.331440309072807 41.34105772915782
      vertex -1.5 14.535813145509389 40.260921312789755
    endloop
  endfacet
  facet normal -1 0 0
    outer loop
      vertex -1.5 13.899999999999999 38.06999999999999
      vertex -1.5 13.861132780818401 39.10874830085129
      vertex -1.5 14.046920245056267 42.40290106384028
    endloop
  endfacet
  facet normal -1 0 0
    outer loop
      vertex -1.5 14.524706647949335 33.58972134895424
      vertex -1.5 14.046920245056267 42.40290106384028
      vertex -1.5 14.331440309072807 41.34105772915782
    endloop
  endfacet
  facet normal -1 0 0
    outer loop
      vertex -1.5 14.7 38.06999999999999
      vertex -1.5 14.535813145509389 40.260921312789755
      vertex -1.5 14.658895818563348 39.16853237572043
    endloop
  endfacet
  facet normal -1 0 0
    outer loop
      vertex -1.5 13.282462000427355 42.167096924311565
      vertex -1.5 13.244242358165561 44.4480909650281
      vertex -1.5 13.551497979327348 41.163040981992765
    endloop
  endfacet
  facet normal -1 0 0
    outer loop
      vertex -1.5 13.551497979327348 41.163040981992765
      vertex -1.5 13.244242358165561 44.4480909650281
      vertex -1.5 13.683844105069802 43.440513058186
    endloop
  endfacet
  facet normal -1 0 0
    outer loop
      vertex -1.5 13.282462000427355 42.167096924311565
      vertex -1.5 12.939145106154438 43.148240238692885
      vertex -1.5 13.074108465796861 44.769999999999996
    endloop
  endfacet
  facet normal -1 0 0
    outer loop
      vertex -1.5 12.939145106154438 43.148240238692885
      vertex -1.5 12.523467263843624 44.10098397373405
      vertex -1.5 13.074108465796861 44.769999999999996
    endloop
  endfacet
  facet normal -1 0 0
    outer loop
      vertex -1.5 12.523467263843624 44.10098397373405
      vertex -1.5 12.1698819703597 44.769999999999996
      vertex -1.5 13.074108465796861 44.769999999999996
    endloop
  endfacet
  facet normal -1 0 0
    outer loop
      vertex -1.5 13.282462000427355 42.167096924311565
      vertex -1.5 13.074108465796861 44.769999999999996
      vertex -1.5 13.244242358165561 44.4480909650281
    endloop
  endfacet
  facet normal -1 0 0
    outer loop
      vertex -1.5 13.861132780818401 39.10874830085129
      vertex -1.5 13.744748484529286 40.141687499848814
      vertex -1.5 13.683844105069802 43.440513058186
    endloop
  endfacet
  facet normal -1 0 0
    outer loop
      vertex -1.5 13.744748484529286 40.141687499848814
      vertex -1.5 13.551497979327348 41.163040981992765
      vertex -1.5 13.683844105069802 43.440513058186
    endloop
  endfacet
  facet normal -1 0 0
    outer loop
      vertex -1.5 13.861132780818401 39.10874830085129
      vertex -1.5 13.683844105069802 43.440513058186
      vertex -1.5 14.046920245056267 42.40290106384028
    endloop
  endfacet
  facet normal 5.542782988446784e-16 -0.5320320765153342 -0.8467241992282857
    outer loop
      vertex 4.5 -7.830148807084345 26.585281037007665
      vertex 1.7512466275700465 -7.405986520806714 26.31876220814526
      vertex 2.614620973986689 -7.146001779681745 26.15540296813643
    endloop
  endfacet
  facet normal -8.474739554052867e-16 -0.5320320765153371 -0.8467241992282838
    outer loop
      vertex 4.5 -7.830148807084345 26.585281037007665
      vertex 2.614620973986689 -7.146001779681745 26.15540296813643
      vertex 3.0742457245699097 -6.949999999999999 26.032246887396298
    endloop
  endfacet
  facet normal 0 -0.46726862827306104 -0.8841153935046102
    outer loop
      vertex 3.0742457245699097 -6.949999999999999 26.032246887396298
      vertex 3.463373299328129 -6.752718306242968 25.92798046798715
      vertex 4.5 -6.949999999999999 26.032246887396298
    endloop
  endfacet
  facet normal 6.666377762040478e-18 -0.532032076515336 -0.8467241992282845
    outer loop
      vertex 4.5 -7.830148807084345 26.585281037007665
      vertex 3.0742457245699097 -6.949999999999999 26.032246887396298
      vertex 4.5 -6.949999999999999 26.032246887396298
    endloop
  endfacet
  facet normal 8.582815192879934e-16 -0.46726862827306 -0.8841153935046109
    outer loop
      vertex 4.292757036305145 -6.203606767805099 25.6377665465694
      vertex 4.5 -6.03252532829017 25.547347365823956
      vertex 4.5 -6.949999999999999 26.032246887396298
    endloop
  endfacet
  facet normal 2.3744283513981554e-16 -0.46726862827306015 -0.8841153935046108
    outer loop
      vertex 4.292757036305145 -6.203606767805099 25.6377665465694
      vertex 4.5 -6.949999999999999 26.032246887396298
      vertex 3.463373299328129 -6.752718306242968 25.92798046798715
    endloop
  endfacet
  facet normal 0 -0.8467241992282848 -0.5320320765153356
    outer loop
      vertex 1.5 -12.037753112603696 31.119999999999994
      vertex 1.5 -11.484718962992329 30.239851192915648
      vertex 4.5 -12.037753112603696 31.119999999999994
    endloop
  endfacet
  facet normal 0 -0.8467241992282848 -0.5320320765153356
    outer loop
      vertex 1.5 -11.484718962992329 30.239851192915648
      vertex 4.5 -11.484718962992329 30.239851192915648
      vertex 4.5 -12.037753112603696 31.119999999999994
    endloop
  endfacet
  facet normal 0 -0.9825664732332883 -0.18591160716291424
    outer loop
      vertex 1.5 -13.551497979327348 34.97695901800722
      vertex 4.5 -13.551497979327348 34.97695901800722
      vertex 4.5 -13.744748484529286 35.998312500151165
    endloop
  endfacet
  facet normal 0 -0.9165622558699761 -0.3998920243197416
    outer loop
      vertex 1.5 -12.93914510615444 32.99175976130711
      vertex 1.5 -12.523467263843623 32.039016026265934
      vertex 4.5 -12.93914510615444 32.99175976130711
    endloop
  endfacet
  facet normal 4.03669114720101e-18 -0.88411539350461 -0.4672686282730617
    outer loop
      vertex 1.5 -12.037753112603696 31.119999999999994
      vertex 4.5 -12.523467263843623 32.039016026265934
      vertex 1.5 -12.523467263843623 32.039016026265934
    endloop
  endfacet
  facet normal 0 -0.9165622558699761 -0.3998920243197416
    outer loop
      vertex 1.5 -12.523467263843623 32.039016026265934
      vertex 4.5 -12.523467263843623 32.039016026265934
      vertex 4.5 -12.93914510615444 32.99175976130711
    endloop
  endfacet
  facet normal 0 -0.88411539350461 -0.4672686282730617
    outer loop
      vertex 1.5 -12.037753112603696 31.119999999999994
      vertex 4.5 -12.037753112603696 31.119999999999994
      vertex 4.5 -12.523467263843623 32.039016026265934
    endloop
  endfacet
  facet normal -3.2648405152180687e-18 -0.943883330308368 -0.3302790619551658
    outer loop
      vertex 1.5 -12.93914510615444 32.99175976130711
      vertex 4.5 -13.282462000427355 33.97290307568843
      vertex 1.5 -13.282462000427355 33.97290307568843
    endloop
  endfacet
  facet normal 0 -0.9659258262890676 -0.2588190451025228
    outer loop
      vertex 1.5 -13.551497979327348 34.97695901800722
      vertex 1.5 -13.282462000427355 33.97290307568843
      vertex 4.5 -13.551497979327348 34.97695901800722
    endloop
  endfacet
  facet normal 0 -0.9659258262890676 -0.2588190451025228
    outer loop
      vertex 1.5 -13.282462000427355 33.97290307568843
      vertex 4.5 -13.282462000427355 33.97290307568843
      vertex 4.5 -13.551497979327348 34.97695901800722
    endloop
  endfacet
  facet normal 0 -0.943883330308368 -0.3302790619551658
    outer loop
      vertex 1.5 -12.93914510615444 32.99175976130711
      vertex 4.5 -12.93914510615444 32.99175976130711
      vertex 4.5 -13.282462000427355 33.97290307568843
    endloop
  endfacet
  facet normal 0 -0.7071067811865483 -0.7071067811865466
    outer loop
      vertex 1.5 -10.189421018434585 28.615598944984214
      vertex 1.5 -9.45440105501578 27.880578981565407
      vertex 4.5 -10.189421018434585 28.615598944984214
    endloop
  endfacet
  facet normal 0 -0.7071067811865483 -0.7071067811865466
    outer loop
      vertex 1.5 -9.45440105501578 27.880578981565407
      vertex 4.5 -9.45440105501578 27.880578981565407
      vertex 4.5 -10.189421018434585 28.615598944984214
    endloop
  endfacet
  facet normal -7.417669404088612e-18 -0.7579717231454531 -0.652287411278121
    outer loop
      vertex 1.5 -10.189421018434585 28.615598944984214
      vertex 4.5 -10.867457606305612 29.403491754163596
      vertex 1.5 -10.867457606305612 29.403491754163596
    endloop
  endfacet
  facet normal 0 -0.8045977797666678 -0.5938201855735022
    outer loop
      vertex 1.5 -11.484718962992329 30.239851192915648
      vertex 1.5 -10.867457606305612 29.403491754163596
      vertex 4.5 -11.484718962992329 30.239851192915648
    endloop
  endfacet
  facet normal 0 -0.8045977797666678 -0.5938201855735022
    outer loop
      vertex 1.5 -10.867457606305612 29.403491754163596
      vertex 4.5 -10.867457606305612 29.403491754163596
      vertex 4.5 -11.484718962992329 30.239851192915648
    endloop
  endfacet
  facet normal 0 -0.7579717231454531 -0.652287411278121
    outer loop
      vertex 1.5 -10.189421018434585 28.615598944984214
      vertex 4.5 -10.189421018434585 28.615598944984214
      vertex 4.5 -10.867457606305612 29.403491754163596
    endloop
  endfacet
  facet normal 0 -0.652287411278121 -0.7579717231454531
    outer loop
      vertex 1.5 -9.45440105501578 27.880578981565407
      vertex 1.5 -8.666508245836397 27.20254239369438
      vertex 4.5 -9.45440105501578 27.880578981565407
    endloop
  endfacet
  facet normal 0 -0.5938201855735008 -0.8045977797666689
    outer loop
      vertex 1.5 -8.666508245836397 27.20254239369438
      vertex 1.5 -7.830148807084345 26.585281037007665
      vertex 4.5 -8.666508245836397 27.20254239369438
    endloop
  endfacet
  facet normal 0 -0.652287411278121 -0.7579717231454531
    outer loop
      vertex 1.5 -8.666508245836397 27.20254239369438
      vertex 4.5 -8.666508245836397 27.20254239369438
      vertex 4.5 -9.45440105501578 27.880578981565407
    endloop
  endfacet
  facet normal 0 -0.5938201855735008 -0.8045977797666689
    outer loop
      vertex 1.5 -7.830148807084345 26.585281037007665
      vertex 4.5 -7.830148807084345 26.585281037007665
      vertex 4.5 -8.666508245836397 27.20254239369438
    endloop
  endfacet
  facet normal 3.680692776553218e-18 -0.9825664732332883 -0.18591160716291424
    outer loop
      vertex 1.5 -13.551497979327348 34.97695901800722
      vertex 4.5 -13.744748484529286 35.998312500151165
      vertex 1.5 -13.744748484529286 35.998312500151165
    endloop
  endfacet
  facet normal 4.2262255411369293e-19 -0.9937122098932428 -0.11196447610330613
    outer loop
      vertex 1.5 -13.744748484529286 35.998312500151165
      vertex 4.5 -13.861132780818401 37.0312516991487
      vertex 1.5 -13.861132780818401 37.0312516991487
    endloop
  endfacet
  facet normal -3.1151655934351285e-19 -0.9993007047883985 -0.03739119427632676
    outer loop
      vertex 1.5 -13.861132780818401 37.0312516991487
      vertex 4.5 -13.899999999999999 38.06999999999999
      vertex 1.5 -13.899999999999999 38.06999999999999
    endloop
  endfacet
  facet normal 0 -0.9937122098932428 -0.11196447610330613
    outer loop
      vertex 1.5 -13.744748484529286 35.998312500151165
      vertex 4.5 -13.744748484529286 35.998312500151165
      vertex 4.5 -13.861132780818401 37.0312516991487
    endloop
  endfacet
  facet normal 0 -0.9993007047883985 -0.03739119427632676
    outer loop
      vertex 1.5 -13.861132780818401 37.0312516991487
      vertex 4.5 -13.861132780818401 37.0312516991487
      vertex 4.5 -13.899999999999999 38.06999999999999
    endloop
  endfacet
  facet normal 3.1151655934351285e-19 -0.9993007047883985 0.03739119427632676
    outer loop
      vertex 1.5 -13.899999999999999 38.06999999999999
      vertex 4.5 -13.861132780818401 39.10874830085129
      vertex 1.5 -13.861132780818401 39.10874830085129
    endloop
  endfacet
  facet normal -4.2262255411369293e-19 -0.9937122098932428 0.11196447610330613
    outer loop
      vertex 1.5 -13.861132780818401 39.10874830085129
      vertex 4.5 -13.744748484529286 40.14168749984882
      vertex 1.5 -13.744748484529286 40.14168749984882
    endloop
  endfacet
  facet normal 0 -0.9993007047883985 0.03739119427632676
    outer loop
      vertex 1.5 -13.899999999999999 38.06999999999999
      vertex 4.5 -13.899999999999999 38.06999999999999
      vertex 4.5 -13.861132780818401 39.10874830085129
    endloop
  endfacet
  facet normal 0 -0.9937122098932428 0.11196447610330613
    outer loop
      vertex 1.5 -13.861132780818401 39.10874830085129
      vertex 4.5 -13.861132780818401 39.10874830085129
      vertex 4.5 -13.744748484529286 40.14168749984882
    endloop
  endfacet
  facet normal -3.680692776553218e-18 -0.9825664732332883 0.18591160716291424
    outer loop
      vertex 1.5 -13.744748484529286 40.14168749984882
      vertex 4.5 -13.551497979327348 41.163040981992765
      vertex 1.5 -13.551497979327348 41.163040981992765
    endloop
  endfacet
  facet normal 0 -0.9825664732332883 0.18591160716291424
    outer loop
      vertex 1.5 -13.744748484529286 40.14168749984882
      vertex 4.5 -13.744748484529286 40.14168749984882
      vertex 4.5 -13.551497979327348 41.163040981992765
    endloop
  endfacet
  facet normal -4.635996274110357e-18 -0.9659258262890676 0.2588190451025228
    outer loop
      vertex 1.5 -13.551497979327348 41.163040981992765
      vertex 4.5 -13.282462000427355 42.16709692431156
      vertex 1.5 -13.282462000427355 42.16709692431156
    endloop
  endfacet
  facet normal 0 -0.9659258262890676 0.2588190451025228
    outer loop
      vertex 1.5 -13.551497979327348 41.163040981992765
      vertex 4.5 -13.551497979327348 41.163040981992765
      vertex 4.5 -13.282462000427355 42.16709692431156
    endloop
  endfacet
  facet normal 3.2648405152180687e-18 -0.943883330308368 0.3302790619551658
    outer loop
      vertex 1.5 -13.282462000427355 42.16709692431156
      vertex 4.5 -12.93914510615444 43.14824023869288
      vertex 1.5 -12.93914510615444 43.14824023869288
    endloop
  endfacet
  facet normal -8.594301936947568e-18 -0.9165622558699761 0.3998920243197416
    outer loop
      vertex 1.5 -12.93914510615444 43.14824023869288
      vertex 4.5 -12.523467263843623 44.10098397373405
      vertex 1.5 -12.523467263843623 44.10098397373405
    endloop
  endfacet
  facet normal 0 -0.8841153935046105 0.4672686282730606
    outer loop
      vertex 1.5 -12.523467263843623 44.10098397373405
      vertex 4.5 -12.523467263843623 44.10098397373405
      vertex 1.5 -12.1698819703597 44.769999999999996
    endloop
  endfacet
  facet normal 0 -0.943883330308368 0.3302790619551658
    outer loop
      vertex 1.5 -13.282462000427355 42.16709692431156
      vertex 4.5 -13.282462000427355 42.16709692431156
      vertex 4.5 -12.93914510615444 43.14824023869288
    endloop
  endfacet
  facet normal 0 -0.9165622558699761 0.3998920243197416
    outer loop
      vertex 1.5 -12.93914510615444 43.14824023869288
      vertex 4.5 -12.93914510615444 43.14824023869288
      vertex 4.5 -12.523467263843623 44.10098397373405
    endloop
  endfacet
  facet normal 2.660886232979782e-18 -0.8841153935046105 0.4672686282730606
    outer loop
      vertex 4.5 -12.523467263843623 44.10098397373405
      vertex 4.5 -12.1698819703597 44.769999999999996
      vertex 1.5 -12.1698819703597 44.769999999999996
    endloop
  endfacet
  facet normal -1.5520395173693701e-15 -0.5320320765153361 -0.8467241992282845
    outer loop
      vertex 1.5 -7.830148807084345 26.585281037007665
      vertex 1.5 -7.451039552667687 26.347070904313565
      vertex 1.7512466275700465 -7.405986520806714 26.31876220814526
    endloop
  endfacet
  facet normal 0 -0.5320320765153368 -0.846724199228284
    outer loop
      vertex 1.5 -7.830148807084345 26.585281037007665
      vertex 1.7512466275700465 -7.405986520806714 26.31876220814526
      vertex 4.5 -7.830148807084345 26.585281037007665
    endloop
  endfacet
  facet normal -1.4946792380875621e-15 0.5320320765153345 -0.8467241992282855
    outer loop
      vertex 1.7512466275700465 7.405986520806712 26.31876220814526
      vertex 1.5 7.830148807084345 26.585281037007665
      vertex 2.614620973986689 7.146001779681747 26.15540296813643
    endloop
  endfacet
  facet normal 2.1053524005811815e-16 0.5320320765153366 -0.8467241992282841
    outer loop
      vertex 2.614620973986689 7.146001779681747 26.15540296813643
      vertex 1.5 7.830148807084345 26.585281037007665
      vertex 4.5 6.949999999999999 26.032246887396298
    endloop
  endfacet
  facet normal -2.5012739190936717e-18 0.532032076515335 -0.8467241992282851
    outer loop
      vertex 2.614620973986689 7.146001779681747 26.15540296813643
      vertex 4.5 6.949999999999999 26.032246887396298
      vertex 3.074245724569911 6.949999999999999 26.032246887396298
    endloop
  endfacet
  facet normal -1.3163574482436986e-18 0.46726862827305937 -0.8841153935046111
    outer loop
      vertex 3.463373299328129 6.752718306242967 25.92798046798715
      vertex 3.074245724569911 6.949999999999999 26.032246887396298
      vertex 4.5 6.949999999999999 26.032246887396298
    endloop
  endfacet
  facet normal -5.1151770056172144e-15 0.46726862827306 -0.8841153935046108
    outer loop
      vertex 4.292757036305145 6.203606767805097 25.6377665465694
      vertex 4.5 6.949999999999999 26.032246887396298
      vertex 4.5 6.03252532829017 25.547347365823956
    endloop
  endfacet
  facet normal 1.28010511233642e-16 0.4672686282730588 -0.8841153935046114
    outer loop
      vertex 4.292757036305145 6.203606767805097 25.6377665465694
      vertex 3.463373299328129 6.752718306242967 25.92798046798715
      vertex 4.5 6.949999999999999 26.032246887396298
    endloop
  endfacet
  facet normal 2.1958983461972e-15 0.5320320765153361 -0.8467241992282845
    outer loop
      vertex 1.5 7.451039552667687 26.347070904313565
      vertex 1.5 7.830148807084345 26.585281037007665
      vertex 1.7512466275700465 7.405986520806712 26.31876220814526
    endloop
  endfacet
  facet normal -3.168205531953763e-18 0.532032076515336 -0.8467241992282845
    outer loop
      vertex 4.5 6.949999999999999 26.032246887396298
      vertex 1.5 7.830148807084345 26.585281037007665
      vertex 4.5 7.830148807084345 26.585281037007665
    endloop
  endfacet
  facet normal 0 0.5938201855735025 -0.8045977797666677
    outer loop
      vertex 1.5 7.830148807084345 26.585281037007665
      vertex 1.5 8.666508245836393 27.20254239369438
      vertex 4.5 7.830148807084345 26.585281037007665
    endloop
  endfacet
  facet normal 0 0.652287411278121 -0.7579717231454531
    outer loop
      vertex 1.5 8.666508245836393 27.20254239369438
      vertex 1.5 9.454401055015776 27.880578981565407
      vertex 4.5 8.666508245836393 27.20254239369438
    endloop
  endfacet
  facet normal 0 0.5938201855735025 -0.8045977797666677
    outer loop
      vertex 1.5 8.666508245836393 27.20254239369438
      vertex 4.5 8.666508245836393 27.20254239369438
      vertex 4.5 7.830148807084345 26.585281037007665
    endloop
  endfacet
  facet normal 0 0.652287411278121 -0.7579717231454531
    outer loop
      vertex 1.5 9.454401055015776 27.880578981565407
      vertex 4.5 9.454401055015776 27.880578981565407
      vertex 4.5 8.666508245836393 27.20254239369438
    endloop
  endfacet
  facet normal 0 0.7071067811865467 -0.7071067811865485
    outer loop
      vertex 1.5 9.454401055015776 27.880578981565407
      vertex 1.5 10.189421018434588 28.615598944984217
      vertex 4.5 9.454401055015776 27.880578981565407
    endloop
  endfacet
  facet normal 0 0.7071067811865467 -0.7071067811865485
    outer loop
      vertex 1.5 10.189421018434588 28.615598944984217
      vertex 4.5 10.189421018434588 28.615598944984217
      vertex 4.5 9.454401055015776 27.880578981565407
    endloop
  endfacet
  facet normal 0 0.7579717231454531 -0.652287411278121
    outer loop
      vertex 1.5 10.189421018434588 28.615598944984217
      vertex 1.5 10.867457606305615 29.4034917541636
      vertex 4.5 10.189421018434588 28.615598944984217
    endloop
  endfacet
  facet normal 0 0.8045977797666682 -0.5938201855735018
    outer loop
      vertex 1.5 10.867457606305615 29.4034917541636
      vertex 1.5 11.484718962992329 30.239851192915648
      vertex 4.5 10.867457606305615 29.4034917541636
    endloop
  endfacet
  facet normal 0 0.7579717231454531 -0.652287411278121
    outer loop
      vertex 1.5 10.867457606305615 29.4034917541636
      vertex 4.5 10.867457606305615 29.4034917541636
      vertex 4.5 10.189421018434588 28.615598944984217
    endloop
  endfacet
  facet normal 0 0.8045977797666682 -0.5938201855735018
    outer loop
      vertex 1.5 11.484718962992329 30.239851192915648
      vertex 4.5 11.484718962992329 30.239851192915648
      vertex 4.5 10.867457606305615 29.4034917541636
    endloop
  endfacet
  facet normal 0 0.8467241992282848 -0.5320320765153356
    outer loop
      vertex 1.5 11.484718962992329 30.239851192915648
      vertex 1.5 12.037753112603696 31.119999999999994
      vertex 4.5 11.484718962992329 30.239851192915648
    endloop
  endfacet
  facet normal 0 0.8467241992282848 -0.5320320765153356
    outer loop
      vertex 1.5 12.037753112603696 31.119999999999994
      vertex 4.5 12.037753112603696 31.119999999999994
      vertex 4.5 11.484718962992329 30.239851192915648
    endloop
  endfacet
  facet normal 0 0.88411539350461 -0.4672686282730617
    outer loop
      vertex 1.5 12.037753112603696 31.119999999999994
      vertex 1.5 12.523467263843623 32.039016026265934
      vertex 4.5 12.037753112603696 31.119999999999994
    endloop
  endfacet
  facet normal 0 0.9165622558699761 -0.3998920243197412
    outer loop
      vertex 1.5 12.523467263843623 32.039016026265934
      vertex 1.5 12.939145106154436 32.9917597613071
      vertex 4.5 12.523467263843623 32.039016026265934
    endloop
  endfacet
  facet normal 0 0.88411539350461 -0.4672686282730617
    outer loop
      vertex 1.5 12.523467263843623 32.039016026265934
      vertex 4.5 12.523467263843623 32.039016026265934
      vertex 4.5 12.037753112603696 31.119999999999994
    endloop
  endfacet
  facet normal 0 0.9165622558699761 -0.3998920243197412
    outer loop
      vertex 1.5 12.939145106154436 32.9917597613071
      vertex 4.5 12.939145106154436 32.9917597613071
      vertex 4.5 12.523467263843623 32.039016026265934
    endloop
  endfacet
  facet normal 0 0.9438833303083675 -0.3302790619551674
    outer loop
      vertex 1.5 12.939145106154436 32.9917597613071
      vertex 1.5 13.282462000427353 33.97290307568842
      vertex 4.5 12.939145106154436 32.9917597613071
    endloop
  endfacet
  facet normal 0 0.9659258262890678 -0.25881904510252257
    outer loop
      vertex 1.5 13.282462000427353 33.97290307568842
      vertex 1.5 13.55149797932735 34.97695901800723
      vertex 4.5 13.282462000427353 33.97290307568842
    endloop
  endfacet
  facet normal 0 0.9438833303083675 -0.3302790619551674
    outer loop
      vertex 1.5 13.282462000427353 33.97290307568842
      vertex 4.5 13.282462000427353 33.97290307568842
      vertex 4.5 12.939145106154436 32.9917597613071
    endloop
  endfacet
  facet normal 0 0.9659258262890678 -0.25881904510252257
    outer loop
      vertex 1.5 13.55149797932735 34.97695901800723
      vertex 4.5 13.55149797932735 34.97695901800723
      vertex 4.5 13.282462000427353 33.97290307568842
    endloop
  endfacet
  facet normal 0 0.9825664732332883 -0.18591160716291424
    outer loop
      vertex 1.5 13.55149797932735 34.97695901800723
      vertex 1.5 13.744748484529287 35.99831250015117
      vertex 4.5 13.55149797932735 34.97695901800723
    endloop
  endfacet
  facet normal 0 0.9937122098932428 -0.11196447610330519
    outer loop
      vertex 1.5 13.744748484529287 35.99831250015117
      vertex 1.5 13.861132780818401 37.0312516991487
      vertex 4.5 13.744748484529287 35.99831250015117
    endloop
  endfacet
  facet normal 0 0.9993007047883985 -0.03739119427632676
    outer loop
      vertex 1.5 13.861132780818401 37.0312516991487
      vertex 1.5 13.899999999999999 38.06999999999999
      vertex 4.5 13.861132780818401 37.0312516991487
    endloop
  endfacet
  facet normal 0 0.9825664732332883 -0.18591160716291424
    outer loop
      vertex 1.5 13.744748484529287 35.99831250015117
      vertex 4.5 13.744748484529287 35.99831250015117
      vertex 4.5 13.55149797932735 34.97695901800723
    endloop
  endfacet
  facet normal 0 0.9937122098932428 -0.11196447610330519
    outer loop
      vertex 1.5 13.861132780818401 37.0312516991487
      vertex 4.5 13.861132780818401 37.0312516991487
      vertex 4.5 13.744748484529287 35.99831250015117
    endloop
  endfacet
  facet normal 3.1151655934351285e-19 0.9993007047883985 -0.03739119427632676
    outer loop
      vertex 4.5 13.861132780818401 37.0312516991487
      vertex 1.5 13.899999999999999 38.06999999999999
      vertex 4.5 13.899999999999999 38.06999999999999
    endloop
  endfacet
  facet normal 0 0.9993007047883985 0.03739119427632676
    outer loop
      vertex 1.5 13.899999999999999 38.06999999999999
      vertex 1.5 13.861132780818401 39.10874830085129
      vertex 4.5 13.899999999999999 38.06999999999999
    endloop
  endfacet
  facet normal 0 0.9937122098932426 0.11196447610330688
    outer loop
      vertex 1.5 13.861132780818401 39.10874830085129
      vertex 1.5 13.744748484529286 40.141687499848814
      vertex 4.5 13.861132780818401 39.10874830085129
    endloop
  endfacet
  facet normal 0 0.9993007047883985 0.03739119427632676
    outer loop
      vertex 1.5 13.861132780818401 39.10874830085129
      vertex 4.5 13.861132780818401 39.10874830085129
      vertex 4.5 13.899999999999999 38.06999999999999
    endloop
  endfacet
  facet normal 0 0.9937122098932426 0.11196447610330688
    outer loop
      vertex 1.5 13.744748484529286 40.141687499848814
      vertex 4.5 13.744748484529286 40.141687499848814
      vertex 4.5 13.861132780818401 39.10874830085129
    endloop
  endfacet
  facet normal -3.1360226484020276e-18 0.9659258262890682 0.2588190451025211
    outer loop
      vertex 1.5 13.282462000427355 42.167096924311565
      vertex 4.5 13.551497979327348 41.163040981992765
      vertex 1.5 13.551497979327348 41.163040981992765
    endloop
  endfacet
  facet normal 0 0.9659258262890682 0.2588190451025211
    outer loop
      vertex 1.5 13.282462000427355 42.167096924311565
      vertex 4.5 13.282462000427355 42.167096924311565
      vertex 4.5 13.551497979327348 41.163040981992765
    endloop
  endfacet
  facet normal -4.2375452159290256e-19 0.8841153935046095 0.46726862827306237
    outer loop
      vertex 1.5 12.523467263843624 44.10098397373405
      vertex 1.5 12.1698819703597 44.769999999999996
      vertex 4.5 12.1698819703597 44.769999999999996
    endloop
  endfacet
  facet normal 0 0.9165622558699761 0.3998920243197412
    outer loop
      vertex 1.5 12.939145106154438 43.148240238692885
      vertex 1.5 12.523467263843624 44.10098397373405
      vertex 4.5 12.939145106154438 43.148240238692885
    endloop
  endfacet
  facet normal 0 0.9438833303083675 0.3302790619551674
    outer loop
      vertex 1.5 13.282462000427355 42.167096924311565
      vertex 1.5 12.939145106154438 43.148240238692885
      vertex 4.5 13.282462000427355 42.167096924311565
    endloop
  endfacet
  facet normal 0 0.8841153935046095 0.46726862827306237
    outer loop
      vertex 1.5 12.523467263843624 44.10098397373405
      vertex 4.5 12.1698819703597 44.769999999999996
      vertex 4.5 12.523467263843624 44.10098397373405
    endloop
  endfacet
  facet normal 0 0.9438833303083675 0.3302790619551674
    outer loop
      vertex 1.5 12.939145106154438 43.148240238692885
      vertex 4.5 12.939145106154438 43.148240238692885
      vertex 4.5 13.282462000427355 42.167096924311565
    endloop
  endfacet
  facet normal 0 0.9165622558699761 0.3998920243197412
    outer loop
      vertex 1.5 12.523467263843624 44.10098397373405
      vertex 4.5 12.523467263843624 44.10098397373405
      vertex 4.5 12.939145106154438 43.148240238692885
    endloop
  endfacet
  facet normal 0 0.9825664732332887 0.18591160716291302
    outer loop
      vertex 1.5 13.744748484529286 40.141687499848814
      vertex 1.5 13.551497979327348 41.163040981992765
      vertex 4.5 13.744748484529286 40.141687499848814
    endloop
  endfacet
  facet normal 0 0.9825664732332887 0.18591160716291302
    outer loop
      vertex 1.5 13.551497979327348 41.163040981992765
      vertex 4.5 13.551497979327348 41.163040981992765
      vertex 4.5 13.744748484529286 40.141687499848814
    endloop
  endfacet
  facet normal 2.4832596705490083e-16 -0.46726862827306 -0.8841153935046108
    outer loop
      vertex -4.5 -6.03252532829017 25.547347365823956
      vertex -4.292757036305139 -6.2036067678051054 25.637766546569402
      vertex -4.5 -6.949999999999999 26.032246887396298
    endloop
  endfacet
  facet normal -4.319311747719835e-17 -0.46726862827306 -0.884115393504611
    outer loop
      vertex -4.292757036305139 -6.2036067678051054 25.637766546569402
      vertex -3.463373299328124 -6.752718306242974 25.927980467987155
      vertex -4.5 -6.949999999999999 26.032246887396298
    endloop
  endfacet
  facet normal 0 -0.46726862827306015 -0.8841153935046108
    outer loop
      vertex -4.5 -6.949999999999999 26.032246887396298
      vertex -3.463373299328124 -6.752718306242974 25.927980467987155
      vertex -3.074245724569911 -6.949999999999999 26.032246887396298
    endloop
  endfacet
  facet normal 0 -0.532032076515335 -0.8467241992282851
    outer loop
      vertex -4.5 -6.949999999999999 26.032246887396298
      vertex -3.074245724569911 -6.949999999999999 26.032246887396298
      vertex -2.614620973986689 -7.146001779681747 26.15540296813643
    endloop
  endfacet
  facet normal -1.9789597025496234e-16 -0.5320320765153365 -0.8467241992282841
    outer loop
      vertex -1.5 -7.830148807084345 26.585281037007665
      vertex -4.5 -6.949999999999999 26.032246887396298
      vertex -2.614620973986689 -7.146001779681747 26.15540296813643
    endloop
  endfacet
  facet normal 1.5106729121532789e-15 -0.5320320765153346 -0.8467241992282855
    outer loop
      vertex -1.5 -7.830148807084345 26.585281037007665
      vertex -2.614620973986689 -7.146001779681747 26.15540296813643
      vertex -1.7512466275700465 -7.405986520806712 26.31876220814526
    endloop
  endfacet
  facet normal 0 -0.8467241992282848 -0.5320320765153356
    outer loop
      vertex -4.5 -12.037753112603696 31.119999999999994
      vertex -4.5 -11.484718962992329 30.239851192915648
      vertex -1.5 -12.037753112603696 31.119999999999994
    endloop
  endfacet
  facet normal 0 -0.8467241992282848 -0.5320320765153356
    outer loop
      vertex -4.5 -11.484718962992329 30.239851192915648
      vertex -1.5 -11.484718962992329 30.239851192915648
      vertex -1.5 -12.037753112603696 31.119999999999994
    endloop
  endfacet
  facet normal 0 -0.9825664732332883 -0.18591160716291424
    outer loop
      vertex -4.5 -13.551497979327348 34.97695901800722
      vertex -1.5 -13.551497979327348 34.97695901800722
      vertex -1.5 -13.744748484529286 35.998312500151165
    endloop
  endfacet
  facet normal 0 -0.9165622558699761 -0.3998920243197416
    outer loop
      vertex -4.5 -12.93914510615444 32.99175976130711
      vertex -4.5 -12.523467263843623 32.039016026265934
      vertex -1.5 -12.93914510615444 32.99175976130711
    endloop
  endfacet
  facet normal 4.03669114720101e-18 -0.88411539350461 -0.4672686282730617
    outer loop
      vertex -4.5 -12.037753112603696 31.119999999999994
      vertex -1.5 -12.523467263843623 32.039016026265934
      vertex -4.5 -12.523467263843623 32.039016026265934
    endloop
  endfacet
  facet normal 0 -0.9165622558699761 -0.3998920243197416
    outer loop
      vertex -4.5 -12.523467263843623 32.039016026265934
      vertex -1.5 -12.523467263843623 32.039016026265934
      vertex -1.5 -12.93914510615444 32.99175976130711
    endloop
  endfacet
  facet normal 0 -0.88411539350461 -0.4672686282730617
    outer loop
      vertex -4.5 -12.037753112603696 31.119999999999994
      vertex -1.5 -12.037753112603696 31.119999999999994
      vertex -1.5 -12.523467263843623 32.039016026265934
    endloop
  endfacet
  facet normal -3.2648405152180687e-18 -0.943883330308368 -0.3302790619551658
    outer loop
      vertex -4.5 -12.93914510615444 32.99175976130711
      vertex -1.5 -13.282462000427355 33.97290307568843
      vertex -4.5 -13.282462000427355 33.97290307568843
    endloop
  endfacet
  facet normal 0 -0.9659258262890676 -0.2588190451025228
    outer loop
      vertex -4.5 -13.551497979327348 34.97695901800722
      vertex -4.5 -13.282462000427355 33.97290307568843
      vertex -1.5 -13.551497979327348 34.97695901800722
    endloop
  endfacet
  facet normal 0 -0.9659258262890676 -0.2588190451025228
    outer loop
      vertex -4.5 -13.282462000427355 33.97290307568843
      vertex -1.5 -13.282462000427355 33.97290307568843
      vertex -1.5 -13.551497979327348 34.97695901800722
    endloop
  endfacet
  facet normal 0 -0.943883330308368 -0.3302790619551658
    outer loop
      vertex -4.5 -12.93914510615444 32.99175976130711
      vertex -1.5 -12.93914510615444 32.99175976130711
      vertex -1.5 -13.282462000427355 33.97290307568843
    endloop
  endfacet
  facet normal 0 -0.7071067811865483 -0.7071067811865466
    outer loop
      vertex -4.5 -10.189421018434585 28.615598944984214
      vertex -4.5 -9.45440105501578 27.880578981565407
      vertex -1.5 -10.189421018434585 28.615598944984214
    endloop
  endfacet
  facet normal 0 -0.7071067811865483 -0.7071067811865466
    outer loop
      vertex -4.5 -9.45440105501578 27.880578981565407
      vertex -1.5 -9.45440105501578 27.880578981565407
      vertex -1.5 -10.189421018434585 28.615598944984214
    endloop
  endfacet
  facet normal -7.417669404088612e-18 -0.7579717231454531 -0.652287411278121
    outer loop
      vertex -4.5 -10.189421018434585 28.615598944984214
      vertex -1.5 -10.867457606305612 29.403491754163596
      vertex -4.5 -10.867457606305612 29.403491754163596
    endloop
  endfacet
  facet normal 0 -0.8045977797666678 -0.5938201855735022
    outer loop
      vertex -4.5 -11.484718962992329 30.239851192915648
      vertex -4.5 -10.867457606305612 29.403491754163596
      vertex -1.5 -11.484718962992329 30.239851192915648
    endloop
  endfacet
  facet normal 0 -0.8045977797666678 -0.5938201855735022
    outer loop
      vertex -4.5 -10.867457606305612 29.403491754163596
      vertex -1.5 -10.867457606305612 29.403491754163596
      vertex -1.5 -11.484718962992329 30.239851192915648
    endloop
  endfacet
  facet normal 0 -0.7579717231454531 -0.652287411278121
    outer loop
      vertex -4.5 -10.189421018434585 28.615598944984214
      vertex -1.5 -10.189421018434585 28.615598944984214
      vertex -1.5 -10.867457606305612 29.403491754163596
    endloop
  endfacet
  facet normal 0 -0.652287411278121 -0.7579717231454531
    outer loop
      vertex -4.5 -9.45440105501578 27.880578981565407
      vertex -4.5 -8.666508245836397 27.20254239369438
      vertex -1.5 -9.45440105501578 27.880578981565407
    endloop
  endfacet
  facet normal 0 -0.5938201855735008 -0.8045977797666689
    outer loop
      vertex -4.5 -8.666508245836397 27.20254239369438
      vertex -4.5 -7.830148807084345 26.585281037007665
      vertex -1.5 -8.666508245836397 27.20254239369438
    endloop
  endfacet
  facet normal 0 -0.652287411278121 -0.7579717231454531
    outer loop
      vertex -4.5 -8.666508245836397 27.20254239369438
      vertex -1.5 -8.666508245836397 27.20254239369438
      vertex -1.5 -9.45440105501578 27.880578981565407
    endloop
  endfacet
  facet normal 0 -0.5938201855735008 -0.8045977797666689
    outer loop
      vertex -4.5 -7.830148807084345 26.585281037007665
      vertex -1.5 -7.830148807084345 26.585281037007665
      vertex -1.5 -8.666508245836397 27.20254239369438
    endloop
  endfacet
  facet normal 3.680692776553218e-18 -0.9825664732332883 -0.18591160716291424
    outer loop
      vertex -4.5 -13.551497979327348 34.97695901800722
      vertex -1.5 -13.744748484529286 35.998312500151165
      vertex -4.5 -13.744748484529286 35.998312500151165
    endloop
  endfacet
  facet normal 4.2262255411369293e-19 -0.9937122098932428 -0.11196447610330613
    outer loop
      vertex -4.5 -13.744748484529286 35.998312500151165
      vertex -1.5 -13.861132780818401 37.0312516991487
      vertex -4.5 -13.861132780818401 37.0312516991487
    endloop
  endfacet
  facet normal -3.1151655934351285e-19 -0.9993007047883985 -0.03739119427632676
    outer loop
      vertex -4.5 -13.861132780818401 37.0312516991487
      vertex -1.5 -13.899999999999999 38.06999999999999
      vertex -4.5 -13.899999999999999 38.06999999999999
    endloop
  endfacet
  facet normal 0 -0.9937122098932428 -0.11196447610330613
    outer loop
      vertex -4.5 -13.744748484529286 35.998312500151165
      vertex -1.5 -13.744748484529286 35.998312500151165
      vertex -1.5 -13.861132780818401 37.0312516991487
    endloop
  endfacet
  facet normal 0 -0.9993007047883985 -0.03739119427632676
    outer loop
      vertex -4.5 -13.861132780818401 37.0312516991487
      vertex -1.5 -13.861132780818401 37.0312516991487
      vertex -1.5 -13.899999999999999 38.06999999999999
    endloop
  endfacet
  facet normal 3.1151655934351285e-19 -0.9993007047883985 0.03739119427632676
    outer loop
      vertex -4.5 -13.899999999999999 38.06999999999999
      vertex -1.5 -13.861132780818401 39.10874830085129
      vertex -4.5 -13.861132780818401 39.10874830085129
    endloop
  endfacet
  facet normal -4.2262255411369293e-19 -0.9937122098932428 0.11196447610330613
    outer loop
      vertex -4.5 -13.861132780818401 39.10874830085129
      vertex -1.5 -13.744748484529286 40.14168749984882
      vertex -4.5 -13.744748484529286 40.14168749984882
    endloop
  endfacet
  facet normal 0 -0.9993007047883985 0.03739119427632676
    outer loop
      vertex -4.5 -13.899999999999999 38.06999999999999
      vertex -1.5 -13.899999999999999 38.06999999999999
      vertex -1.5 -13.861132780818401 39.10874830085129
    endloop
  endfacet
  facet normal 0 -0.9937122098932428 0.11196447610330613
    outer loop
      vertex -4.5 -13.861132780818401 39.10874830085129
      vertex -1.5 -13.861132780818401 39.10874830085129
      vertex -1.5 -13.744748484529286 40.14168749984882
    endloop
  endfacet
  facet normal -3.680692776553218e-18 -0.9825664732332883 0.18591160716291424
    outer loop
      vertex -4.5 -13.744748484529286 40.14168749984882
      vertex -1.5 -13.551497979327348 41.163040981992765
      vertex -4.5 -13.551497979327348 41.163040981992765
    endloop
  endfacet
  facet normal 0 -0.9825664732332883 0.18591160716291424
    outer loop
      vertex -4.5 -13.744748484529286 40.14168749984882
      vertex -1.5 -13.744748484529286 40.14168749984882
      vertex -1.5 -13.551497979327348 41.163040981992765
    endloop
  endfacet
  facet normal -4.635996274110357e-18 -0.9659258262890676 0.2588190451025228
    outer loop
      vertex -4.5 -13.551497979327348 41.163040981992765
      vertex -1.5 -13.282462000427355 42.16709692431156
      vertex -4.5 -13.282462000427355 42.16709692431156
    endloop
  endfacet
  facet normal 0 -0.9659258262890676 0.2588190451025228
    outer loop
      vertex -4.5 -13.551497979327348 41.163040981992765
      vertex -1.5 -13.551497979327348 41.163040981992765
      vertex -1.5 -13.282462000427355 42.16709692431156
    endloop
  endfacet
  facet normal 3.2648405152180687e-18 -0.943883330308368 0.3302790619551658
    outer loop
      vertex -4.5 -13.282462000427355 42.16709692431156
      vertex -1.5 -12.93914510615444 43.14824023869288
      vertex -4.5 -12.93914510615444 43.14824023869288
    endloop
  endfacet
  facet normal -8.594301936947568e-18 -0.9165622558699761 0.3998920243197416
    outer loop
      vertex -4.5 -12.93914510615444 43.14824023869288
      vertex -1.5 -12.523467263843623 44.10098397373405
      vertex -4.5 -12.523467263843623 44.10098397373405
    endloop
  endfacet
  facet normal 0 -0.8841153935046105 0.4672686282730606
    outer loop
      vertex -4.5 -12.523467263843623 44.10098397373405
      vertex -1.5 -12.523467263843623 44.10098397373405
      vertex -4.5 -12.1698819703597 44.769999999999996
    endloop
  endfacet
  facet normal 0 -0.943883330308368 0.3302790619551658
    outer loop
      vertex -4.5 -13.282462000427355 42.16709692431156
      vertex -1.5 -13.282462000427355 42.16709692431156
      vertex -1.5 -12.93914510615444 43.14824023869288
    endloop
  endfacet
  facet normal 0 -0.9165622558699761 0.3998920243197416
    outer loop
      vertex -4.5 -12.93914510615444 43.14824023869288
      vertex -1.5 -12.93914510615444 43.14824023869288
      vertex -1.5 -12.523467263843623 44.10098397373405
    endloop
  endfacet
  facet normal 2.660886232979782e-18 -0.8841153935046105 0.4672686282730606
    outer loop
      vertex -1.5 -12.523467263843623 44.10098397373405
      vertex -1.5 -12.1698819703597 44.769999999999996
      vertex -4.5 -12.1698819703597 44.769999999999996
    endloop
  endfacet
  facet normal 0 -0.532032076515336 -0.8467241992282845
    outer loop
      vertex -4.5 -7.830148807084345 26.585281037007665
      vertex -4.5 -6.949999999999999 26.032246887396298
      vertex -1.5 -7.830148807084345 26.585281037007665
    endloop
  endfacet
  facet normal -2.147273107890377e-15 -0.5320320765153361 -0.8467241992282845
    outer loop
      vertex -1.5 -7.830148807084345 26.585281037007665
      vertex -1.7512466275700465 -7.405986520806712 26.31876220814526
      vertex -1.5 -7.451039552667687 26.347070904313565
    endloop
  endfacet
  facet normal 2.838263755516203e-16 0.46726862827306 -0.8841153935046108
    outer loop
      vertex -4.5 6.03252532829017 25.547347365823956
      vertex -4.5 6.949999999999999 26.032246887396298
      vertex -4.292757036305139 6.2036067678051054 25.637766546569402
    endloop
  endfacet
  facet normal 3.6501677161655295e-16 0.46726862827306004 -0.8841153935046109
    outer loop
      vertex -4.292757036305139 6.2036067678051054 25.637766546569402
      vertex -4.5 6.949999999999999 26.032246887396298
      vertex -3.463373299328124 6.752718306242973 25.927980467987155
    endloop
  endfacet
  facet normal 0 0.532032076515336 -0.8467241992282846
    outer loop
      vertex -4.5 6.949999999999999 26.032246887396298
      vertex -4.5 7.830148807084345 26.585281037007665
      vertex -3.074245724569919 6.949999999999999 26.032246887396298
    endloop
  endfacet
  facet normal 0 0.4672686282730585 -0.8841153935046115
    outer loop
      vertex -4.5 6.949999999999999 26.032246887396298
      vertex -3.074245724569919 6.949999999999999 26.032246887396298
      vertex -3.463373299328124 6.752718306242973 25.927980467987155
    endloop
  endfacet
  facet normal 8.803556130865128e-16 0.5320320765153371 -0.8467241992282839
    outer loop
      vertex -3.074245724569919 6.949999999999999 26.032246887396298
      vertex -4.5 7.830148807084345 26.585281037007665
      vertex -2.614620973986689 7.146001779681745 26.15540296813643
    endloop
  endfacet
  facet normal -5.508617910952518e-16 0.5320320765153341 -0.8467241992282857
    outer loop
      vertex -2.614620973986689 7.146001779681745 26.15540296813643
      vertex -4.5 7.830148807084345 26.585281037007665
      vertex -1.7512466275700465 7.405986520806714 26.31876220814526
    endloop
  endfacet
  facet normal -3.2006512321434337e-18 0.5320320765153367 -0.846724199228284
    outer loop
      vertex -1.7512466275700465 7.405986520806714 26.31876220814526
      vertex -4.5 7.830148807084345 26.585281037007665
      vertex -1.5 7.830148807084345 26.585281037007665
    endloop
  endfacet
  facet normal 1.5561053402894772e-15 0.532032076515336 -0.8467241992282845
    outer loop
      vertex -1.7512466275700465 7.405986520806714 26.31876220814526
      vertex -1.5 7.830148807084345 26.585281037007665
      vertex -1.5 7.451039552667687 26.347070904313565
    endloop
  endfacet
  facet normal 0 0.5938201855735025 -0.8045977797666677
    outer loop
      vertex -4.5 7.830148807084345 26.585281037007665
      vertex -4.5 8.666508245836393 27.20254239369438
      vertex -1.5 7.830148807084345 26.585281037007665
    endloop
  endfacet
  facet normal 0 0.652287411278121 -0.7579717231454531
    outer loop
      vertex -4.5 8.666508245836393 27.20254239369438
      vertex -4.5 9.454401055015776 27.880578981565407
      vertex -1.5 8.666508245836393 27.20254239369438
    endloop
  endfacet
  facet normal 0 0.5938201855735025 -0.8045977797666677
    outer loop
      vertex -4.5 8.666508245836393 27.20254239369438
      vertex -1.5 8.666508245836393 27.20254239369438
      vertex -1.5 7.830148807084345 26.585281037007665
    endloop
  endfacet
  facet normal 0 0.652287411278121 -0.7579717231454531
    outer loop
      vertex -4.5 9.454401055015776 27.880578981565407
      vertex -1.5 9.454401055015776 27.880578981565407
      vertex -1.5 8.666508245836393 27.20254239369438
    endloop
  endfacet
  facet normal 0 0.7071067811865467 -0.7071067811865485
    outer loop
      vertex -4.5 9.454401055015776 27.880578981565407
      vertex -4.5 10.189421018434588 28.615598944984217
      vertex -1.5 9.454401055015776 27.880578981565407
    endloop
  endfacet
  facet normal 0 0.7071067811865467 -0.7071067811865485
    outer loop
      vertex -4.5 10.189421018434588 28.615598944984217
      vertex -1.5 10.189421018434588 28.615598944984217
      vertex -1.5 9.454401055015776 27.880578981565407
    endloop
  endfacet
  facet normal 0 0.7579717231454531 -0.652287411278121
    outer loop
      vertex -4.5 10.189421018434588 28.615598944984217
      vertex -4.5 10.867457606305615 29.4034917541636
      vertex -1.5 10.189421018434588 28.615598944984217
    endloop
  endfacet
  facet normal 0 0.8045977797666682 -0.5938201855735018
    outer loop
      vertex -4.5 10.867457606305615 29.4034917541636
      vertex -4.5 11.484718962992329 30.239851192915648
      vertex -1.5 10.867457606305615 29.4034917541636
    endloop
  endfacet
  facet normal 0 0.7579717231454531 -0.652287411278121
    outer loop
      vertex -4.5 10.867457606305615 29.4034917541636
      vertex -1.5 10.867457606305615 29.4034917541636
      vertex -1.5 10.189421018434588 28.615598944984217
    endloop
  endfacet
  facet normal 0 0.8045977797666682 -0.5938201855735018
    outer loop
      vertex -4.5 11.484718962992329 30.239851192915648
      vertex -1.5 11.484718962992329 30.239851192915648
      vertex -1.5 10.867457606305615 29.4034917541636
    endloop
  endfacet
  facet normal 0 0.8467241992282848 -0.5320320765153356
    outer loop
      vertex -4.5 11.484718962992329 30.239851192915648
      vertex -4.5 12.037753112603696 31.119999999999994
      vertex -1.5 11.484718962992329 30.239851192915648
    endloop
  endfacet
  facet normal 0 0.8467241992282848 -0.5320320765153356
    outer loop
      vertex -4.5 12.037753112603696 31.119999999999994
      vertex -1.5 12.037753112603696 31.119999999999994
      vertex -1.5 11.484718962992329 30.239851192915648
    endloop
  endfacet
  facet normal 0 0.88411539350461 -0.4672686282730617
    outer loop
      vertex -4.5 12.037753112603696 31.119999999999994
      vertex -4.5 12.523467263843623 32.039016026265934
      vertex -1.5 12.037753112603696 31.119999999999994
    endloop
  endfacet
  facet normal 0 0.9165622558699761 -0.3998920243197412
    outer loop
      vertex -4.5 12.523467263843623 32.039016026265934
      vertex -4.5 12.939145106154436 32.9917597613071
      vertex -1.5 12.523467263843623 32.039016026265934
    endloop
  endfacet
  facet normal 0 0.88411539350461 -0.4672686282730617
    outer loop
      vertex -4.5 12.523467263843623 32.039016026265934
      vertex -1.5 12.523467263843623 32.039016026265934
      vertex -1.5 12.037753112603696 31.119999999999994
    endloop
  endfacet
  facet normal 0 0.9165622558699761 -0.3998920243197412
    outer loop
      vertex -4.5 12.939145106154436 32.9917597613071
      vertex -1.5 12.939145106154436 32.9917597613071
      vertex -1.5 12.523467263843623 32.039016026265934
    endloop
  endfacet
  facet normal 0 0.9438833303083675 -0.3302790619551674
    outer loop
      vertex -4.5 12.939145106154436 32.9917597613071
      vertex -4.5 13.282462000427353 33.97290307568842
      vertex -1.5 12.939145106154436 32.9917597613071
    endloop
  endfacet
  facet normal 0 0.9659258262890678 -0.25881904510252257
    outer loop
      vertex -4.5 13.282462000427353 33.97290307568842
      vertex -4.5 13.55149797932735 34.97695901800723
      vertex -1.5 13.282462000427353 33.97290307568842
    endloop
  endfacet
  facet normal 0 0.9438833303083675 -0.3302790619551674
    outer loop
      vertex -4.5 13.282462000427353 33.97290307568842
      vertex -1.5 13.282462000427353 33.97290307568842
      vertex -1.5 12.939145106154436 32.9917597613071
    endloop
  endfacet
  facet normal 0 0.9659258262890678 -0.25881904510252257
    outer loop
      vertex -4.5 13.55149797932735 34.97695901800723
      vertex -1.5 13.55149797932735 34.97695901800723
      vertex -1.5 13.282462000427353 33.97290307568842
    endloop
  endfacet
  facet normal 0 0.9825664732332883 -0.18591160716291424
    outer loop
      vertex -4.5 13.55149797932735 34.97695901800723
      vertex -4.5 13.744748484529287 35.99831250015117
      vertex -1.5 13.55149797932735 34.97695901800723
    endloop
  endfacet
  facet normal 0 0.9937122098932428 -0.11196447610330519
    outer loop
      vertex -4.5 13.744748484529287 35.99831250015117
      vertex -4.5 13.861132780818401 37.0312516991487
      vertex -1.5 13.744748484529287 35.99831250015117
    endloop
  endfacet
  facet normal 0 0.9993007047883985 -0.03739119427632676
    outer loop
      vertex -4.5 13.861132780818401 37.0312516991487
      vertex -4.5 13.899999999999999 38.06999999999999
      vertex -1.5 13.861132780818401 37.0312516991487
    endloop
  endfacet
  facet normal 0 0.9825664732332883 -0.18591160716291424
    outer loop
      vertex -4.5 13.744748484529287 35.99831250015117
      vertex -1.5 13.744748484529287 35.99831250015117
      vertex -1.5 13.55149797932735 34.97695901800723
    endloop
  endfacet
  facet normal 0 0.9937122098932428 -0.11196447610330519
    outer loop
      vertex -4.5 13.861132780818401 37.0312516991487
      vertex -1.5 13.861132780818401 37.0312516991487
      vertex -1.5 13.744748484529287 35.99831250015117
    endloop
  endfacet
  facet normal 3.1151655934351285e-19 0.9993007047883985 -0.03739119427632676
    outer loop
      vertex -1.5 13.861132780818401 37.0312516991487
      vertex -4.5 13.899999999999999 38.06999999999999
      vertex -1.5 13.899999999999999 38.06999999999999
    endloop
  endfacet
  facet normal 0 0.9993007047883985 0.03739119427632676
    outer loop
      vertex -4.5 13.899999999999999 38.06999999999999
      vertex -4.5 13.861132780818401 39.10874830085129
      vertex -1.5 13.899999999999999 38.06999999999999
    endloop
  endfacet
  facet normal 0 0.9937122098932426 0.11196447610330688
    outer loop
      vertex -4.5 13.861132780818401 39.10874830085129
      vertex -4.5 13.744748484529286 40.141687499848814
      vertex -1.5 13.861132780818401 39.10874830085129
    endloop
  endfacet
  facet normal 0 0.9993007047883985 0.03739119427632676
    outer loop
      vertex -4.5 13.861132780818401 39.10874830085129
      vertex -1.5 13.861132780818401 39.10874830085129
      vertex -1.5 13.899999999999999 38.06999999999999
    endloop
  endfacet
  facet normal 0 0.9937122098932426 0.11196447610330688
    outer loop
      vertex -4.5 13.744748484529286 40.141687499848814
      vertex -1.5 13.744748484529286 40.141687499848814
      vertex -1.5 13.861132780818401 39.10874830085129
    endloop
  endfacet
  facet normal -3.1360226484020276e-18 0.9659258262890682 0.2588190451025211
    outer loop
      vertex -4.5 13.282462000427355 42.167096924311565
      vertex -1.5 13.551497979327348 41.163040981992765
      vertex -4.5 13.551497979327348 41.163040981992765
    endloop
  endfacet
  facet normal 0 0.9659258262890682 0.2588190451025211
    outer loop
      vertex -4.5 13.282462000427355 42.167096924311565
      vertex -1.5 13.282462000427355 42.167096924311565
      vertex -1.5 13.551497979327348 41.163040981992765
    endloop
  endfacet
  facet normal -4.2375452159290256e-19 0.8841153935046095 0.46726862827306237
    outer loop
      vertex -4.5 12.523467263843624 44.10098397373405
      vertex -4.5 12.1698819703597 44.769999999999996
      vertex -1.5 12.1698819703597 44.769999999999996
    endloop
  endfacet
  facet normal 0 0.9165622558699761 0.3998920243197412
    outer loop
      vertex -4.5 12.939145106154438 43.148240238692885
      vertex -4.5 12.523467263843624 44.10098397373405
      vertex -1.5 12.939145106154438 43.148240238692885
    endloop
  endfacet
  facet normal 0 0.9438833303083675 0.3302790619551674
    outer loop
      vertex -4.5 13.282462000427355 42.167096924311565
      vertex -4.5 12.939145106154438 43.148240238692885
      vertex -1.5 13.282462000427355 42.167096924311565
    endloop
  endfacet
  facet normal 0 0.8841153935046095 0.46726862827306237
    outer loop
      vertex -4.5 12.523467263843624 44.10098397373405
      vertex -1.5 12.1698819703597 44.769999999999996
      vertex -1.5 12.523467263843624 44.10098397373405
    endloop
  endfacet
  facet normal 0 0.9438833303083675 0.3302790619551674
    outer loop
      vertex -4.5 12.939145106154438 43.148240238692885
      vertex -1.5 12.939145106154438 43.148240238692885
      vertex -1.5 13.282462000427355 42.167096924311565
    endloop
  endfacet
  facet normal 0 0.9165622558699761 0.3998920243197412
    outer loop
      vertex -4.5 12.523467263843624 44.10098397373405
      vertex -1.5 12.523467263843624 44.10098397373405
      vertex -1.5 12.939145106154438 43.148240238692885
    endloop
  endfacet
  facet normal 0 0.9825664732332887 0.18591160716291302
    outer loop
      vertex -4.5 13.744748484529286 40.141687499848814
      vertex -4.5 13.551497979327348 41.163040981992765
      vertex -1.5 13.744748484529286 40.141687499848814
    endloop
  endfacet
  facet normal 0 0.9825664732332887 0.18591160716291302
    outer loop
      vertex -4.5 13.551497979327348 41.163040981992765
      vertex -1.5 13.551497979327348 41.163040981992765
      vertex -1.5 13.744748484529286 40.141687499848814
    endloop
  endfacet
  facet normal -1.9591595191275548e-16 0.3998920243197389 0.916562255869977
    outer loop
      vertex -14.848190787465718 -3.9164557812077527 28.091033414534124
      vertex -14.667657710956728 -4.524373214279261 28.35626507923919
      vertex -9.614151519592934 -4.5 28.34563115455498
    endloop
  endfacet
  facet normal 0 0.3302790619551678 0.9438833303083675
    outer loop
      vertex -14.848190787465718 -3.9164557812077527 28.091033414534124
      vertex -9.959119207339272 -3.9164557812077527 28.091033414534124
      vertex -14.9922239509082 -3.4218772833905096 27.91797291322311
    endloop
  endfacet
  facet normal -1.0940053338205727e-18 0.33027906195517204 0.9438833303083658
    outer loop
      vertex -14.9922239509082 -3.4218772833905096 27.91797291322311
      vertex -10.317875092152219 -3.1597754696848925 27.826259521972563
      vertex -15.04781336196842 -3.1597754696848925 27.826259521972563
    endloop
  endfacet
  facet normal 0 0.18591160716290336 0.9825664732332903
    outer loop
      vertex -15.207895894740373 -2.385424412011686 27.61877278141084
      vertex -10.572421274239938 -2.385424412011686 27.61877278141084
      vertex -15.226129957786426 -2.2949698308502837 27.601657851258963
    endloop
  endfacet
  facet normal 1.9031556844625869e-16 0.18591160716291286 0.9825664732332886
    outer loop
      vertex -15.226129957786426 -2.2949698308502837 27.601657851258963
      vertex -10.572421274239938 -2.385424412011686 27.61877278141084
      vertex -15.313219349477288 -1.5977330934085872 27.469733542866614
    endloop
  endfacet
  facet normal -3.177434131986341e-17 0.258819045102523 0.9659258262890678
    outer loop
      vertex -15.207895894740373 -2.385424412011686 27.61877278141084
      vertex -15.04781336196842 -3.1597754696848925 27.826259521972563
      vertex -10.412279691040853 -2.899749439659148 27.756585757216094
    endloop
  endfacet
  facet normal -1.9752515992022204e-16 0.11196447610330887 0.9937122098932425
    outer loop
      vertex -15.313219349477288 -1.5977330934085872 27.469733542866614
      vertex -10.75840404225986 -1.5 27.458721667906737
      vertex -15.366739191359239 -1.1515779032676563 27.41946392594174
    endloop
  endfacet
  facet normal 0 0.18591160716291172 0.9825664732332888
    outer loop
      vertex -15.313219349477288 -1.5977330934085872 27.469733542866614
      vertex -10.572421274239938 -2.385424412011686 27.61877278141084
      vertex -10.74560801140891 -1.5977330934085872 27.469733542866614
    endloop
  endfacet
  facet normal 0 0.11196447610329979 0.9937122098932434
    outer loop
      vertex -15.313219349477288 -1.5977330934085872 27.469733542866614
      vertex -10.74560801140891 -1.5977330934085872 27.469733542866614
      vertex -10.75840404225986 -1.5 27.458721667906737
    endloop
  endfacet
  facet normal 0 0.3998920243197404 0.9165622558699765
    outer loop
      vertex -14.848190787465718 -3.9164557812077527 28.091033414534124
      vertex -9.614151519592934 -4.5 28.34563115455498
      vertex -9.959119207339272 -3.9164557812077527 28.091033414534124
    endloop
  endfacet
  facet normal 2.791669453633481e-19 0.3998920243197041 0.9165622558699922
    outer loop
      vertex -14.667657710956728 -4.524373214279261 28.35626507923919
      vertex -7.115646321477812 -4.5 28.34563115455498
      vertex -9.614151519592934 -4.5 28.34563115455498
    endloop
  endfacet
  facet normal 1.7138174262597615e-16 0.3302790619551693 0.9438833303083668
    outer loop
      vertex -14.9922239509082 -3.4218772833905096 27.91797291322311
      vertex -9.959119207339272 -3.9164557812077527 28.091033414534124
      vertex -10.317875092152219 -3.1597754696848925 27.826259521972563
    endloop
  endfacet
  facet normal 0 0.25881904510252246 0.9659258262890678
    outer loop
      vertex -15.04781336196842 -3.1597754696848925 27.826259521972563
      vertex -10.317875092152219 -3.1597754696848925 27.826259521972563
      vertex -10.412279691040853 -2.899749439659148 27.756585757216094
    endloop
  endfacet
  facet normal 0 0.2588190451025233 0.9659258262890676
    outer loop
      vertex -15.207895894740373 -2.385424412011686 27.61877278141084
      vertex -10.412279691040853 -2.899749439659148 27.756585757216094
      vertex -10.572421274239938 -2.385424412011686 27.61877278141084
    endloop
  endfacet
  facet normal -2.955635586724879e-19 0.11196447610331145 0.9937122098932422
    outer loop
      vertex -15.366739191359239 -1.1515779032676563 27.41946392594174
      vertex -10.75840404225986 -1.5 27.458721667906737
      vertex -8.619992419149273 -1.5 27.458721667906737
    endloop
  endfacet
  facet normal 0 0.7071067811865476 0.7071067811865476
    outer loop
      vertex -12.994027005674011 -7.858316066015739 30.778548251095735
      vertex 12.994027005674011 -7.858316066015739 30.778548251095735
      vertex -13.172368129527271 -7.605070285447418 30.525302470527414
    endloop
  endfacet
  facet normal -4.750076905155117e-19 0.8045977797666701 0.5938201855734992
    outer loop
      vertex -12.510788342959843 -8.529711065196851 31.587369291673255
      vertex -12.233589917194786 -8.857279660667466 32.03120897755797
      vertex 12.233589917194786 -8.857279660667466 32.03120897755797
    endloop
  endfacet
  facet normal -1.2011088476615211e-18 0.8467241992282841 0.5320320765153366
    outer loop
      vertex -12.233589917194786 -8.857279660667466 32.03120897755797
      vertex -11.864605942580187 -9.283792328569183 32.709999999999994
      vertex 11.864605942580187 -9.283792328569183 32.709999999999994
    endloop
  endfacet
  facet normal -1.8416296659816485e-19 0.8045977797666689 0.5938201855735008
    outer loop
      vertex -12.510788342959843 -8.529711065196851 31.587369291673255
      vertex 12.619348492574943 -8.381233492057278 31.386189324074365
      vertex -12.619348492574943 -8.381233492057278 31.386189324074365
    endloop
  endfacet
  facet normal 2.632485928810966e-19 0.7579717231454529 0.6522874112781211
    outer loop
      vertex -12.994027005674011 -7.858316066015739 30.778548251095735
      vertex -12.619348492574943 -8.381233492057278 31.386189324074365
      vertex 12.619348492574943 -8.381233492057278 31.386189324074365
    endloop
  endfacet
  facet normal 0 0.9165622558699759 0.39989202431974175
    outer loop
      vertex -11.157722145016194 -9.978966585465871 34.15354421879224
      vertex 11.157722145016194 -9.978966585465871 34.15354421879224
      vertex -11.495887110517629 -9.658386263913933 33.41876631665977
    endloop
  endfacet
  facet normal 2.5714303699583158e-19 0.9438833303083678 0.33027906195516665
    outer loop
      vertex -10.95392880601203 -10.163760617287592 34.68165522027217
      vertex -10.853180624341919 -10.24374047802743 34.9102245303151
      vertex 10.853180624341917 -10.24374047802743 34.9102245303151
    endloop
  endfacet
  facet normal -7.538096443107865e-19 0.9659258262890684 0.2588190451025207
    outer loop
      vertex -10.853180624341919 -10.24374047802743 34.9102245303151
      vertex -10.575334607307637 -10.45122721858915 35.6845755879883
      vertex 10.575334607307635 -10.45122721858915 35.6845755879883
    endloop
  endfacet
  facet normal 2.70504181097353e-19 0.9438833303083667 0.33027906195516954
    outer loop
      vertex -11.157722145016194 -9.978966585465871 34.15354421879224
      vertex -10.95392880601203 -10.163760617287592 34.68165522027217
      vertex 10.953928806012028 -10.163760617287592 34.68165522027217
    endloop
  endfacet
  facet normal 4.828694070174274e-19 0.8841153935046103 0.46726862827306104
    outer loop
      vertex -11.772046786792535 -9.38789404514566 32.906970060788524
      vertex -11.495887110517629 -9.658386263913933 33.41876631665977
      vertex 11.495887110517629 -9.658386263913933 33.41876631665977
    endloop
  endfacet
  facet normal 0 0.8841153935046092 0.4672686282730631
    outer loop
      vertex -11.864605942580187 -9.283792328569183 32.709999999999994
      vertex -11.772046786792535 -9.38789404514566 32.906970060788524
      vertex 11.864605942580187 -9.283792328569183 32.709999999999994
    endloop
  endfacet
  facet normal 0 0.9937122098932426 0.11196447610330798
    outer loop
      vertex -10.192582445264254 -10.690024705782252 37.268893396753526
      vertex 10.192582445264254 -10.690024705782252 37.268893396753526
      vertex -10.35472396621743 -10.600266457133378 36.4722669065914
    endloop
  endfacet
  facet normal 4.2546647366999686e-20 0.9993007047883984 0.037391194276326076
    outer loop
      vertex -10.192582445264254 -10.690024705782252 37.268893396753526
      vertex -10.089816805603984 -10.72 38.06999999999999
      vertex 10.089816805603984 -10.72 38.06999999999999
    endloop
  endfacet
  facet normal 2.96625407295773e-19 0.9825664732332885 0.18591160716291322
    outer loop
      vertex -10.575334607307637 -10.45122721858915 35.6845755879883
      vertex -10.35472396621743 -10.600266457133378 36.4722669065914
      vertex 10.35472396621743 -10.600266457133378 36.4722669065914
    endloop
  endfacet
  facet normal 8.820192649583156e-17 0.9993007047883985 -0.03739119427632723
    outer loop
      vertex -10.089816805603984 -10.72 38.06999999999999
      vertex -10.060440794209763 -10.699433527245757 38.61965055586198
      vertex 10.060440794209761 -10.699433527245759 38.61965055586198
    endloop
  endfacet
  facet normal 4.0079690713658247e-20 0.9993007047883986 -0.037391194276323585
    outer loop
      vertex -10.060440794209763 -10.699433527245757 38.61965055586198
      vertex -10.043218774850194 -10.690024705782252 38.87110660324646
      vertex 10.043218774850194 -10.690024705782252 38.87110660324646
    endloop
  endfacet
  facet normal 1.4642901876092245e-19 0.9937122098932425 -0.11196447610330797
    outer loop
      vertex -10.043218774850194 -10.690024705782252 38.87110660324646
      vertex -10.048609065457818 -10.600266457133378 39.667733093408586
      vertex 10.048609065457818 -10.600266457133378 39.667733093408586
    endloop
  endfacet
  facet normal 5.779680852497573e-16 0.9825664732332857 -0.18591160716292743
    outer loop
      vertex -10.048609065457818 -10.600266457133378 39.667733093408586
      vertex -10.052619695854997 -10.591156987408525 39.71587779871862
      vertex 10.03501913109706 -10.45122721858915 40.45542441201169
    endloop
  endfacet
  facet normal -2.8389989182325075e-19 0.9825664732332887 -0.18591160716291227
    outer loop
      vertex -10.052619695854997 -10.591156987408525 39.71587779871862
      vertex -10.03501913109706 -10.45122721858915 40.45542441201169
      vertex 10.03501913109706 -10.45122721858915 40.45542441201169
    endloop
  endfacet
  facet normal 0 0.9659258262890683 -0.2588190451025205
    outer loop
      vertex -10.03501913109706 -10.45122721858915 40.45542441201169
      vertex -10.054109424114957 -10.358121247850905 40.80290062529484
      vertex 10.03501913109706 -10.45122721858915 40.45542441201169
    endloop
  endfacet
  facet normal 0 0.9659258262890682 -0.25881904510252085
    outer loop
      vertex -10.054109424114957 -10.358121247850905 40.80290062529484
      vertex -10.030797745083465 -10.24374047802743 41.22977546968489
      vertex 10.054109424114957 -10.358121247850905 40.80290062529484
    endloop
  endfacet
  facet normal 4.369997793468859e-18 0.943883330308367 -0.33027906195516876
    outer loop
      vertex -10.030797745083465 -10.24374047802743 41.22977546968489
      vertex -10.048438554312542 -10.018092632468958 41.87463996300705
      vertex 10.038821619469145 -9.978966585465871 41.986455781207745
    endloop
  endfacet
  facet normal 1.5494644017655808e-19 0.9438833303083672 -0.33027906195516804
    outer loop
      vertex -10.048438554312542 -10.018092632468958 41.87463996300705
      vertex -10.038821619469145 -9.978966585465871 41.986455781207745
      vertex 10.038821619469145 -9.978966585465871 41.986455781207745
    endloop
  endfacet
  facet normal -2.9178585792516273e-19 0.9165622558699758 -0.39989202431974175
    outer loop
      vertex -10.038821619469145 -9.978966585465871 41.986455781207745
      vertex -10.039096044045435 -9.658386263913933 42.721233683340216
      vertex 10.039096044045435 -9.658386263913933 42.721233683340216
    endloop
  endfacet
  facet normal -1.4280946251271656e-16 0.884115393504611 -0.46726862827305965
    outer loop
      vertex -10.039096044045435 -9.658386263913933 42.721233683340216
      vertex -10.057972918177809 -9.5506386012825 42.92510221074095
      vertex 10.04666419179177 -9.321942077220994 43.35781715270281
    endloop
  endfacet
  facet normal -7.835690603603136e-17 0.8841153935046099 -0.46726862827306215
    outer loop
      vertex -10.057972918177809 -9.5506386012825 42.92510221074095
      vertex -10.046664191791772 -9.321942077220996 43.35781715270281
      vertex 10.04666419179177 -9.321942077220994 43.35781715270281
    endloop
  endfacet
  facet normal -1.1462934880304114e-19 0.8841153935046085 -0.4672686282730644
    outer loop
      vertex -10.046664191791772 -9.321942077220996 43.35781715270281
      vertex -10.042145199529685 -9.283792328569183 43.42999999999999
      vertex 10.042145199529685 -9.283792328569183 43.42999999999999
    endloop
  endfacet
  facet normal -8.391648474841358e-19 0.8467241992282848 -0.5320320765153355
    outer loop
      vertex -10.042145199529685 -9.283792328569183 43.42999999999999
      vertex -10.052669891077773 -9 43.88165290357816
      vertex 10.052669891077773 -9 43.88165290357816
    endloop
  endfacet
  facet normal -4.5022874491852274e-17 0.399892024319742 0.9165622558699758
    outer loop
      vertex -14.619499778404453 -4.651233683340225 28.41161373608606
      vertex 9.614151519592935 -4.5 28.34563115455498
      vertex -14.667657710956728 -4.524373214279261 28.35626507923919
    endloop
  endfacet
  facet normal 0 0.6522874112781193 0.7579717231454547
    outer loop
      vertex -13.360911253329935 -7.291451748904257 30.211683933984254
      vertex 13.360911253329936 -7.291451748904257 30.211683933984254
      vertex -13.720059727656997 -6.683810675925626 29.688766507942717
    endloop
  endfacet
  facet normal 0 0.7071067811865465 0.7071067811865485
    outer loop
      vertex -13.360911253329935 -7.291451748904257 30.211683933984254
      vertex -13.172368129527271 -7.605070285447418 30.525302470527414
      vertex 13.360911253329936 -7.291451748904257 30.211683933984254
    endloop
  endfacet
  facet normal -6.559897082696589e-17 0.5938201855735092 0.8045977797666628
    outer loop
      vertex -13.720059727656997 -6.683810675925626 29.688766507942717
      vertex 13.754878288689019 -6.624000268619368 29.644624418492597
      vertex -13.754878288689019 -6.624000268619366 29.644624418492594
    endloop
  endfacet
  facet normal -6.556470192743691e-17 0.593820185573502 0.804597779766668
    outer loop
      vertex -13.754878288689019 -6.624000268619366 29.644624418492594
      vertex 13.754878288689019 -6.624000268619368 29.644624418492597
      vertex -14.040478145873793 -6.038791022442028 29.212720339332527
    endloop
  endfacet
  facet normal -4.041367640615703e-19 0.5320320765153378 0.8467241992282833
    outer loop
      vertex -14.253994736624216 -5.594280691636428 28.93341598669141
      vertex -14.040478145873793 -6.038791022442028 29.212720339332527
      vertex 14.040478145873793 -6.038791022442028 29.212720339332527
    endloop
  endfacet
  facet normal 0 0.4672686282730603 0.8841153935046107
    outer loop
      vertex -14.34599343713065 -5.36 28.78620767143081
      vertex 14.34599343713065 -5.36 28.78620767143081
      vertex -14.619499778404453 -4.651233683340225 28.41161373608606
    endloop
  endfacet
  facet normal 4.9011715353735094e-20 0.3998920243197041 0.9165622558699922
    outer loop
      vertex -14.667657710956728 -4.524373214279261 28.35626507923919
      vertex 7.115646321477812 -4.5 28.34563115455498
      vertex -7.115646321477812 -4.5 28.34563115455498
    endloop
  endfacet
  facet normal 2.8636435077535995e-17 0.5320320765153391 0.8467241992282826
    outer loop
      vertex -14.34599343713065 -5.36 28.78620767143081
      vertex -14.253994736624216 -5.594280691636428 28.93341598669141
      vertex 14.040478145873793 -6.038791022442028 29.212720339332527
    endloop
  endfacet
  facet normal -1.7477226437691786e-16 0.11196447610329852 0.9937122098932437
    outer loop
      vertex -15.366739191359239 -1.1515779032676563 27.41946392594174
      vertex 10.758404042259858 -1.5 27.458721667906737
      vertex -15.382391794976828 -0.8011066032464665 27.379975294217743
    endloop
  endfacet
  facet normal -3.66610849812994e-20 0.11196447610331149 0.9937122098932422
    outer loop
      vertex -15.366739191359239 -1.1515779032676563 27.41946392594174
      vertex -8.619992419149273 -1.5 27.458721667906737
      vertex 8.619992419149273 -1.5 27.458721667906737
    endloop
  endfacet
  facet normal 0 0.0373911942763261 0.9993007047883986
    outer loop
      vertex -15.382391794976828 -0.8011066032464665 27.379975294217743
      vertex 15.382391794976828 -0.8011066032464665 27.379975294217743
      vertex -15.414294328888532 0 27.349999999999994
    endloop
  endfacet
  facet normal 7.559818567930919e-19 0.3998920243197404 0.9165622558699765
    outer loop
      vertex -7.597368755821046 -3.9164557812077527 28.091033414534124
      vertex -7.115646321477812 -4.5 28.34563115455498
      vertex 7.115646321477812 -4.5 28.34563115455498
    endloop
  endfacet
  facet normal 9.393597693158163e-18 0.330279061955169 0.9438833303083669
    outer loop
      vertex -7.597368755821046 -3.9164557812077527 28.091033414534124
      vertex 7.699999999999999 -3.7614404903801475 28.036791218280353
      vertex -7.699999999999999 -3.761440490380147 28.036791218280353
    endloop
  endfacet
  facet normal 9.524244652837079e-18 0.3302790619551693 0.9438833303083668
    outer loop
      vertex -7.699999999999999 -3.761440490380147 28.036791218280353
      vertex 7.699999999999999 -3.7614404903801475 28.036791218280353
      vertex -8.03505927525264 -3.1597754696848925 27.826259521972563
    endloop
  endfacet
  facet normal 5.716249429592115e-19 0.258819045102523 0.9659258262890676
    outer loop
      vertex -8.365272531196332 -2.385424412011686 27.61877278141084
      vertex -8.03505927525264 -3.1597754696848925 27.826259521972563
      vertex 8.035059275252639 -3.1597754696848925 27.826259521972563
    endloop
  endfacet
  facet normal 0 0.18591160716291175 0.9825664732332889
    outer loop
      vertex -8.365272531196332 -2.385424412011686 27.61877278141084
      vertex 8.36527253119633 -2.385424412011686 27.61877278141084
      vertex -8.60246712054609 -1.5977330934085872 27.469733542866614
    endloop
  endfacet
  facet normal 4.231792109063722e-20 0.11196447610329979 0.9937122098932435
    outer loop
      vertex -8.619992419149273 -1.5 27.458721667906737
      vertex -8.60246712054609 -1.5977330934085872 27.469733542866614
      vertex 8.602467120546088 -1.5977330934085872 27.469733542866614
    endloop
  endfacet
  facet normal -1.98375886843532e-16 -0.11196447610330894 0.9937122098932424
    outer loop
      vertex -15.366739191359239 1.1515779032676565 27.41946392594174
      vertex -10.75840404225986 1.5 27.458721667906737
      vertex -15.313219349477288 1.5977330934085872 27.469733542866614
    endloop
  endfacet
  facet normal 0 -0.1859116071629128 0.9825664732332885
    outer loop
      vertex -15.313219349477288 1.5977330934085872 27.469733542866614
      vertex -10.745608011408912 1.5977330934085872 27.469733542866614
      vertex -15.226129957786428 2.2949698308502837 27.601657851258963
    endloop
  endfacet
  facet normal 0 -0.1119644761032998 0.9937122098932435
    outer loop
      vertex -15.313219349477288 1.5977330934085872 27.469733542866614
      vertex -10.75840404225986 1.5 27.458721667906737
      vertex -10.745608011408912 1.5977330934085872 27.469733542866614
    endloop
  endfacet
  facet normal 1.4715559685555909e-15 -0.18591160716290367 0.9825664732332904
    outer loop
      vertex -15.226129957786428 2.2949698308502837 27.601657851258963
      vertex -10.745608011408912 1.5977330934085872 27.469733542866614
      vertex -15.207895894740373 2.385424412011686 27.61877278141084
    endloop
  endfacet
  facet normal 0 -0.2588190451025257 0.965925826289067
    outer loop
      vertex -15.207895894740373 2.385424412011686 27.61877278141084
      vertex -10.572421274239938 2.385424412011686 27.61877278141084
      vertex -15.047813361968418 3.1597754696848974 27.826259521972567
    endloop
  endfacet
  facet normal 0 -0.3302790619551661 0.9438833303083679
    outer loop
      vertex -15.047813361968418 3.1597754696848974 27.826259521972567
      vertex -10.317875092152214 3.1597754696848974 27.826259521972567
      vertex -14.992223950908201 3.4218772833905096 27.91797291322311
    endloop
  endfacet
  facet normal 9.369191340780638e-17 -0.3302790619551646 0.9438833303083685
    outer loop
      vertex -14.992223950908201 3.4218772833905096 27.91797291322311
      vertex -10.317875092152214 3.1597754696848974 27.826259521972567
      vertex -14.848190787465716 3.916455781207758 28.091033414534124
    endloop
  endfacet
  facet normal 0 -0.18591160716291175 0.9825664732332888
    outer loop
      vertex -15.207895894740373 2.385424412011686 27.61877278141084
      vertex -10.745608011408912 1.5977330934085872 27.469733542866614
      vertex -10.572421274239938 2.385424412011686 27.61877278141084
    endloop
  endfacet
  facet normal 0 -0.39989202431974186 0.9165622558699758
    outer loop
      vertex -14.848190787465716 3.916455781207758 28.091033414534124
      vertex -9.959119207339272 3.916455781207758 28.091033414534124
      vertex -14.667657710956728 4.524373214279261 28.35626507923919
    endloop
  endfacet
  facet normal -2.1703098079663946e-16 -0.39989202431974197 0.9165622558699758
    outer loop
      vertex -14.667657710956728 4.524373214279261 28.35626507923919
      vertex -9.614151519592934 4.5 28.34563115455498
      vertex -14.619499778404453 4.651233683340225 28.41161373608606
    endloop
  endfacet
  facet normal -3.225978456806127e-16 -0.2588190451025274 0.9659258262890664
    outer loop
      vertex -15.047813361968418 3.1597754696848974 27.826259521972567
      vertex -10.572421274239938 2.385424412011686 27.61877278141084
      vertex -10.412279691040853 2.8997494396591392 27.756585757216094
    endloop
  endfacet
  facet normal 0 -0.258819045102522 0.965925826289068
    outer loop
      vertex -15.047813361968418 3.1597754696848974 27.826259521972567
      vertex -10.412279691040853 2.8997494396591392 27.756585757216094
      vertex -10.317875092152214 3.1597754696848974 27.826259521972567
    endloop
  endfacet
  facet normal 0 -0.3302790619551651 0.9438833303083682
    outer loop
      vertex -14.848190787465716 3.916455781207758 28.091033414534124
      vertex -10.317875092152214 3.1597754696848974 27.826259521972567
      vertex -9.959119207339272 3.916455781207758 28.091033414534124
    endloop
  endfacet
  facet normal -2.247129989238058e-16 -0.3998920243197433 0.9165622558699751
    outer loop
      vertex -14.667657710956728 4.524373214279261 28.35626507923919
      vertex -9.959119207339272 3.916455781207758 28.091033414534124
      vertex -9.614151519592934 4.5 28.34563115455498
    endloop
  endfacet
  facet normal 0 -0.0373911942763261 0.9993007047883985
    outer loop
      vertex -15.414294328888532 0 27.349999999999994
      vertex 15.414294328888532 0 27.349999999999994
      vertex -15.382391794976828 0.8011066032464665 27.379975294217743
    endloop
  endfacet
  facet normal 0 -0.11196447610329845 0.9937122098932437
    outer loop
      vertex -15.382391794976828 0.8011066032464665 27.379975294217743
      vertex 15.382391794976828 0.8011066032464665 27.379975294217743
      vertex -15.366739191359239 1.1515779032676565 27.41946392594174
    endloop
  endfacet
  facet normal 0 -0.46726862827306037 0.8841153935046108
    outer loop
      vertex -14.619499778404453 4.651233683340225 28.41161373608606
      vertex 14.619499778404453 4.651233683340225 28.41161373608606
      vertex -14.34599343713065 5.36 28.78620767143081
    endloop
  endfacet
  facet normal 0 -0.5320320765153299 0.8467241992282885
    outer loop
      vertex -14.34599343713065 5.36 28.78620767143081
      vertex 14.34599343713065 5.36 28.78620767143081
      vertex -14.253994736624216 5.594280691636428 28.933415986691408
    endloop
  endfacet
  facet normal -1.4598526962297936e-16 -0.5320320765153426 0.8467241992282803
    outer loop
      vertex -14.253994736624216 5.594280691636428 28.933415986691408
      vertex 14.34599343713065 5.36 28.78620767143081
      vertex -14.040478145873793 6.038791022442028 29.212720339332527
    endloop
  endfacet
  facet normal 0 -0.5938201855734989 0.8045977797666704
    outer loop
      vertex -14.040478145873793 6.038791022442028 29.212720339332527
      vertex 14.040478145873793 6.038791022442028 29.212720339332527
      vertex -13.754878288689019 6.624000268619366 29.64462441849259
    endloop
  endfacet
  facet normal -4.63926575465567e-17 -0.5938201855735011 0.8045977797666688
    outer loop
      vertex -13.754878288689019 6.624000268619366 29.64462441849259
      vertex 13.754878288689019 6.624000268619369 29.644624418492594
      vertex -13.720059727656999 6.683810675925622 29.68876650794271
    endloop
  endfacet
  facet normal 0 -0.6522874112781218 0.7579717231454525
    outer loop
      vertex -13.720059727656999 6.683810675925622 29.68876650794271
      vertex 13.720059727657 6.683810675925622 29.68876650794271
      vertex -13.360911253329938 7.291451748904254 30.21168393398425
    endloop
  endfacet
  facet normal 9.576436843718525e-17 -0.7071067811865505 0.7071067811865445
    outer loop
      vertex -13.360911253329938 7.291451748904254 30.21168393398425
      vertex 13.172368129527271 7.605070285447418 30.525302470527414
      vertex -13.172368129527271 7.605070285447418 30.525302470527418
    endloop
  endfacet
  facet normal 9.535673119637482e-17 -0.7071067811865438 0.7071067811865512
    outer loop
      vertex -13.172368129527271 7.605070285447418 30.525302470527418
      vertex 13.172368129527271 7.605070285447418 30.525302470527414
      vertex -12.99402700567401 7.858316066015742 30.77854825109574
    endloop
  endfacet
  facet normal -1.3114828305931528e-16 -0.11196447610330981 0.9937122098932424
    outer loop
      vertex -15.366739191359239 1.1515779032676565 27.41946392594174
      vertex 15.382391794976828 0.8011066032464665 27.379975294217743
      vertex -10.75840404225986 1.5 27.458721667906737
    endloop
  endfacet
  facet normal 0 -0.11196447610329978 0.9937122098932435
    outer loop
      vertex -8.619992419149273 1.5 27.458721667906737
      vertex 8.619992419149273 1.5 27.458721667906737
      vertex -8.602467120546088 1.5977330934085872 27.469733542866614
    endloop
  endfacet
  facet normal 0 -0.18591160716291172 0.9825664732332888
    outer loop
      vertex -8.602467120546088 1.5977330934085872 27.469733542866614
      vertex 8.60246712054609 1.5977330934085872 27.469733542866614
      vertex -8.36527253119633 2.385424412011686 27.61877278141084
    endloop
  endfacet
  facet normal 0 -0.25881904510252557 0.9659258262890669
    outer loop
      vertex -8.36527253119633 2.385424412011686 27.61877278141084
      vertex 8.365272531196332 2.385424412011686 27.61877278141084
      vertex -8.035059275252635 3.1597754696848974 27.826259521972567
    endloop
  endfacet
  facet normal 0 -0.330279061955164 0.9438833303083687
    outer loop
      vertex -8.035059275252635 3.1597754696848974 27.826259521972567
      vertex 8.035059275252634 3.1597754696848974 27.826259521972567
      vertex -7.699999999999999 3.761440490380153 28.036791218280353
    endloop
  endfacet
  facet normal 2.1165780426449506e-19 -0.3302790619551698 0.9438833303083666
    outer loop
      vertex -7.699999999999999 3.761440490380153 28.036791218280353
      vertex 7.597368755821046 3.916455781207758 28.091033414534124
      vertex -7.597368755821048 3.916455781207758 28.091033414534124
    endloop
  endfacet
  facet normal 0 -0.11196447610331091 0.9937122098932423
    outer loop
      vertex -10.75840404225986 1.5 27.458721667906737
      vertex 15.366739191359239 1.1515779032676545 27.41946392594174
      vertex -8.619992419149273 1.5 27.458721667906737
    endloop
  endfacet
  facet normal 0 -0.399892024319736 0.9165622558699784
    outer loop
      vertex -14.619499778404453 4.651233683340225 28.41161373608606
      vertex -9.614151519592934 4.5 28.34563115455498
      vertex 14.619499778404453 4.651233683340225 28.41161373608606
    endloop
  endfacet
  facet normal 0 -0.3998920243197435 0.9165622558699752
    outer loop
      vertex -7.597368755821048 3.916455781207758 28.091033414534124
      vertex 7.597368755821046 3.916455781207758 28.091033414534124
      vertex -7.115646321477812 4.5 28.34563115455498
    endloop
  endfacet
  facet normal 0 -0.39989202431973075 0.9165622558699807
    outer loop
      vertex -9.614151519592934 4.5 28.34563115455498
      vertex -7.115646321477812 4.5 28.34563115455498
      vertex 14.667657710956725 4.524373214279267 28.356265079239193
    endloop
  endfacet
  facet normal 0 -0.7579717231454544 0.6522874112781195
    outer loop
      vertex -12.99402700567401 7.858316066015742 30.77854825109574
      vertex 12.99402700567401 7.858316066015742 30.77854825109574
      vertex -12.619348492574941 8.381233492057282 31.386189324074373
    endloop
  endfacet
  facet normal -5.698515778089207e-17 -0.8045977797666657 0.5938201855735052
    outer loop
      vertex -12.619348492574941 8.381233492057282 31.386189324074373
      vertex 12.510788342959845 8.52971106519685 31.587369291673255
      vertex -12.510788342959843 8.529711065196851 31.587369291673255
    endloop
  endfacet
  facet normal -5.71208116496935e-17 -0.8045977797666701 0.5938201855734992
    outer loop
      vertex -12.510788342959843 8.529711065196851 31.587369291673255
      vertex 12.510788342959845 8.52971106519685 31.587369291673255
      vertex -12.233589917194786 8.857279660667466 32.03120897755797
    endloop
  endfacet
  facet normal 0 -0.846724199228284 0.5320320765153366
    outer loop
      vertex -12.233589917194786 8.857279660667466 32.03120897755797
      vertex 12.233589917194784 8.857279660667466 32.03120897755797
      vertex -11.864605942580186 9.283792328569183 32.709999999999994
    endloop
  endfacet
  facet normal 7.41940253299193e-17 -0.8841153935046125 0.46726862827305676
    outer loop
      vertex -11.864605942580186 9.283792328569183 32.709999999999994
      vertex 11.772046786792538 9.387894045145657 32.90697006078852
      vertex -11.772046786792538 9.387894045145659 32.906970060788524
    endloop
  endfacet
  facet normal 7.431328214614903e-17 -0.8841153935046091 0.4672686282730635
    outer loop
      vertex -11.772046786792538 9.387894045145659 32.906970060788524
      vertex 11.772046786792538 9.387894045145657 32.90697006078852
      vertex -11.495887110517627 9.658386263913933 33.41876631665977
    endloop
  endfacet
  facet normal 0 -0.9165622558699753 0.39989202431974313
    outer loop
      vertex -11.495887110517627 9.658386263913933 33.41876631665977
      vertex 11.495887110517627 9.658386263913933 33.41876631665977
      vertex -11.157722145016196 9.97896658546587 34.153544218792234
    endloop
  endfacet
  facet normal 0 -0.9438833303083681 0.3302790619551656
    outer loop
      vertex -11.157722145016196 9.97896658546587 34.153544218792234
      vertex 11.157722145016194 9.97896658546587 34.153544218792234
      vertex -10.953928806012028 10.16376061728759 34.68165522027217
    endloop
  endfacet
  facet normal -2.5714303699583158e-19 -0.9438833303083678 0.33027906195516665
    outer loop
      vertex -10.953928806012028 10.16376061728759 34.68165522027217
      vertex 10.853180624341917 10.243740478027428 34.9102245303151
      vertex -10.853180624341919 10.243740478027428 34.9102245303151
    endloop
  endfacet
  facet normal 0 -0.9659258262890679 0.2588190451025227
    outer loop
      vertex -10.853180624341919 10.243740478027428 34.9102245303151
      vertex 10.853180624341917 10.243740478027428 34.9102245303151
      vertex -10.575334607307632 10.451227218589151 35.684575587988306
    endloop
  endfacet
  facet normal 0 -0.9825664732332886 0.18591160716291322
    outer loop
      vertex -10.575334607307632 10.451227218589151 35.684575587988306
      vertex 10.57533460730763 10.451227218589151 35.684575587988306
      vertex -10.354723966217426 10.60026645713338 36.47226690659141
    endloop
  endfacet
  facet normal 0 -0.9937122098932427 0.1119644761033068
    outer loop
      vertex -10.354723966217426 10.60026645713338 36.47226690659141
      vertex 10.354723966217424 10.60026645713338 36.47226690659141
      vertex -10.192582445264252 10.690024705782252 37.268893396753526
    endloop
  endfacet
  facet normal 0 -0.9993007047883985 0.03739119427632608
    outer loop
      vertex -10.192582445264252 10.690024705782252 37.268893396753526
      vertex 10.19258244526425 10.690024705782252 37.268893396753526
      vertex -10.089816805603984 10.72 38.06999999999999
    endloop
  endfacet
  facet normal 0 -0.9825664732332858 -0.1859116071629275
    outer loop
      vertex -10.048609065457816 10.600266457133378 39.667733093408586
      vertex 10.048609065457816 10.600266457133378 39.667733093408586
      vertex -10.052619695854995 10.591156987408525 39.71587779871862
    endloop
  endfacet
  facet normal 3.3485582240172603e-17 -0.9825664732332884 -0.185911607162914
    outer loop
      vertex -10.052619695854995 10.591156987408525 39.71587779871862
      vertex 10.048609065457816 10.600266457133378 39.667733093408586
      vertex -10.03501913109706 10.45122721858915 40.45542441201168
    endloop
  endfacet
  facet normal 0 -0.9993007047883986 -0.037391194276324
    outer loop
      vertex -10.089816805603984 10.72 38.06999999999999
      vertex 10.08981680560398 10.72 38.06999999999999
      vertex -10.06044079420976 10.699433527245759 38.61965055586198
    endloop
  endfacet
  facet normal -8.822250823194653e-17 -0.9993007047883984 -0.03739119427633063
    outer loop
      vertex -10.06044079420976 10.699433527245759 38.61965055586198
      vertex 10.06044079420976 10.699433527245757 38.61965055586198
      vertex -10.043218774850192 10.690024705782252 38.87110660324646
    endloop
  endfacet
  facet normal -1.4650760860171014e-19 -0.9937122098932426 -0.111964476103308
    outer loop
      vertex -10.048609065457816 10.600266457133378 39.667733093408586
      vertex -10.043218774850192 10.690024705782252 38.87110660324646
      vertex 10.04321877485019 10.690024705782252 38.87110660324646
    endloop
  endfacet
  facet normal 1.4872215666532143e-17 -0.8841153935046083 -0.4672686282730646
    outer loop
      vertex -10.057972918177807 9.5506386012825 42.92510221074095
      vertex 10.039096044045435 9.658386263913934 42.721233683340216
      vertex -10.046664191791768 9.32194207722099 43.357817152702815
    endloop
  endfacet
  facet normal 0 -0.8841153935046079 -0.4672686282730657
    outer loop
      vertex -10.039096044045431 9.658386263913934 42.721233683340216
      vertex 10.039096044045435 9.658386263913934 42.721233683340216
      vertex -10.057972918177807 9.5506386012825 42.92510221074095
    endloop
  endfacet
  facet normal 0 -0.8467241992282849 -0.5320320765153356
    outer loop
      vertex -10.042145199529683 9.283792328569183 43.42999999999999
      vertex 10.042145199529687 9.283792328569183 43.42999999999999
      vertex -10.052669891077771 9 43.88165290357816
    endloop
  endfacet
  facet normal 1.2206164599568186e-19 -0.8841153935046164 -0.4672686282730494
    outer loop
      vertex -10.042145199529683 9.283792328569183 43.42999999999999
      vertex -10.046664191791768 9.32194207722099 43.357817152702815
      vertex 10.046664191791772 9.32194207722099 43.357817152702815
    endloop
  endfacet
  facet normal 3.380963263637104e-19 -0.9659258262890684 -0.2588190451025202
    outer loop
      vertex -10.03501913109706 10.45122721858915 40.45542441201168
      vertex 10.054109424114957 10.358121247850903 40.80290062529484
      vertex -10.054109424114957 10.358121247850903 40.80290062529484
    endloop
  endfacet
  facet normal -2.6776856950291193e-19 -0.9659258262890682 -0.25881904510252085
    outer loop
      vertex -10.054109424114957 10.358121247850903 40.80290062529484
      vertex 10.030797745083465 10.243740478027428 41.22977546968489
      vertex -10.030797745083465 10.243740478027428 41.22977546968489
    endloop
  endfacet
  facet normal 2.6323399642870755e-17 -0.9438833303083672 -0.33027906195516804
    outer loop
      vertex -10.048438554312542 10.018092632468957 41.87463996300705
      vertex 10.030797745083465 10.243740478027428 41.22977546968489
      vertex -10.038821619469145 9.97896658546587 41.986455781207745
    endloop
  endfacet
  facet normal 3.8072478259008407e-19 -0.9165622558699774 -0.399892024319738
    outer loop
      vertex -10.039096044045431 9.658386263913934 42.721233683340216
      vertex -10.038821619469145 9.97896658546587 41.986455781207745
      vertex 10.038821619469147 9.97896658546587 41.986455781207745
    endloop
  endfacet
  facet normal -5.546870814312212e-19 -0.943883330308367 -0.3302790619551688
    outer loop
      vertex -10.048438554312542 10.018092632468957 41.87463996300705
      vertex -10.030797745083465 10.243740478027428 41.22977546968489
      vertex 10.030797745083465 10.243740478027428 41.22977546968489
    endloop
  endfacet
  facet normal 0 0.9165622558699759 0.39989202431974175
    outer loop
      vertex -11.495887110517629 -9.658386263913933 33.41876631665977
      vertex 11.157722145016194 -9.978966585465871 34.15354421879224
      vertex 11.495887110517629 -9.658386263913933 33.41876631665977
    endloop
  endfacet
  facet normal 0 0.9438833303083667 0.33027906195516954
    outer loop
      vertex -11.157722145016194 -9.978966585465871 34.15354421879224
      vertex 10.953928806012028 -10.163760617287592 34.68165522027217
      vertex 11.157722145016194 -9.978966585465871 34.15354421879224
    endloop
  endfacet
  facet normal 0 0.9659258262890684 0.25881904510252074
    outer loop
      vertex -10.853180624341919 -10.24374047802743 34.9102245303151
      vertex 10.575334607307635 -10.45122721858915 35.6845755879883
      vertex 10.853180624341917 -10.24374047802743 34.9102245303151
    endloop
  endfacet
  facet normal 0 0.9438833303083677 0.3302790619551666
    outer loop
      vertex -10.95392880601203 -10.163760617287592 34.68165522027217
      vertex 10.853180624341917 -10.24374047802743 34.9102245303151
      vertex 10.953928806012028 -10.163760617287592 34.68165522027217
    endloop
  endfacet
  facet normal 0 0.8841153935046103 0.46726862827306115
    outer loop
      vertex -11.772046786792535 -9.38789404514566 32.906970060788524
      vertex 11.495887110517629 -9.658386263913933 33.41876631665977
      vertex 11.772046786792538 -9.38789404514566 32.906970060788524
    endloop
  endfacet
  facet normal 0 0.8841153935046092 0.4672686282730629
    outer loop
      vertex -11.772046786792535 -9.38789404514566 32.906970060788524
      vertex 11.772046786792538 -9.38789404514566 32.906970060788524
      vertex 11.864605942580187 -9.283792328569183 32.709999999999994
    endloop
  endfacet
  facet normal 0 0.8467241992282841 0.5320320765153366
    outer loop
      vertex -12.233589917194786 -8.857279660667466 32.03120897755797
      vertex 11.864605942580187 -9.283792328569183 32.709999999999994
      vertex 12.233589917194786 -8.857279660667466 32.03120897755797
    endloop
  endfacet
  facet normal 0 0.757971723145453 0.6522874112781211
    outer loop
      vertex -12.994027005674011 -7.858316066015739 30.778548251095735
      vertex 12.619348492574943 -8.381233492057278 31.386189324074365
      vertex 12.994027005674011 -7.858316066015739 30.778548251095735
    endloop
  endfacet
  facet normal -5.712081164969366e-17 0.8045977797666723 0.5938201855734961
    outer loop
      vertex -12.510788342959843 -8.529711065196851 31.587369291673255
      vertex 12.510788342959845 -8.52971106519685 31.587369291673255
      vertex 12.619348492574943 -8.381233492057278 31.386189324074365
    endloop
  endfacet
  facet normal -5.712081164969339e-17 0.8045977797666686 0.5938201855735012
    outer loop
      vertex -12.510788342959843 -8.529711065196851 31.587369291673255
      vertex 12.233589917194786 -8.857279660667466 32.03120897755797
      vertex 12.510788342959845 -8.52971106519685 31.587369291673255
    endloop
  endfacet
  facet normal 0 0.9993007047883985 0.037391194276326076
    outer loop
      vertex -10.192582445264254 -10.690024705782252 37.268893396753526
      vertex 10.089816805603984 -10.72 38.06999999999999
      vertex 10.192582445264254 -10.690024705782252 37.268893396753526
    endloop
  endfacet
  facet normal 0 0.9825664732332886 0.1859116071629132
    outer loop
      vertex -10.575334607307637 -10.45122721858915 35.6845755879883
      vertex 10.35472396621743 -10.600266457133378 36.4722669065914
      vertex 10.575334607307635 -10.45122721858915 35.6845755879883
    endloop
  endfacet
  facet normal 0 0.9937122098932425 0.111964476103308
    outer loop
      vertex -10.35472396621743 -10.600266457133378 36.4722669065914
      vertex 10.192582445264254 -10.690024705782252 37.268893396753526
      vertex 10.35472396621743 -10.600266457133378 36.4722669065914
    endloop
  endfacet
  facet normal 0 0.9993007047883986 -0.037391194276323994
    outer loop
      vertex -10.089816805603984 -10.72 38.06999999999999
      vertex 10.060440794209761 -10.699433527245759 38.61965055586198
      vertex 10.089816805603984 -10.72 38.06999999999999
    endloop
  endfacet
  facet normal 8.82225082319465e-17 0.9993007047883983 -0.03739119427633062
    outer loop
      vertex -10.060440794209763 -10.699433527245757 38.61965055586198
      vertex 10.043218774850194 -10.690024705782252 38.87110660324646
      vertex 10.060440794209761 -10.699433527245759 38.61965055586198
    endloop
  endfacet
  facet normal 0 0.9937122098932426 -0.111964476103308
    outer loop
      vertex -10.043218774850194 -10.690024705782252 38.87110660324646
      vertex 10.048609065457818 -10.600266457133378 39.667733093408586
      vertex 10.043218774850194 -10.690024705782252 38.87110660324646
    endloop
  endfacet
  facet normal 0 0.9825664732332858 -0.1859116071629275
    outer loop
      vertex -10.048609065457818 -10.600266457133378 39.667733093408586
      vertex 10.052619695854997 -10.591156987408525 39.71587779871862
      vertex 10.048609065457818 -10.600266457133378 39.667733093408586
    endloop
  endfacet
  facet normal -3.774820686407121e-17 0.9825664732332887 -0.18591160716291227
    outer loop
      vertex -10.048609065457818 -10.600266457133378 39.667733093408586
      vertex 10.03501913109706 -10.45122721858915 40.45542441201169
      vertex 10.052619695854997 -10.591156987408525 39.71587779871862
    endloop
  endfacet
  facet normal 0 0.9659258262890683 -0.2588190451025205
    outer loop
      vertex -10.054109424114957 -10.358121247850905 40.80290062529484
      vertex 10.054109424114957 -10.358121247850905 40.80290062529484
      vertex 10.03501913109706 -10.45122721858915 40.45542441201169
    endloop
  endfacet
  facet normal 0 0.9659258262890682 -0.25881904510252085
    outer loop
      vertex -10.030797745083465 -10.24374047802743 41.22977546968489
      vertex 10.030797745083465 -10.24374047802743 41.22977546968489
      vertex 10.054109424114957 -10.358121247850905 40.80290062529484
    endloop
  endfacet
  facet normal 0 0.943883330308367 -0.33027906195516876
    outer loop
      vertex -10.030797745083465 -10.24374047802743 41.22977546968489
      vertex 10.048438554312542 -10.018092632468958 41.87463996300705
      vertex 10.030797745083465 -10.24374047802743 41.22977546968489
    endloop
  endfacet
  facet normal -2.5175849032736394e-17 0.9438833303083671 -0.33027906195516815
    outer loop
      vertex -10.030797745083465 -10.24374047802743 41.22977546968489
      vertex 10.038821619469145 -9.978966585465871 41.986455781207745
      vertex 10.048438554312542 -10.018092632468958 41.87463996300705
    endloop
  endfacet
  facet normal 0 0.9165622558699758 -0.39989202431974175
    outer loop
      vertex -10.038821619469145 -9.978966585465871 41.986455781207745
      vertex 10.039096044045435 -9.658386263913933 42.721233683340216
      vertex 10.038821619469145 -9.978966585465871 41.986455781207745
    endloop
  endfacet
  facet normal 0 0.884115393504611 -0.46726862827305965
    outer loop
      vertex -10.039096044045435 -9.658386263913933 42.721233683340216
      vertex 10.057972918177809 -9.5506386012825 42.92510221074095
      vertex 10.039096044045435 -9.658386263913933 42.721233683340216
    endloop
  endfacet
  facet normal 6.766236767417621e-17 0.8841153935046083 -0.46726862827306487
    outer loop
      vertex -10.039096044045435 -9.658386263913933 42.721233683340216
      vertex 10.04666419179177 -9.321942077220994 43.35781715270281
      vertex 10.057972918177809 -9.5506386012825 42.92510221074095
    endloop
  endfacet
  facet normal -7.816049168609067e-17 0.8841153935046174 -0.4672686282730474
    outer loop
      vertex -10.046664191791772 -9.321942077220996 43.35781715270281
      vertex 10.042145199529685 -9.283792328569183 43.42999999999999
      vertex 10.04666419179177 -9.321942077220994 43.35781715270281
    endloop
  endfacet
  facet normal 0 0.8467241992282849 -0.5320320765153356
    outer loop
      vertex -10.042145199529685 -9.283792328569183 43.42999999999999
      vertex 10.052669891077773 -9 43.88165290357816
      vertex 10.042145199529685 -9.283792328569183 43.42999999999999
    endloop
  endfacet
  facet normal 2.79166945363348e-19 0.3998920243197042 0.9165622558699922
    outer loop
      vertex -14.667657710956728 -4.524373214279261 28.35626507923919
      vertex 9.614151519592935 -4.5 28.34563115455498
      vertex 7.115646321477812 -4.5 28.34563115455498
    endloop
  endfacet
  facet normal 0 0.39989202431974036 0.9165622558699764
    outer loop
      vertex -7.597368755821046 -3.9164557812077527 28.091033414534124
      vertex 7.115646321477812 -4.5 28.34563115455498
      vertex 7.597368755821047 -3.9164557812077527 28.091033414534124
    endloop
  endfacet
  facet normal 0 0.399892024319736 0.9165622558699784
    outer loop
      vertex -14.619499778404453 -4.651233683340225 28.41161373608606
      vertex 14.619499778404453 -4.651233683340225 28.41161373608606
      vertex 9.614151519592935 -4.5 28.34563115455498
    endloop
  endfacet
  facet normal -2.9556355867248836e-19 0.11196447610331144 0.9937122098932423
    outer loop
      vertex -15.366739191359239 -1.1515779032676563 27.41946392594174
      vertex 8.619992419149273 -1.5 27.458721667906737
      vertex 10.758404042259858 -1.5 27.458721667906737
    endloop
  endfacet
  facet normal 0 0.3302790619551698 0.9438833303083666
    outer loop
      vertex -7.597368755821046 -3.9164557812077527 28.091033414534124
      vertex 7.597368755821047 -3.9164557812077527 28.091033414534124
      vertex 7.699999999999999 -3.7614404903801475 28.036791218280353
    endloop
  endfacet
  facet normal 0 0.3302790619551691 0.9438833303083669
    outer loop
      vertex -8.03505927525264 -3.1597754696848925 27.826259521972563
      vertex 7.699999999999999 -3.7614404903801475 28.036791218280353
      vertex 8.035059275252639 -3.1597754696848925 27.826259521972563
    endloop
  endfacet
  facet normal 0 0.258819045102523 0.9659258262890678
    outer loop
      vertex -8.365272531196332 -2.385424412011686 27.61877278141084
      vertex 8.035059275252639 -3.1597754696848925 27.826259521972563
      vertex 8.36527253119633 -2.385424412011686 27.61877278141084
    endloop
  endfacet
  facet normal 0 0.18591160716291172 0.9825664732332888
    outer loop
      vertex -8.60246712054609 -1.5977330934085872 27.469733542866614
      vertex 8.36527253119633 -2.385424412011686 27.61877278141084
      vertex 8.602467120546088 -1.5977330934085872 27.469733542866614
    endloop
  endfacet
  facet normal 0 0.11196447610329978 0.9937122098932435
    outer loop
      vertex -8.619992419149273 -1.5 27.458721667906737
      vertex 8.602467120546088 -1.5977330934085872 27.469733542866614
      vertex 8.619992419149273 -1.5 27.458721667906737
    endloop
  endfacet
  facet normal 5.62983069048176e-16 0.11196447610332601 0.9937122098932406
    outer loop
      vertex -15.382391794976828 -0.8011066032464665 27.379975294217743
      vertex 10.758404042259858 -1.5 27.458721667906737
      vertex 15.313219349477288 -1.5977330934085872 27.469733542866614
    endloop
  endfacet
  facet normal 0 0.7071067811865475 0.7071067811865475
    outer loop
      vertex -13.172368129527271 -7.605070285447418 30.525302470527414
      vertex 12.994027005674011 -7.858316066015739 30.778548251095735
      vertex 13.172368129527271 -7.605070285447418 30.525302470527414
    endloop
  endfacet
  facet normal 0 0.7071067811865466 0.7071067811865485
    outer loop
      vertex -13.172368129527271 -7.605070285447418 30.525302470527414
      vertex 13.172368129527271 -7.605070285447418 30.525302470527414
      vertex 13.360911253329936 -7.291451748904257 30.211683933984254
    endloop
  endfacet
  facet normal 0 0.6522874112781193 0.7579717231454547
    outer loop
      vertex -13.720059727656997 -6.683810675925626 29.688766507942717
      vertex 13.360911253329936 -7.291451748904257 30.211683933984254
      vertex 13.720059727656999 -6.683810675925626 29.688766507942717
    endloop
  endfacet
  facet normal 0 0.5938201855734897 0.8045977797666771
    outer loop
      vertex -13.720059727656997 -6.683810675925626 29.688766507942717
      vertex 13.720059727656999 -6.683810675925626 29.688766507942717
      vertex 13.754878288689019 -6.624000268619368 29.644624418492597
    endloop
  endfacet
  facet normal 0 0.593820185573504 0.8045977797666665
    outer loop
      vertex -14.040478145873793 -6.038791022442028 29.212720339332527
      vertex 13.754878288689019 -6.624000268619368 29.644624418492597
      vertex 14.040478145873793 -6.038791022442028 29.212720339332527
    endloop
  endfacet
  facet normal 0 0.46726862827306037 0.8841153935046108
    outer loop
      vertex -14.619499778404453 -4.651233683340225 28.41161373608606
      vertex 14.34599343713065 -5.36 28.78620767143081
      vertex 14.619499778404453 -4.651233683340225 28.41161373608606
    endloop
  endfacet
  facet normal -3.91435555428203e-17 0.5320320765153371 0.8467241992282838
    outer loop
      vertex -14.34599343713065 -5.36 28.78620767143081
      vertex 14.040478145873793 -6.038791022442028 29.212720339332527
      vertex 14.253994736624218 -5.594280691636427 28.93341598669141
    endloop
  endfacet
  facet normal 0 0.5320320765153406 0.8467241992282817
    outer loop
      vertex -14.34599343713065 -5.36 28.78620767143081
      vertex 14.253994736624218 -5.594280691636427 28.93341598669141
      vertex 14.34599343713065 -5.36 28.78620767143081
    endloop
  endfacet
  facet normal 1.1528762331550649e-16 0.11196447610330873 0.9937122098932425
    outer loop
      vertex -15.382391794976828 -0.8011066032464665 27.379975294217743
      vertex 15.313219349477288 -1.5977330934085872 27.469733542866614
      vertex 15.366739191359237 -1.1515779032676556 27.41946392594174
    endloop
  endfacet
  facet normal 0 0.11196447610329874 0.9937122098932437
    outer loop
      vertex -15.382391794976828 -0.8011066032464665 27.379975294217743
      vertex 15.366739191359237 -1.1515779032676556 27.41946392594174
      vertex 15.382391794976828 -0.8011066032464665 27.379975294217743
    endloop
  endfacet
  facet normal 0 0.0373911942763261 0.9993007047883985
    outer loop
      vertex -15.414294328888532 0 27.349999999999994
      vertex 15.382391794976828 -0.8011066032464665 27.379975294217743
      vertex 15.414294328888532 0 27.349999999999994
    endloop
  endfacet
  facet normal 2.0727708951436677e-16 0.39989202431974025 0.9165622558699764
    outer loop
      vertex 9.614151519592935 -4.5 28.34563115455498
      vertex 14.667657710956728 -4.524373214279261 28.35626507923919
      vertex 9.959119207339276 -3.9164557812077527 28.091033414534124
    endloop
  endfacet
  facet normal 0 0.3302790619551692 0.9438833303083668
    outer loop
      vertex 9.959119207339276 -3.9164557812077527 28.091033414534124
      vertex 14.848190787465718 -3.9164557812077527 28.091033414534124
      vertex 10.317875092152223 -3.1597754696848925 27.826259521972563
    endloop
  endfacet
  facet normal 0 0.25881904510252385 0.9659258262890675
    outer loop
      vertex 10.317875092152223 -3.1597754696848925 27.826259521972563
      vertex 15.047813361968421 -3.1597754696848925 27.826259521972563
      vertex 10.412279691040847 -2.899749439659176 27.7565857572161
    endloop
  endfacet
  facet normal -7.085977461113777e-17 0.2588190451025226 0.9659258262890678
    outer loop
      vertex 10.412279691040847 -2.899749439659176 27.7565857572161
      vertex 15.047813361968421 -3.1597754696848925 27.826259521972563
      vertex 10.57242127423994 -2.385424412011686 27.61877278141084
    endloop
  endfacet
  facet normal 2.1701461407969863e-16 0.39989202431974197 0.9165622558699756
    outer loop
      vertex 9.614151519592935 -4.5 28.34563115455498
      vertex 14.619499778404453 -4.651233683340225 28.41161373608606
      vertex 14.667657710956728 -4.524373214279261 28.35626507923919
    endloop
  endfacet
  facet normal 0 0.3998920243197389 0.916562255869977
    outer loop
      vertex 9.959119207339276 -3.9164557812077527 28.091033414534124
      vertex 14.667657710956728 -4.524373214279261 28.35626507923919
      vertex 14.848190787465718 -3.9164557812077527 28.091033414534124
    endloop
  endfacet
  facet normal 0 0.18591160716291172 0.9825664732332888
    outer loop
      vertex 10.57242127423994 -2.385424412011686 27.61877278141084
      vertex 15.207895894740373 -2.385424412011686 27.61877278141084
      vertex 10.745608011408912 -1.5977330934085872 27.469733542866614
    endloop
  endfacet
  facet normal 3.4202823186904374e-16 0.33027906195517115 0.9438833303083662
    outer loop
      vertex 10.317875092152223 -3.1597754696848925 27.826259521972563
      vertex 14.848190787465718 -3.9164557812077527 28.091033414534124
      vertex 14.992223950908201 -3.421877283390505 27.917972913223107
    endloop
  endfacet
  facet normal 0 0.33027906195516565 0.9438833303083681
    outer loop
      vertex 10.317875092152223 -3.1597754696848925 27.826259521972563
      vertex 14.992223950908201 -3.421877283390505 27.917972913223107
      vertex 15.047813361968421 -3.1597754696848925 27.826259521972563
    endloop
  endfacet
  facet normal 0 0.258819045102523 0.9659258262890676
    outer loop
      vertex 10.57242127423994 -2.385424412011686 27.61877278141084
      vertex 15.047813361968421 -3.1597754696848925 27.826259521972563
      vertex 15.207895894740373 -2.385424412011686 27.61877278141084
    endloop
  endfacet
  facet normal -2.567713254881246e-15 0.18591160716289762 0.9825664732332914
    outer loop
      vertex 10.745608011408912 -1.5977330934085872 27.469733542866614
      vertex 15.207895894740373 -2.385424412011686 27.61877278141084
      vertex 15.226129957786428 -2.2949698308502806 27.601657851258963
    endloop
  endfacet
  facet normal 0 0.1119644761032998 0.9937122098932435
    outer loop
      vertex 10.745608011408912 -1.5977330934085872 27.469733542866614
      vertex 15.313219349477288 -1.5977330934085872 27.469733542866614
      vertex 10.758404042259858 -1.5 27.458721667906737
    endloop
  endfacet
  facet normal 0 0.1859116071629136 0.9825664732332885
    outer loop
      vertex 10.745608011408912 -1.5977330934085872 27.469733542866614
      vertex 15.226129957786428 -2.2949698308502806 27.601657851258963
      vertex 15.313219349477288 -1.5977330934085872 27.469733542866614
    endloop
  endfacet
  facet normal 0 -0.11196447610329979 0.9937122098932435
    outer loop
      vertex -8.602467120546088 1.5977330934085872 27.469733542866614
      vertex 8.619992419149273 1.5 27.458721667906737
      vertex 8.60246712054609 1.5977330934085872 27.469733542866614
    endloop
  endfacet
  facet normal 0 -0.18591160716291175 0.9825664732332889
    outer loop
      vertex -8.36527253119633 2.385424412011686 27.61877278141084
      vertex 8.60246712054609 1.5977330934085872 27.469733542866614
      vertex 8.365272531196332 2.385424412011686 27.61877278141084
    endloop
  endfacet
  facet normal 0 -0.2588190451025257 0.9659258262890671
    outer loop
      vertex -8.035059275252635 3.1597754696848974 27.826259521972567
      vertex 8.365272531196332 2.385424412011686 27.61877278141084
      vertex 8.035059275252634 3.1597754696848974 27.826259521972567
    endloop
  endfacet
  facet normal -8.571820187553283e-17 -0.3302790619551659 0.9438833303083679
    outer loop
      vertex -7.699999999999999 3.761440490380153 28.036791218280353
      vertex 8.035059275252634 3.1597754696848974 27.826259521972567
      vertex 7.699999999999999 3.761440490380149 28.036791218280353
    endloop
  endfacet
  facet normal -8.57182018755319e-17 -0.33027906195516227 0.9438833303083692
    outer loop
      vertex -7.699999999999999 3.761440490380153 28.036791218280353
      vertex 7.699999999999999 3.761440490380149 28.036791218280353
      vertex 7.597368755821046 3.916455781207758 28.091033414534124
    endloop
  endfacet
  facet normal 0 -0.39989202431974347 0.9165622558699751
    outer loop
      vertex -7.115646321477812 4.5 28.34563115455498
      vertex 7.597368755821046 3.916455781207758 28.091033414534124
      vertex 7.115646321477812 4.5 28.34563115455498
    endloop
  endfacet
  facet normal 0 -0.0373911942763261 0.9993007047883986
    outer loop
      vertex -15.382391794976828 0.8011066032464665 27.379975294217743
      vertex 15.414294328888532 0 27.349999999999994
      vertex 15.382391794976828 0.8011066032464665 27.379975294217743
    endloop
  endfacet
  facet normal 0 -0.1119644761033109 0.9937122098932423
    outer loop
      vertex -8.619992419149273 1.5 27.458721667906737
      vertex 15.366739191359239 1.1515779032676545 27.41946392594174
      vertex 8.619992419149273 1.5 27.458721667906737
    endloop
  endfacet
  facet normal 1.5957389924500895e-16 -0.11196447610329908 0.9937122098932437
    outer loop
      vertex -10.75840404225986 1.5 27.458721667906737
      vertex 15.382391794976828 0.8011066032464665 27.379975294217743
      vertex 15.366739191359239 1.1515779032676545 27.41946392594174
    endloop
  endfacet
  facet normal 0 -0.39989202431973075 0.9165622558699806
    outer loop
      vertex -7.115646321477812 4.5 28.34563115455498
      vertex 7.115646321477812 4.5 28.34563115455498
      vertex 14.667657710956725 4.524373214279267 28.356265079239193
    endloop
  endfacet
  facet normal 0 -0.4672686282730603 0.8841153935046107
    outer loop
      vertex -14.34599343713065 5.36 28.78620767143081
      vertex 14.619499778404453 4.651233683340225 28.41161373608606
      vertex 14.34599343713065 5.36 28.78620767143081
    endloop
  endfacet
  facet normal -4.593762556231585e-17 -0.5320320765153395 0.8467241992282822
    outer loop
      vertex -14.040478145873793 6.038791022442028 29.212720339332527
      vertex 14.34599343713065 5.36 28.78620767143081
      vertex 14.253994736624215 5.594280691636433 28.933415986691415
    endloop
  endfacet
  facet normal 0 -0.5320320765153376 0.8467241992282836
    outer loop
      vertex -14.040478145873793 6.038791022442028 29.212720339332527
      vertex 14.253994736624215 5.594280691636433 28.933415986691415
      vertex 14.040478145873793 6.038791022442028 29.212720339332527
    endloop
  endfacet
  facet normal -4.639265754655684e-17 -0.5938201855735004 0.8045977797666694
    outer loop
      vertex -13.754878288689019 6.624000268619366 29.64462441849259
      vertex 14.040478145873793 6.038791022442028 29.212720339332527
      vertex 13.754878288689019 6.624000268619369 29.644624418492594
    endloop
  endfacet
  facet normal 0 -0.5938201855734873 0.8045977797666789
    outer loop
      vertex -13.720059727656999 6.683810675925622 29.68876650794271
      vertex 13.754878288689019 6.624000268619369 29.644624418492594
      vertex 13.720059727657 6.683810675925622 29.68876650794271
    endloop
  endfacet
  facet normal 0 -0.7071067811865465 0.7071067811865486
    outer loop
      vertex -13.360911253329938 7.291451748904254 30.21168393398425
      vertex 13.360911253329936 7.291451748904254 30.21168393398425
      vertex 13.172368129527271 7.605070285447418 30.525302470527414
    endloop
  endfacet
  facet normal 0 -0.6522874112781218 0.7579717231454525
    outer loop
      vertex -13.360911253329938 7.291451748904254 30.21168393398425
      vertex 13.720059727657 6.683810675925622 29.68876650794271
      vertex 13.360911253329936 7.291451748904254 30.21168393398425
    endloop
  endfacet
  facet normal 7.408222693812332e-18 -0.39989202431973697 0.916562255869978
    outer loop
      vertex -9.614151519592934 4.5 28.34563115455498
      vertex 14.667657710956725 4.524373214279267 28.356265079239193
      vertex 14.619499778404453 4.651233683340225 28.41161373608606
    endloop
  endfacet
  facet normal 0 -0.8841153935046089 0.46726862827306365
    outer loop
      vertex -11.864605942580186 9.283792328569183 32.709999999999994
      vertex 11.864605942580186 9.283792328569183 32.709999999999994
      vertex 11.772046786792538 9.387894045145657 32.90697006078852
    endloop
  endfacet
  facet normal 0 -0.8841153935046103 0.46726862827306076
    outer loop
      vertex -11.495887110517627 9.658386263913933 33.41876631665977
      vertex 11.772046786792538 9.387894045145657 32.90697006078852
      vertex 11.495887110517627 9.658386263913933 33.41876631665977
    endloop
  endfacet
  facet normal 0 -0.9165622558699751 0.39989202431974313
    outer loop
      vertex -11.157722145016196 9.97896658546587 34.153544218792234
      vertex 11.495887110517627 9.658386263913933 33.41876631665977
      vertex 11.157722145016194 9.97896658546587 34.153544218792234
    endloop
  endfacet
  facet normal -4.594576768505381e-17 -0.9438833303083686 0.3302790619551639
    outer loop
      vertex -10.953928806012028 10.16376061728759 34.68165522027217
      vertex 11.157722145016194 9.97896658546587 34.153544218792234
      vertex 10.953928806012032 10.163760617287586 34.68165522027216
    endloop
  endfacet
  facet normal -4.594576768505128e-17 -0.9438833303083664 0.33027906195517054
    outer loop
      vertex -10.953928806012028 10.16376061728759 34.68165522027217
      vertex 10.953928806012032 10.163760617287586 34.68165522027216
      vertex 10.853180624341917 10.243740478027428 34.9102245303151
    endloop
  endfacet
  facet normal 0 -0.9659258262890679 0.2588190451025226
    outer loop
      vertex -10.575334607307632 10.451227218589151 35.684575587988306
      vertex 10.853180624341917 10.243740478027428 34.9102245303151
      vertex 10.57533460730763 10.451227218589151 35.684575587988306
    endloop
  endfacet
  facet normal 0 -0.7071067811865489 0.7071067811865464
    outer loop
      vertex -12.99402700567401 7.858316066015742 30.77854825109574
      vertex 13.172368129527271 7.605070285447418 30.525302470527414
      vertex 12.99402700567401 7.858316066015742 30.77854825109574
    endloop
  endfacet
  facet normal 0 -0.7579717231454544 0.6522874112781195
    outer loop
      vertex -12.619348492574941 8.381233492057282 31.386189324074373
      vertex 12.99402700567401 7.858316066015742 30.77854825109574
      vertex 12.619348492574941 8.381233492057282 31.386189324074373
    endloop
  endfacet
  facet normal 0 -0.8045977797666691 0.5938201855735006
    outer loop
      vertex -12.619348492574941 8.381233492057282 31.386189324074373
      vertex 12.619348492574941 8.381233492057282 31.386189324074373
      vertex 12.510788342959845 8.52971106519685 31.587369291673255
    endloop
  endfacet
  facet normal 0 -0.8045977797666686 0.5938201855735014
    outer loop
      vertex -12.233589917194786 8.857279660667466 32.03120897755797
      vertex 12.510788342959845 8.52971106519685 31.587369291673255
      vertex 12.233589917194784 8.857279660667466 32.03120897755797
    endloop
  endfacet
  facet normal 0 -0.8467241992282842 0.5320320765153367
    outer loop
      vertex -11.864605942580186 9.283792328569183 32.709999999999994
      vertex 12.233589917194784 8.857279660667466 32.03120897755797
      vertex 11.864605942580186 9.283792328569183 32.709999999999994
    endloop
  endfacet
  facet normal 0 -0.9825664732332885 0.1859116071629132
    outer loop
      vertex -10.354723966217426 10.60026645713338 36.47226690659141
      vertex 10.57533460730763 10.451227218589151 35.684575587988306
      vertex 10.354723966217424 10.60026645713338 36.47226690659141
    endloop
  endfacet
  facet normal 0 -0.9937122098932427 0.11196447610330679
    outer loop
      vertex -10.192582445264252 10.690024705782252 37.268893396753526
      vertex 10.354723966217424 10.60026645713338 36.47226690659141
      vertex 10.19258244526425 10.690024705782252 37.268893396753526
    endloop
  endfacet
  facet normal 0 -0.9993007047883984 0.037391194276326076
    outer loop
      vertex -10.089816805603984 10.72 38.06999999999999
      vertex 10.19258244526425 10.690024705782252 37.268893396753526
      vertex 10.08981680560398 10.72 38.06999999999999
    endloop
  endfacet
  facet normal 0 -0.9937122098932425 -0.11196447610330795
    outer loop
      vertex -10.048609065457816 10.600266457133378 39.667733093408586
      vertex 10.04321877485019 10.690024705782252 38.87110660324646
      vertex 10.048609065457816 10.600266457133378 39.667733093408586
    endloop
  endfacet
  facet normal -5.147107879236377e-16 -0.9825664732332857 -0.18591160716292773
    outer loop
      vertex -10.03501913109706 10.45122721858915 40.45542441201168
      vertex 10.048609065457816 10.600266457133378 39.667733093408586
      vertex 10.052619695854995 10.591156987408525 39.71587779871862
    endloop
  endfacet
  facet normal -8.822250823194654e-17 -0.9993007047883985 -0.037391194276327235
    outer loop
      vertex -10.06044079420976 10.699433527245759 38.61965055586198
      vertex 10.08981680560398 10.72 38.06999999999999
      vertex 10.06044079420976 10.699433527245757 38.61965055586198
    endloop
  endfacet
  facet normal 0 -0.9993007047883986 -0.03739119427632358
    outer loop
      vertex -10.043218774850192 10.690024705782252 38.87110660324646
      vertex 10.06044079420976 10.699433527245757 38.61965055586198
      vertex 10.04321877485019 10.690024705782252 38.87110660324646
    endloop
  endfacet
  facet normal -2.9195241071875225e-17 -0.8841153935046079 -0.4672686282730657
    outer loop
      vertex -10.046664191791768 9.32194207722099 43.357817152702815
      vertex 10.039096044045435 9.658386263913934 42.721233683340216
      vertex 10.057972918177809 9.5506386012825 42.92510221074095
    endloop
  endfacet
  facet normal 0 -0.8841153935046085 -0.46726862827306453
    outer loop
      vertex -10.046664191791768 9.32194207722099 43.357817152702815
      vertex 10.057972918177809 9.5506386012825 42.92510221074095
      vertex 10.046664191791772 9.32194207722099 43.357817152702815
    endloop
  endfacet
  facet normal 0 -0.8841153935046164 -0.4672686282730493
    outer loop
      vertex -10.042145199529683 9.283792328569183 43.42999999999999
      vertex 10.046664191791772 9.32194207722099 43.357817152702815
      vertex 10.042145199529687 9.283792328569183 43.42999999999999
    endloop
  endfacet
  facet normal 0 -0.8467241992282848 -0.5320320765153355
    outer loop
      vertex -10.052669891077771 9 43.88165290357816
      vertex 10.042145199529687 9.283792328569183 43.42999999999999
      vertex 10.052669891077775 9 43.88165290357816
    endloop
  endfacet
  facet normal 0 -0.9825664732332883 -0.185911607162914
    outer loop
      vertex -10.03501913109706 10.45122721858915 40.45542441201168
      vertex 10.052619695854995 10.591156987408525 39.71587779871862
      vertex 10.03501913109706 10.45122721858915 40.45542441201168
    endloop
  endfacet
  facet normal 0 -0.9659258262890684 -0.25881904510252013
    outer loop
      vertex -10.03501913109706 10.45122721858915 40.45542441201168
      vertex 10.03501913109706 10.45122721858915 40.45542441201168
      vertex 10.054109424114957 10.358121247850903 40.80290062529484
    endloop
  endfacet
  facet normal 0 -0.9659258262890682 -0.25881904510252085
    outer loop
      vertex -10.054109424114957 10.358121247850903 40.80290062529484
      vertex 10.054109424114957 10.358121247850903 40.80290062529484
      vertex 10.030797745083465 10.243740478027428 41.22977546968489
    endloop
  endfacet
  facet normal -4.601259691349899e-18 -0.9438833303083669 -0.33027906195516876
    outer loop
      vertex -10.038821619469145 9.97896658546587 41.986455781207745
      vertex 10.030797745083465 10.243740478027428 41.22977546968489
      vertex 10.048438554312542 10.018092632468957 41.87463996300705
    endloop
  endfacet
  facet normal 0 -0.9438833303083674 -0.33027906195516804
    outer loop
      vertex -10.038821619469145 9.97896658546587 41.986455781207745
      vertex 10.048438554312542 10.018092632468957 41.87463996300705
      vertex 10.038821619469147 9.97896658546587 41.986455781207745
    endloop
  endfacet
  facet normal 0 -0.9165622558699775 -0.3998920243197381
    outer loop
      vertex -10.039096044045431 9.658386263913934 42.721233683340216
      vertex 10.038821619469147 9.97896658546587 41.986455781207745
      vertex 10.039096044045435 9.658386263913934 42.721233683340216
    endloop
  endfacet
  facet normal 0 -0.1119644761033109 0.9937122098932423
    outer loop
      vertex 8.619992419149273 1.5 27.458721667906737
      vertex 15.366739191359239 1.1515779032676545 27.41946392594174
      vertex 10.758404042259858 1.5 27.458721667906737
    endloop
  endfacet
  facet normal 0 -0.25881904510252446 0.9659258262890672
    outer loop
      vertex 10.57242127423994 2.385424412011686 27.61877278141084
      vertex 15.207895894740373 2.385424412011686 27.61877278141084
      vertex 10.412279691040847 2.899749439659172 27.7565857572161
    endloop
  endfacet
  facet normal 6.895735200225586e-19 -0.25881904510252796 0.9659258262890663
    outer loop
      vertex 10.412279691040847 2.899749439659172 27.7565857572161
      vertex 15.04781336196842 3.1597754696848974 27.826259521972567
      vertex 10.317875092152219 3.1597754696848974 27.826259521972567
    endloop
  endfacet
  facet normal -5.821482571018063e-16 -0.3302790619551654 0.9438833303083681
    outer loop
      vertex 10.317875092152219 3.1597754696848974 27.826259521972567
      vertex 14.992223950908203 3.421877283390502 27.91797291322311
      vertex 9.959119207339274 3.916455781207758 28.091033414534124
    endloop
  endfacet
  facet normal 0 -0.3998920243197307 0.9165622558699806
    outer loop
      vertex 7.115646321477812 4.5 28.34563115455498
      vertex 9.614151519592935 4.5 28.34563115455498
      vertex 14.667657710956725 4.524373214279267 28.356265079239193
    endloop
  endfacet
  facet normal -1.1551816592813519e-18 -0.3998920243197434 0.9165622558699751
    outer loop
      vertex 9.614151519592935 4.5 28.34563115455498
      vertex 9.959119207339274 3.916455781207758 28.091033414534124
      vertex 14.848190787465715 3.916455781207758 28.091033414534124
    endloop
  endfacet
  facet normal 0 -0.1119644761032998 0.9937122098932435
    outer loop
      vertex 10.74560801140891 1.5977330934085872 27.469733542866614
      vertex 10.758404042259858 1.5 27.458721667906737
      vertex 15.313219349477286 1.5977330934085872 27.469733542866614
    endloop
  endfacet
  facet normal 0 -0.18591160716291172 0.9825664732332888
    outer loop
      vertex 10.74560801140891 1.5977330934085872 27.469733542866614
      vertex 15.313219349477286 1.5977330934085872 27.469733542866614
      vertex 10.57242127423994 2.385424412011686 27.61877278141084
    endloop
  endfacet
  facet normal 1.877295732902995e-16 -0.11196447610330845 0.9937122098932425
    outer loop
      vertex 10.758404042259858 1.5 27.458721667906737
      vertex 15.366739191359239 1.1515779032676545 27.41946392594174
      vertex 15.313219349477286 1.5977330934085872 27.469733542866614
    endloop
  endfacet
  facet normal -1.341551182303199e-16 -0.2588190451025256 0.9659258262890669
    outer loop
      vertex 10.412279691040847 2.899749439659172 27.7565857572161
      vertex 15.207895894740373 2.385424412011686 27.61877278141084
      vertex 15.04781336196842 3.1597754696848974 27.826259521972567
    endloop
  endfacet
  facet normal -4.3134010005831413e-16 -0.18591160716291422 0.9825664732332883
    outer loop
      vertex 10.57242127423994 2.385424412011686 27.61877278141084
      vertex 15.313219349477286 1.5977330934085872 27.469733542866614
      vertex 15.226129957786428 2.2949698308502784 27.601657851258963
    endloop
  endfacet
  facet normal 0 -0.1859116071628928 0.9825664732332924
    outer loop
      vertex 10.57242127423994 2.385424412011686 27.61877278141084
      vertex 15.226129957786428 2.2949698308502784 27.601657851258963
      vertex 15.207895894740373 2.385424412011686 27.61877278141084
    endloop
  endfacet
  facet normal 0 -0.3302790619551746 0.9438833303083649
    outer loop
      vertex 10.317875092152219 3.1597754696848974 27.826259521972567
      vertex 15.04781336196842 3.1597754696848974 27.826259521972567
      vertex 14.992223950908203 3.421877283390502 27.91797291322311
    endloop
  endfacet
  facet normal 0 -0.33027906195516016 0.94388333030837
    outer loop
      vertex 9.959119207339274 3.916455781207758 28.091033414534124
      vertex 14.992223950908203 3.421877283390502 27.91797291322311
      vertex 14.848190787465715 3.916455781207758 28.091033414534124
    endloop
  endfacet
  facet normal 7.006619239424945e-17 -0.3998920243197429 0.9165622558699754
    outer loop
      vertex 9.614151519592935 4.5 28.34563115455498
      vertex 14.848190787465715 3.916455781207758 28.091033414534124
      vertex 14.667657710956725 4.524373214279267 28.356265079239193
    endloop
  endfacet
  facet normal 0 1 0
    outer loop
      vertex -10.052669891077773 -9 43.88165290357816
      vertex -10.01812640002327 -9 43.948412757500186
      vertex 10 -9 43.97696266995877
    endloop
  endfacet
  facet normal 0 1 0
    outer loop
      vertex -10.01812640002327 -9 43.948412757500186
      vertex -10 -9 43.97696266995877
      vertex 10 -9 43.97696266995877
    endloop
  endfacet
  facet normal 0 1 0
    outer loop
      vertex -10 -9 43.97696266995877
      vertex -10 -9 44.769999999999996
      vertex 10 -9 44.769999999999996
    endloop
  endfacet
  facet normal 0 -1 0
    outer loop
      vertex -10.052669891077771 9 43.88165290357816
      vertex 10.052669891077775 9 43.88165290357816
      vertex -10.018126400023268 9 43.948412757500186
    endloop
  endfacet
  facet normal 0 -1 0
    outer loop
      vertex -10.018126400023268 9 43.948412757500186
      vertex 10.052669891077775 9 43.88165290357816
      vertex -10 9 43.97696266995877
    endloop
  endfacet
  facet normal 0 -1 0
    outer loop
      vertex -10 9 43.97696266995877
      vertex 10 9 43.97696266995877
      vertex -10 9 44.769999999999996
    endloop
  endfacet
  facet normal 0 1 0
    outer loop
      vertex -10.052669891077773 -9 43.88165290357816
      vertex 10.01812640002327 -9 43.948412757500186
      vertex 10.052669891077773 -9 43.88165290357816
    endloop
  endfacet
  facet normal 0 1 0
    outer loop
      vertex -10.052669891077773 -9 43.88165290357816
      vertex 10 -9 43.97696266995877
      vertex 10.01812640002327 -9 43.948412757500186
    endloop
  endfacet
  facet normal 0 1 0
    outer loop
      vertex -10 -9 43.97696266995877
      vertex 10 -9 44.769999999999996
      vertex 10 -9 43.97696266995877
    endloop
  endfacet
  facet normal 0 -1 0
    outer loop
      vertex -10 9 43.97696266995877
      vertex 10.01812640002327 9 43.948412757500186
      vertex 10 9 43.97696266995877
    endloop
  endfacet
  facet normal 0 -1 0
    outer loop
      vertex -10 9 43.97696266995877
      vertex 10.052669891077775 9 43.88165290357816
      vertex 10.01812640002327 9 43.948412757500186
    endloop
  endfacet
  facet normal 0 -1 0
    outer loop
      vertex 10 9 43.97696266995877
      vertex 10 9 44.769999999999996
      vertex -10 9 44.769999999999996
    endloop
  endfacet
  facet normal 0 0 -1
    outer loop
      vertex -10.026779851161395 -10.806298650556855 8
      vertex -9.648532761515364 -10.5 8
      vertex -9.648532761515364 -11.131806591545502 8
    endloop
  endfacet
  facet normal 0 0 -1
    outer loop
      vertex -10.026779851161395 -10.806298650556855 8
      vertex -10 -10.5 8
      vertex -9.648532761515364 -10.5 8
    endloop
  endfacet
  facet normal 0 0 -1
    outer loop
      vertex -14.739200494141052 -10 8
      vertex -14.739200494141052 -4.5 8
      vertex -13.865306649304376 -4.5 8
    endloop
  endfacet
  facet normal 0 0 -1
    outer loop
      vertex -14.739200494141052 -1.5 8
      vertex -14.739200494141052 -0.061983570967536226 8
      vertex -13.865306649304376 1.5 8
    endloop
  endfacet
  facet normal 0 0 -1
    outer loop
      vertex -13.865306649304376 -1.5 8
      vertex -14.739200494141052 -1.5 8
      vertex -13.865306649304376 1.5 8
    endloop
  endfacet
  facet normal 0 0 -1
    outer loop
      vertex -14.739200494141052 -10 8
      vertex -13.865306649304376 -4.5 8
      vertex -10 10.5 8
    endloop
  endfacet
  facet normal 0 0 -1
    outer loop
      vertex -14.739200494141052 -10 8
      vertex -10 10.5 8
      vertex -10.829344575958915 -10 8
    endloop
  endfacet
  facet normal 0 0 -1
    outer loop
      vertex -10.026779851161395 -10.806298650556855 8
      vertex -10.806298650556856 -10.026779851161395 8
      vertex -10 10.5 8
    endloop
  endfacet
  facet normal 0 0 -1
    outer loop
      vertex -10.829344575958915 -10 8
      vertex -10 10.5 8
      vertex -10.806298650556856 -10.026779851161395 8
    endloop
  endfacet
  facet normal 0 0 -1
    outer loop
      vertex -10 -10.5 8
      vertex -10.026779851161395 -10.806298650556855 8
      vertex -10 10.5 8
    endloop
  endfacet
  facet normal 0 0 1
    outer loop
      vertex -10 -9 44.769999999999996
      vertex -10 -13.074108465796861 44.769999999999996
      vertex -4.5 -12.1698819703597 44.769999999999996
    endloop
  endfacet
  facet normal 0 0 1
    outer loop
      vertex -10 -13.074108465796861 44.769999999999996
      vertex -4.5 -13.074108465796861 44.769999999999996
      vertex -4.5 -12.1698819703597 44.769999999999996
    endloop
  endfacet
  facet normal 0 0 1
    outer loop
      vertex -1.5 -12.1698819703597 44.769999999999996
      vertex -1.5 -13.074108465796861 44.769999999999996
      vertex -0.09891484493210938 -13.074108465796863 44.769999999999996
    endloop
  endfacet
  facet normal 0 0 1
    outer loop
      vertex -1.5 -12.1698819703597 44.769999999999996
      vertex -0.09891484493210938 -13.074108465796863 44.769999999999996
      vertex 1.5 -12.1698819703597 44.769999999999996
    endloop
  endfacet
  facet normal 0 0 1
    outer loop
      vertex -10 -9 44.769999999999996
      vertex -4.5 -12.1698819703597 44.769999999999996
      vertex 10 -9 44.769999999999996
    endloop
  endfacet
  facet normal 0 0 -1
    outer loop
      vertex -14.739200494141052 -0.061983570967536226 8
      vertex -14.741519755733565 0 8
      vertex -13.865306649304376 1.5 8
    endloop
  endfacet
  facet normal 0 0 -1
    outer loop
      vertex -14.741519755733565 0 8
      vertex -14.739200494141052 0.06198357096753581 8
      vertex -13.865306649304376 1.5 8
    endloop
  endfacet
  facet normal 0 0 -1
    outer loop
      vertex -14.739200494141052 1.5 8
      vertex -13.865306649304376 1.5 8
      vertex -14.739200494141052 0.06198357096753581 8
    endloop
  endfacet
  facet normal 0 0 -1
    outer loop
      vertex -13.865306649304376 -4.5 8
      vertex -13.865306649304376 -1.5 8
      vertex -10 10.5 8
    endloop
  endfacet
  facet normal 0 0 -1
    outer loop
      vertex -13.865306649304376 -1.5 8
      vertex -13.865306649304376 1.5 8
      vertex -10 10.5 8
    endloop
  endfacet
  facet normal 0 0 -1
    outer loop
      vertex -13.865306649304376 4.5 8
      vertex -14.739200494141052 4.5 8
      vertex -14.739200494141052 10 8
    endloop
  endfacet
  facet normal 0 0 -1
    outer loop
      vertex -13.865306649304376 1.5 8
      vertex -13.865306649304376 4.5 8
      vertex -10 10.5 8
    endloop
  endfacet
  facet normal 0 0 -1
    outer loop
      vertex -13.865306649304376 4.5 8
      vertex -14.739200494141052 10 8
      vertex -10.829344575958915 10 8
    endloop
  endfacet
  facet normal 0 0 -1
    outer loop
      vertex -13.865306649304376 4.5 8
      vertex -10.829344575958915 10 8
      vertex -10 10.5 8
    endloop
  endfacet
  facet normal 0 0 -1
    outer loop
      vertex -10 10.5 8
      vertex -10.829344575958915 10 8
      vertex -10.806298650556856 10.026779851161395 8
    endloop
  endfacet
  facet normal 0 0 -1
    outer loop
      vertex -10 10.5 8
      vertex -10.806298650556856 10.026779851161395 8
      vertex -10.026779851161395 10.806298650556855 8
    endloop
  endfacet
  facet normal 0 0 -1
    outer loop
      vertex -10 10.5 8
      vertex -10.026779851161395 10.806298650556855 8
      vertex -9.648532761515364 10.5 8
    endloop
  endfacet
  facet normal 0 0 -1
    outer loop
      vertex -9.648532761515364 10.5 8
      vertex -10.026779851161395 10.806298650556855 8
      vertex -9.648532761515364 11.131806591545502 8
    endloop
  endfacet
  facet normal 0 0 1
    outer loop
      vertex -4.5 12.1698819703597 44.769999999999996
      vertex -10 13.074108465796861 44.769999999999996
      vertex -10 9 44.769999999999996
    endloop
  endfacet
  facet normal 0 0 1
    outer loop
      vertex -4.5 12.1698819703597 44.769999999999996
      vertex -10 9 44.769999999999996
      vertex -1.5 12.1698819703597 44.769999999999996
    endloop
  endfacet
  facet normal 0 0 1
    outer loop
      vertex -10 13.074108465796861 44.769999999999996
      vertex -4.5 12.1698819703597 44.769999999999996
      vertex -4.5 13.074108465796861 44.769999999999996
    endloop
  endfacet
  facet normal 0 0 1
    outer loop
      vertex -10 9 44.769999999999996
      vertex 1.5 12.1698819703597 44.769999999999996
      vertex -1.5 12.1698819703597 44.769999999999996
    endloop
  endfacet
  facet normal 0 0 1
    outer loop
      vertex -10 9 44.769999999999996
      vertex 4.5 12.1698819703597 44.769999999999996
      vertex 1.5 12.1698819703597 44.769999999999996
    endloop
  endfacet
  facet normal 0 0 1
    outer loop
      vertex -1.5 12.1698819703597 44.769999999999996
      vertex -0.09891484493207339 13.074108465796863 44.769999999999996
      vertex -1.5 13.074108465796861 44.769999999999996
    endloop
  endfacet
  facet normal 0 0 1
    outer loop
      vertex -1.5 12.1698819703597 44.769999999999996
      vertex 0 13.077809598164674 44.769999999999996
      vertex -0.09891484493207339 13.074108465796863 44.769999999999996
    endloop
  endfacet
  facet normal 0 0 1
    outer loop
      vertex -1.5 12.1698819703597 44.769999999999996
      vertex 0.09891484493207899 13.074108465796863 44.769999999999996
      vertex 0 13.077809598164674 44.769999999999996
    endloop
  endfacet
  facet normal 0 0 -1
    outer loop
      vertex 9.648532761515364 -11.131806591545502 8
      vertex 9.648532761515364 -10.5 8
      vertex 10.026779851161393 -10.806298650556855 8
    endloop
  endfacet
  facet normal 0 0 -1
    outer loop
      vertex 10.026779851161393 -10.806298650556855 8
      vertex 9.648532761515364 -10.5 8
      vertex 10 -10.5 8
    endloop
  endfacet
  facet normal 0 0 -1
    outer loop
      vertex 10.026779851161393 -10.806298650556855 8
      vertex 10 -10.5 8
      vertex 10.806298650556856 -10.026779851161393 8
    endloop
  endfacet
  facet normal 0 0 -1
    outer loop
      vertex 10 -10.5 8
      vertex 10.829344575958913 -10 8
      vertex 10.806298650556856 -10.026779851161393 8
    endloop
  endfacet
  facet normal 0 0 -1
    outer loop
      vertex 10 -10.5 8
      vertex 13.865306649304378 -4.5 8
      vertex 10.829344575958913 -10 8
    endloop
  endfacet
  facet normal 0 0 -1
    outer loop
      vertex 10.829344575958913 -10 8
      vertex 13.865306649304378 -4.5 8
      vertex 14.739200494141052 -10 8
    endloop
  endfacet
  facet normal 0 0 -1
    outer loop
      vertex 10 -10.5 8
      vertex 13.865306649304378 -1.5 8
      vertex 13.865306649304378 -4.5 8
    endloop
  endfacet
  facet normal 0 0 -1
    outer loop
      vertex 14.739200494141052 -10 8
      vertex 13.865306649304378 -4.5 8
      vertex 14.739200494141052 -4.5 8
    endloop
  endfacet
  facet normal 0 0 -1
    outer loop
      vertex 13.865306649304378 -1.5 8
      vertex 10 -10.5 8
      vertex 13.865306649304378 1.5 8
    endloop
  endfacet
  facet normal 0 0 -1
    outer loop
      vertex 10 -10.5 8
      vertex 13.865306649304378 4.5 8
      vertex 13.865306649304378 1.5 8
    endloop
  endfacet
  facet normal 0 0 -1
    outer loop
      vertex 13.865306649304378 -1.5 8
      vertex 14.739200494141052 -0.06198357096753744 8
      vertex 14.739200494141052 -1.5 8
    endloop
  endfacet
  facet normal 0 0 -1
    outer loop
      vertex 13.865306649304378 -1.5 8
      vertex 14.741519755733567 0 8
      vertex 14.739200494141052 -0.06198357096753744 8
    endloop
  endfacet
  facet normal 0 0 -1
    outer loop
      vertex 13.865306649304378 -1.5 8
      vertex 14.739200494141052 0.06198357096753586 8
      vertex 14.741519755733567 0 8
    endloop
  endfacet
  facet normal 0 0 1
    outer loop
      vertex -0.09891484493210938 -13.074108465796863 44.769999999999996
      vertex 0 -13.077809598164674 44.769999999999996
      vertex 1.5 -12.1698819703597 44.769999999999996
    endloop
  endfacet
  facet normal 0 0 1
    outer loop
      vertex 0 -13.077809598164674 44.769999999999996
      vertex 0.09891484493210623 -13.074108465796863 44.769999999999996
      vertex 1.5 -12.1698819703597 44.769999999999996
    endloop
  endfacet
  facet normal 0 0 1
    outer loop
      vertex 0.09891484493210623 -13.074108465796863 44.769999999999996
      vertex 1.5 -13.074108465796861 44.769999999999996
      vertex 1.5 -12.1698819703597 44.769999999999996
    endloop
  endfacet
  facet normal 0 0 1
    outer loop
      vertex -4.5 -12.1698819703597 44.769999999999996
      vertex -1.5 -12.1698819703597 44.769999999999996
      vertex 10 -9 44.769999999999996
    endloop
  endfacet
  facet normal 0 0 1
    outer loop
      vertex -1.5 -12.1698819703597 44.769999999999996
      vertex 1.5 -12.1698819703597 44.769999999999996
      vertex 10 -9 44.769999999999996
    endloop
  endfacet
  facet normal 0 0 1
    outer loop
      vertex 4.5 -12.1698819703597 44.769999999999996
      vertex 4.5 -13.074108465796861 44.769999999999996
      vertex 10 -13.074108465796861 44.769999999999996
    endloop
  endfacet
  facet normal 0 0 1
    outer loop
      vertex 1.5 -12.1698819703597 44.769999999999996
      vertex 4.5 -12.1698819703597 44.769999999999996
      vertex 10 -9 44.769999999999996
    endloop
  endfacet
  facet normal 0 0 1
    outer loop
      vertex 4.5 -12.1698819703597 44.769999999999996
      vertex 10 -13.074108465796861 44.769999999999996
      vertex 10 -9 44.769999999999996
    endloop
  endfacet
  facet normal 0 0 -1
    outer loop
      vertex 10 -10.5 8
      vertex 10 10.5 8
      vertex 10.02677985116139 10.806298650556858 8
    endloop
  endfacet
  facet normal 0 0 -1
    outer loop
      vertex 10 -10.5 8
      vertex 10.806298650556858 10.02677985116139 8
      vertex 10.829344575958912 10 8
    endloop
  endfacet
  facet normal 0 0 -1
    outer loop
      vertex 10 -10.5 8
      vertex 10.02677985116139 10.806298650556858 8
      vertex 10.806298650556858 10.02677985116139 8
    endloop
  endfacet
  facet normal 0 0 -1
    outer loop
      vertex 10 -10.5 8
      vertex 10.829344575958912 10 8
      vertex 14.739200494141052 10 8
    endloop
  endfacet
  facet normal 0 0 -1
    outer loop
      vertex 10 -10.5 8
      vertex 14.739200494141052 10 8
      vertex 13.865306649304378 4.5 8
    endloop
  endfacet
  facet normal 0 0 -1
    outer loop
      vertex 13.865306649304378 -1.5 8
      vertex 13.865306649304378 1.5 8
      vertex 14.739200494141052 1.5 8
    endloop
  endfacet
  facet normal 0 0 -1
    outer loop
      vertex 13.865306649304378 -1.5 8
      vertex 14.739200494141052 1.5 8
      vertex 14.739200494141052 0.06198357096753586 8
    endloop
  endfacet
  facet normal 0 0 -1
    outer loop
      vertex 13.865306649304378 4.5 8
      vertex 14.739200494141052 10 8
      vertex 14.739200494141052 4.5 8
    endloop
  endfacet
  facet normal 0 0 -1
    outer loop
      vertex 10 10.5 8
      vertex 9.648532761515364 10.5 8
      vertex 9.648532761515364 11.131806591545502 8
    endloop
  endfacet
  facet normal 0 0 -1
    outer loop
      vertex 10 10.5 8
      vertex 9.648532761515364 11.131806591545502 8
      vertex 10.02677985116139 10.806298650556858 8
    endloop
  endfacet
  facet normal 0 0 1
    outer loop
      vertex 4.5 12.1698819703597 44.769999999999996
      vertex -10 9 44.769999999999996
      vertex 10 9 44.769999999999996
    endloop
  endfacet
  facet normal 0 0 1
    outer loop
      vertex -1.5 12.1698819703597 44.769999999999996
      vertex 1.5 12.1698819703597 44.769999999999996
      vertex 0.09891484493207899 13.074108465796863 44.769999999999996
    endloop
  endfacet
  facet normal 0 0 1
    outer loop
      vertex 0.09891484493207899 13.074108465796863 44.769999999999996
      vertex 1.5 12.1698819703597 44.769999999999996
      vertex 1.5 13.074108465796861 44.769999999999996
    endloop
  endfacet
  facet normal 0 0 1
    outer loop
      vertex 4.5 12.1698819703597 44.769999999999996
      vertex 10 13.074108465796861 44.769999999999996
      vertex 4.5 13.074108465796861 44.769999999999996
    endloop
  endfacet
  facet normal 0 0 1
    outer loop
      vertex 4.5 12.1698819703597 44.769999999999996
      vertex 10 9 44.769999999999996
      vertex 10 13.074108465796861 44.769999999999996
    endloop
  endfacet
endsolid OpenSCAD_Model
