solid OpenSCAD_Model
  facet normal 0.7071067811865476 -0.7071067811865476 4.2326428487252737e-19
    outer loop
      vertex -8.872012388286068 -10.99333273184571 33.737098936159704
      vertex -8.65834468733436 -10.779665030894002 35.998312500151165
      vertex -9.073198454935792 -11.194518798495434 34.79894227084217
    endloop
  endfacet
  facet normal 0.7071067811865475 -0.7071067811865475 7.405855872339017e-18
    outer loop
      vertex -9.073198454935792 -11.194518798495434 34.79894227084217
      vertex -8.65834468733436 -10.779665030894002 35.998312500151165
      vertex -8.740640812464019 -10.86196115602366 37.0312516991487
    endloop
  endfacet
  facet normal 0.7071067811865476 -0.7071067811865476 7.578698937129398e-18
    outer loop
      vertex -9.073198454935792 -11.194518798495434 34.79894227084217
      vertex -8.740640812464019 -10.86196115602366 37.0312516991487
      vertex -8.76812408671319 -10.889444430272832 38.06999999999999
    endloop
  endfacet
  facet normal 0.7071067811865475 -0.7071067811865475 -9.24885550861367e-19
    outer loop
      vertex -9.217711873470428 -11.33903221703007 35.879078687210225
      vertex -9.073198454935792 -11.194518798495434 41.34105772915782
      vertex -9.30474446623345 -11.426064809793091 36.97146762427956
    endloop
  endfacet
  facet normal 0.7071067811865475 -0.7071067811865475 -4.970990651721303e-19
    outer loop
      vertex -9.073198454935792 -11.194518798495434 34.79894227084217
      vertex -8.872012388286068 -10.99333273184571 42.40290106384028
      vertex -9.217711873470428 -11.33903221703007 35.879078687210225
    endloop
  endfacet
  facet normal 0.7071067811865475 -0.7071067811865476 1.470542464496733e-20
    outer loop
      vertex -9.30474446623345 -11.426064809793091 36.97146762427956
      vertex -9.217711873470428 -11.33903221703007 40.26092131278976
      vertex -9.333809511662428 -11.45512985522207 38.06999999999999
    endloop
  endfacet
  facet normal 0.7071067811865475 -0.7071067811865475 -1.8673504057333136e-18
    outer loop
      vertex -9.333809511662428 -11.45512985522207 38.06999999999999
      vertex -9.217711873470428 -11.33903221703007 40.26092131278976
      vertex -9.30474446623345 -11.426064809793091 39.168532375720424
    endloop
  endfacet
  facet normal 0.7071067811865475 -0.7071067811865475 -7.735722479059334e-19
    outer loop
      vertex -9.073198454935792 -11.194518798495434 34.79894227084217
      vertex -8.76812408671319 -10.889444430272832 38.06999999999999
      vertex -8.872012388286068 -10.99333273184571 42.40290106384028
    endloop
  endfacet
  facet normal 0.7071067811865477 -0.7071067811865476 2.350906176744276e-18
    outer loop
      vertex -9.30474446623345 -11.426064809793091 36.97146762427956
      vertex -9.073198454935792 -11.194518798495434 41.34105772915782
      vertex -9.217711873470428 -11.33903221703007 40.26092131278976
    endloop
  endfacet
  facet normal 0.7071067811865476 -0.7071067811865475 -2.18854986723238e-18
    outer loop
      vertex -9.217711873470428 -11.33903221703007 35.879078687210225
      vertex -8.872012388286068 -10.99333273184571 42.40290106384028
      vertex -9.073198454935792 -11.194518798495434 41.34105772915782
    endloop
  endfacet
  facet normal 0.7071067811865476 -0.7071067811865475 4.10674969989472e-19
    outer loop
      vertex -8.76812408671319 -10.889444430272832 38.06999999999999
      vertex -8.740640812464019 -10.86196115602366 39.10874830085129
      vertex -8.872012388286068 -10.99333273184571 42.40290106384028
    endloop
  endfacet
  facet normal 0.7071067811865475 -0.7071067811865476 -1.2533175300048675e-18
    outer loop
      vertex -8.872012388286068 -10.99333273184571 42.40290106384028
      vertex -8.740640812464019 -10.86196115602366 39.10874830085129
      vertex -8.65834468733436 -10.779665030894002 40.14168749984882
    endloop
  endfacet
  facet normal -0.7071067811865476 0.7071067811865476 -2.3889955259253694e-18
    outer loop
      vertex -6.951878111376148 -13.315839142055077 34.79894227084217
      vertex -7.096391529910784 -13.460352560589714 35.879078687210225
      vertex -7.183424122673806 -13.547385153352735 39.168532375720424
    endloop
  endfacet
  facet normal -0.7071067811865476 0.7071067811865476 -2.077687180697519e-18
    outer loop
      vertex -6.750692044726424 -13.114653075405354 33.737098936159704
      vertex -6.951878111376148 -13.315839142055077 34.79894227084217
      vertex -7.096391529910784 -13.460352560589714 40.26092131278976
    endloop
  endfacet
  facet normal 0.7071067811865466 -0.7071067811865485 -1.0437254421043908e-17
    outer loop
      vertex -7.066063470294823 -9.187383813854465 28.90469991267661
      vertex -6.7175144212722016 -8.838834764831844 28.331913236462704
      vertex -6.7175144212722016 -8.838834764831844 29.583080320336148
    endloop
  endfacet
  facet normal 0.7071067811865476 -0.7071067811865476 -1.1618599894841943e-19
    outer loop
      vertex -7.941214632948357 -10.062534976508 30.71999999999999
      vertex -7.794768454451743 -9.916088798011385 32.039016026265934
      vertex -8.304433411357158 -10.4257537549168 31.691909034971886
    endloop
  endfacet
  facet normal 0.7071067811865475 -0.7071067811865475 -2.597023723221878e-18
    outer loop
      vertex -7.941214632948357 -10.062534976508 30.71999999999999
      vertex -7.451316684391722 -9.572637027951364 31.119999999999994
      vertex -7.794768454451743 -9.916088798011385 32.039016026265934
    endloop
  endfacet
  facet normal 0.7071067811865476 -0.7071067811865476 2.094569049348068e-18
    outer loop
      vertex -7.941214632948357 -10.062534976508 30.71999999999999
      vertex -7.527653719132271 -9.648974062691913 29.78919514646475
      vertex -7.060262486973789 -9.181582830533431 30.239851192915648
    endloop
  endfacet
  facet normal 0.707106781186547 -0.707106781186548 -4.735233888886524e-16
    outer loop
      vertex -7.066063470294823 -9.187383813854465 28.90469991267661
      vertex -6.7175144212722016 -8.838834764831844 29.583080320336148
      vertex -7.527653719132271 -9.648974062691913 29.78919514646475
    endloop
  endfacet
  facet normal 0.7071067811865472 -0.7071067811865478 6.029359349827027e-16
    outer loop
      vertex -6.7175144212722016 -8.838834764831844 29.583080320336148
      vertex -7.060262486973789 -9.181582830533431 30.239851192915648
      vertex -7.527653719132271 -9.648974062691913 29.78919514646475
    endloop
  endfacet
  facet normal 0.7071067811865475 -0.7071067811865475 3.263953297984589e-17
    outer loop
      vertex -7.941214632948357 -10.062534976508 30.71999999999999
      vertex -7.060262486973789 -9.181582830533431 30.239851192915648
      vertex -7.451316684391722 -9.572637027951364 31.119999999999994
    endloop
  endfacet
  facet normal -0.7071067811865354 0.7071067811865596 1.7858581587366038e-14
    outer loop
      vertex -4.94474312673518 -11.308704157414109 28.90469991267661
      vertex -4.59619407771256 -10.960155108391488 28.34563115455498
      vertex -4.43770494278626 -10.801665973465187 28.07146075476748
    endloop
  endfacet
  facet normal -0.7071067811865476 0.7071067811865476 1.47751023270594e-18
    outer loop
      vertex -5.819894289388714 -12.183855320067643 30.71999999999999
      vertex -5.967376731979071 -12.331337762658 32.99175976130711
      vertex -5.406333375572627 -11.770294406251557 29.78919514646475
    endloop
  endfacet
  facet normal -0.7071067811865476 0.7071067811865476 -7.417527140045218e-18
    outer loop
      vertex -5.6734481108920995 -12.037409141571029 32.039016026265934
      vertex -5.3299963408320785 -11.693957371511008 31.119999999999994
      vertex -5.406333375572627 -11.770294406251557 29.78919514646475
    endloop
  endfacet
  facet normal -0.7071067811865475 0.7071067811865475 1.3611995727053561e-17
    outer loop
      vertex -4.94474312673518 -11.308704157414109 28.90469991267661
      vertex -5.406333375572627 -11.770294406251557 29.78919514646475
      vertex -5.3299963408320785 -11.693957371511008 31.119999999999994
    endloop
  endfacet
  facet normal -0.7071067811865475 0.7071067811865475 1.1688273652573494e-19
    outer loop
      vertex -4.94474312673518 -11.308704157414109 28.90469991267661
      vertex -5.3299963408320785 -11.693957371511008 31.119999999999994
      vertex -4.938942143414145 -11.302903174093075 30.239851192915648
    endloop
  endfacet
  facet normal -0.7071067811865485 0.7071067811865466 7.739444417919945e-18
    outer loop
      vertex -4.94474312673518 -11.308704157414109 28.90469991267661
      vertex -4.938942143414145 -11.302903174093075 30.239851192915648
      vertex -4.59619407771256 -10.960155108391488 28.34563115455498
    endloop
  endfacet
  facet normal -0.7071067811865483 0.7071067811865466 0
    outer loop
      vertex -4.59619407771256 -10.960155108391488 28.34563115455498
      vertex -4.938942143414145 -11.302903174093075 30.239851192915648
      vertex -4.59619407771256 -10.960155108391488 29.583080320336148
    endloop
  endfacet
  facet normal -0.7071067811865476 0.7071067811865476 7.308776118528109e-19
    outer loop
      vertex -6.750692044726424 -13.114653075405354 33.737098936159704
      vertex -6.537024343774716 -12.900985374453645 35.998312500151165
      vertex -6.493958444054957 -12.857919474733887 32.69948694181399
    endloop
  endfacet
  facet normal -0.7071067811865475 0.7071067811865476 -1.2533175300048675e-18
    outer loop
      vertex -6.750692044726424 -13.114653075405354 33.737098936159704
      vertex -6.619320468904375 -12.983281499583304 37.0312516991487
      vertex -6.537024343774716 -12.900985374453645 35.998312500151165
    endloop
  endfacet
  facet normal -0.7071067811865476 0.7071067811865475 -2.202022555161997e-18
    outer loop
      vertex -6.750692044726424 -13.114653075405354 33.737098936159704
      vertex -6.646803743153546 -13.010764773832475 38.06999999999999
      vertex -6.619320468904375 -12.983281499583304 37.0312516991487
    endloop
  endfacet
  facet normal 0.7071067811865476 -0.7071067811865476 -7.381393613579966e-18
    outer loop
      vertex -8.304433411357158 -10.4257537549168 31.691909034971886
      vertex -8.088697075538715 -10.210017419098357 32.99175976130711
      vertex -8.615278787614601 -10.736599131174243 32.69948694181399
    endloop
  endfacet
  facet normal 0.7071067811865475 -0.7071067811865476 -3.8189854365118387e-19
    outer loop
      vertex -8.304433411357158 -10.4257537549168 31.691909034971886
      vertex -7.794768454451743 -9.916088798011385 32.039016026265934
      vertex -8.088697075538715 -10.210017419098357 32.99175976130711
    endloop
  endfacet
  facet normal 0.7071067811865476 -0.7071067811865476 -1.1673814223833297e-17
    outer loop
      vertex -8.615278787614601 -10.736599131174243 32.69948694181399
      vertex -8.088697075538715 -10.210017419098357 32.99175976130711
      vertex -8.331458779574998 -10.45277912313464 33.97290307568843
    endloop
  endfacet
  facet normal 0.7071067811865476 -0.7071067811865475 -6.951027096321564e-18
    outer loop
      vertex -8.872012388286068 -10.99333273184571 33.737098936159704
      vertex -8.615278787614601 -10.736599131174243 32.69948694181399
      vertex -8.521695944638344 -10.643016288197986 34.97695901800722
    endloop
  endfacet
  facet normal 0.7071067811865476 -0.7071067811865476 -1.8975005912516823e-18
    outer loop
      vertex -8.615278787614601 -10.736599131174243 32.69948694181399
      vertex -8.331458779574998 -10.45277912313464 33.97290307568843
      vertex -8.521695944638344 -10.643016288197986 34.97695901800722
    endloop
  endfacet
  facet normal 0.7071067811865476 -0.7071067811865475 7.344424628136532e-18
    outer loop
      vertex -8.872012388286068 -10.99333273184571 33.737098936159704
      vertex -8.521695944638344 -10.643016288197986 34.97695901800722
      vertex -8.65834468733436 -10.779665030894002 35.998312500151165
    endloop
  endfacet
  facet normal -0.7071067811865475 0.7071067811865475 4.944464721413522e-18
    outer loop
      vertex -5.819894289388714 -12.183855320067643 30.71999999999999
      vertex -6.183113067797514 -12.547074098476443 31.691909034971886
      vertex -6.210138436015354 -12.574099466694284 33.97290307568843
    endloop
  endfacet
  facet normal -0.7071067811865476 0.7071067811865476 -6.736115806550279e-18
    outer loop
      vertex -5.6734481108920995 -12.037409141571029 32.039016026265934
      vertex -5.406333375572627 -11.770294406251557 29.78919514646475
      vertex -5.967376731979071 -12.331337762658 32.99175976130711
    endloop
  endfacet
  facet normal -0.7071067811865475 0.7071067811865475 1.6047010200703354e-18
    outer loop
      vertex -5.819894289388714 -12.183855320067643 30.71999999999999
      vertex -6.210138436015354 -12.574099466694284 33.97290307568843
      vertex -5.967376731979071 -12.331337762658 32.99175976130711
    endloop
  endfacet
  facet normal -0.7071067811865476 0.7071067811865476 -2.6520361154959037e-18
    outer loop
      vertex -6.183113067797514 -12.547074098476443 31.691909034971886
      vertex -6.493958444054957 -12.857919474733887 32.69948694181399
      vertex -6.4003756010787 -12.76433663175763 34.97695901800722
    endloop
  endfacet
  facet normal -0.7071067811865476 0.7071067811865476 5.809122832033431e-19
    outer loop
      vertex -6.183113067797514 -12.547074098476443 31.691909034971886
      vertex -6.4003756010787 -12.76433663175763 34.97695901800722
      vertex -6.210138436015354 -12.574099466694284 33.97290307568843
    endloop
  endfacet
  facet normal -0.7071067811865475 0.7071067811865475 3.3716770866991084e-19
    outer loop
      vertex -6.493958444054957 -12.857919474733887 32.69948694181399
      vertex -6.537024343774716 -12.900985374453645 35.998312500151165
      vertex -6.4003756010787 -12.76433663175763 34.97695901800722
    endloop
  endfacet
  facet normal -0.7071067811865478 0.7071067811865471 -5.592364117404953e-16
    outer loop
      vertex -3.888054386924273 -10.252015417603202 27.294137484101547
      vertex -3.8321321278459055 -10.196093158524834 28.345631154554976
      vertex -3.636038969321071 -10 26.98742736743036
    endloop
  endfacet
  facet normal -0.7071067811865477 0.7071067811865474 2.040009133104422e-15
    outer loop
      vertex -4.59619407771256 -10.960155108391488 28.34563115455498
      vertex -3.8321321278459055 -10.196093158524834 28.345631154554976
      vertex -4.43770494278626 -10.801665973465187 28.07146075476748
    endloop
  endfacet
  facet normal -0.7071067811865471 0.7071067811865479 -6.270189998392388e-16
    outer loop
      vertex -4.43770494278626 -10.801665973465187 28.07146075476748
      vertex -3.8321321278459055 -10.196093158524834 28.345631154554976
      vertex -3.888054386924273 -10.252015417603202 27.294137484101547
    endloop
  endfacet
  facet normal -0.7071067811865469 0.7071067811865481 -2.9051947995922277e-16
    outer loop
      vertex -3.636038969321071 -10 26.98742736743036
      vertex -3.8321321278459055 -10.196093158524834 28.345631154554976
      vertex -3.6360389693210715 -10 28.06831355028058
    endloop
  endfacet
  facet normal -0.7071067811865477 0.7071067811865474 -4.780158021656372e-18
    outer loop
      vertex -7.096391529910784 -13.460352560589714 35.879078687210225
      vertex -7.183424122673806 -13.547385153352735 36.97146762427956
      vertex -7.212489168102785 -13.576450198781714 38.06999999999999
    endloop
  endfacet
  facet normal -0.7071067811865476 0.7071067811865476 -1.5963618415395572e-18
    outer loop
      vertex -7.096391529910784 -13.460352560589714 35.879078687210225
      vertex -7.212489168102785 -13.576450198781714 38.06999999999999
      vertex -7.183424122673806 -13.547385153352735 39.168532375720424
    endloop
  endfacet
  facet normal -0.7071067811865475 0.7071067811865475 -1.4387624127146675e-18
    outer loop
      vertex -6.951878111376148 -13.315839142055077 34.79894227084217
      vertex -7.183424122673806 -13.547385153352735 39.168532375720424
      vertex -7.096391529910784 -13.460352560589714 40.26092131278976
    endloop
  endfacet
  facet normal -0.7071067811865475 0.7071067811865475 6.740960149198023e-19
    outer loop
      vertex -6.750692044726424 -13.114653075405354 33.737098936159704
      vertex -6.951878111376148 -13.315839142055077 41.34105772915782
      vertex -6.646803743153546 -13.010764773832475 38.06999999999999
    endloop
  endfacet
  facet normal -0.7071067811865476 0.7071067811865475 -1.4924178504416366e-18
    outer loop
      vertex -6.750692044726424 -13.114653075405354 33.737098936159704
      vertex -7.096391529910784 -13.460352560589714 40.26092131278976
      vertex -6.951878111376148 -13.315839142055077 41.34105772915782
    endloop
  endfacet
  facet normal -0.7071067811865476 0.7071067811865476 5.850741152203098e-19
    outer loop
      vertex -6.646803743153546 -13.010764773832475 38.06999999999999
      vertex -6.951878111376148 -13.315839142055077 41.34105772915782
      vertex -6.619320468904375 -12.983281499583304 39.10874830085129
    endloop
  endfacet
  facet normal -0.7071067811865476 0.7071067811865476 6.530677311126256e-18
    outer loop
      vertex -6.951878111376148 -13.315839142055077 41.34105772915782
      vertex -6.750692044726424 -13.114653075405354 42.40290106384028
      vertex -6.537024343774716 -12.900985374453645 40.14168749984882
    endloop
  endfacet
  facet normal -0.7071067811865475 0.7071067811865475 7.405855872339017e-18
    outer loop
      vertex -6.951878111376148 -13.315839142055077 41.34105772915782
      vertex -6.537024343774716 -12.900985374453645 40.14168749984882
      vertex -6.619320468904375 -12.983281499583304 39.10874830085129
    endloop
  endfacet
  facet normal -0.7071067811865476 0.7071067811865475 7.344424628136532e-18
    outer loop
      vertex -6.750692044726424 -13.114653075405354 42.40290106384028
      vertex -6.4003756010787 -12.76433663175763 41.163040981992765
      vertex -6.537024343774716 -12.900985374453645 40.14168749984882
    endloop
  endfacet
  facet normal 0.7071067811865475 -0.7071067811865475 -5.827207899481961e-19
    outer loop
      vertex -8.65834468733436 -10.779665030894002 40.14168749984882
      vertex -8.521695944638344 -10.643016288197986 41.163040981992765
      vertex -8.615278787614601 -10.736599131174243 43.440513058186
    endloop
  endfacet
  facet normal 0.7071067811865476 -0.7071067811865476 7.308776118528109e-19
    outer loop
      vertex -8.872012388286068 -10.99333273184571 42.40290106384028
      vertex -8.65834468733436 -10.779665030894002 40.14168749984882
      vertex -8.615278787614601 -10.736599131174243 43.440513058186
    endloop
  endfacet
  facet normal 0.7071067811865476 -0.7071067811865476 2.3692732778006437e-18
    outer loop
      vertex -8.521695944638344 -10.643016288197986 41.163040981992765
      vertex -8.331458779574998 -10.45277912313464 42.16709692431156
      vertex -8.304433411357158 -10.4257537549168 44.4480909650281
    endloop
  endfacet
  facet normal 0.7071067811865476 -0.7071067811865476 -4.390631205310144e-19
    outer loop
      vertex -8.521695944638344 -10.643016288197986 41.163040981992765
      vertex -8.304433411357158 -10.4257537549168 44.4480909650281
      vertex -8.615278787614601 -10.736599131174243 43.440513058186
    endloop
  endfacet
  facet normal 0.7071067811865475 -0.7071067811865475 -4.504517183922522e-19
    outer loop
      vertex -8.331458779574998 -10.45277912313464 42.16709692431156
      vertex -7.941214632948357 -10.062534976508 45.419999999999995
      vertex -8.304433411357158 -10.4257537549168 44.4480909650281
    endloop
  endfacet
  facet normal 0.7071067811865475 -0.7071067811865475 -4.80358705509506e-18
    outer loop
      vertex -8.331458779574998 -10.45277912313464 42.16709692431156
      vertex -8.088697075538715 -10.210017419098357 43.14824023869288
      vertex -7.941214632948357 -10.062534976508 45.419999999999995
    endloop
  endfacet
  facet normal 0.7071067811865476 -0.7071067811865476 -5.38639665798046e-18
    outer loop
      vertex -8.088697075538715 -10.210017419098357 43.14824023869288
      vertex -7.794768454451743 -9.916088798011385 44.10098397373405
      vertex -7.527653719132271 -9.648974062691913 46.35080485353524
    endloop
  endfacet
  facet normal 0.7071067811865476 -0.7071067811865476 2.364197649004072e-18
    outer loop
      vertex -8.088697075538715 -10.210017419098357 43.14824023869288
      vertex -7.527653719132271 -9.648974062691913 46.35080485353524
      vertex -7.941214632948357 -10.062534976508 45.419999999999995
    endloop
  endfacet
  facet normal 0.7071067811865476 -0.7071067811865476 -7.417527140045232e-18
    outer loop
      vertex -7.794768454451743 -9.916088798011385 44.10098397373405
      vertex -7.451316684391722 -9.572637027951364 45.019999999999996
      vertex -7.527653719132271 -9.648974062691913 46.35080485353524
    endloop
  endfacet
  facet normal 0.7071067811865475 -0.7071067811865476 1.6129327631159923e-18
    outer loop
      vertex -7.451316684391722 -9.572637027951364 45.019999999999996
      vertex -7.066063470294823 -9.187383813854465 47.23530008732338
      vertex -7.527653719132271 -9.648974062691913 46.35080485353524
    endloop
  endfacet
  facet normal 0.7071067811865477 -0.7071067811865475 -3.1122736090854634e-18
    outer loop
      vertex -7.451316684391722 -9.572637027951364 45.019999999999996
      vertex -7.060262486973789 -9.181582830533431 45.900148807084335
      vertex -7.066063470294823 -9.187383813854465 47.23530008732338
    endloop
  endfacet
  facet normal 0.7071067811865467 -0.7071067811865485 2.1074847610590055e-17
    outer loop
      vertex -7.060262486973789 -9.181582830533431 45.900148807084335
      vertex -6.7175144212722016 -8.838834764831844 46.556919679663835
      vertex -7.044948067184285 -9.166268410743927 47.269999999999996
    endloop
  endfacet
  facet normal 0.7071067811865475 -0.7071067811865476 -9.748251472317092e-20
    outer loop
      vertex -7.060262486973789 -9.181582830533431 45.900148807084335
      vertex -7.044948067184285 -9.166268410743927 47.269999999999996
      vertex -7.066063470294823 -9.187383813854465 47.23530008732338
    endloop
  endfacet
  facet normal 0.7071067811865466 -0.7071067811865485 0
    outer loop
      vertex -6.7175144212722016 -8.838834764831844 46.556919679663835
      vertex -6.7175144212722016 -8.838834764831844 47.269999999999996
      vertex -7.044948067184285 -9.166268410743927 47.269999999999996
    endloop
  endfacet
  facet normal -0.7071067811865476 0.7071067811865475 -6.951027096321564e-18
    outer loop
      vertex -6.750692044726424 -13.114653075405354 42.40290106384028
      vertex -6.493958444054957 -12.857919474733887 43.440513058186
      vertex -6.4003756010787 -12.76433663175763 41.163040981992765
    endloop
  endfacet
  facet normal -0.7071067811865476 0.7071067811865476 -9.67598726997596e-19
    outer loop
      vertex -6.4003756010787 -12.76433663175763 41.163040981992765
      vertex -6.493958444054957 -12.857919474733887 43.440513058186
      vertex -6.210138436015354 -12.574099466694284 42.16709692431156
    endloop
  endfacet
  facet normal -0.7071067811865475 0.7071067811865476 -3.3851317212371697e-18
    outer loop
      vertex -6.210138436015354 -12.574099466694284 42.16709692431156
      vertex -6.493958444054957 -12.857919474733887 43.440513058186
      vertex -5.967376731979071 -12.331337762658 43.14824023869288
    endloop
  endfacet
  facet normal -0.7071067811865477 0.7071067811865476 -1.3697529289207538e-17
    outer loop
      vertex -6.493958444054957 -12.857919474733887 43.440513058186
      vertex -6.183113067797514 -12.547074098476443 44.4480909650281
      vertex -5.967376731979071 -12.331337762658 43.14824023869288
    endloop
  endfacet
  facet normal -0.7071067811865476 0.7071067811865475 7.931454357118312e-18
    outer loop
      vertex -5.967376731979071 -12.331337762658 43.14824023869288
      vertex -6.183113067797514 -12.547074098476443 44.4480909650281
      vertex -5.6734481108920995 -12.037409141571029 44.10098397373405
    endloop
  endfacet
  facet normal -0.7071067811865476 0.7071067811865476 1.0224838159116306e-17
    outer loop
      vertex -6.183113067797514 -12.547074098476443 44.4480909650281
      vertex -5.819894289388714 -12.183855320067643 45.419999999999995
      vertex -5.6734481108920995 -12.037409141571029 44.10098397373405
    endloop
  endfacet
  facet normal -0.7071067811865476 0.7071067811865475 5.344911546249549e-21
    outer loop
      vertex -5.6734481108920995 -12.037409141571029 44.10098397373405
      vertex -5.819894289388714 -12.183855320067643 45.419999999999995
      vertex -5.3299963408320785 -11.693957371511008 45.019999999999996
    endloop
  endfacet
  facet normal -0.7071067811865475 0.7071067811865476 2.0945690493480626e-18
    outer loop
      vertex -5.819894289388714 -12.183855320067643 45.419999999999995
      vertex -5.406333375572627 -11.770294406251557 46.35080485353524
      vertex -4.938942143414145 -11.302903174093075 45.900148807084335
    endloop
  endfacet
  facet normal -0.7071067811865475 0.7071067811865476 3.2639532979846163e-17
    outer loop
      vertex -5.819894289388714 -12.183855320067643 45.419999999999995
      vertex -4.938942143414145 -11.302903174093075 45.900148807084335
      vertex -5.3299963408320785 -11.693957371511008 45.019999999999996
    endloop
  endfacet
  facet normal -0.7071067811865478 0.7071067811865472 -6.297384511547305e-16
    outer loop
      vertex -5.406333375572627 -11.770294406251557 46.35080485353524
      vertex -4.59619407771256 -10.960155108391488 46.556919679663835
      vertex -4.938942143414145 -11.302903174093075 45.900148807084335
    endloop
  endfacet
  facet normal -0.7071067811865479 0.707106781186547 4.600029366118258e-16
    outer loop
      vertex -5.406333375572627 -11.770294406251557 46.35080485353524
      vertex -4.94474312673518 -11.308704157414109 47.23530008732338
      vertex -4.59619407771256 -10.960155108391488 46.556919679663835
    endloop
  endfacet
  facet normal -0.7071067811865485 0.7071067811865466 1.18209713948983e-15
    outer loop
      vertex -4.94474312673518 -11.308704157414109 47.23530008732338
      vertex -4.923627723624641 -11.28758875430357 47.269999999999996
      vertex -4.59619407771256 -10.960155108391488 47.269999999999996
    endloop
  endfacet
  facet normal -0.7071067811865485 0.7071067811865467 0
    outer loop
      vertex -4.59619407771256 -10.960155108391488 46.556919679663835
      vertex -4.94474312673518 -11.308704157414109 47.23530008732338
      vertex -4.59619407771256 -10.960155108391488 47.269999999999996
    endloop
  endfacet
  facet normal -0.707106781186547 0.707106781186548 0
    outer loop
      vertex 9.950444163156558 3.586483132477629 26.927116468023712
      vertex 9.950444163156558 3.586483132477629 27.998231013721835
      vertex 10.252015417603198 3.8880543869242694 27.294137484101544
    endloop
  endfacet
  facet normal -0.7071067811865471 0.7071067811865479 -1.2091862232845448e-16
    outer loop
      vertex 9.950444163156558 3.586483132477629 27.998231013721835
      vertex 10.80166597346519 4.43770494278626 28.071460754767482
      vertex 10.252015417603198 3.8880543869242694 27.294137484101544
    endloop
  endfacet
  facet normal -0.7071067811865472 0.7071067811865478 1.3439518706879722e-15
    outer loop
      vertex 9.950444163156558 3.586483132477629 27.998231013721835
      vertex 10.196093158524837 3.8321321278459077 28.34563115455498
      vertex 10.80166597346519 4.43770494278626 28.071460754767482
    endloop
  endfacet
  facet normal -0.7071067811865475 0.7071067811865475 5.555173207717912e-17
    outer loop
      vertex 10.196093158524837 3.8321321278459077 28.34563115455498
      vertex 10.960155108391488 4.596194077712559 28.34563115455498
      vertex 10.80166597346519 4.43770494278626 28.071460754767482
    endloop
  endfacet
  facet normal 0.7071067811865476 -0.7071067811865476 0
    outer loop
      vertex 8.838834764831844 6.717514421272202 28.331913236462707
      vertex 9.181582830533431 7.060262486973789 30.239851192915648
      vertex 8.838834764831844 6.717514421272202 29.583080320336148
    endloop
  endfacet
  facet normal 0.7071067811865475 -0.7071067811865475 -6.282321626717586e-18
    outer loop
      vertex 8.838834764831844 6.717514421272202 28.331913236462707
      vertex 9.187383813854467 7.066063470294825 28.904699912676612
      vertex 9.181582830533431 7.060262486973789 30.239851192915648
    endloop
  endfacet
  facet normal 0.7071067811865476 -0.7071067811865476 7.912989522098498e-18
    outer loop
      vertex 9.187383813854467 7.066063470294825 28.904699912676612
      vertex 9.648974062691913 7.527653719132271 29.78919514646475
      vertex 9.572637027951364 7.451316684391722 31.119999999999994
    endloop
  endfacet
  facet normal 0.7071067811865475 -0.7071067811865475 -2.0582769901604287e-20
    outer loop
      vertex 9.187383813854467 7.066063470294825 28.904699912676612
      vertex 9.572637027951364 7.451316684391722 31.119999999999994
      vertex 9.181582830533431 7.060262486973789 30.239851192915648
    endloop
  endfacet
  facet normal 0.7071067811865476 -0.7071067811865476 1.747161757071203e-18
    outer loop
      vertex 9.648974062691913 7.527653719132271 29.78919514646475
      vertex 9.916088798011385 7.794768454451743 32.039016026265934
      vertex 9.572637027951364 7.451316684391722 31.119999999999994
    endloop
  endfacet
  facet normal 0.7071067811865475 -0.7071067811865476 5.338524633422645e-18
    outer loop
      vertex 9.648974062691913 7.527653719132271 29.78919514646475
      vertex 10.062534976508 7.941214632948357 30.71999999999999
      vertex 10.210017419098353 8.088697075538711 32.9917597613071
    endloop
  endfacet
  facet normal -0.7071067811865462 0.7071067811865488 3.9799178175583744e-16
    outer loop
      vertex 10.80166597346519 4.43770494278626 28.071460754767482
      vertex 10.960155108391488 4.596194077712559 28.34563115455498
      vertex 11.30870415741411 4.944743126735181 28.904699912676612
    endloop
  endfacet
  facet normal -0.7071067811865476 0.7071067811865476 0
    outer loop
      vertex 10.960155108391488 4.596194077712559 28.34563115455498
      vertex 10.960155108391488 4.596194077712559 29.583080320336148
      vertex 11.30870415741411 4.944743126735181 28.904699912676612
    endloop
  endfacet
  facet normal -0.7071067811865476 0.7071067811865476 -9.925396314585808e-18
    outer loop
      vertex 10.960155108391488 4.596194077712559 29.583080320336148
      vertex 11.770294406251557 5.406333375572627 29.78919514646475
      vertex 11.30870415741411 4.944743126735181 28.904699912676612
    endloop
  endfacet
  facet normal -0.7071067811865476 0.7071067811865475 1.0682908447179857e-17
    outer loop
      vertex 10.960155108391488 4.596194077712559 29.583080320336148
      vertex 11.302903174093075 4.938942143414145 30.239851192915648
      vertex 11.770294406251557 5.406333375572627 29.78919514646475
    endloop
  endfacet
  facet normal -0.7071067811865476 0.7071067811865475 -2.689156015185028e-17
    outer loop
      vertex 11.302903174093075 4.938942143414145 30.239851192915648
      vertex 12.183855320067643 5.819894289388714 30.71999999999999
      vertex 11.770294406251557 5.406333375572627 29.78919514646475
    endloop
  endfacet
  facet normal -0.7071067811865476 0.7071067811865475 7.936842892903538e-18
    outer loop
      vertex 11.302903174093075 4.938942143414145 30.239851192915648
      vertex 11.693957371511008 5.3299963408320785 31.119999999999994
      vertex 12.183855320067643 5.819894289388714 30.71999999999999
    endloop
  endfacet
  facet normal -0.7071067811865475 0.7071067811865475 1.8234030312254365e-18
    outer loop
      vertex 11.693957371511008 5.3299963408320785 31.119999999999994
      vertex 12.037409141571029 5.6734481108920995 32.039016026265934
      vertex 12.183855320067643 5.819894289388714 30.71999999999999
    endloop
  endfacet
  facet normal -0.7071067811865476 0.7071067811865476 -1.1618599894841943e-19
    outer loop
      vertex 12.183855320067643 5.819894289388714 30.71999999999999
      vertex 12.037409141571029 5.6734481108920995 32.039016026265934
      vertex 12.547074098476443 6.183113067797514 31.691909034971886
    endloop
  endfacet
  facet normal 0.7071067811865475 -0.7071067811865477 8.279473935707488e-18
    outer loop
      vertex 9.648974062691913 7.527653719132271 29.78919514646475
      vertex 10.210017419098353 8.088697075538711 32.9917597613071
      vertex 9.916088798011385 7.794768454451743 32.039016026265934
    endloop
  endfacet
  facet normal 0.7071067811865476 -0.7071067811865476 -5.155846988865695e-18
    outer loop
      vertex 10.062534976508 7.941214632948357 30.71999999999999
      vertex 10.452779123134638 8.331458779574996 33.97290307568842
      vertex 10.210017419098353 8.088697075538711 32.9917597613071
    endloop
  endfacet
  facet normal 0.7071067811865475 -0.7071067811865475 -1.0738191996813014e-18
    outer loop
      vertex 10.062534976508 7.941214632948357 30.71999999999999
      vertex 10.4257537549168 8.304433411357158 31.691909034971886
      vertex 10.452779123134638 8.331458779574996 33.97290307568842
    endloop
  endfacet
  facet normal 0.7071067811865475 -0.7071067811865475 6.507659738381507e-19
    outer loop
      vertex 10.4257537549168 8.304433411357158 31.691909034971886
      vertex 10.643016288197986 8.521695944638344 34.97695901800723
      vertex 10.452779123134638 8.331458779574996 33.97290307568842
    endloop
  endfacet
  facet normal 0.7071067811865476 -0.7071067811865476 -3.230784897115166e-19
    outer loop
      vertex 10.4257537549168 8.304433411357158 31.691909034971886
      vertex 10.736599131174241 8.6152787876146 32.69948694181398
      vertex 10.643016288197986 8.521695944638344 34.97695901800723
    endloop
  endfacet
  facet normal 0.7071067811865476 -0.7071067811865476 4.318045132147228e-19
    outer loop
      vertex 10.736599131174241 8.6152787876146 32.69948694181398
      vertex 10.993332731845706 8.872012388286064 33.7370989361597
      vertex 10.779665030894003 8.658344687334361 35.99831250015117
    endloop
  endfacet
  facet normal 0.7071067811865475 -0.7071067811865475 1.6173048398477043e-19
    outer loop
      vertex 10.736599131174241 8.6152787876146 32.69948694181398
      vertex 10.779665030894003 8.658344687334361 35.99831250015117
      vertex 10.643016288197986 8.521695944638344 34.97695901800723
    endloop
  endfacet
  facet normal -0.7071067811865475 0.7071067811865475 9.156790413132324e-18
    outer loop
      vertex 12.037409141571029 5.6734481108920995 32.039016026265934
      vertex 12.331337762657997 5.967376731979067 32.9917597613071
      vertex 12.547074098476443 6.183113067797514 31.691909034971886
    endloop
  endfacet
  facet normal -0.7071067811865476 0.7071067811865476 -6.783935775177316e-18
    outer loop
      vertex 12.547074098476443 6.183113067797514 31.691909034971886
      vertex 12.331337762657997 5.967376731979067 32.9917597613071
      vertex 12.857919474733885 6.493958444054956 32.69948694181398
    endloop
  endfacet
  facet normal -0.7071067811865476 0.7071067811865476 3.792132354397508e-18
    outer loop
      vertex 12.331337762657997 5.967376731979067 32.9917597613071
      vertex 12.574099466694282 6.210138436015352 33.97290307568842
      vertex 12.857919474733885 6.493958444054956 32.69948694181398
    endloop
  endfacet
  facet normal -0.7071067811865476 0.7071067811865475 1.286012185466686e-18
    outer loop
      vertex 12.857919474733885 6.493958444054956 32.69948694181398
      vertex 12.574099466694282 6.210138436015352 33.97290307568842
      vertex 12.76433663175763 6.4003756010787 34.97695901800723
    endloop
  endfacet
  facet normal -0.7071067811865475 0.7071067811865475 1.1822508511527234e-18
    outer loop
      vertex 12.857919474733885 6.493958444054956 32.69948694181398
      vertex 12.76433663175763 6.4003756010787 34.97695901800723
      vertex 13.11465307540535 6.750692044726421 33.7370989361597
    endloop
  endfacet
  facet normal -0.7071067811865476 0.7071067811865476 -3.065253813176532e-18
    outer loop
      vertex 12.76433663175763 6.4003756010787 34.97695901800723
      vertex 12.900985374453647 6.537024343774718 35.99831250015117
      vertex 13.11465307540535 6.750692044726421 33.7370989361597
    endloop
  endfacet
  facet normal -0.7071067811865475 0.7071067811865475 4.8027006484871975e-19
    outer loop
      vertex 12.900985374453647 6.537024343774718 35.99831250015117
      vertex 12.983281499583304 6.619320468904375 37.0312516991487
      vertex 13.31583914205508 6.95187811137615 34.798942270842176
    endloop
  endfacet
  facet normal -0.7071067811865476 0.7071067811865476 3.8483684498501334e-18
    outer loop
      vertex 12.900985374453647 6.537024343774718 35.99831250015117
      vertex 13.31583914205508 6.95187811137615 34.798942270842176
      vertex 13.11465307540535 6.750692044726421 33.7370989361597
    endloop
  endfacet
  facet normal -0.7071067811865475 0.7071067811865476 -1.5066846546359296e-19
    outer loop
      vertex 12.983281499583304 6.619320468904375 37.0312516991487
      vertex 13.010764773832475 6.646803743153546 38.06999999999999
      vertex 13.31583914205508 6.95187811137615 34.798942270842176
    endloop
  endfacet
  facet normal 0.7071067811865476 -0.7071067811865476 -9.848785386964966e-19
    outer loop
      vertex 10.779665030894002 8.65834468733436 40.141687499848814
      vertex 10.993332731845708 8.872012388286066 42.40290106384028
      vertex 10.643016288197986 8.521695944638344 41.163040981992765
    endloop
  endfacet
  facet normal -0.7071067811865475 0.7071067811865475 -5.827207899481953e-19
    outer loop
      vertex 12.900985374453645 6.537024343774716 40.141687499848814
      vertex 12.76433663175763 6.4003756010787 41.163040981992765
      vertex 12.857919474733887 6.493958444054957 43.440513058186
    endloop
  endfacet
  facet normal -0.7071067811865475 0.7071067811865475 -1.6821560706641e-19
    outer loop
      vertex 13.010764773832475 6.646803743153546 38.06999999999999
      vertex 12.983281499583304 6.619320468904375 39.10874830085129
      vertex 13.114653075405352 6.7506920447264225 42.40290106384028
    endloop
  endfacet
  facet normal -0.7071067811865476 0.7071067811865476 2.863112386986163e-18
    outer loop
      vertex 12.900985374453645 6.537024343774716 40.141687499848814
      vertex 13.114653075405352 6.7506920447264225 42.40290106384028
      vertex 12.983281499583304 6.619320468904375 39.10874830085129
    endloop
  endfacet
  facet normal -0.7071067811865475 0.7071067811865475 6.522434184107194e-19
    outer loop
      vertex 12.900985374453645 6.537024343774716 40.141687499848814
      vertex 12.857919474733887 6.493958444054957 43.440513058186
      vertex 13.114653075405352 6.7506920447264225 42.40290106384028
    endloop
  endfacet
  facet normal 0.7071067811865475 -0.7071067811865475 -9.675987269975948e-19
    outer loop
      vertex 10.643016288197986 8.521695944638344 41.163040981992765
      vertex 10.736599131174243 8.615278787614601 43.440513058186
      vertex 10.45277912313464 8.331458779574998 42.167096924311565
    endloop
  endfacet
  facet normal 0.7071067811865475 -0.7071067811865475 -1.7871909692863903e-18
    outer loop
      vertex 10.643016288197986 8.521695944638344 41.163040981992765
      vertex 10.993332731845708 8.872012388286066 42.40290106384028
      vertex 10.736599131174243 8.615278787614601 43.440513058186
    endloop
  endfacet
  facet normal 0.7071067811865475 -0.7071067811865475 7.821308329879804e-18
    outer loop
      vertex 10.45277912313464 8.331458779574998 42.167096924311565
      vertex 10.736599131174243 8.615278787614601 43.440513058186
      vertex 10.210017419098355 8.088697075538713 43.148240238692885
    endloop
  endfacet
  facet normal 0.7071067811865475 -0.7071067811865475 7.643794086490182e-18
    outer loop
      vertex 10.210017419098355 8.088697075538713 43.148240238692885
      vertex 10.425753754916801 8.30443341135716 44.4480909650281
      vertex 9.916088798011387 7.794768454451745 44.10098397373405
    endloop
  endfacet
  facet normal 0.7071067811865475 -0.7071067811865475 1.816850305400635e-18
    outer loop
      vertex 9.916088798011387 7.794768454451745 44.10098397373405
      vertex 10.425753754916801 8.30443341135716 44.4480909650281
      vertex 10.062534976508 7.941214632948357 45.419999999999995
    endloop
  endfacet
  facet normal 0.7071067811865475 -0.7071067811865475 5.348027371856534e-18
    outer loop
      vertex 10.210017419098355 8.088697075538713 43.148240238692885
      vertex 10.736599131174243 8.615278787614601 43.440513058186
      vertex 10.425753754916801 8.30443341135716 44.4480909650281
    endloop
  endfacet
  facet normal 0.7071067811865475 -0.7071067811865476 -1.2887706446669504e-20
    outer loop
      vertex 9.572637027951364 7.451316684391722 45.019999999999996
      vertex 10.062534976508 7.941214632948357 45.419999999999995
      vertex 9.181582830533431 7.060262486973789 45.900148807084335
    endloop
  endfacet
  facet normal 0.7071067811865476 -0.7071067811865475 -2.6891560151850218e-17
    outer loop
      vertex 9.181582830533431 7.060262486973789 45.900148807084335
      vertex 10.062534976508 7.941214632948357 45.419999999999995
      vertex 9.648974062691913 7.527653719132271 46.35080485353524
    endloop
  endfacet
  facet normal 0.7071067811865483 -0.7071067811865466 0
    outer loop
      vertex 8.838834764831844 6.7175144212722016 46.55691967966384
      vertex 9.187383813854467 7.066063470294825 47.235300087323374
      vertex 8.838834764831844 6.7175144212722016 47.269999999999996
    endloop
  endfacet
  facet normal 0.7071067811865475 -0.7071067811865475 -1.8114519417364436e-14
    outer loop
      vertex 9.187383813854467 7.066063470294825 47.235300087323374
      vertex 9.166268410743925 7.044948067184282 47.269999999999996
      vertex 8.838834764831844 6.7175144212722016 47.269999999999996
    endloop
  endfacet
  facet normal 0.7071067811865479 -0.7071067811865472 -6.512120689588835e-16
    outer loop
      vertex 9.181582830533431 7.060262486973789 45.900148807084335
      vertex 9.648974062691913 7.527653719132271 46.35080485353524
      vertex 8.838834764831844 6.7175144212722016 46.55691967966384
    endloop
  endfacet
  facet normal 0.707106781186548 -0.7071067811865471 4.930098094686881e-16
    outer loop
      vertex 8.838834764831844 6.7175144212722016 46.55691967966384
      vertex 9.648974062691913 7.527653719132271 46.35080485353524
      vertex 9.187383813854467 7.066063470294825 47.235300087323374
    endloop
  endfacet
  facet normal 0.7071067811865476 -0.7071067811865476 1.3629351876333177e-17
    outer loop
      vertex 9.572637027951364 7.451316684391722 45.019999999999996
      vertex 9.916088798011387 7.794768454451745 44.10098397373405
      vertex 10.062534976508 7.941214632948357 45.419999999999995
    endloop
  endfacet
  facet normal -0.7071067811865476 0.7071067811865475 5.979095585512896e-18
    outer loop
      vertex 12.76433663175763 6.4003756010787 41.163040981992765
      vertex 12.574099466694284 6.210138436015354 42.167096924311565
      vertex 12.547074098476445 6.183113067797516 44.4480909650281
    endloop
  endfacet
  facet normal -0.7071067811865476 0.7071067811865475 -7.007843545089019e-19
    outer loop
      vertex 12.76433663175763 6.4003756010787 41.163040981992765
      vertex 12.547074098476445 6.183113067797516 44.4480909650281
      vertex 12.857919474733887 6.493958444054957 43.440513058186
    endloop
  endfacet
  facet normal -0.7071067811865475 0.7071067811865476 -5.979560639234017e-18
    outer loop
      vertex 12.574099466694284 6.210138436015354 42.167096924311565
      vertex 12.331337762657999 5.967376731979069 43.148240238692885
      vertex 12.183855320067643 5.819894289388714 45.419999999999995
    endloop
  endfacet
  facet normal -0.7071067811865476 0.7071067811865476 1.2706688575488885e-17
    outer loop
      vertex 12.331337762657999 5.967376731979069 43.148240238692885
      vertex 12.03740914157103 5.673448110892101 44.10098397373405
      vertex 11.770294406251557 5.406333375572627 46.35080485353524
    endloop
  endfacet
  facet normal -0.7071067811865476 0.7071067811865476 1.4585834150495947e-19
    outer loop
      vertex 12.574099466694284 6.210138436015354 42.167096924311565
      vertex 12.183855320067643 5.819894289388714 45.419999999999995
      vertex 12.547074098476445 6.183113067797516 44.4480909650281
    endloop
  endfacet
  facet normal -0.7071067811865461 0.7071067811865489 4.863752696610897e-16
    outer loop
      vertex 10.960155108391488 4.59619407771256 46.55691967966384
      vertex 11.287588754303568 4.923627723624638 47.269999999999996
      vertex 11.302903174093075 4.938942143414145 45.900148807084335
    endloop
  endfacet
  facet normal -0.7071067811865465 0.7071067811865485 8.807380677361105e-16
    outer loop
      vertex 10.960155108391488 4.59619407771256 46.55691967966384
      vertex 10.960155108391488 4.596194077712559 47.269999999999996
      vertex 11.287588754303568 4.923627723624638 47.269999999999996
    endloop
  endfacet
  facet normal -0.7071067811865476 0.7071067811865476 -4.13480957504097e-18
    outer loop
      vertex 11.693957371511008 5.3299963408320785 45.019999999999996
      vertex 11.302903174093075 4.938942143414145 45.900148807084335
      vertex 11.30870415741411 4.944743126735181 47.235300087323374
    endloop
  endfacet
  facet normal -0.7071067811865623 0.7071067811865327 1.282781408907471e-16
    outer loop
      vertex 11.302903174093075 4.938942143414145 45.900148807084335
      vertex 11.287588754303568 4.923627723624638 47.269999999999996
      vertex 11.30870415741411 4.944743126735181 47.235300087323374
    endloop
  endfacet
  facet normal -0.7071067811865476 0.7071067811865476 -1.6809890727422902e-18
    outer loop
      vertex 11.693957371511008 5.3299963408320785 45.019999999999996
      vertex 11.30870415741411 4.944743126735181 47.235300087323374
      vertex 11.770294406251557 5.406333375572627 46.35080485353524
    endloop
  endfacet
  facet normal -0.7071067811865476 0.7071067811865476 5.428075620261769e-19
    outer loop
      vertex 11.693957371511008 5.3299963408320785 45.019999999999996
      vertex 11.770294406251557 5.406333375572627 46.35080485353524
      vertex 12.03740914157103 5.673448110892101 44.10098397373405
    endloop
  endfacet
  facet normal -0.7071067811865475 0.7071067811865475 -6.091945839674994e-18
    outer loop
      vertex 12.331337762657999 5.967376731979069 43.148240238692885
      vertex 11.770294406251557 5.406333375572627 46.35080485353524
      vertex 12.183855320067643 5.819894289388714 45.419999999999995
    endloop
  endfacet
  facet normal -0.7071067811865476 0.7071067811865476 -4.630648186542437e-19
    outer loop
      vertex 13.31583914205508 6.95187811137615 34.798942270842176
      vertex 13.114653075405352 6.7506920447264225 42.40290106384028
      vertex 13.460352560589715 7.096391529910786 35.87907868721023
    endloop
  endfacet
  facet normal -0.7071067811865475 0.7071067811865475 7.417219814671732e-19
    outer loop
      vertex 13.460352560589715 7.096391529910786 35.87907868721023
      vertex 13.315839142055077 6.951878111376148 41.34105772915782
      vertex 13.547385153352735 7.183424122673806 36.97146762427956
    endloop
  endfacet
  facet normal -0.7071067811865476 0.7071067811865476 -1.9134408135820728e-19
    outer loop
      vertex 13.010764773832475 6.646803743153546 38.06999999999999
      vertex 13.114653075405352 6.7506920447264225 42.40290106384028
      vertex 13.31583914205508 6.95187811137615 34.798942270842176
    endloop
  endfacet
  facet normal -0.7071067811865476 0.7071067811865476 1.4705424644967348e-20
    outer loop
      vertex 13.547385153352735 7.183424122673806 36.97146762427956
      vertex 13.460352560589714 7.096391529910784 40.260921312789755
      vertex 13.576450198781714 7.212489168102785 38.06999999999999
    endloop
  endfacet
  facet normal -0.7071067811865476 0.7071067811865476 -1.867350405733284e-18
    outer loop
      vertex 13.576450198781714 7.212489168102785 38.06999999999999
      vertex 13.460352560589714 7.096391529910784 40.260921312789755
      vertex 13.547385153352735 7.183424122673806 39.16853237572043
    endloop
  endfacet
  facet normal -0.7071067811865475 0.7071067811865476 3.541226897127471e-19
    outer loop
      vertex 13.460352560589715 7.096391529910786 35.87907868721023
      vertex 13.114653075405352 6.7506920447264225 42.40290106384028
      vertex 13.315839142055077 6.951878111376148 41.34105772915782
    endloop
  endfacet
  facet normal -0.7071067811865475 0.7071067811865476 2.3509061767442855e-18
    outer loop
      vertex 13.547385153352735 7.183424122673806 36.97146762427956
      vertex 13.315839142055077 6.951878111376148 41.34105772915782
      vertex 13.460352560589714 7.096391529910784 40.260921312789755
    endloop
  endfacet
  facet normal 0.7071067811865476 -0.7071067811865476 -1.1720182189624768e-18
    outer loop
      vertex 10.779665030894003 8.658344687334361 35.99831250015117
      vertex 10.993332731845706 8.872012388286064 33.7370989361597
      vertex 10.86196115602366 8.740640812464019 37.0312516991487
    endloop
  endfacet
  facet normal 0.7071067811865476 -0.7071067811865476 -5.973991579009237e-19
    outer loop
      vertex 10.86196115602366 8.740640812464019 37.0312516991487
      vertex 10.993332731845706 8.872012388286064 33.7370989361597
      vertex 10.889444430272832 8.76812408671319 38.06999999999999
    endloop
  endfacet
  facet normal 0.7071067811865476 -0.7071067811865475 5.404045396030547e-19
    outer loop
      vertex 10.993332731845706 8.872012388286064 33.7370989361597
      vertex 11.194518798495436 9.073198454935794 34.798942270842176
      vertex 11.33903221703007 9.217711873470428 40.260921312789755
    endloop
  endfacet
  facet normal 0.7071067811865476 -0.7071067811865476 -2.3302650457597064e-18
    outer loop
      vertex 11.194518798495436 9.073198454935794 34.798942270842176
      vertex 11.339032217030072 9.21771187347043 35.87907868721023
      vertex 11.426064809793091 9.30474446623345 39.16853237572043
    endloop
  endfacet
  facet normal 0.7071067811865476 -0.7071067811865476 7.108895019971551e-19
    outer loop
      vertex 10.889444430272832 8.76812408671319 38.06999999999999
      vertex 10.993332731845706 8.872012388286064 33.7370989361597
      vertex 11.194518798495434 9.073198454935792 41.34105772915782
    endloop
  endfacet
  facet normal 0.7071067811865475 -0.7071067811865476 -3.540228869445991e-18
    outer loop
      vertex 11.194518798495436 9.073198454935794 34.798942270842176
      vertex 11.426064809793091 9.30474446623345 39.16853237572043
      vertex 11.33903221703007 9.217711873470428 40.260921312789755
    endloop
  endfacet
  facet normal 0.7071067811865475 -0.7071067811865475 -4.8830501942689475e-18
    outer loop
      vertex 11.339032217030072 9.21771187347043 35.87907868721023
      vertex 11.426064809793091 9.30474446623345 36.97146762427956
      vertex 11.45512985522207 9.333809511662428 38.06999999999999
    endloop
  endfacet
  facet normal 0.7071067811865475 -0.7071067811865476 -1.6307232867904284e-18
    outer loop
      vertex 11.339032217030072 9.21771187347043 35.87907868721023
      vertex 11.45512985522207 9.333809511662428 38.06999999999999
      vertex 11.426064809793091 9.30474446623345 39.16853237572043
    endloop
  endfacet
  facet normal 0.7071067811865475 -0.7071067811865475 -1.4722779620354729e-18
    outer loop
      vertex 10.993332731845706 8.872012388286064 33.7370989361597
      vertex 11.33903221703007 9.217711873470428 40.260921312789755
      vertex 11.194518798495434 9.073198454935792 41.34105772915782
    endloop
  endfacet
  facet normal 0.7071067811865476 -0.7071067811865476 5.850741152203098e-19
    outer loop
      vertex 10.889444430272832 8.76812408671319 38.06999999999999
      vertex 11.194518798495434 9.073198454935792 41.34105772915782
      vertex 10.86196115602366 8.740640812464019 39.10874830085129
    endloop
  endfacet
  facet normal 0.7071067811865476 -0.7071067811865476 2.3654155651549264e-18
    outer loop
      vertex 10.779665030894002 8.65834468733436 40.141687499848814
      vertex 10.86196115602366 8.740640812464019 39.10874830085129
      vertex 11.194518798495434 9.073198454935792 41.34105772915782
    endloop
  endfacet
  facet normal 0.7071067811865476 -0.7071067811865475 6.7638318422031085e-18
    outer loop
      vertex 10.779665030894002 8.65834468733436 40.141687499848814
      vertex 11.194518798495434 9.073198454935792 41.34105772915782
      vertex 10.993332731845708 8.872012388286066 42.40290106384028
    endloop
  endfacet
  facet normal -0.7071067811865476 0.7071067811865476 -2.3889955259253694e-18
    outer loop
      vertex -11.194518798495434 -9.073198454935792 34.79894227084217
      vertex -11.33903221703007 -9.217711873470428 35.879078687210225
      vertex -11.426064809793091 -9.30474446623345 39.168532375720424
    endloop
  endfacet
  facet normal -0.7071067811865476 0.7071067811865476 -2.077687180697519e-18
    outer loop
      vertex -10.99333273184571 -8.872012388286068 33.737098936159704
      vertex -11.194518798495434 -9.073198454935792 34.79894227084217
      vertex -11.33903221703007 -9.217711873470428 40.26092131278976
    endloop
  endfacet
  facet normal -0.7071067811865475 0.7071067811865476 -1.2533175300048675e-18
    outer loop
      vertex -10.99333273184571 -8.872012388286068 33.737098936159704
      vertex -10.86196115602366 -8.740640812464019 37.0312516991487
      vertex -10.779665030894002 -8.65834468733436 35.998312500151165
    endloop
  endfacet
  facet normal -0.7071067811865476 0.7071067811865475 -2.202022555161997e-18
    outer loop
      vertex -10.99333273184571 -8.872012388286068 33.737098936159704
      vertex -10.889444430272832 -8.76812408671319 38.06999999999999
      vertex -10.86196115602366 -8.740640812464019 37.0312516991487
    endloop
  endfacet
  facet normal -0.7071067811865477 0.7071067811865474 -4.780158021656372e-18
    outer loop
      vertex -11.33903221703007 -9.217711873470428 35.879078687210225
      vertex -11.426064809793091 -9.30474446623345 36.97146762427956
      vertex -11.45512985522207 -9.333809511662428 38.06999999999999
    endloop
  endfacet
  facet normal -0.7071067811865476 0.7071067811865476 -1.5963618415395572e-18
    outer loop
      vertex -11.33903221703007 -9.217711873470428 35.879078687210225
      vertex -11.45512985522207 -9.333809511662428 38.06999999999999
      vertex -11.426064809793091 -9.30474446623345 39.168532375720424
    endloop
  endfacet
  facet normal -0.7071067811865475 0.7071067811865475 -1.4387624127146675e-18
    outer loop
      vertex -11.194518798495434 -9.073198454935792 34.79894227084217
      vertex -11.426064809793091 -9.30474446623345 39.168532375720424
      vertex -11.33903221703007 -9.217711873470428 40.26092131278976
    endloop
  endfacet
  facet normal -0.7071067811865475 0.7071067811865475 6.740960149198023e-19
    outer loop
      vertex -10.99333273184571 -8.872012388286068 33.737098936159704
      vertex -11.194518798495434 -9.073198454935792 41.34105772915782
      vertex -10.889444430272832 -8.76812408671319 38.06999999999999
    endloop
  endfacet
  facet normal -0.7071067811865476 0.7071067811865475 -1.4924178504416366e-18
    outer loop
      vertex -10.99333273184571 -8.872012388286068 33.737098936159704
      vertex -11.33903221703007 -9.217711873470428 40.26092131278976
      vertex -11.194518798495434 -9.073198454935792 41.34105772915782
    endloop
  endfacet
  facet normal -0.7071067811865476 0.7071067811865476 5.850741152203098e-19
    outer loop
      vertex -10.889444430272832 -8.76812408671319 38.06999999999999
      vertex -11.194518798495434 -9.073198454935792 41.34105772915782
      vertex -10.86196115602366 -8.740640812464019 39.10874830085129
    endloop
  endfacet
  facet normal -0.7071067811865475 0.7071067811865475 7.405855872339017e-18
    outer loop
      vertex -11.194518798495434 -9.073198454935792 41.34105772915782
      vertex -10.779665030894002 -8.65834468733436 40.14168749984882
      vertex -10.86196115602366 -8.740640812464019 39.10874830085129
    endloop
  endfacet
  facet normal -0.7071067811865476 0.7071067811865476 6.530677311126256e-18
    outer loop
      vertex -11.194518798495434 -9.073198454935792 41.34105772915782
      vertex -10.99333273184571 -8.872012388286068 42.40290106384028
      vertex -10.779665030894002 -8.65834468733436 40.14168749984882
    endloop
  endfacet
  facet normal 0.7071067811865476 -0.7071067811865476 4.2326428487252737e-19
    outer loop
      vertex -13.114653075405354 -6.750692044726424 33.737098936159704
      vertex -12.900985374453645 -6.537024343774716 35.998312500151165
      vertex -13.315839142055077 -6.951878111376148 34.79894227084217
    endloop
  endfacet
  facet normal 0.7071067811865476 -0.7071067811865476 7.578698937129398e-18
    outer loop
      vertex -13.315839142055077 -6.951878111376148 34.79894227084217
      vertex -12.983281499583304 -6.619320468904375 37.0312516991487
      vertex -13.010764773832475 -6.646803743153546 38.06999999999999
    endloop
  endfacet
  facet normal 0.7071067811865596 -0.7071067811865354 1.7858581587366038e-14
    outer loop
      vertex -11.308704157414109 -4.94474312673518 28.90469991267661
      vertex -10.801665973465187 -4.43770494278626 28.07146075476748
      vertex -10.960155108391488 -4.59619407771256 28.34563115455498
    endloop
  endfacet
  facet normal 0.7071067811865467 -0.7071067811865485 -1.7771306243462603e-18
    outer loop
      vertex -11.308704157414109 -4.94474312673518 28.90469991267661
      vertex -10.960155108391488 -4.59619407771256 28.34563115455498
      vertex -10.960155108391488 -4.59619407771256 29.583080320336148
    endloop
  endfacet
  facet normal 0.7071067811865476 -0.7071067811865476 -1.1618599894841943e-19
    outer loop
      vertex -12.183855320067643 -5.819894289388714 30.71999999999999
      vertex -12.037409141571029 -5.6734481108920995 32.039016026265934
      vertex -12.547074098476443 -6.183113067797514 31.691909034971886
    endloop
  endfacet
  facet normal 0.7071067811865475 -0.7071067811865475 -2.597023723221878e-18
    outer loop
      vertex -12.183855320067643 -5.819894289388714 30.71999999999999
      vertex -11.693957371511008 -5.3299963408320785 31.119999999999994
      vertex -12.037409141571029 -5.6734481108920995 32.039016026265934
    endloop
  endfacet
  facet normal 0.7071067811865476 -0.7071067811865476 2.094569049348068e-18
    outer loop
      vertex -12.183855320067643 -5.819894289388714 30.71999999999999
      vertex -11.770294406251557 -5.406333375572627 29.78919514646475
      vertex -11.302903174093075 -4.938942143414145 30.239851192915648
    endloop
  endfacet
  facet normal 0.707106781186547 -0.7071067811865479 -4.80759334562115e-16
    outer loop
      vertex -11.308704157414109 -4.94474312673518 28.90469991267661
      vertex -10.960155108391488 -4.59619407771256 29.583080320336148
      vertex -11.770294406251557 -5.406333375572627 29.78919514646475
    endloop
  endfacet
  facet normal 0.7071067811865472 -0.7071067811865478 6.500459955720265e-16
    outer loop
      vertex -10.960155108391488 -4.59619407771256 29.583080320336148
      vertex -11.302903174093075 -4.938942143414145 30.239851192915648
      vertex -11.770294406251557 -5.406333375572627 29.78919514646475
    endloop
  endfacet
  facet normal 0.7071067811865475 -0.7071067811865475 3.263953297984589e-17
    outer loop
      vertex -12.183855320067643 -5.819894289388714 30.71999999999999
      vertex -11.302903174093075 -4.938942143414145 30.239851192915648
      vertex -11.693957371511008 -5.3299963408320785 31.119999999999994
    endloop
  endfacet
  facet normal -0.7071067811865476 0.7071067811865476 1.47751023270594e-18
    outer loop
      vertex -10.062534976508 -7.941214632948357 30.71999999999999
      vertex -10.210017419098357 -8.088697075538715 32.99175976130711
      vertex -9.648974062691913 -7.527653719132271 29.78919514646475
    endloop
  endfacet
  facet normal -0.7071067811865475 0.7071067811865475 1.3611995727053561e-17
    outer loop
      vertex -9.187383813854465 -7.066063470294823 28.90469991267661
      vertex -9.648974062691913 -7.527653719132271 29.78919514646475
      vertex -9.572637027951364 -7.451316684391722 31.119999999999994
    endloop
  endfacet
  facet normal -0.7071067811865475 0.7071067811865475 1.1688273652573494e-19
    outer loop
      vertex -9.187383813854465 -7.066063470294823 28.90469991267661
      vertex -9.572637027951364 -7.451316684391722 31.119999999999994
      vertex -9.181582830533431 -7.060262486973789 30.239851192915648
    endloop
  endfacet
  facet normal -0.7071067811865485 0.7071067811865466 7.659886195212957e-18
    outer loop
      vertex -9.187383813854465 -7.066063470294823 28.90469991267661
      vertex -9.181582830533431 -7.060262486973789 30.239851192915648
      vertex -8.838834764831844 -6.7175144212722016 28.331913236462704
    endloop
  endfacet
  facet normal -0.7071067811865483 0.7071067811865466 0
    outer loop
      vertex -8.838834764831844 -6.7175144212722016 28.331913236462704
      vertex -9.181582830533431 -7.060262486973789 30.239851192915648
      vertex -8.838834764831844 -6.7175144212722016 29.583080320336148
    endloop
  endfacet
  facet normal -0.7071067811865476 0.7071067811865476 -7.417527140045218e-18
    outer loop
      vertex -9.916088798011385 -7.794768454451743 32.039016026265934
      vertex -9.572637027951364 -7.451316684391722 31.119999999999994
      vertex -9.648974062691913 -7.527653719132271 29.78919514646475
    endloop
  endfacet
  facet normal 0.7071067811865476 -0.7071067811865475 7.344424628136532e-18
    outer loop
      vertex -13.114653075405354 -6.750692044726424 33.737098936159704
      vertex -12.76433663175763 -6.4003756010787 34.97695901800722
      vertex -12.900985374453645 -6.537024343774716 35.998312500151165
    endloop
  endfacet
  facet normal 0.7071067811865475 -0.7071067811865475 7.405855872339017e-18
    outer loop
      vertex -13.315839142055077 -6.951878111376148 34.79894227084217
      vertex -12.900985374453645 -6.537024343774716 35.998312500151165
      vertex -12.983281499583304 -6.619320468904375 37.0312516991487
    endloop
  endfacet
  facet normal 0.7071067811865476 -0.7071067811865476 -7.381393613579966e-18
    outer loop
      vertex -12.547074098476443 -6.183113067797514 31.691909034971886
      vertex -12.331337762658 -5.967376731979071 32.99175976130711
      vertex -12.857919474733887 -6.493958444054957 32.69948694181399
    endloop
  endfacet
  facet normal 0.7071067811865475 -0.7071067811865476 -3.8189854365118387e-19
    outer loop
      vertex -12.547074098476443 -6.183113067797514 31.691909034971886
      vertex -12.037409141571029 -5.6734481108920995 32.039016026265934
      vertex -12.331337762658 -5.967376731979071 32.99175976130711
    endloop
  endfacet
  facet normal 0.7071067811865476 -0.7071067811865476 -1.1673814223833297e-17
    outer loop
      vertex -12.857919474733887 -6.493958444054957 32.69948694181399
      vertex -12.331337762658 -5.967376731979071 32.99175976130711
      vertex -12.574099466694284 -6.210138436015354 33.97290307568843
    endloop
  endfacet
  facet normal 0.7071067811865476 -0.7071067811865475 -6.951027096321564e-18
    outer loop
      vertex -13.114653075405354 -6.750692044726424 33.737098936159704
      vertex -12.857919474733887 -6.493958444054957 32.69948694181399
      vertex -12.76433663175763 -6.4003756010787 34.97695901800722
    endloop
  endfacet
  facet normal 0.7071067811865476 -0.7071067811865476 -1.8975005912516823e-18
    outer loop
      vertex -12.857919474733887 -6.493958444054957 32.69948694181399
      vertex -12.574099466694284 -6.210138436015354 33.97290307568843
      vertex -12.76433663175763 -6.4003756010787 34.97695901800722
    endloop
  endfacet
  facet normal -0.7071067811865475 0.7071067811865475 4.944464721413522e-18
    outer loop
      vertex -10.062534976508 -7.941214632948357 30.71999999999999
      vertex -10.4257537549168 -8.304433411357158 31.691909034971886
      vertex -10.45277912313464 -8.331458779574998 33.97290307568843
    endloop
  endfacet
  facet normal -0.7071067811865476 0.7071067811865476 -6.736115806550279e-18
    outer loop
      vertex -9.916088798011385 -7.794768454451743 32.039016026265934
      vertex -9.648974062691913 -7.527653719132271 29.78919514646475
      vertex -10.210017419098357 -8.088697075538715 32.99175976130711
    endloop
  endfacet
  facet normal -0.7071067811865475 0.7071067811865475 1.6047010200703354e-18
    outer loop
      vertex -10.062534976508 -7.941214632948357 30.71999999999999
      vertex -10.45277912313464 -8.331458779574998 33.97290307568843
      vertex -10.210017419098357 -8.088697075538715 32.99175976130711
    endloop
  endfacet
  facet normal -0.7071067811865476 0.7071067811865476 -2.6520361154959037e-18
    outer loop
      vertex -10.4257537549168 -8.304433411357158 31.691909034971886
      vertex -10.736599131174243 -8.615278787614601 32.69948694181399
      vertex -10.643016288197986 -8.521695944638344 34.97695901800722
    endloop
  endfacet
  facet normal -0.7071067811865476 0.7071067811865476 5.809122832033431e-19
    outer loop
      vertex -10.4257537549168 -8.304433411357158 31.691909034971886
      vertex -10.643016288197986 -8.521695944638344 34.97695901800722
      vertex -10.45277912313464 -8.331458779574998 33.97290307568843
    endloop
  endfacet
  facet normal -0.7071067811865476 0.7071067811865476 7.308776118528109e-19
    outer loop
      vertex -10.99333273184571 -8.872012388286068 33.737098936159704
      vertex -10.779665030894002 -8.65834468733436 35.998312500151165
      vertex -10.736599131174243 -8.615278787614601 32.69948694181399
    endloop
  endfacet
  facet normal -0.7071067811865475 0.7071067811865475 3.3716770866991084e-19
    outer loop
      vertex -10.736599131174243 -8.615278787614601 32.69948694181399
      vertex -10.779665030894002 -8.65834468733436 35.998312500151165
      vertex -10.643016288197986 -8.521695944638344 34.97695901800722
    endloop
  endfacet
  facet normal 0.707106781186547 -0.7071067811865481 -8.156744281721816e-18
    outer loop
      vertex -10.252015417603202 -3.888054386924273 27.294137484101547
      vertex -9.950444163156558 -3.586483132477629 26.927116468023712
      vertex -9.950444163156558 -3.586483132477629 27.99823101372183
    endloop
  endfacet
  facet normal 0.7071067811865472 -0.7071067811865478 2.0600013820417137e-15
    outer loop
      vertex -10.960155108391488 -4.59619407771256 28.34563115455498
      vertex -10.801665973465187 -4.43770494278626 28.07146075476748
      vertex -10.196093158524837 -3.832132127845909 28.34563115455498
    endloop
  endfacet
  facet normal 0.7071067811865478 -0.7071067811865472 -7.65425075576399e-16
    outer loop
      vertex -10.801665973465187 -4.43770494278626 28.07146075476748
      vertex -10.252015417603202 -3.888054386924273 27.294137484101547
      vertex -9.950444163156558 -3.586483132477629 27.99823101372183
    endloop
  endfacet
  facet normal 0.7071067811865479 -0.7071067811865471 -4.886966747122077e-16
    outer loop
      vertex -10.801665973465187 -4.43770494278626 28.07146075476748
      vertex -9.950444163156558 -3.586483132477629 27.99823101372183
      vertex -10.196093158524837 -3.832132127845909 28.34563115455498
    endloop
  endfacet
  facet normal 0.7071067811865475 -0.7071067811865475 -9.24885550861367e-19
    outer loop
      vertex -13.460352560589714 -7.096391529910784 35.879078687210225
      vertex -13.315839142055077 -6.951878111376148 41.34105772915782
      vertex -13.547385153352735 -7.183424122673806 36.97146762427956
    endloop
  endfacet
  facet normal 0.7071067811865475 -0.7071067811865475 -4.970990651721303e-19
    outer loop
      vertex -13.315839142055077 -6.951878111376148 34.79894227084217
      vertex -13.114653075405354 -6.750692044726424 42.40290106384028
      vertex -13.460352560589714 -7.096391529910784 35.879078687210225
    endloop
  endfacet
  facet normal 0.7071067811865475 -0.7071067811865476 1.470542464496733e-20
    outer loop
      vertex -13.547385153352735 -7.183424122673806 36.97146762427956
      vertex -13.460352560589714 -7.096391529910784 40.26092131278976
      vertex -13.576450198781714 -7.212489168102785 38.06999999999999
    endloop
  endfacet
  facet normal 0.7071067811865475 -0.7071067811865475 -1.8673504057333136e-18
    outer loop
      vertex -13.576450198781714 -7.212489168102785 38.06999999999999
      vertex -13.460352560589714 -7.096391529910784 40.26092131278976
      vertex -13.547385153352735 -7.183424122673806 39.168532375720424
    endloop
  endfacet
  facet normal 0.7071067811865475 -0.7071067811865475 -7.735722479059334e-19
    outer loop
      vertex -13.315839142055077 -6.951878111376148 34.79894227084217
      vertex -13.010764773832475 -6.646803743153546 38.06999999999999
      vertex -13.114653075405354 -6.750692044726424 42.40290106384028
    endloop
  endfacet
  facet normal 0.7071067811865477 -0.7071067811865476 2.350906176744276e-18
    outer loop
      vertex -13.547385153352735 -7.183424122673806 36.97146762427956
      vertex -13.315839142055077 -6.951878111376148 41.34105772915782
      vertex -13.460352560589714 -7.096391529910784 40.26092131278976
    endloop
  endfacet
  facet normal 0.7071067811865476 -0.7071067811865475 -2.18854986723238e-18
    outer loop
      vertex -13.460352560589714 -7.096391529910784 35.879078687210225
      vertex -13.114653075405354 -6.750692044726424 42.40290106384028
      vertex -13.315839142055077 -6.951878111376148 41.34105772915782
    endloop
  endfacet
  facet normal 0.7071067811865476 -0.7071067811865475 4.10674969989472e-19
    outer loop
      vertex -13.010764773832475 -6.646803743153546 38.06999999999999
      vertex -12.983281499583304 -6.619320468904375 39.10874830085129
      vertex -13.114653075405354 -6.750692044726424 42.40290106384028
    endloop
  endfacet
  facet normal 0.7071067811865475 -0.7071067811865476 -1.2533175300048675e-18
    outer loop
      vertex -13.114653075405354 -6.750692044726424 42.40290106384028
      vertex -12.983281499583304 -6.619320468904375 39.10874830085129
      vertex -12.900985374453645 -6.537024343774716 40.14168749984882
    endloop
  endfacet
  facet normal 0.7071067811865476 -0.7071067811865476 7.308776118528109e-19
    outer loop
      vertex -13.114653075405354 -6.750692044726424 42.40290106384028
      vertex -12.900985374453645 -6.537024343774716 40.14168749984882
      vertex -12.857919474733887 -6.493958444054957 43.440513058186
    endloop
  endfacet
  facet normal 0.7071067811865475 -0.7071067811865475 -5.827207899481961e-19
    outer loop
      vertex -12.900985374453645 -6.537024343774716 40.14168749984882
      vertex -12.76433663175763 -6.4003756010787 41.163040981992765
      vertex -12.857919474733887 -6.493958444054957 43.440513058186
    endloop
  endfacet
  facet normal -0.7071067811865476 0.7071067811865475 7.344424628136532e-18
    outer loop
      vertex -10.99333273184571 -8.872012388286068 42.40290106384028
      vertex -10.643016288197986 -8.521695944638344 41.163040981992765
      vertex -10.779665030894002 -8.65834468733436 40.14168749984882
    endloop
  endfacet
  facet normal 0.7071067811865476 -0.7071067811865476 2.3692732778006437e-18
    outer loop
      vertex -12.76433663175763 -6.4003756010787 41.163040981992765
      vertex -12.574099466694284 -6.210138436015354 42.16709692431156
      vertex -12.547074098476443 -6.183113067797514 44.4480909650281
    endloop
  endfacet
  facet normal 0.7071067811865476 -0.7071067811865476 -4.390631205310144e-19
    outer loop
      vertex -12.76433663175763 -6.4003756010787 41.163040981992765
      vertex -12.547074098476443 -6.183113067797514 44.4480909650281
      vertex -12.857919474733887 -6.493958444054957 43.440513058186
    endloop
  endfacet
  facet normal 0.7071067811865475 -0.7071067811865475 -4.504517183922522e-19
    outer loop
      vertex -12.574099466694284 -6.210138436015354 42.16709692431156
      vertex -12.183855320067643 -5.819894289388714 45.419999999999995
      vertex -12.547074098476443 -6.183113067797514 44.4480909650281
    endloop
  endfacet
  facet normal 0.7071067811865475 -0.7071067811865475 -4.80358705509506e-18
    outer loop
      vertex -12.574099466694284 -6.210138436015354 42.16709692431156
      vertex -12.331337762658 -5.967376731979071 43.14824023869288
      vertex -12.183855320067643 -5.819894289388714 45.419999999999995
    endloop
  endfacet
  facet normal 0.7071067811865476 -0.7071067811865476 -5.38639665798046e-18
    outer loop
      vertex -12.331337762658 -5.967376731979071 43.14824023869288
      vertex -12.037409141571029 -5.6734481108920995 44.10098397373405
      vertex -11.770294406251557 -5.406333375572627 46.35080485353524
    endloop
  endfacet
  facet normal 0.7071067811865476 -0.7071067811865476 2.364197649004072e-18
    outer loop
      vertex -12.331337762658 -5.967376731979071 43.14824023869288
      vertex -11.770294406251557 -5.406333375572627 46.35080485353524
      vertex -12.183855320067643 -5.819894289388714 45.419999999999995
    endloop
  endfacet
  facet normal 0.7071067811865476 -0.7071067811865476 -7.417527140045232e-18
    outer loop
      vertex -12.037409141571029 -5.6734481108920995 44.10098397373405
      vertex -11.693957371511008 -5.3299963408320785 45.019999999999996
      vertex -11.770294406251557 -5.406333375572627 46.35080485353524
    endloop
  endfacet
  facet normal 0.7071067811865475 -0.7071067811865476 1.6129327631159923e-18
    outer loop
      vertex -11.693957371511008 -5.3299963408320785 45.019999999999996
      vertex -11.308704157414109 -4.94474312673518 47.23530008732338
      vertex -11.770294406251557 -5.406333375572627 46.35080485353524
    endloop
  endfacet
  facet normal 0.7071067811865477 -0.7071067811865475 -3.1122736090854634e-18
    outer loop
      vertex -11.693957371511008 -5.3299963408320785 45.019999999999996
      vertex -11.302903174093075 -4.938942143414145 45.900148807084335
      vertex -11.308704157414109 -4.94474312673518 47.23530008732338
    endloop
  endfacet
  facet normal 0.7071067811865475 -0.7071067811865476 -9.748251472317092e-20
    outer loop
      vertex -11.302903174093075 -4.938942143414145 45.900148807084335
      vertex -11.28758875430357 -4.923627723624641 47.269999999999996
      vertex -11.308704157414109 -4.94474312673518 47.23530008732338
    endloop
  endfacet
  facet normal 0.7071067811865466 -0.7071067811865485 2.1499384347841196e-17
    outer loop
      vertex -11.302903174093075 -4.938942143414145 45.900148807084335
      vertex -10.960155108391488 -4.59619407771256 46.556919679663835
      vertex -11.28758875430357 -4.923627723624641 47.269999999999996
    endloop
  endfacet
  facet normal 0.7071067811865475 -0.7071067811865475 8.807380677361007e-16
    outer loop
      vertex -10.960155108391488 -4.59619407771256 46.556919679663835
      vertex -10.960155108391488 -4.596194077712559 47.269999999999996
      vertex -11.28758875430357 -4.923627723624641 47.269999999999996
    endloop
  endfacet
  facet normal -0.7071067811865476 0.7071067811865475 -6.951027096321564e-18
    outer loop
      vertex -10.99333273184571 -8.872012388286068 42.40290106384028
      vertex -10.736599131174243 -8.615278787614601 43.440513058186
      vertex -10.643016288197986 -8.521695944638344 41.163040981992765
    endloop
  endfacet
  facet normal -0.7071067811865476 0.7071067811865476 -9.67598726997596e-19
    outer loop
      vertex -10.643016288197986 -8.521695944638344 41.163040981992765
      vertex -10.736599131174243 -8.615278787614601 43.440513058186
      vertex -10.45277912313464 -8.331458779574998 42.16709692431156
    endloop
  endfacet
  facet normal -0.7071067811865475 0.7071067811865476 -3.3851317212371697e-18
    outer loop
      vertex -10.45277912313464 -8.331458779574998 42.16709692431156
      vertex -10.736599131174243 -8.615278787614601 43.440513058186
      vertex -10.210017419098357 -8.088697075538715 43.14824023869288
    endloop
  endfacet
  facet normal -0.7071067811865477 0.7071067811865476 -1.3697529289207538e-17
    outer loop
      vertex -10.736599131174243 -8.615278787614601 43.440513058186
      vertex -10.4257537549168 -8.304433411357158 44.4480909650281
      vertex -10.210017419098357 -8.088697075538715 43.14824023869288
    endloop
  endfacet
  facet normal -0.7071067811865476 0.7071067811865475 7.931454357118312e-18
    outer loop
      vertex -10.210017419098357 -8.088697075538715 43.14824023869288
      vertex -10.4257537549168 -8.304433411357158 44.4480909650281
      vertex -9.916088798011385 -7.794768454451743 44.10098397373405
    endloop
  endfacet
  facet normal -0.7071067811865476 0.7071067811865476 1.0224838159116306e-17
    outer loop
      vertex -10.4257537549168 -8.304433411357158 44.4480909650281
      vertex -10.062534976508 -7.941214632948357 45.419999999999995
      vertex -9.916088798011385 -7.794768454451743 44.10098397373405
    endloop
  endfacet
  facet normal -0.7071067811865476 0.7071067811865475 5.344911546249549e-21
    outer loop
      vertex -9.916088798011385 -7.794768454451743 44.10098397373405
      vertex -10.062534976508 -7.941214632948357 45.419999999999995
      vertex -9.572637027951364 -7.451316684391722 45.019999999999996
    endloop
  endfacet
  facet normal -0.7071067811865475 0.7071067811865476 3.2639532979846163e-17
    outer loop
      vertex -10.062534976508 -7.941214632948357 45.419999999999995
      vertex -9.181582830533431 -7.060262486973789 45.900148807084335
      vertex -9.572637027951364 -7.451316684391722 45.019999999999996
    endloop
  endfacet
  facet normal -0.7071067811865475 0.7071067811865476 2.0945690493480626e-18
    outer loop
      vertex -10.062534976508 -7.941214632948357 45.419999999999995
      vertex -9.648974062691913 -7.527653719132271 46.35080485353524
      vertex -9.181582830533431 -7.060262486973789 45.900148807084335
    endloop
  endfacet
  facet normal -0.7071067811865478 0.7071067811865471 -6.741211156042731e-16
    outer loop
      vertex -9.648974062691913 -7.527653719132271 46.35080485353524
      vertex -8.838834764831844 -6.7175144212722016 46.556919679663835
      vertex -9.181582830533431 -7.060262486973789 45.900148807084335
    endloop
  endfacet
  facet normal -0.707106781186548 0.7071067811865471 4.843495553546214e-16
    outer loop
      vertex -9.648974062691913 -7.527653719132271 46.35080485353524
      vertex -9.187383813854465 -7.066063470294823 47.23530008732338
      vertex -8.838834764831844 -6.7175144212722016 46.556919679663835
    endloop
  endfacet
  facet normal -0.7071067811865485 0.7071067811865465 1.1617019937345643e-15
    outer loop
      vertex -9.187383813854465 -7.066063470294823 47.23530008732338
      vertex -9.166268410743927 -7.044948067184285 47.269999999999996
      vertex -8.838834764831844 -6.7175144212722016 47.269999999999996
    endloop
  endfacet
  facet normal -0.7071067811865483 0.7071067811865466 0
    outer loop
      vertex -8.838834764831844 -6.7175144212722016 46.556919679663835
      vertex -9.187383813854465 -7.066063470294823 47.23530008732338
      vertex -8.838834764831844 -6.7175144212722016 47.269999999999996
    endloop
  endfacet
  facet normal 0.7071067811865482 -0.7071067811865467 -2.224891456309461e-16
    outer loop
      vertex 3.6360389693210715 10 26.987427367430357
      vertex 3.8880543869242694 10.252015417603198 27.294137484101544
      vertex 3.832132127845907 10.196093158524835 28.34563115455498
    endloop
  endfacet
  facet normal 0.7071067811865476 -0.7071067811865476 0
    outer loop
      vertex 3.6360389693210715 10 26.987427367430357
      vertex 3.832132127845907 10.196093158524835 28.34563115455498
      vertex 3.6360389693210715 10 28.068313550280582
    endloop
  endfacet
  facet normal 0.707106781186548 -0.707106781186547 -2.4846047391059893e-16
    outer loop
      vertex 3.8880543869242694 10.252015417603198 27.294137484101544
      vertex 4.43770494278626 10.80166597346519 28.071460754767482
      vertex 3.832132127845907 10.196093158524835 28.34563115455498
    endloop
  endfacet
  facet normal 0.7071067811865478 -0.7071067811865471 -3.9353054812267104e-16
    outer loop
      vertex 3.832132127845907 10.196093158524835 28.34563115455498
      vertex 4.43770494278626 10.80166597346519 28.071460754767482
      vertex 4.596194077712559 10.960155108391488 28.34563115455498
    endloop
  endfacet
  facet normal 0.7071067811865488 -0.7071067811865462 3.9799178175583744e-16
    outer loop
      vertex 4.43770494278626 10.80166597346519 28.071460754767482
      vertex 4.944743126735181 11.30870415741411 28.904699912676612
      vertex 4.596194077712559 10.960155108391488 28.34563115455498
    endloop
  endfacet
  facet normal 0.7071067811865475 -0.7071067811865475 0
    outer loop
      vertex 4.596194077712559 10.960155108391488 28.34563115455498
      vertex 4.938942143414145 11.302903174093075 30.239851192915648
      vertex 4.596194077712559 10.960155108391488 29.583080320336148
    endloop
  endfacet
  facet normal 0.7071067811865476 -0.7071067811865476 -6.2833884672205455e-18
    outer loop
      vertex 4.596194077712559 10.960155108391488 28.34563115455498
      vertex 4.944743126735181 11.30870415741411 28.904699912676612
      vertex 4.938942143414145 11.302903174093075 30.239851192915648
    endloop
  endfacet
  facet normal 0.7071067811865475 -0.7071067811865475 -2.0582769901604287e-20
    outer loop
      vertex 4.944743126735181 11.30870415741411 28.904699912676612
      vertex 5.3299963408320785 11.693957371511008 31.119999999999994
      vertex 4.938942143414145 11.302903174093075 30.239851192915648
    endloop
  endfacet
  facet normal 0.7071067811865476 -0.7071067811865476 7.912989522098498e-18
    outer loop
      vertex 4.944743126735181 11.30870415741411 28.904699912676612
      vertex 5.406333375572627 11.770294406251557 29.78919514646475
      vertex 5.3299963408320785 11.693957371511008 31.119999999999994
    endloop
  endfacet
  facet normal 0.7071067811865476 -0.7071067811865476 1.747161757071203e-18
    outer loop
      vertex 5.406333375572627 11.770294406251557 29.78919514646475
      vertex 5.6734481108920995 12.037409141571029 32.039016026265934
      vertex 5.3299963408320785 11.693957371511008 31.119999999999994
    endloop
  endfacet
  facet normal 0.7071067811865475 -0.7071067811865476 5.338524633422645e-18
    outer loop
      vertex 5.406333375572627 11.770294406251557 29.78919514646475
      vertex 5.819894289388714 12.183855320067643 30.71999999999999
      vertex 5.967376731979067 12.331337762657997 32.9917597613071
    endloop
  endfacet
  facet normal -0.7071067811865476 0.7071067811865476 0
    outer loop
      vertex 6.717514421272202 8.838834764831844 28.331913236462707
      vertex 6.717514421272202 8.838834764831844 29.583080320336148
      vertex 7.066063470294825 9.187383813854467 28.904699912676612
    endloop
  endfacet
  facet normal -0.7071067811865476 0.7071067811865475 -1.4431299794372507e-17
    outer loop
      vertex 7.066063470294825 9.187383813854467 28.904699912676612
      vertex 6.717514421272202 8.838834764831844 29.583080320336148
      vertex 7.527653719132271 9.648974062691913 29.78919514646475
    endloop
  endfacet
  facet normal -0.7071067811865476 0.7071067811865475 1.0682908447179857e-17
    outer loop
      vertex 6.717514421272202 8.838834764831844 29.583080320336148
      vertex 7.060262486973789 9.181582830533431 30.239851192915648
      vertex 7.527653719132271 9.648974062691913 29.78919514646475
    endloop
  endfacet
  facet normal -0.7071067811865476 0.7071067811865475 -2.689156015185028e-17
    outer loop
      vertex 7.060262486973789 9.181582830533431 30.239851192915648
      vertex 7.941214632948357 10.062534976508 30.71999999999999
      vertex 7.527653719132271 9.648974062691913 29.78919514646475
    endloop
  endfacet
  facet normal -0.7071067811865476 0.7071067811865475 7.936842892903538e-18
    outer loop
      vertex 7.060262486973789 9.181582830533431 30.239851192915648
      vertex 7.451316684391722 9.572637027951364 31.119999999999994
      vertex 7.941214632948357 10.062534976508 30.71999999999999
    endloop
  endfacet
  facet normal -0.7071067811865475 0.7071067811865475 1.8234030312254365e-18
    outer loop
      vertex 7.451316684391722 9.572637027951364 31.119999999999994
      vertex 7.794768454451743 9.916088798011385 32.039016026265934
      vertex 7.941214632948357 10.062534976508 30.71999999999999
    endloop
  endfacet
  facet normal -0.7071067811865476 0.7071067811865476 -1.1618599894841943e-19
    outer loop
      vertex 7.941214632948357 10.062534976508 30.71999999999999
      vertex 7.794768454451743 9.916088798011385 32.039016026265934
      vertex 8.304433411357158 10.4257537549168 31.691909034971886
    endloop
  endfacet
  facet normal 0.7071067811865475 -0.7071067811865477 8.279473935707488e-18
    outer loop
      vertex 5.406333375572627 11.770294406251557 29.78919514646475
      vertex 5.967376731979067 12.331337762657997 32.9917597613071
      vertex 5.6734481108920995 12.037409141571029 32.039016026265934
    endloop
  endfacet
  facet normal 0.7071067811865476 -0.7071067811865476 -5.155846988865695e-18
    outer loop
      vertex 5.819894289388714 12.183855320067643 30.71999999999999
      vertex 6.210138436015352 12.574099466694282 33.97290307568842
      vertex 5.967376731979067 12.331337762657997 32.9917597613071
    endloop
  endfacet
  facet normal 0.7071067811865475 -0.7071067811865475 -1.0738191996813014e-18
    outer loop
      vertex 5.819894289388714 12.183855320067643 30.71999999999999
      vertex 6.183113067797514 12.547074098476443 31.691909034971886
      vertex 6.210138436015352 12.574099466694282 33.97290307568842
    endloop
  endfacet
  facet normal 0.7071067811865475 -0.7071067811865475 6.507659738381507e-19
    outer loop
      vertex 6.183113067797514 12.547074098476443 31.691909034971886
      vertex 6.4003756010787 12.76433663175763 34.97695901800723
      vertex 6.210138436015352 12.574099466694282 33.97290307568842
    endloop
  endfacet
  facet normal 0.7071067811865476 -0.7071067811865476 -3.230784897115166e-19
    outer loop
      vertex 6.183113067797514 12.547074098476443 31.691909034971886
      vertex 6.493958444054956 12.857919474733885 32.69948694181398
      vertex 6.4003756010787 12.76433663175763 34.97695901800723
    endloop
  endfacet
  facet normal 0.7071067811865475 -0.7071067811865475 1.6173048398477043e-19
    outer loop
      vertex 6.493958444054956 12.857919474733885 32.69948694181398
      vertex 6.537024343774718 12.900985374453647 35.99831250015117
      vertex 6.4003756010787 12.76433663175763 34.97695901800723
    endloop
  endfacet
  facet normal -0.7071067811865475 0.7071067811865475 9.156790413132324e-18
    outer loop
      vertex 7.794768454451743 9.916088798011385 32.039016026265934
      vertex 8.088697075538711 10.210017419098353 32.9917597613071
      vertex 8.304433411357158 10.4257537549168 31.691909034971886
    endloop
  endfacet
  facet normal -0.7071067811865476 0.7071067811865476 -6.783935775177316e-18
    outer loop
      vertex 8.304433411357158 10.4257537549168 31.691909034971886
      vertex 8.088697075538711 10.210017419098353 32.9917597613071
      vertex 8.6152787876146 10.736599131174241 32.69948694181398
    endloop
  endfacet
  facet normal -0.7071067811865476 0.7071067811865476 3.792132354397508e-18
    outer loop
      vertex 8.088697075538711 10.210017419098353 32.9917597613071
      vertex 8.331458779574996 10.452779123134638 33.97290307568842
      vertex 8.6152787876146 10.736599131174241 32.69948694181398
    endloop
  endfacet
  facet normal -0.7071067811865476 0.7071067811865475 1.286012185466686e-18
    outer loop
      vertex 8.6152787876146 10.736599131174241 32.69948694181398
      vertex 8.331458779574996 10.452779123134638 33.97290307568842
      vertex 8.521695944638344 10.643016288197986 34.97695901800723
    endloop
  endfacet
  facet normal -0.7071067811865475 0.7071067811865475 1.1822508511527234e-18
    outer loop
      vertex 8.6152787876146 10.736599131174241 32.69948694181398
      vertex 8.521695944638344 10.643016288197986 34.97695901800723
      vertex 8.872012388286064 10.993332731845706 33.7370989361597
    endloop
  endfacet
  facet normal -0.7071067811865476 0.7071067811865476 -3.065253813176532e-18
    outer loop
      vertex 8.521695944638344 10.643016288197986 34.97695901800723
      vertex 8.658344687334361 10.779665030894003 35.99831250015117
      vertex 8.872012388286064 10.993332731845706 33.7370989361597
    endloop
  endfacet
  facet normal 0.7071067811865476 -0.7071067811865476 4.318045132147228e-19
    outer loop
      vertex 6.493958444054956 12.857919474733885 32.69948694181398
      vertex 6.750692044726421 13.11465307540535 33.7370989361597
      vertex 6.537024343774718 12.900985374453647 35.99831250015117
    endloop
  endfacet
  facet normal 0.7071067811865476 -0.7071067811865476 -1.1720182189624768e-18
    outer loop
      vertex 6.537024343774718 12.900985374453647 35.99831250015117
      vertex 6.750692044726421 13.11465307540535 33.7370989361597
      vertex 6.619320468904375 12.983281499583304 37.0312516991487
    endloop
  endfacet
  facet normal 0.7071067811865476 -0.7071067811865476 -5.973991579009237e-19
    outer loop
      vertex 6.619320468904375 12.983281499583304 37.0312516991487
      vertex 6.750692044726421 13.11465307540535 33.7370989361597
      vertex 6.646803743153546 13.010764773832475 38.06999999999999
    endloop
  endfacet
  facet normal 0.7071067811865476 -0.7071067811865475 5.404045396030547e-19
    outer loop
      vertex 6.750692044726421 13.11465307540535 33.7370989361597
      vertex 6.95187811137615 13.31583914205508 34.798942270842176
      vertex 7.096391529910784 13.460352560589714 40.260921312789755
    endloop
  endfacet
  facet normal 0.7071067811865476 -0.7071067811865476 -2.3302650457597064e-18
    outer loop
      vertex 6.95187811137615 13.31583914205508 34.798942270842176
      vertex 7.096391529910786 13.460352560589715 35.87907868721023
      vertex 7.183424122673806 13.547385153352735 39.16853237572043
    endloop
  endfacet
  facet normal -0.7071067811865475 0.7071067811865475 -5.827207899481953e-19
    outer loop
      vertex 8.65834468733436 10.779665030894002 40.141687499848814
      vertex 8.521695944638344 10.643016288197986 41.163040981992765
      vertex 8.615278787614601 10.736599131174243 43.440513058186
    endloop
  endfacet
  facet normal -0.7071067811865475 0.7071067811865475 6.522434184107194e-19
    outer loop
      vertex 8.65834468733436 10.779665030894002 40.141687499848814
      vertex 8.615278787614601 10.736599131174243 43.440513058186
      vertex 8.872012388286066 10.993332731845708 42.40290106384028
    endloop
  endfacet
  facet normal 0.7071067811865476 -0.7071067811865476 2.3654155651549264e-18
    outer loop
      vertex 6.537024343774716 12.900985374453645 40.141687499848814
      vertex 6.619320468904375 12.983281499583304 39.10874830085129
      vertex 6.951878111376148 13.315839142055077 41.34105772915782
    endloop
  endfacet
  facet normal 0.7071067811865476 -0.7071067811865476 -9.848785386964966e-19
    outer loop
      vertex 6.537024343774716 12.900985374453645 40.141687499848814
      vertex 6.7506920447264225 13.114653075405352 42.40290106384028
      vertex 6.4003756010787 12.76433663175763 41.163040981992765
    endloop
  endfacet
  facet normal 0.7071067811865475 -0.7071067811865475 -9.675987269975948e-19
    outer loop
      vertex 6.4003756010787 12.76433663175763 41.163040981992765
      vertex 6.493958444054957 12.857919474733887 43.440513058186
      vertex 6.210138436015354 12.574099466694284 42.167096924311565
    endloop
  endfacet
  facet normal 0.7071067811865475 -0.7071067811865475 -1.7871909692863903e-18
    outer loop
      vertex 6.4003756010787 12.76433663175763 41.163040981992765
      vertex 6.7506920447264225 13.114653075405352 42.40290106384028
      vertex 6.493958444054957 12.857919474733887 43.440513058186
    endloop
  endfacet
  facet normal 0.7071067811865475 -0.7071067811865475 7.821308329879804e-18
    outer loop
      vertex 6.210138436015354 12.574099466694284 42.167096924311565
      vertex 6.493958444054957 12.857919474733887 43.440513058186
      vertex 5.967376731979069 12.331337762657999 43.148240238692885
    endloop
  endfacet
  facet normal 0.7071067811865475 -0.7071067811865475 7.643794086490182e-18
    outer loop
      vertex 5.967376731979069 12.331337762657999 43.148240238692885
      vertex 6.183113067797516 12.547074098476445 44.4480909650281
      vertex 5.673448110892101 12.03740914157103 44.10098397373405
    endloop
  endfacet
  facet normal 0.7071067811865475 -0.7071067811865475 1.816850305400635e-18
    outer loop
      vertex 5.673448110892101 12.03740914157103 44.10098397373405
      vertex 6.183113067797516 12.547074098476445 44.4480909650281
      vertex 5.819894289388714 12.183855320067643 45.419999999999995
    endloop
  endfacet
  facet normal 0.7071067811865475 -0.7071067811865475 5.348027371856534e-18
    outer loop
      vertex 5.967376731979069 12.331337762657999 43.148240238692885
      vertex 6.493958444054957 12.857919474733887 43.440513058186
      vertex 6.183113067797516 12.547074098476445 44.4480909650281
    endloop
  endfacet
  facet normal 0.7071067811865475 -0.7071067811865476 -1.2887706446669504e-20
    outer loop
      vertex 5.3299963408320785 11.693957371511008 45.019999999999996
      vertex 5.819894289388714 12.183855320067643 45.419999999999995
      vertex 4.938942143414145 11.302903174093075 45.900148807084335
    endloop
  endfacet
  facet normal 0.7071067811865476 -0.7071067811865475 -2.6891560151850218e-17
    outer loop
      vertex 4.938942143414145 11.302903174093075 45.900148807084335
      vertex 5.819894289388714 12.183855320067643 45.419999999999995
      vertex 5.406333375572627 11.770294406251557 46.35080485353524
    endloop
  endfacet
  facet normal 0.7071067811865483 -0.7071067811865466 0
    outer loop
      vertex 4.59619407771256 10.960155108391488 46.55691967966384
      vertex 4.944743126735181 11.30870415741411 47.235300087323374
      vertex 4.59619407771256 10.960155108391488 47.269999999999996
    endloop
  endfacet
  facet normal 0.7071067811865495 -0.7071067811865457 2.0443027445929315e-14
    outer loop
      vertex 4.944743126735181 11.30870415741411 47.235300087323374
      vertex 4.923627723624638 11.287588754303568 47.269999999999996
      vertex 4.59619407771256 10.960155108391488 47.269999999999996
    endloop
  endfacet
  facet normal 0.7071067811865478 -0.7071067811865471 -6.666367032956645e-16
    outer loop
      vertex 4.59619407771256 10.960155108391488 46.55691967966384
      vertex 4.938942143414145 11.302903174093075 45.900148807084335
      vertex 5.406333375572627 11.770294406251557 46.35080485353524
    endloop
  endfacet
  facet normal 0.707106781186548 -0.707106781186547 4.589629491326932e-16
    outer loop
      vertex 4.59619407771256 10.960155108391488 46.55691967966384
      vertex 5.406333375572627 11.770294406251557 46.35080485353524
      vertex 4.944743126735181 11.30870415741411 47.235300087323374
    endloop
  endfacet
  facet normal 0.7071067811865476 -0.7071067811865476 1.3629351876333177e-17
    outer loop
      vertex 5.3299963408320785 11.693957371511008 45.019999999999996
      vertex 5.673448110892101 12.03740914157103 44.10098397373405
      vertex 5.819894289388714 12.183855320067643 45.419999999999995
    endloop
  endfacet
  facet normal -0.7071067811865476 0.7071067811865475 5.979095585512896e-18
    outer loop
      vertex 8.521695944638344 10.643016288197986 41.163040981992765
      vertex 8.331458779574998 10.45277912313464 42.167096924311565
      vertex 8.30443341135716 10.425753754916801 44.4480909650281
    endloop
  endfacet
  facet normal -0.7071067811865476 0.7071067811865475 -7.007843545089019e-19
    outer loop
      vertex 8.521695944638344 10.643016288197986 41.163040981992765
      vertex 8.30443341135716 10.425753754916801 44.4480909650281
      vertex 8.615278787614601 10.736599131174243 43.440513058186
    endloop
  endfacet
  facet normal -0.7071067811865475 0.7071067811865476 -5.979560639234017e-18
    outer loop
      vertex 8.331458779574998 10.45277912313464 42.167096924311565
      vertex 8.088697075538713 10.210017419098355 43.148240238692885
      vertex 7.941214632948357 10.062534976508 45.419999999999995
    endloop
  endfacet
  facet normal -0.7071067811865476 0.7071067811865476 1.2706688575488885e-17
    outer loop
      vertex 8.088697075538713 10.210017419098355 43.148240238692885
      vertex 7.794768454451745 9.916088798011387 44.10098397373405
      vertex 7.527653719132271 9.648974062691913 46.35080485353524
    endloop
  endfacet
  facet normal -0.7071067811865476 0.7071067811865476 1.4585834150495947e-19
    outer loop
      vertex 8.331458779574998 10.45277912313464 42.167096924311565
      vertex 7.941214632948357 10.062534976508 45.419999999999995
      vertex 8.30443341135716 10.425753754916801 44.4480909650281
    endloop
  endfacet
  facet normal -0.7071067811865476 0.7071067811865476 5.428075620261769e-19
    outer loop
      vertex 7.451316684391722 9.572637027951364 45.019999999999996
      vertex 7.527653719132271 9.648974062691913 46.35080485353524
      vertex 7.794768454451745 9.916088798011387 44.10098397373405
    endloop
  endfacet
  facet normal -0.7071067811865471 0.707106781186548 -4.475366555545478e-16
    outer loop
      vertex 7.060262486973789 9.181582830533431 45.900148807084335
      vertex 6.7175144212722016 8.838834764831844 46.55691967966384
      vertex 7.044948067184282 9.166268410743925 47.269999999999996
    endloop
  endfacet
  facet normal -0.7071067811865475 0.7071067811865475 0
    outer loop
      vertex 6.7175144212722016 8.838834764831844 46.55691967966384
      vertex 6.7175144212722016 8.838834764831844 47.269999999999996
      vertex 7.044948067184282 9.166268410743925 47.269999999999996
    endloop
  endfacet
  facet normal -0.7071067811865327 0.7071067811865623 -1.282872990008841e-16
    outer loop
      vertex 7.060262486973789 9.181582830533431 45.900148807084335
      vertex 7.044948067184282 9.166268410743925 47.269999999999996
      vertex 7.066063470294825 9.187383813854467 47.235300087323374
    endloop
  endfacet
  facet normal -0.7071067811865476 0.7071067811865476 -4.13480957504097e-18
    outer loop
      vertex 7.451316684391722 9.572637027951364 45.019999999999996
      vertex 7.060262486973789 9.181582830533431 45.900148807084335
      vertex 7.066063470294825 9.187383813854467 47.235300087323374
    endloop
  endfacet
  facet normal -0.7071067811865476 0.7071067811865476 -1.6809890727422902e-18
    outer loop
      vertex 7.451316684391722 9.572637027951364 45.019999999999996
      vertex 7.066063470294825 9.187383813854467 47.235300087323374
      vertex 7.527653719132271 9.648974062691913 46.35080485353524
    endloop
  endfacet
  facet normal -0.7071067811865475 0.7071067811865475 -6.091945839674994e-18
    outer loop
      vertex 8.088697075538713 10.210017419098355 43.148240238692885
      vertex 7.527653719132271 9.648974062691913 46.35080485353524
      vertex 7.941214632948357 10.062534976508 45.419999999999995
    endloop
  endfacet
  facet normal 0.7071067811865476 -0.7071067811865476 7.108895019971551e-19
    outer loop
      vertex 6.646803743153546 13.010764773832475 38.06999999999999
      vertex 6.750692044726421 13.11465307540535 33.7370989361597
      vertex 6.951878111376148 13.315839142055077 41.34105772915782
    endloop
  endfacet
  facet normal 0.7071067811865475 -0.7071067811865476 -3.540228869445991e-18
    outer loop
      vertex 6.95187811137615 13.31583914205508 34.798942270842176
      vertex 7.183424122673806 13.547385153352735 39.16853237572043
      vertex 7.096391529910784 13.460352560589714 40.260921312789755
    endloop
  endfacet
  facet normal 0.7071067811865475 -0.7071067811865475 -4.8830501942689475e-18
    outer loop
      vertex 7.096391529910786 13.460352560589715 35.87907868721023
      vertex 7.183424122673806 13.547385153352735 36.97146762427956
      vertex 7.212489168102785 13.576450198781714 38.06999999999999
    endloop
  endfacet
  facet normal 0.7071067811865475 -0.7071067811865476 -1.6307232867904284e-18
    outer loop
      vertex 7.096391529910786 13.460352560589715 35.87907868721023
      vertex 7.212489168102785 13.576450198781714 38.06999999999999
      vertex 7.183424122673806 13.547385153352735 39.16853237572043
    endloop
  endfacet
  facet normal 0.7071067811865475 -0.7071067811865475 -1.4722779620354729e-18
    outer loop
      vertex 6.750692044726421 13.11465307540535 33.7370989361597
      vertex 7.096391529910784 13.460352560589714 40.260921312789755
      vertex 6.951878111376148 13.315839142055077 41.34105772915782
    endloop
  endfacet
  facet normal 0.7071067811865476 -0.7071067811865476 5.850741152203098e-19
    outer loop
      vertex 6.646803743153546 13.010764773832475 38.06999999999999
      vertex 6.951878111376148 13.315839142055077 41.34105772915782
      vertex 6.619320468904375 12.983281499583304 39.10874830085129
    endloop
  endfacet
  facet normal 0.7071067811865476 -0.7071067811865475 6.7638318422031085e-18
    outer loop
      vertex 6.537024343774716 12.900985374453645 40.141687499848814
      vertex 6.951878111376148 13.315839142055077 41.34105772915782
      vertex 6.7506920447264225 13.114653075405352 42.40290106384028
    endloop
  endfacet
  facet normal -0.7071067811865476 0.7071067811865476 3.8483684498501334e-18
    outer loop
      vertex 8.658344687334361 10.779665030894003 35.99831250015117
      vertex 9.073198454935794 11.194518798495436 34.798942270842176
      vertex 8.872012388286064 10.993332731845706 33.7370989361597
    endloop
  endfacet
  facet normal -0.7071067811865475 0.7071067811865475 4.8027006484871975e-19
    outer loop
      vertex 8.658344687334361 10.779665030894003 35.99831250015117
      vertex 8.740640812464019 10.86196115602366 37.0312516991487
      vertex 9.073198454935794 11.194518798495436 34.798942270842176
    endloop
  endfacet
  facet normal -0.7071067811865475 0.7071067811865476 -1.5066846546359296e-19
    outer loop
      vertex 8.740640812464019 10.86196115602366 37.0312516991487
      vertex 8.76812408671319 10.889444430272832 38.06999999999999
      vertex 9.073198454935794 11.194518798495436 34.798942270842176
    endloop
  endfacet
  facet normal -0.7071067811865475 0.7071067811865475 -1.6821560706641e-19
    outer loop
      vertex 8.76812408671319 10.889444430272832 38.06999999999999
      vertex 8.740640812464019 10.86196115602366 39.10874830085129
      vertex 8.872012388286066 10.993332731845708 42.40290106384028
    endloop
  endfacet
  facet normal -0.7071067811865476 0.7071067811865476 2.863112386986163e-18
    outer loop
      vertex 8.65834468733436 10.779665030894002 40.141687499848814
      vertex 8.872012388286066 10.993332731845708 42.40290106384028
      vertex 8.740640812464019 10.86196115602366 39.10874830085129
    endloop
  endfacet
  facet normal -0.7071067811865476 0.7071067811865476 -4.630648186542437e-19
    outer loop
      vertex 9.073198454935794 11.194518798495436 34.798942270842176
      vertex 8.872012388286066 10.993332731845708 42.40290106384028
      vertex 9.21771187347043 11.339032217030072 35.87907868721023
    endloop
  endfacet
  facet normal -0.7071067811865475 0.7071067811865475 7.417219814671732e-19
    outer loop
      vertex 9.21771187347043 11.339032217030072 35.87907868721023
      vertex 9.073198454935792 11.194518798495434 41.34105772915782
      vertex 9.30474446623345 11.426064809793091 36.97146762427956
    endloop
  endfacet
  facet normal -0.7071067811865476 0.7071067811865476 -1.9134408135820728e-19
    outer loop
      vertex 8.76812408671319 10.889444430272832 38.06999999999999
      vertex 8.872012388286066 10.993332731845708 42.40290106384028
      vertex 9.073198454935794 11.194518798495436 34.798942270842176
    endloop
  endfacet
  facet normal -0.7071067811865476 0.7071067811865476 1.4705424644967348e-20
    outer loop
      vertex 9.30474446623345 11.426064809793091 36.97146762427956
      vertex 9.217711873470428 11.33903221703007 40.260921312789755
      vertex 9.333809511662428 11.45512985522207 38.06999999999999
    endloop
  endfacet
  facet normal -0.7071067811865476 0.7071067811865476 -1.867350405733284e-18
    outer loop
      vertex 9.333809511662428 11.45512985522207 38.06999999999999
      vertex 9.217711873470428 11.33903221703007 40.260921312789755
      vertex 9.30474446623345 11.426064809793091 39.16853237572043
    endloop
  endfacet
  facet normal -0.7071067811865475 0.7071067811865476 3.541226897127471e-19
    outer loop
      vertex 9.21771187347043 11.339032217030072 35.87907868721023
      vertex 8.872012388286066 10.993332731845708 42.40290106384028
      vertex 9.073198454935792 11.194518798495434 41.34105772915782
    endloop
  endfacet
  facet normal -0.7071067811865475 0.7071067811865476 2.3509061767442855e-18
    outer loop
      vertex 9.30474446623345 11.426064809793091 36.97146762427956
      vertex 9.073198454935792 11.194518798495434 41.34105772915782
      vertex 9.217711873470428 11.33903221703007 40.260921312789755
    endloop
  endfacet
  facet normal 0 1 0
    outer loop
      vertex -13.683844105069804 1.5 9.329486941813997
      vertex -13.551497979327348 1.5 11.606959018007228
      vertex -13.24424235816556 1.5 8.321909034971894
    endloop
  endfacet
  facet normal 0 1 0
    outer loop
      vertex -13.24424235816556 1.5 8.321909034971894
      vertex -13.551497979327348 1.5 11.606959018007228
      vertex -13.282462000427355 1.5 10.602903075688431
    endloop
  endfacet
  facet normal 0 1 0
    outer loop
      vertex -14.331440309072807 1.5 11.428942270842176
      vertex -14.535813145509389 1.5 12.509078687210232
      vertex -14.658895818563348 1.5 15.798532375720434
    endloop
  endfacet
  facet normal 0 1 0
    outer loop
      vertex -14.331440309072807 1.5 11.428942270842176
      vertex -14.535813145509389 1.5 16.890921312789764
      vertex -14.046920245056269 1.5 10.367098936159708
    endloop
  endfacet
  facet normal 0 1 0
    outer loop
      vertex -13.683844105069804 1.5 9.329486941813997
      vertex -14.046920245056269 1.5 10.367098936159708
      vertex -13.744748484529286 1.5 12.628312500151171
    endloop
  endfacet
  facet normal 0 1 0
    outer loop
      vertex -13.683844105069804 1.5 9.329486941813997
      vertex -13.744748484529286 1.5 12.628312500151171
      vertex -13.551497979327348 1.5 11.606959018007228
    endloop
  endfacet
  facet normal 0 1 0
    outer loop
      vertex -14.046920245056269 1.5 10.367098936159708
      vertex -13.861132780818401 1.5 13.661251699148703
      vertex -13.744748484529286 1.5 12.628312500151171
    endloop
  endfacet
  facet normal 0 1 0
    outer loop
      vertex -14.046920245056269 1.5 10.367098936159708
      vertex -13.899999999999999 1.5 14.7
      vertex -13.861132780818401 1.5 13.661251699148703
    endloop
  endfacet
  facet normal 0 1 0
    outer loop
      vertex -14.535813145509389 1.5 12.509078687210232
      vertex -14.658895818563348 1.5 13.601467624279564
      vertex -14.7 1.5 14.7
    endloop
  endfacet
  facet normal 0 1 0
    outer loop
      vertex -14.535813145509389 1.5 12.509078687210232
      vertex -14.7 1.5 14.7
      vertex -14.658895818563348 1.5 15.798532375720434
    endloop
  endfacet
  facet normal 0 1 0
    outer loop
      vertex -14.331440309072807 1.5 11.428942270842176
      vertex -14.658895818563348 1.5 15.798532375720434
      vertex -14.535813145509389 1.5 16.890921312789764
    endloop
  endfacet
  facet normal 0 1 0
    outer loop
      vertex -14.046920245056269 1.5 10.367098936159708
      vertex -14.535813145509389 1.5 16.890921312789764
      vertex -14.331440309072807 1.5 17.97105772915782
    endloop
  endfacet
  facet normal 0 1 0
    outer loop
      vertex -14.046920245056269 1.5 10.367098936159708
      vertex -14.331440309072807 1.5 17.97105772915782
      vertex -13.899999999999999 1.5 14.7
    endloop
  endfacet
  facet normal 0 -1 0
    outer loop
      vertex -13.683844105069804 4.5 9.329486941813997
      vertex -13.24424235816556 4.5 8.321909034971894
      vertex -12.93914510615444 4.5 9.62175976130711
    endloop
  endfacet
  facet normal 0 -1 0
    outer loop
      vertex -13.683844105069804 4.5 9.329486941813997
      vertex -13.551497979327348 4.5 11.606959018007228
      vertex -14.046920245056269 4.5 10.367098936159708
    endloop
  endfacet
  facet normal 0 -1 0
    outer loop
      vertex -13.683844105069804 4.5 9.329486941813997
      vertex -12.93914510615444 4.5 9.62175976130711
      vertex -13.282462000427355 4.5 10.602903075688431
    endloop
  endfacet
  facet normal 0 -1 0
    outer loop
      vertex -13.683844105069804 4.5 9.329486941813997
      vertex -13.282462000427355 4.5 10.602903075688431
      vertex -13.551497979327348 4.5 11.606959018007228
    endloop
  endfacet
  facet normal 0 -1 0
    outer loop
      vertex -14.331440309072807 4.5 11.428942270842176
      vertex -14.046920245056269 4.5 10.367098936159708
      vertex -13.744748484529286 4.5 12.628312500151171
    endloop
  endfacet
  facet normal 0 -1 0
    outer loop
      vertex -14.046920245056269 4.5 10.367098936159708
      vertex -13.551497979327348 4.5 11.606959018007228
      vertex -13.744748484529286 4.5 12.628312500151171
    endloop
  endfacet
  facet normal 0 -1 0
    outer loop
      vertex -14.331440309072807 4.5 11.428942270842176
      vertex -13.744748484529286 4.5 12.628312500151171
      vertex -13.861132780818401 4.5 13.661251699148703
    endloop
  endfacet
  facet normal 0 -1 0
    outer loop
      vertex -14.331440309072807 4.5 11.428942270842176
      vertex -13.861132780818401 4.5 13.661251699148703
      vertex -13.899999999999999 4.5 14.7
    endloop
  endfacet
  facet normal 0 -1 0
    outer loop
      vertex -14.331440309072807 4.5 11.428942270842176
      vertex -14.046920245056269 4.5 19.032901063840292
      vertex -14.535813145509389 4.5 12.509078687210232
    endloop
  endfacet
  facet normal 0 -1 0
    outer loop
      vertex -14.535813145509389 4.5 12.509078687210232
      vertex -14.331440309072807 4.5 17.97105772915782
      vertex -14.658895818563348 4.5 13.601467624279564
    endloop
  endfacet
  facet normal 0 -1 0
    outer loop
      vertex -14.658895818563348 4.5 13.601467624279564
      vertex -14.535813145509389 4.5 16.890921312789764
      vertex -14.7 4.5 14.7
    endloop
  endfacet
  facet normal 0 -1 0
    outer loop
      vertex -14.7 4.5 14.7
      vertex -14.535813145509389 4.5 16.890921312789764
      vertex -14.658895818563348 4.5 15.798532375720434
    endloop
  endfacet
  facet normal 0 -1 0
    outer loop
      vertex -14.331440309072807 4.5 11.428942270842176
      vertex -13.899999999999999 4.5 14.7
      vertex -14.046920245056269 4.5 19.032901063840292
    endloop
  endfacet
  facet normal 0 1 0
    outer loop
      vertex -12.145709982445124 1.5 6.419195146464757
      vertex -12.730573435631246 1.5 7.35
      vertex -12.93914510615444 1.5 9.62175976130711
    endloop
  endfacet
  facet normal 0 1 0
    outer loop
      vertex -12.145709982445124 1.5 6.419195146464757
      vertex -12.523467263843623 1.5 8.66901602626594
      vertex -12.037753112603696 1.5 7.75
    endloop
  endfacet
  facet normal 0 1 0
    outer loop
      vertex -11.492922792280035 1.5 5.534699912676615
      vertex -11.484718962992329 1.5 6.869851192915655
      vertex -11.463061102826137 1.5 5.5
    endloop
  endfacet
  facet normal 0 1 0
    outer loop
      vertex -12.145709982445124 1.5 6.419195146464757
      vertex -12.037753112603696 1.5 7.75
      vertex -11.492922792280035 1.5 5.534699912676615
    endloop
  endfacet
  facet normal 0 1 0
    outer loop
      vertex -11.492922792280035 1.5 5.534699912676615
      vertex -12.037753112603696 1.5 7.75
      vertex -11.484718962992329 1.5 6.869851192915655
    endloop
  endfacet
  facet normal 0 1 0
    outer loop
      vertex -11.484718962992329 1.5 6.869851192915655
      vertex -10.867457606305612 1.5 6.033491754163602
      vertex -11.463061102826137 1.5 5.5
    endloop
  endfacet
  facet normal 0 1 0
    outer loop
      vertex -13.24424235816556 1.5 8.321909034971894
      vertex -13.282462000427355 1.5 10.602903075688431
      vertex -12.730573435631246 1.5 7.35
    endloop
  endfacet
  facet normal 0 1 0
    outer loop
      vertex -13.282462000427355 1.5 10.602903075688431
      vertex -12.93914510615444 1.5 9.62175976130711
      vertex -12.730573435631246 1.5 7.35
    endloop
  endfacet
  facet normal 0 1 0
    outer loop
      vertex -12.145709982445124 1.5 6.419195146464757
      vertex -12.93914510615444 1.5 9.62175976130711
      vertex -12.523467263843623 1.5 8.66901602626594
    endloop
  endfacet
  facet normal 0 1 0
    outer loop
      vertex -10.867457606305612 1.5 6.033491754163602
      vertex -10.408350828789558 1.5 5.5
      vertex -11.463061102826137 1.5 5.5
    endloop
  endfacet
  facet normal 0 -1 0
    outer loop
      vertex -12.145709982445124 4.5 6.419195146464757
      vertex -11.484718962992329 4.5 6.869851192915655
      vertex -12.730573435631246 4.5 7.35
    endloop
  endfacet
  facet normal 0 -1 0
    outer loop
      vertex -12.730573435631246 4.5 7.35
      vertex -11.484718962992329 4.5 6.869851192915655
      vertex -12.037753112603696 4.5 7.75
    endloop
  endfacet
  facet normal 0 -1 0
    outer loop
      vertex -12.730573435631246 4.5 7.35
      vertex -12.037753112603696 4.5 7.75
      vertex -12.523467263843623 4.5 8.66901602626594
    endloop
  endfacet
  facet normal 0 -1 0
    outer loop
      vertex -12.145709982445124 4.5 6.419195146464757
      vertex -11.492922792280035 4.5 5.534699912676615
      vertex -10.867457606305612 4.5 6.033491754163602
    endloop
  endfacet
  facet normal 0 -1 0
    outer loop
      vertex -12.145709982445124 4.5 6.419195146464757
      vertex -10.867457606305612 4.5 6.033491754163602
      vertex -11.484718962992329 4.5 6.869851192915655
    endloop
  endfacet
  facet normal 0 -1 0
    outer loop
      vertex -11.492922792280035 4.5 5.534699912676615
      vertex -11.463061102826137 4.5 5.5
      vertex -10.408350828789558 4.5 5.5
    endloop
  endfacet
  facet normal 0 -1 0
    outer loop
      vertex -11.492922792280035 4.5 5.534699912676615
      vertex -10.408350828789558 4.5 5.5
      vertex -10.867457606305612 4.5 6.033491754163602
    endloop
  endfacet
  facet normal 0 -1 0
    outer loop
      vertex -13.24424235816556 4.5 8.321909034971894
      vertex -12.730573435631246 4.5 7.35
      vertex -12.523467263843623 4.5 8.66901602626594
    endloop
  endfacet
  facet normal 0 -1 0
    outer loop
      vertex -13.24424235816556 4.5 8.321909034971894
      vertex -12.523467263843623 4.5 8.66901602626594
      vertex -12.93914510615444 4.5 9.62175976130711
    endloop
  endfacet
  facet normal 0 1 0
    outer loop
      vertex -13.899999999999999 1.5 14.7
      vertex -14.331440309072807 1.5 17.97105772915782
      vertex -13.861132780818401 1.5 15.738748300851295
    endloop
  endfacet
  facet normal 0 1 0
    outer loop
      vertex -14.331440309072807 1.5 17.97105772915782
      vertex -13.744748484529286 1.5 16.771687499848827
      vertex -13.861132780818401 1.5 15.738748300851295
    endloop
  endfacet
  facet normal 0 1 0
    outer loop
      vertex -13.744748484529286 1.5 16.771687499848827
      vertex -14.046920245056269 1.5 19.032901063840292
      vertex -13.551497979327348 1.5 17.79304098199277
    endloop
  endfacet
  facet normal 0 1 0
    outer loop
      vertex -14.331440309072807 1.5 17.97105772915782
      vertex -14.046920245056269 1.5 19.032901063840292
      vertex -13.744748484529286 1.5 16.771687499848827
    endloop
  endfacet
  facet normal 0 1 0
    outer loop
      vertex -13.551497979327348 1.5 17.79304098199277
      vertex -14.046920245056269 1.5 19.032901063840292
      vertex -13.683844105069804 1.5 20.070513058186002
    endloop
  endfacet
  facet normal 0 1 0
    outer loop
      vertex -13.551497979327348 1.5 17.79304098199277
      vertex -13.683844105069804 1.5 20.070513058186002
      vertex -13.282462000427355 1.5 18.797096924311568
    endloop
  endfacet
  facet normal 0 1 0
    outer loop
      vertex -13.282462000427355 1.5 18.797096924311568
      vertex -13.683844105069804 1.5 20.070513058186002
      vertex -12.93914510615444 1.5 19.778240238692888
    endloop
  endfacet
  facet normal 0 1 0
    outer loop
      vertex -13.683844105069804 1.5 20.070513058186002
      vertex -13.24424235816556 1.5 21.078090965028103
      vertex -12.93914510615444 1.5 19.778240238692888
    endloop
  endfacet
  facet normal 0 -1 0
    outer loop
      vertex -14.658895818563348 4.5 13.601467624279564
      vertex -14.331440309072807 4.5 17.97105772915782
      vertex -14.535813145509389 4.5 16.890921312789764
    endloop
  endfacet
  facet normal 0 -1 0
    outer loop
      vertex -14.535813145509389 4.5 12.509078687210232
      vertex -14.046920245056269 4.5 19.032901063840292
      vertex -14.331440309072807 4.5 17.97105772915782
    endloop
  endfacet
  facet normal 0 -1 0
    outer loop
      vertex -13.899999999999999 4.5 14.7
      vertex -13.861132780818401 4.5 15.738748300851295
      vertex -14.046920245056269 4.5 19.032901063840292
    endloop
  endfacet
  facet normal 0 -1 0
    outer loop
      vertex -13.861132780818401 4.5 15.738748300851295
      vertex -13.744748484529286 4.5 16.771687499848827
      vertex -14.046920245056269 4.5 19.032901063840292
    endloop
  endfacet
  facet normal 0 -1 0
    outer loop
      vertex -13.744748484529286 4.5 16.771687499848827
      vertex -13.551497979327348 4.5 17.79304098199277
      vertex -13.683844105069804 4.5 20.070513058186002
    endloop
  endfacet
  facet normal 0 -1 0
    outer loop
      vertex -13.744748484529286 4.5 16.771687499848827
      vertex -13.683844105069804 4.5 20.070513058186002
      vertex -14.046920245056269 4.5 19.032901063840292
    endloop
  endfacet
  facet normal 0 -1 0
    outer loop
      vertex -13.551497979327348 4.5 17.79304098199277
      vertex -13.24424235816556 4.5 21.078090965028103
      vertex -13.683844105069804 4.5 20.070513058186002
    endloop
  endfacet
  facet normal 0 -1 0
    outer loop
      vertex -13.551497979327348 4.5 17.79304098199277
      vertex -13.282462000427355 4.5 18.797096924311568
      vertex -13.24424235816556 4.5 21.078090965028103
    endloop
  endfacet
  facet normal 0 1 0
    outer loop
      vertex -13.24424235816556 1.5 21.078090965028103
      vertex -12.523467263843623 1.5 20.73098397373406
      vertex -12.93914510615444 1.5 19.778240238692888
    endloop
  endfacet
  facet normal 0 1 0
    outer loop
      vertex -13.24424235816556 1.5 21.078090965028103
      vertex -12.730573435631246 1.5 22.049999999999997
      vertex -12.523467263843623 1.5 20.73098397373406
    endloop
  endfacet
  facet normal 0 1 0
    outer loop
      vertex -12.523467263843623 1.5 20.73098397373406
      vertex -12.730573435631246 1.5 22.049999999999997
      vertex -12.037753112603696 1.5 21.65
    endloop
  endfacet
  facet normal 0 1 0
    outer loop
      vertex -12.730573435631246 1.5 22.049999999999997
      vertex -11.484718962992329 1.5 22.530148807084345
      vertex -12.037753112603696 1.5 21.65
    endloop
  endfacet
  facet normal 0 1 0
    outer loop
      vertex -12.730573435631246 1.5 22.049999999999997
      vertex -12.145709982445124 1.5 22.98080485353524
      vertex -11.484718962992329 1.5 22.530148807084345
    endloop
  endfacet
  facet normal 0 1 0
    outer loop
      vertex -12.145709982445124 1.5 22.98080485353524
      vertex -10.867457606305612 1.5 23.366508245836396
      vertex -11.484718962992329 1.5 22.530148807084345
    endloop
  endfacet
  facet normal 0 1 0
    outer loop
      vertex -12.145709982445124 1.5 22.98080485353524
      vertex -11.492922792280035 1.5 23.865300087323384
      vertex -10.867457606305612 1.5 23.366508245836396
    endloop
  endfacet
  facet normal 0 1 0
    outer loop
      vertex -11.492922792280035 1.5 23.865300087323384
      vertex -10.474513487605915 1.5 23.823117595642916
      vertex -10.867457606305612 1.5 23.366508245836396
    endloop
  endfacet
  facet normal 0 1 0
    outer loop
      vertex -11.492922792280035 1.5 23.865300087323384
      vertex -10.775862515898448 1.5 24.698539245232517
      vertex -10.474513487605915 1.5 23.823117595642916
    endloop
  endfacet
  facet normal 0 1 0
    outer loop
      vertex -10.474513487605915 1.5 23.823117595642916
      vertex -10.775862515898448 1.5 24.698539245232517
      vertex -10.519982744792049 1.5 24.825757641834436
    endloop
  endfacet
  facet normal 0 1 0
    outer loop
      vertex -10.474513487605915 1.5 23.823117595642916
      vertex -10.519982744792049 1.5 24.825757641834436
      vertex -10.474513487605915 1.5 24.811730033386304
    endloop
  endfacet
  facet normal 0 1 0
    outer loop
      vertex -10.775862515898448 1.5 24.698539245232517
      vertex -10.61364205671678 1.5 24.860759704414185
      vertex -10.519982744792049 1.5 24.825757641834436
    endloop
  endfacet
  facet normal 0 -1 0
    outer loop
      vertex -13.282462000427355 4.5 18.797096924311568
      vertex -12.93914510615444 4.5 19.778240238692888
      vertex -12.730573435631246 4.5 22.049999999999997
    endloop
  endfacet
  facet normal 0 -1 0
    outer loop
      vertex -13.282462000427355 4.5 18.797096924311568
      vertex -12.730573435631246 4.5 22.049999999999997
      vertex -13.24424235816556 4.5 21.078090965028103
    endloop
  endfacet
  facet normal 0 -1 0
    outer loop
      vertex -12.93914510615444 4.5 19.778240238692888
      vertex -12.523467263843623 4.5 20.73098397373406
      vertex -12.145709982445124 4.5 22.98080485353524
    endloop
  endfacet
  facet normal 0 -1 0
    outer loop
      vertex -12.93914510615444 4.5 19.778240238692888
      vertex -12.145709982445124 4.5 22.98080485353524
      vertex -12.730573435631246 4.5 22.049999999999997
    endloop
  endfacet
  facet normal 0 -1 0
    outer loop
      vertex -12.523467263843623 4.5 20.73098397373406
      vertex -12.037753112603696 4.5 21.65
      vertex -12.145709982445124 4.5 22.98080485353524
    endloop
  endfacet
  facet normal 0 -1 0
    outer loop
      vertex -12.037753112603696 4.5 21.65
      vertex -11.492922792280035 4.5 23.865300087323384
      vertex -12.145709982445124 4.5 22.98080485353524
    endloop
  endfacet
  facet normal 0 -1 0
    outer loop
      vertex -12.037753112603696 4.5 21.65
      vertex -11.484718962992329 4.5 22.530148807084345
      vertex -11.492922792280035 4.5 23.865300087323384
    endloop
  endfacet
  facet normal 0 -1 0
    outer loop
      vertex -11.484718962992329 4.5 22.530148807084345
      vertex -10.775862515898448 4.5 24.698539245232517
      vertex -11.492922792280035 4.5 23.865300087323384
    endloop
  endfacet
  facet normal 0 -1 0
    outer loop
      vertex -11.484718962992329 4.5 22.530148807084345
      vertex -10.867457606305612 4.5 23.366508245836396
      vertex -10.775862515898448 4.5 24.698539245232517
    endloop
  endfacet
  facet normal 0 -1 0
    outer loop
      vertex -10.867457606305612 4.5 23.366508245836396
      vertex -9.998539245232516 4.5 25.47586251589845
      vertex -10.775862515898448 4.5 24.698539245232517
    endloop
  endfacet
  facet normal 0 -1 0
    outer loop
      vertex -10.867457606305612 4.5 23.366508245836396
      vertex -10.189421018434585 4.5 24.15440105501578
      vertex -9.998539245232516 4.5 25.47586251589845
    endloop
  endfacet
  facet normal 0 -1 0
    outer loop
      vertex -10.189421018434585 4.5 24.15440105501578
      vertex -9.642135623730951 4.5 24.70168644971941
      vertex -9.998539245232516 4.5 25.47586251589845
    endloop
  endfacet
  facet normal 0 -1 0
    outer loop
      vertex -9.998539245232516 4.5 25.47586251589845
      vertex -9.642135623730951 4.5 24.70168644971941
      vertex -9.642135623730951 4.5 25.782572632569636
    endloop
  endfacet
  facet normal 0 1 0
    outer loop
      vertex 10.867457606305614 1.5 6.033491754163604
      vertex 11.492922792280037 1.5 5.5346999126766185
      vertex 10.408350828789557 1.5 5.5
    endloop
  endfacet
  facet normal 0 1 0
    outer loop
      vertex 11.492922792280037 1.5 5.5346999126766185
      vertex 11.463061102826135 1.5 5.5
      vertex 10.408350828789557 1.5 5.5
    endloop
  endfacet
  facet normal 0 1 0
    outer loop
      vertex 10.867457606305614 1.5 6.033491754163604
      vertex 12.145709982445124 1.5 6.419195146464757
      vertex 11.492922792280037 1.5 5.5346999126766185
    endloop
  endfacet
  facet normal 0 1 0
    outer loop
      vertex 10.867457606305614 1.5 6.033491754163604
      vertex 11.484718962992329 1.5 6.869851192915654
      vertex 12.145709982445124 1.5 6.419195146464757
    endloop
  endfacet
  facet normal 0 1 0
    outer loop
      vertex 12.145709982445124 1.5 6.419195146464757
      vertex 11.484718962992329 1.5 6.869851192915654
      vertex 12.730573435631246 1.5 7.35
    endloop
  endfacet
  facet normal 0 1 0
    outer loop
      vertex 11.484718962992329 1.5 6.869851192915654
      vertex 12.037753112603696 1.5 7.75
      vertex 12.730573435631246 1.5 7.35
    endloop
  endfacet
  facet normal 0 1 0
    outer loop
      vertex 12.037753112603696 1.5 7.75
      vertex 12.523467263843624 1.5 8.669016026265943
      vertex 12.730573435631246 1.5 7.35
    endloop
  endfacet
  facet normal 0 1 0
    outer loop
      vertex 12.730573435631246 1.5 7.35
      vertex 12.523467263843624 1.5 8.669016026265943
      vertex 13.244242358165561 1.5 8.321909034971895
    endloop
  endfacet
  facet normal 0 1 0
    outer loop
      vertex 12.523467263843624 1.5 8.669016026265943
      vertex 12.939145106154438 1.5 9.62175976130711
      vertex 13.244242358165561 1.5 8.321909034971895
    endloop
  endfacet
  facet normal 0 -1 0
    outer loop
      vertex 10.867457606305614 4.5 6.033491754163604
      vertex 10.408350828789557 4.5 5.5
      vertex 11.463061102826137 4.5 5.5
    endloop
  endfacet
  facet normal 0 -1 0
    outer loop
      vertex 10.867457606305614 4.5 6.033491754163604
      vertex 11.463061102826137 4.5 5.5
      vertex 11.484718962992329 4.5 6.869851192915654
    endloop
  endfacet
  facet normal 0 -1 0
    outer loop
      vertex 11.492922792280037 4.5 5.534699912676617
      vertex 11.484718962992329 4.5 6.869851192915654
      vertex 11.463061102826137 4.5 5.5
    endloop
  endfacet
  facet normal 0 -1 0
    outer loop
      vertex 11.492922792280037 4.5 5.534699912676617
      vertex 12.037753112603696 4.5 7.75
      vertex 11.484718962992329 4.5 6.869851192915654
    endloop
  endfacet
  facet normal 0 -1 0
    outer loop
      vertex 11.492922792280037 4.5 5.534699912676617
      vertex 12.145709982445124 4.5 6.419195146464755
      vertex 12.037753112603696 4.5 7.75
    endloop
  endfacet
  facet normal 0 -1 0
    outer loop
      vertex 12.145709982445124 4.5 6.419195146464755
      vertex 12.523467263843624 4.5 8.669016026265943
      vertex 12.037753112603696 4.5 7.75
    endloop
  endfacet
  facet normal 0 -1 0
    outer loop
      vertex 12.145709982445124 4.5 6.419195146464755
      vertex 12.730573435631246 4.5 7.35
      vertex 12.939145106154438 4.5 9.62175976130711
    endloop
  endfacet
  facet normal 0 -1 0
    outer loop
      vertex 12.145709982445124 4.5 6.419195146464755
      vertex 12.939145106154438 4.5 9.62175976130711
      vertex 12.523467263843624 4.5 8.669016026265943
    endloop
  endfacet
  facet normal 0 -1 0
    outer loop
      vertex 12.730573435631246 4.5 7.35
      vertex 13.244242358165561 4.5 8.321909034971895
      vertex 13.282462000427355 4.5 10.602903075688431
    endloop
  endfacet
  facet normal 0 -1 0
    outer loop
      vertex 12.730573435631246 4.5 7.35
      vertex 13.282462000427355 4.5 10.602903075688431
      vertex 12.939145106154438 4.5 9.62175976130711
    endloop
  endfacet
  facet normal 0 1 0
    outer loop
      vertex 12.939145106154438 1.5 9.62175976130711
      vertex 13.683844105069802 1.5 9.329486941813993
      vertex 13.244242358165561 1.5 8.321909034971895
    endloop
  endfacet
  facet normal 0 1 0
    outer loop
      vertex 12.939145106154438 1.5 9.62175976130711
      vertex 13.282462000427355 1.5 10.602903075688431
      vertex 13.683844105069802 1.5 9.329486941813993
    endloop
  endfacet
  facet normal 0 1 0
    outer loop
      vertex 13.683844105069802 1.5 9.329486941813993
      vertex 13.282462000427355 1.5 10.602903075688431
      vertex 13.551497979327348 1.5 11.60695901800723
    endloop
  endfacet
  facet normal 0 1 0
    outer loop
      vertex 13.683844105069802 1.5 9.329486941813993
      vertex 13.551497979327348 1.5 11.60695901800723
      vertex 14.046920245056267 1.5 10.367098936159707
    endloop
  endfacet
  facet normal 0 1 0
    outer loop
      vertex 14.046920245056267 1.5 10.367098936159707
      vertex 13.551497979327348 1.5 11.60695901800723
      vertex 13.744748484529286 1.5 12.628312500151175
    endloop
  endfacet
  facet normal 0 1 0
    outer loop
      vertex 14.046920245056267 1.5 10.367098936159707
      vertex 13.744748484529286 1.5 12.628312500151175
      vertex 14.331440309072807 1.5 11.428942270842178
    endloop
  endfacet
  facet normal 0 1 0
    outer loop
      vertex 14.331440309072807 1.5 11.428942270842178
      vertex 13.744748484529286 1.5 12.628312500151175
      vertex 13.861132780818401 1.5 13.661251699148702
    endloop
  endfacet
  facet normal 0 1 0
    outer loop
      vertex 14.331440309072807 1.5 11.428942270842178
      vertex 13.861132780818401 1.5 13.661251699148702
      vertex 13.899999999999999 1.5 14.7
    endloop
  endfacet
  facet normal 0 1 0
    outer loop
      vertex 14.331440309072807 1.5 11.428942270842178
      vertex 13.899999999999999 1.5 14.7
      vertex 14.046920245056265 1.5 19.032901063840296
    endloop
  endfacet
  facet normal 0 1 0
    outer loop
      vertex 14.331440309072807 1.5 11.428942270842178
      vertex 14.046920245056265 1.5 19.032901063840296
      vertex 14.535813145509389 1.5 12.509078687210234
    endloop
  endfacet
  facet normal 0 1 0
    outer loop
      vertex 14.535813145509389 1.5 12.509078687210234
      vertex 14.331440309072809 1.5 17.971057729157813
      vertex 14.658895818563348 1.5 13.601467624279563
    endloop
  endfacet
  facet normal 0 1 0
    outer loop
      vertex 14.658895818563348 1.5 13.601467624279563
      vertex 14.53581314550939 1.5 16.89092131278976
      vertex 14.7 1.5 14.7
    endloop
  endfacet
  facet normal 0 1 0
    outer loop
      vertex 14.7 1.5 14.7
      vertex 14.53581314550939 1.5 16.89092131278976
      vertex 14.658895818563348 1.5 15.798532375720434
    endloop
  endfacet
  facet normal 0 -1 0
    outer loop
      vertex 13.244242358165561 4.5 8.321909034971895
      vertex 13.683844105069802 4.5 9.329486941813993
      vertex 13.551497979327348 4.5 11.60695901800723
    endloop
  endfacet
  facet normal 0 -1 0
    outer loop
      vertex 13.244242358165561 4.5 8.321909034971895
      vertex 13.551497979327348 4.5 11.60695901800723
      vertex 13.282462000427355 4.5 10.602903075688431
    endloop
  endfacet
  facet normal 0 -1 0
    outer loop
      vertex 13.683844105069802 4.5 9.329486941813993
      vertex 14.046920245056267 4.5 10.367098936159707
      vertex 13.744748484529286 4.5 12.628312500151175
    endloop
  endfacet
  facet normal 0 -1 0
    outer loop
      vertex 13.683844105069802 4.5 9.329486941813993
      vertex 13.744748484529286 4.5 12.628312500151175
      vertex 13.551497979327348 4.5 11.60695901800723
    endloop
  endfacet
  facet normal 0 -1 0
    outer loop
      vertex 14.046920245056267 4.5 10.367098936159707
      vertex 13.861132780818401 4.5 13.661251699148702
      vertex 13.744748484529286 4.5 12.628312500151175
    endloop
  endfacet
  facet normal 0 -1 0
    outer loop
      vertex 14.046920245056267 4.5 10.367098936159707
      vertex 13.899999999999999 4.5 14.7
      vertex 13.861132780818401 4.5 13.661251699148702
    endloop
  endfacet
  facet normal 0 -1 0
    outer loop
      vertex 14.046920245056267 4.5 10.367098936159707
      vertex 14.331440309072807 4.5 11.428942270842178
      vertex 14.53581314550939 4.5 16.89092131278976
    endloop
  endfacet
  facet normal 0 -1 0
    outer loop
      vertex 14.331440309072807 4.5 11.428942270842178
      vertex 14.535813145509389 4.5 12.509078687210234
      vertex 14.658895818563348 4.5 15.798532375720434
    endloop
  endfacet
  facet normal 0 -1 0
    outer loop
      vertex 14.046920245056267 4.5 10.367098936159707
      vertex 14.331440309072809 4.5 17.971057729157813
      vertex 13.899999999999999 4.5 14.7
    endloop
  endfacet
  facet normal 0 -1 0
    outer loop
      vertex 14.535813145509389 4.5 12.509078687210234
      vertex 14.658895818563348 4.5 13.601467624279563
      vertex 14.7 4.5 14.7
    endloop
  endfacet
  facet normal 0 -1 0
    outer loop
      vertex 14.535813145509389 4.5 12.509078687210234
      vertex 14.7 4.5 14.7
      vertex 14.658895818563348 4.5 15.798532375720434
    endloop
  endfacet
  facet normal 0 -1 0
    outer loop
      vertex 14.046920245056267 4.5 10.367098936159707
      vertex 14.53581314550939 4.5 16.89092131278976
      vertex 14.331440309072809 4.5 17.971057729157813
    endloop
  endfacet
  facet normal 0 -1 0
    outer loop
      vertex 14.331440309072807 4.5 11.428942270842178
      vertex 14.658895818563348 4.5 15.798532375720434
      vertex 14.53581314550939 4.5 16.89092131278976
    endloop
  endfacet
  facet normal 0 1 0
    outer loop
      vertex 12.523467263843623 1.5 20.73098397373406
      vertex 12.145709982445124 1.5 22.98080485353524
      vertex 12.939145106154436 1.5 19.778240238692895
    endloop
  endfacet
  facet normal 0 1 0
    outer loop
      vertex 12.939145106154436 1.5 19.778240238692895
      vertex 12.730573435631246 1.5 22.049999999999997
      vertex 13.282462000427353 1.5 18.797096924311575
    endloop
  endfacet
  facet normal 0 1 0
    outer loop
      vertex 12.730573435631246 1.5 22.049999999999997
      vertex 13.24424235816556 1.5 21.078090965028103
      vertex 13.282462000427353 1.5 18.797096924311575
    endloop
  endfacet
  facet normal 0 1 0
    outer loop
      vertex 10.474513487605915 1.5 23.82311759564292
      vertex 10.474513487605915 1.5 24.999888273525045
      vertex 10.867457606305615 1.5 23.366508245836393
    endloop
  endfacet
  facet normal 0 1 0
    outer loop
      vertex 10.867457606305615 1.5 23.366508245836393
      vertex 10.474513487605915 1.5 24.999888273525045
      vertex 10.77586251589845 1.5 24.69853924523251
    endloop
  endfacet
  facet normal 0 1 0
    outer loop
      vertex 10.867457606305615 1.5 23.366508245836393
      vertex 10.77586251589845 1.5 24.69853924523251
      vertex 11.484718962992329 1.5 22.530148807084345
    endloop
  endfacet
  facet normal 0 1 0
    outer loop
      vertex 10.77586251589845 1.5 24.69853924523251
      vertex 11.492922792280039 1.5 23.86530008732338
      vertex 11.484718962992329 1.5 22.530148807084345
    endloop
  endfacet
  facet normal 0 1 0
    outer loop
      vertex 11.484718962992329 1.5 22.530148807084345
      vertex 11.492922792280039 1.5 23.86530008732338
      vertex 12.037753112603696 1.5 21.65
    endloop
  endfacet
  facet normal 0 1 0
    outer loop
      vertex 11.492922792280039 1.5 23.86530008732338
      vertex 12.145709982445124 1.5 22.98080485353524
      vertex 12.037753112603696 1.5 21.65
    endloop
  endfacet
  facet normal 0 1 0
    outer loop
      vertex 12.523467263843623 1.5 20.73098397373406
      vertex 12.037753112603696 1.5 21.65
      vertex 12.145709982445124 1.5 22.98080485353524
    endloop
  endfacet
  facet normal 0 1 0
    outer loop
      vertex 12.939145106154436 1.5 19.778240238692895
      vertex 12.145709982445124 1.5 22.98080485353524
      vertex 12.730573435631246 1.5 22.049999999999997
    endloop
  endfacet
  facet normal 0 -1 0
    outer loop
      vertex 12.523467263843623 4.5 20.73098397373406
      vertex 12.939145106154436 4.5 19.778240238692895
      vertex 13.24424235816556 4.5 21.078090965028103
    endloop
  endfacet
  facet normal 0 -1 0
    outer loop
      vertex 9.576092069938667 4.5 24.767730003511698
      vertex 9.99853924523251 4.5 25.47586251589845
      vertex 9.576092069938667 4.5 25.83940770625286
    endloop
  endfacet
  facet normal 0 -1 0
    outer loop
      vertex 9.576092069938667 4.5 24.767730003511698
      vertex 10.189421018434588 4.5 24.154401055015775
      vertex 10.77586251589845 4.5 24.69853924523251
    endloop
  endfacet
  facet normal 0 -1 0
    outer loop
      vertex 9.576092069938667 4.5 24.767730003511698
      vertex 10.77586251589845 4.5 24.69853924523251
      vertex 9.99853924523251 4.5 25.47586251589845
    endloop
  endfacet
  facet normal 0 -1 0
    outer loop
      vertex 10.867457606305615 4.5 23.366508245836393
      vertex 11.492922792280039 4.5 23.86530008732338
      vertex 10.189421018434588 4.5 24.154401055015775
    endloop
  endfacet
  facet normal 0 -1 0
    outer loop
      vertex 10.189421018434588 4.5 24.154401055015775
      vertex 11.492922792280039 4.5 23.86530008732338
      vertex 10.77586251589845 4.5 24.69853924523251
    endloop
  endfacet
  facet normal 0 -1 0
    outer loop
      vertex 10.867457606305615 4.5 23.366508245836393
      vertex 11.484718962992329 4.5 22.530148807084345
      vertex 12.145709982445124 4.5 22.98080485353524
    endloop
  endfacet
  facet normal 0 -1 0
    outer loop
      vertex 10.867457606305615 4.5 23.366508245836393
      vertex 12.145709982445124 4.5 22.98080485353524
      vertex 11.492922792280039 4.5 23.86530008732338
    endloop
  endfacet
  facet normal 0 -1 0
    outer loop
      vertex 12.523467263843623 4.5 20.73098397373406
      vertex 12.730573435631246 4.5 22.049999999999997
      vertex 12.037753112603696 4.5 21.65
    endloop
  endfacet
  facet normal 0 -1 0
    outer loop
      vertex 11.484718962992329 4.5 22.530148807084345
      vertex 12.037753112603696 4.5 21.65
      vertex 12.730573435631246 4.5 22.049999999999997
    endloop
  endfacet
  facet normal 0 -1 0
    outer loop
      vertex 12.523467263843623 4.5 20.73098397373406
      vertex 13.24424235816556 4.5 21.078090965028103
      vertex 12.730573435631246 4.5 22.049999999999997
    endloop
  endfacet
  facet normal 0 -1 0
    outer loop
      vertex 11.484718962992329 4.5 22.530148807084345
      vertex 12.730573435631246 4.5 22.049999999999997
      vertex 12.145709982445124 4.5 22.98080485353524
    endloop
  endfacet
  facet normal 0 1 0
    outer loop
      vertex 13.899999999999999 1.5 14.7
      vertex 13.861132780818401 1.5 15.738748300851295
      vertex 14.046920245056265 1.5 19.032901063840296
    endloop
  endfacet
  facet normal 0 1 0
    outer loop
      vertex 13.861132780818401 1.5 15.738748300851295
      vertex 13.744748484529287 1.5 16.77168749984882
      vertex 14.046920245056265 1.5 19.032901063840296
    endloop
  endfacet
  facet normal 0 1 0
    outer loop
      vertex 13.744748484529287 1.5 16.77168749984882
      vertex 13.55149797932735 1.5 17.793040981992764
      vertex 13.6838441050698 1.5 20.07051305818601
    endloop
  endfacet
  facet normal 0 1 0
    outer loop
      vertex 14.535813145509389 1.5 12.509078687210234
      vertex 14.046920245056265 1.5 19.032901063840296
      vertex 14.331440309072809 1.5 17.971057729157813
    endloop
  endfacet
  facet normal 0 1 0
    outer loop
      vertex 14.658895818563348 1.5 13.601467624279563
      vertex 14.331440309072809 1.5 17.971057729157813
      vertex 14.53581314550939 1.5 16.89092131278976
    endloop
  endfacet
  facet normal 0 1 0
    outer loop
      vertex 13.55149797932735 1.5 17.793040981992764
      vertex 13.282462000427353 1.5 18.797096924311575
      vertex 13.24424235816556 1.5 21.078090965028103
    endloop
  endfacet
  facet normal 0 1 0
    outer loop
      vertex 13.55149797932735 1.5 17.793040981992764
      vertex 13.24424235816556 1.5 21.078090965028103
      vertex 13.6838441050698 1.5 20.07051305818601
    endloop
  endfacet
  facet normal 0 1 0
    outer loop
      vertex 13.744748484529287 1.5 16.77168749984882
      vertex 13.6838441050698 1.5 20.07051305818601
      vertex 14.046920245056265 1.5 19.032901063840296
    endloop
  endfacet
  facet normal 0 -1 0
    outer loop
      vertex 13.899999999999999 4.5 14.7
      vertex 14.331440309072809 4.5 17.971057729157813
      vertex 13.861132780818401 4.5 15.738748300851295
    endloop
  endfacet
  facet normal 0 -1 0
    outer loop
      vertex 13.861132780818401 4.5 15.738748300851295
      vertex 14.331440309072809 4.5 17.971057729157813
      vertex 13.744748484529287 4.5 16.77168749984882
    endloop
  endfacet
  facet normal 0 -1 0
    outer loop
      vertex 13.744748484529287 4.5 16.77168749984882
      vertex 14.046920245056265 4.5 19.032901063840296
      vertex 13.55149797932735 4.5 17.793040981992764
    endloop
  endfacet
  facet normal 0 -1 0
    outer loop
      vertex 13.744748484529287 4.5 16.77168749984882
      vertex 14.331440309072809 4.5 17.971057729157813
      vertex 14.046920245056265 4.5 19.032901063840296
    endloop
  endfacet
  facet normal 0 -1 0
    outer loop
      vertex 13.55149797932735 4.5 17.793040981992764
      vertex 13.6838441050698 4.5 20.07051305818601
      vertex 13.282462000427353 4.5 18.797096924311575
    endloop
  endfacet
  facet normal 0 -1 0
    outer loop
      vertex 12.939145106154436 4.5 19.778240238692895
      vertex 13.282462000427353 4.5 18.797096924311575
      vertex 13.6838441050698 4.5 20.07051305818601
    endloop
  endfacet
  facet normal 0 -1 0
    outer loop
      vertex 13.55149797932735 4.5 17.793040981992764
      vertex 14.046920245056265 4.5 19.032901063840296
      vertex 13.6838441050698 4.5 20.07051305818601
    endloop
  endfacet
  facet normal 0 -1 0
    outer loop
      vertex 12.939145106154436 4.5 19.778240238692895
      vertex 13.6838441050698 4.5 20.07051305818601
      vertex 13.24424235816556 4.5 21.078090965028103
    endloop
  endfacet
  facet normal 0 1 0
    outer loop
      vertex -13.683844105069804 -4.5 9.329486941813997
      vertex -13.551497979327348 -4.5 11.606959018007228
      vertex -13.24424235816556 -4.5 8.321909034971894
    endloop
  endfacet
  facet normal 0 1 0
    outer loop
      vertex -13.24424235816556 -4.5 8.321909034971894
      vertex -13.551497979327348 -4.5 11.606959018007228
      vertex -13.282462000427355 -4.5 10.602903075688431
    endloop
  endfacet
  facet normal 0 1 0
    outer loop
      vertex -14.331440309072807 -4.5 11.428942270842176
      vertex -14.535813145509389 -4.5 12.509078687210232
      vertex -14.658895818563348 -4.5 15.798532375720434
    endloop
  endfacet
  facet normal 0 1 0
    outer loop
      vertex -14.331440309072807 -4.5 11.428942270842176
      vertex -14.535813145509389 -4.5 16.890921312789764
      vertex -14.046920245056269 -4.5 10.367098936159708
    endloop
  endfacet
  facet normal 0 1 0
    outer loop
      vertex -13.683844105069804 -4.5 9.329486941813997
      vertex -14.046920245056269 -4.5 10.367098936159708
      vertex -13.744748484529286 -4.5 12.628312500151171
    endloop
  endfacet
  facet normal 0 1 0
    outer loop
      vertex -13.683844105069804 -4.5 9.329486941813997
      vertex -13.744748484529286 -4.5 12.628312500151171
      vertex -13.551497979327348 -4.5 11.606959018007228
    endloop
  endfacet
  facet normal 0 1 0
    outer loop
      vertex -14.046920245056269 -4.5 10.367098936159708
      vertex -13.861132780818401 -4.5 13.661251699148703
      vertex -13.744748484529286 -4.5 12.628312500151171
    endloop
  endfacet
  facet normal 0 1 0
    outer loop
      vertex -14.046920245056269 -4.5 10.367098936159708
      vertex -13.899999999999999 -4.5 14.7
      vertex -13.861132780818401 -4.5 13.661251699148703
    endloop
  endfacet
  facet normal 0 1 0
    outer loop
      vertex -14.535813145509389 -4.5 12.509078687210232
      vertex -14.658895818563348 -4.5 13.601467624279564
      vertex -14.7 -4.5 14.7
    endloop
  endfacet
  facet normal 0 1 0
    outer loop
      vertex -14.535813145509389 -4.5 12.509078687210232
      vertex -14.7 -4.5 14.7
      vertex -14.658895818563348 -4.5 15.798532375720434
    endloop
  endfacet
  facet normal 0 1 0
    outer loop
      vertex -14.331440309072807 -4.5 11.428942270842176
      vertex -14.658895818563348 -4.5 15.798532375720434
      vertex -14.535813145509389 -4.5 16.890921312789764
    endloop
  endfacet
  facet normal 0 1 0
    outer loop
      vertex -14.046920245056269 -4.5 10.367098936159708
      vertex -14.535813145509389 -4.5 16.890921312789764
      vertex -14.331440309072807 -4.5 17.97105772915782
    endloop
  endfacet
  facet normal 0 1 0
    outer loop
      vertex -14.046920245056269 -4.5 10.367098936159708
      vertex -14.331440309072807 -4.5 17.97105772915782
      vertex -13.899999999999999 -4.5 14.7
    endloop
  endfacet
  facet normal 0 -1 0
    outer loop
      vertex -13.683844105069804 -1.5 9.329486941813997
      vertex -13.24424235816556 -1.5 8.321909034971894
      vertex -12.93914510615444 -1.5 9.62175976130711
    endloop
  endfacet
  facet normal 0 -1 0
    outer loop
      vertex -13.683844105069804 -1.5 9.329486941813997
      vertex -13.551497979327348 -1.5 11.606959018007228
      vertex -14.046920245056269 -1.5 10.367098936159708
    endloop
  endfacet
  facet normal 0 -1 0
    outer loop
      vertex -13.683844105069804 -1.5 9.329486941813997
      vertex -12.93914510615444 -1.5 9.62175976130711
      vertex -13.282462000427355 -1.5 10.602903075688431
    endloop
  endfacet
  facet normal 0 -1 0
    outer loop
      vertex -13.683844105069804 -1.5 9.329486941813997
      vertex -13.282462000427355 -1.5 10.602903075688431
      vertex -13.551497979327348 -1.5 11.606959018007228
    endloop
  endfacet
  facet normal 0 -1 0
    outer loop
      vertex -14.331440309072807 -1.5 11.428942270842176
      vertex -14.046920245056269 -1.5 10.367098936159708
      vertex -13.744748484529286 -1.5 12.628312500151171
    endloop
  endfacet
  facet normal 0 -1 0
    outer loop
      vertex -14.046920245056269 -1.5 10.367098936159708
      vertex -13.551497979327348 -1.5 11.606959018007228
      vertex -13.744748484529286 -1.5 12.628312500151171
    endloop
  endfacet
  facet normal 0 -1 0
    outer loop
      vertex -14.331440309072807 -1.5 11.428942270842176
      vertex -13.744748484529286 -1.5 12.628312500151171
      vertex -13.861132780818401 -1.5 13.661251699148703
    endloop
  endfacet
  facet normal 0 -1 0
    outer loop
      vertex -14.331440309072807 -1.5 11.428942270842176
      vertex -13.861132780818401 -1.5 13.661251699148703
      vertex -13.899999999999999 -1.5 14.7
    endloop
  endfacet
  facet normal 0 -1 0
    outer loop
      vertex -14.331440309072807 -1.5 11.428942270842176
      vertex -14.046920245056269 -1.5 19.032901063840292
      vertex -14.535813145509389 -1.5 12.509078687210232
    endloop
  endfacet
  facet normal 0 -1 0
    outer loop
      vertex -14.535813145509389 -1.5 12.509078687210232
      vertex -14.331440309072807 -1.5 17.97105772915782
      vertex -14.658895818563348 -1.5 13.601467624279564
    endloop
  endfacet
  facet normal 0 -1 0
    outer loop
      vertex -14.658895818563348 -1.5 13.601467624279564
      vertex -14.535813145509389 -1.5 16.890921312789764
      vertex -14.7 -1.5 14.7
    endloop
  endfacet
  facet normal 0 -1 0
    outer loop
      vertex -14.7 -1.5 14.7
      vertex -14.535813145509389 -1.5 16.890921312789764
      vertex -14.658895818563348 -1.5 15.798532375720434
    endloop
  endfacet
  facet normal 0 -1 0
    outer loop
      vertex -14.331440309072807 -1.5 11.428942270842176
      vertex -13.899999999999999 -1.5 14.7
      vertex -14.046920245056269 -1.5 19.032901063840292
    endloop
  endfacet
  facet normal 0 1 0
    outer loop
      vertex -12.145709982445124 -4.5 6.419195146464757
      vertex -12.730573435631246 -4.5 7.35
      vertex -12.93914510615444 -4.5 9.62175976130711
    endloop
  endfacet
  facet normal 0 1 0
    outer loop
      vertex -12.145709982445124 -4.5 6.419195146464757
      vertex -12.523467263843623 -4.5 8.66901602626594
      vertex -12.037753112603696 -4.5 7.75
    endloop
  endfacet
  facet normal 0 1 0
    outer loop
      vertex -11.492922792280035 -4.5 5.534699912676615
      vertex -11.484718962992329 -4.5 6.869851192915655
      vertex -11.463061102826137 -4.5 5.5
    endloop
  endfacet
  facet normal 0 1 0
    outer loop
      vertex -12.145709982445124 -4.5 6.419195146464757
      vertex -12.037753112603696 -4.5 7.75
      vertex -11.492922792280035 -4.5 5.534699912676615
    endloop
  endfacet
  facet normal 0 1 0
    outer loop
      vertex -11.492922792280035 -4.5 5.534699912676615
      vertex -12.037753112603696 -4.5 7.75
      vertex -11.484718962992329 -4.5 6.869851192915655
    endloop
  endfacet
  facet normal 0 1 0
    outer loop
      vertex -11.484718962992329 -4.5 6.869851192915655
      vertex -10.867457606305612 -4.5 6.033491754163602
      vertex -11.463061102826137 -4.5 5.5
    endloop
  endfacet
  facet normal 0 1 0
    outer loop
      vertex -13.24424235816556 -4.5 8.321909034971894
      vertex -13.282462000427355 -4.5 10.602903075688431
      vertex -12.730573435631246 -4.5 7.35
    endloop
  endfacet
  facet normal 0 1 0
    outer loop
      vertex -13.282462000427355 -4.5 10.602903075688431
      vertex -12.93914510615444 -4.5 9.62175976130711
      vertex -12.730573435631246 -4.5 7.35
    endloop
  endfacet
  facet normal 0 1 0
    outer loop
      vertex -12.145709982445124 -4.5 6.419195146464757
      vertex -12.93914510615444 -4.5 9.62175976130711
      vertex -12.523467263843623 -4.5 8.66901602626594
    endloop
  endfacet
  facet normal 0 1 0
    outer loop
      vertex -10.867457606305612 -4.5 6.033491754163602
      vertex -10.408350828789558 -4.5 5.5
      vertex -11.463061102826137 -4.5 5.5
    endloop
  endfacet
  facet normal 0 -1 0
    outer loop
      vertex -12.145709982445124 -1.5 6.419195146464757
      vertex -11.484718962992329 -1.5 6.869851192915655
      vertex -12.730573435631246 -1.5 7.35
    endloop
  endfacet
  facet normal 0 -1 0
    outer loop
      vertex -12.730573435631246 -1.5 7.35
      vertex -11.484718962992329 -1.5 6.869851192915655
      vertex -12.037753112603696 -1.5 7.75
    endloop
  endfacet
  facet normal 0 -1 0
    outer loop
      vertex -12.730573435631246 -1.5 7.35
      vertex -12.037753112603696 -1.5 7.75
      vertex -12.523467263843623 -1.5 8.66901602626594
    endloop
  endfacet
  facet normal 0 -1 0
    outer loop
      vertex -12.145709982445124 -1.5 6.419195146464757
      vertex -11.492922792280035 -1.5 5.534699912676615
      vertex -10.867457606305612 -1.5 6.033491754163602
    endloop
  endfacet
  facet normal 0 -1 0
    outer loop
      vertex -12.145709982445124 -1.5 6.419195146464757
      vertex -10.867457606305612 -1.5 6.033491754163602
      vertex -11.484718962992329 -1.5 6.869851192915655
    endloop
  endfacet
  facet normal 0 -1 0
    outer loop
      vertex -11.492922792280035 -1.5 5.534699912676615
      vertex -11.463061102826137 -1.5 5.5
      vertex -10.408350828789558 -1.5 5.5
    endloop
  endfacet
  facet normal 0 -1 0
    outer loop
      vertex -11.492922792280035 -1.5 5.534699912676615
      vertex -10.408350828789558 -1.5 5.5
      vertex -10.867457606305612 -1.5 6.033491754163602
    endloop
  endfacet
  facet normal 0 -1 0
    outer loop
      vertex -13.24424235816556 -1.5 8.321909034971894
      vertex -12.730573435631246 -1.5 7.35
      vertex -12.523467263843623 -1.5 8.66901602626594
    endloop
  endfacet
  facet normal 0 -1 0
    outer loop
      vertex -13.24424235816556 -1.5 8.321909034971894
      vertex -12.523467263843623 -1.5 8.66901602626594
      vertex -12.93914510615444 -1.5 9.62175976130711
    endloop
  endfacet
  facet normal 0 1 0
    outer loop
      vertex -13.899999999999999 -4.5 14.7
      vertex -14.331440309072807 -4.5 17.97105772915782
      vertex -13.861132780818401 -4.5 15.738748300851295
    endloop
  endfacet
  facet normal 0 1 0
    outer loop
      vertex -14.331440309072807 -4.5 17.97105772915782
      vertex -13.744748484529286 -4.5 16.771687499848827
      vertex -13.861132780818401 -4.5 15.738748300851295
    endloop
  endfacet
  facet normal 0 1 0
    outer loop
      vertex -13.744748484529286 -4.5 16.771687499848827
      vertex -14.046920245056269 -4.5 19.032901063840292
      vertex -13.551497979327348 -4.5 17.79304098199277
    endloop
  endfacet
  facet normal 0 1 0
    outer loop
      vertex -14.331440309072807 -4.5 17.97105772915782
      vertex -14.046920245056269 -4.5 19.032901063840292
      vertex -13.744748484529286 -4.5 16.771687499848827
    endloop
  endfacet
  facet normal 0 1 0
    outer loop
      vertex -13.551497979327348 -4.5 17.79304098199277
      vertex -14.046920245056269 -4.5 19.032901063840292
      vertex -13.683844105069804 -4.5 20.070513058186002
    endloop
  endfacet
  facet normal 0 1 0
    outer loop
      vertex -13.551497979327348 -4.5 17.79304098199277
      vertex -13.683844105069804 -4.5 20.070513058186002
      vertex -13.282462000427355 -4.5 18.797096924311568
    endloop
  endfacet
  facet normal 0 1 0
    outer loop
      vertex -13.282462000427355 -4.5 18.797096924311568
      vertex -13.683844105069804 -4.5 20.070513058186002
      vertex -12.93914510615444 -4.5 19.778240238692888
    endloop
  endfacet
  facet normal 0 1 0
    outer loop
      vertex -13.683844105069804 -4.5 20.070513058186002
      vertex -13.24424235816556 -4.5 21.078090965028103
      vertex -12.93914510615444 -4.5 19.778240238692888
    endloop
  endfacet
  facet normal 0 -1 0
    outer loop
      vertex -14.658895818563348 -1.5 13.601467624279564
      vertex -14.331440309072807 -1.5 17.97105772915782
      vertex -14.535813145509389 -1.5 16.890921312789764
    endloop
  endfacet
  facet normal 0 -1 0
    outer loop
      vertex -14.535813145509389 -1.5 12.509078687210232
      vertex -14.046920245056269 -1.5 19.032901063840292
      vertex -14.331440309072807 -1.5 17.97105772915782
    endloop
  endfacet
  facet normal 0 -1 0
    outer loop
      vertex -13.899999999999999 -1.5 14.7
      vertex -13.861132780818401 -1.5 15.738748300851295
      vertex -14.046920245056269 -1.5 19.032901063840292
    endloop
  endfacet
  facet normal 0 -1 0
    outer loop
      vertex -13.861132780818401 -1.5 15.738748300851295
      vertex -13.744748484529286 -1.5 16.771687499848827
      vertex -14.046920245056269 -1.5 19.032901063840292
    endloop
  endfacet
  facet normal 0 -1 0
    outer loop
      vertex -13.744748484529286 -1.5 16.771687499848827
      vertex -13.551497979327348 -1.5 17.79304098199277
      vertex -13.683844105069804 -1.5 20.070513058186002
    endloop
  endfacet
  facet normal 0 -1 0
    outer loop
      vertex -13.744748484529286 -1.5 16.771687499848827
      vertex -13.683844105069804 -1.5 20.070513058186002
      vertex -14.046920245056269 -1.5 19.032901063840292
    endloop
  endfacet
  facet normal 0 -1 0
    outer loop
      vertex -13.551497979327348 -1.5 17.79304098199277
      vertex -13.24424235816556 -1.5 21.078090965028103
      vertex -13.683844105069804 -1.5 20.070513058186002
    endloop
  endfacet
  facet normal 0 -1 0
    outer loop
      vertex -13.551497979327348 -1.5 17.79304098199277
      vertex -13.282462000427355 -1.5 18.797096924311568
      vertex -13.24424235816556 -1.5 21.078090965028103
    endloop
  endfacet
  facet normal 0 1 0
    outer loop
      vertex -13.24424235816556 -4.5 21.078090965028103
      vertex -12.523467263843623 -4.5 20.73098397373406
      vertex -12.93914510615444 -4.5 19.778240238692888
    endloop
  endfacet
  facet normal 0 1 0
    outer loop
      vertex -13.24424235816556 -4.5 21.078090965028103
      vertex -12.730573435631246 -4.5 22.049999999999997
      vertex -12.523467263843623 -4.5 20.73098397373406
    endloop
  endfacet
  facet normal 0 1 0
    outer loop
      vertex -12.523467263843623 -4.5 20.73098397373406
      vertex -12.730573435631246 -4.5 22.049999999999997
      vertex -12.037753112603696 -4.5 21.65
    endloop
  endfacet
  facet normal 0 1 0
    outer loop
      vertex -12.730573435631246 -4.5 22.049999999999997
      vertex -11.484718962992329 -4.5 22.530148807084345
      vertex -12.037753112603696 -4.5 21.65
    endloop
  endfacet
  facet normal 0 1 0
    outer loop
      vertex -12.730573435631246 -4.5 22.049999999999997
      vertex -12.145709982445124 -4.5 22.98080485353524
      vertex -11.484718962992329 -4.5 22.530148807084345
    endloop
  endfacet
  facet normal 0 1 0
    outer loop
      vertex -12.145709982445124 -4.5 22.98080485353524
      vertex -10.867457606305612 -4.5 23.366508245836396
      vertex -11.484718962992329 -4.5 22.530148807084345
    endloop
  endfacet
  facet normal 0 1 0
    outer loop
      vertex -12.145709982445124 -4.5 22.98080485353524
      vertex -11.492922792280035 -4.5 23.865300087323384
      vertex -10.867457606305612 -4.5 23.366508245836396
    endloop
  endfacet
  facet normal 0 1 0
    outer loop
      vertex -11.492922792280035 -4.5 23.865300087323384
      vertex -10.189421018434585 -4.5 24.15440105501578
      vertex -10.867457606305612 -4.5 23.366508245836396
    endloop
  endfacet
  facet normal 0 1 0
    outer loop
      vertex -11.492922792280035 -4.5 23.865300087323384
      vertex -10.775862515898448 -4.5 24.698539245232517
      vertex -10.189421018434585 -4.5 24.15440105501578
    endloop
  endfacet
  facet normal 0 1 0
    outer loop
      vertex -10.775862515898448 -4.5 24.698539245232517
      vertex -9.57609206993867 -4.5 24.767730003511694
      vertex -10.189421018434585 -4.5 24.15440105501578
    endloop
  endfacet
  facet normal 0 1 0
    outer loop
      vertex -10.775862515898448 -4.5 24.698539245232517
      vertex -9.998539245232516 -4.5 25.47586251589845
      vertex -9.57609206993867 -4.5 24.767730003511694
    endloop
  endfacet
  facet normal 0 1 0
    outer loop
      vertex -9.998539245232516 -4.5 25.47586251589845
      vertex -9.57609206993867 -4.5 25.839407706252864
      vertex -9.57609206993867 -4.5 24.767730003511694
    endloop
  endfacet
  facet normal 0 -1 0
    outer loop
      vertex -13.282462000427355 -1.5 18.797096924311568
      vertex -12.93914510615444 -1.5 19.778240238692888
      vertex -12.730573435631246 -1.5 22.049999999999997
    endloop
  endfacet
  facet normal 0 -1 0
    outer loop
      vertex -13.282462000427355 -1.5 18.797096924311568
      vertex -12.730573435631246 -1.5 22.049999999999997
      vertex -13.24424235816556 -1.5 21.078090965028103
    endloop
  endfacet
  facet normal 0 -1 0
    outer loop
      vertex -12.93914510615444 -1.5 19.778240238692888
      vertex -12.523467263843623 -1.5 20.73098397373406
      vertex -12.145709982445124 -1.5 22.98080485353524
    endloop
  endfacet
  facet normal 0 -1 0
    outer loop
      vertex -12.93914510615444 -1.5 19.778240238692888
      vertex -12.145709982445124 -1.5 22.98080485353524
      vertex -12.730573435631246 -1.5 22.049999999999997
    endloop
  endfacet
  facet normal 0 -1 0
    outer loop
      vertex -12.523467263843623 -1.5 20.73098397373406
      vertex -12.037753112603696 -1.5 21.65
      vertex -12.145709982445124 -1.5 22.98080485353524
    endloop
  endfacet
  facet normal 0 -1 0
    outer loop
      vertex -12.037753112603696 -1.5 21.65
      vertex -11.492922792280035 -1.5 23.865300087323384
      vertex -12.145709982445124 -1.5 22.98080485353524
    endloop
  endfacet
  facet normal 0 -1 0
    outer loop
      vertex -12.037753112603696 -1.5 21.65
      vertex -11.484718962992329 -1.5 22.530148807084345
      vertex -11.492922792280035 -1.5 23.865300087323384
    endloop
  endfacet
  facet normal 0 -1 0
    outer loop
      vertex -11.484718962992329 -1.5 22.530148807084345
      vertex -10.775862515898448 -1.5 24.698539245232517
      vertex -11.492922792280035 -1.5 23.865300087323384
    endloop
  endfacet
  facet normal 0 -1 0
    outer loop
      vertex -11.484718962992329 -1.5 22.530148807084345
      vertex -10.867457606305612 -1.5 23.366508245836396
      vertex -10.775862515898448 -1.5 24.698539245232517
    endloop
  endfacet
  facet normal 0 -1 0
    outer loop
      vertex -10.867457606305612 -1.5 23.366508245836396
      vertex -10.474513487605915 -1.5 24.99988827352505
      vertex -10.775862515898448 -1.5 24.698539245232517
    endloop
  endfacet
  facet normal 0 -1 0
    outer loop
      vertex -10.867457606305612 -1.5 23.366508245836396
      vertex -10.474513487605915 -1.5 23.823117595642916
      vertex -10.474513487605915 -1.5 24.99988827352505
    endloop
  endfacet
  facet normal 0 1 0
    outer loop
      vertex 10.867457606305614 -4.5 6.033491754163604
      vertex 11.492922792280037 -4.5 5.5346999126766185
      vertex 10.408350828789557 -4.5 5.5
    endloop
  endfacet
  facet normal 0 1 0
    outer loop
      vertex 11.492922792280037 -4.5 5.5346999126766185
      vertex 11.463061102826135 -4.5 5.5
      vertex 10.408350828789557 -4.5 5.5
    endloop
  endfacet
  facet normal 0 1 0
    outer loop
      vertex 10.867457606305614 -4.5 6.033491754163604
      vertex 12.145709982445124 -4.5 6.419195146464757
      vertex 11.492922792280037 -4.5 5.5346999126766185
    endloop
  endfacet
  facet normal 0 1 0
    outer loop
      vertex 10.867457606305614 -4.5 6.033491754163604
      vertex 11.484718962992329 -4.5 6.869851192915654
      vertex 12.145709982445124 -4.5 6.419195146464757
    endloop
  endfacet
  facet normal 0 1 0
    outer loop
      vertex 12.145709982445124 -4.5 6.419195146464757
      vertex 11.484718962992329 -4.5 6.869851192915654
      vertex 12.730573435631246 -4.5 7.35
    endloop
  endfacet
  facet normal 0 1 0
    outer loop
      vertex 11.484718962992329 -4.5 6.869851192915654
      vertex 12.037753112603696 -4.5 7.75
      vertex 12.730573435631246 -4.5 7.35
    endloop
  endfacet
  facet normal 0 1 0
    outer loop
      vertex 12.037753112603696 -4.5 7.75
      vertex 12.523467263843624 -4.5 8.669016026265943
      vertex 12.730573435631246 -4.5 7.35
    endloop
  endfacet
  facet normal 0 1 0
    outer loop
      vertex 12.730573435631246 -4.5 7.35
      vertex 12.523467263843624 -4.5 8.669016026265943
      vertex 13.244242358165561 -4.5 8.321909034971895
    endloop
  endfacet
  facet normal 0 1 0
    outer loop
      vertex 12.523467263843624 -4.5 8.669016026265943
      vertex 12.939145106154438 -4.5 9.62175976130711
      vertex 13.244242358165561 -4.5 8.321909034971895
    endloop
  endfacet
  facet normal 0 -1 0
    outer loop
      vertex 10.867457606305614 -1.5 6.033491754163604
      vertex 10.408350828789557 -1.5 5.5
      vertex 11.463061102826137 -1.5 5.5
    endloop
  endfacet
  facet normal 0 -1 0
    outer loop
      vertex 10.867457606305614 -1.5 6.033491754163604
      vertex 11.463061102826137 -1.5 5.5
      vertex 11.484718962992329 -1.5 6.869851192915654
    endloop
  endfacet
  facet normal 0 -1 0
    outer loop
      vertex 11.492922792280037 -1.5 5.534699912676617
      vertex 11.484718962992329 -1.5 6.869851192915654
      vertex 11.463061102826137 -1.5 5.5
    endloop
  endfacet
  facet normal 0 -1 0
    outer loop
      vertex 11.492922792280037 -1.5 5.534699912676617
      vertex 12.037753112603696 -1.5 7.75
      vertex 11.484718962992329 -1.5 6.869851192915654
    endloop
  endfacet
  facet normal 0 -1 0
    outer loop
      vertex 11.492922792280037 -1.5 5.534699912676617
      vertex 12.145709982445124 -1.5 6.419195146464755
      vertex 12.037753112603696 -1.5 7.75
    endloop
  endfacet
  facet normal 0 -1 0
    outer loop
      vertex 12.145709982445124 -1.5 6.419195146464755
      vertex 12.523467263843624 -1.5 8.669016026265943
      vertex 12.037753112603696 -1.5 7.75
    endloop
  endfacet
  facet normal 0 -1 0
    outer loop
      vertex 12.145709982445124 -1.5 6.419195146464755
      vertex 12.730573435631246 -1.5 7.35
      vertex 12.939145106154438 -1.5 9.62175976130711
    endloop
  endfacet
  facet normal 0 -1 0
    outer loop
      vertex 12.145709982445124 -1.5 6.419195146464755
      vertex 12.939145106154438 -1.5 9.62175976130711
      vertex 12.523467263843624 -1.5 8.669016026265943
    endloop
  endfacet
  facet normal 0 -1 0
    outer loop
      vertex 12.730573435631246 -1.5 7.35
      vertex 13.244242358165561 -1.5 8.321909034971895
      vertex 13.282462000427355 -1.5 10.602903075688431
    endloop
  endfacet
  facet normal 0 -1 0
    outer loop
      vertex 12.730573435631246 -1.5 7.35
      vertex 13.282462000427355 -1.5 10.602903075688431
      vertex 12.939145106154438 -1.5 9.62175976130711
    endloop
  endfacet
  facet normal 0 1 0
    outer loop
      vertex 12.939145106154438 -4.5 9.62175976130711
      vertex 13.683844105069802 -4.5 9.329486941813993
      vertex 13.244242358165561 -4.5 8.321909034971895
    endloop
  endfacet
  facet normal 0 1 0
    outer loop
      vertex 12.939145106154438 -4.5 9.62175976130711
      vertex 13.282462000427355 -4.5 10.602903075688431
      vertex 13.683844105069802 -4.5 9.329486941813993
    endloop
  endfacet
  facet normal 0 1 0
    outer loop
      vertex 13.683844105069802 -4.5 9.329486941813993
      vertex 13.282462000427355 -4.5 10.602903075688431
      vertex 13.551497979327348 -4.5 11.60695901800723
    endloop
  endfacet
  facet normal 0 1 0
    outer loop
      vertex 13.683844105069802 -4.5 9.329486941813993
      vertex 13.551497979327348 -4.5 11.60695901800723
      vertex 14.046920245056267 -4.5 10.367098936159707
    endloop
  endfacet
  facet normal 0 1 0
    outer loop
      vertex 14.046920245056267 -4.5 10.367098936159707
      vertex 13.551497979327348 -4.5 11.60695901800723
      vertex 13.744748484529286 -4.5 12.628312500151175
    endloop
  endfacet
  facet normal 0 1 0
    outer loop
      vertex 14.046920245056267 -4.5 10.367098936159707
      vertex 13.744748484529286 -4.5 12.628312500151175
      vertex 14.331440309072807 -4.5 11.428942270842178
    endloop
  endfacet
  facet normal 0 1 0
    outer loop
      vertex 14.331440309072807 -4.5 11.428942270842178
      vertex 13.744748484529286 -4.5 12.628312500151175
      vertex 13.861132780818401 -4.5 13.661251699148702
    endloop
  endfacet
  facet normal 0 1 0
    outer loop
      vertex 14.331440309072807 -4.5 11.428942270842178
      vertex 13.861132780818401 -4.5 13.661251699148702
      vertex 13.899999999999999 -4.5 14.7
    endloop
  endfacet
  facet normal 0 1 0
    outer loop
      vertex 14.331440309072807 -4.5 11.428942270842178
      vertex 13.899999999999999 -4.5 14.7
      vertex 14.046920245056265 -4.5 19.032901063840296
    endloop
  endfacet
  facet normal 0 1 0
    outer loop
      vertex 14.331440309072807 -4.5 11.428942270842178
      vertex 14.046920245056265 -4.5 19.032901063840296
      vertex 14.535813145509389 -4.5 12.509078687210234
    endloop
  endfacet
  facet normal 0 1 0
    outer loop
      vertex 14.535813145509389 -4.5 12.509078687210234
      vertex 14.331440309072809 -4.5 17.971057729157813
      vertex 14.658895818563348 -4.5 13.601467624279563
    endloop
  endfacet
  facet normal 0 1 0
    outer loop
      vertex 14.658895818563348 -4.5 13.601467624279563
      vertex 14.53581314550939 -4.5 16.89092131278976
      vertex 14.7 -4.5 14.7
    endloop
  endfacet
  facet normal 0 1 0
    outer loop
      vertex 14.7 -4.5 14.7
      vertex 14.53581314550939 -4.5 16.89092131278976
      vertex 14.658895818563348 -4.5 15.798532375720434
    endloop
  endfacet
  facet normal 0 -1 0
    outer loop
      vertex 13.244242358165561 -1.5 8.321909034971895
      vertex 13.683844105069802 -1.5 9.329486941813993
      vertex 13.551497979327348 -1.5 11.60695901800723
    endloop
  endfacet
  facet normal 0 -1 0
    outer loop
      vertex 13.244242358165561 -1.5 8.321909034971895
      vertex 13.551497979327348 -1.5 11.60695901800723
      vertex 13.282462000427355 -1.5 10.602903075688431
    endloop
  endfacet
  facet normal 0 -1 0
    outer loop
      vertex 13.683844105069802 -1.5 9.329486941813993
      vertex 14.046920245056267 -1.5 10.367098936159707
      vertex 13.744748484529286 -1.5 12.628312500151175
    endloop
  endfacet
  facet normal 0 -1 0
    outer loop
      vertex 13.683844105069802 -1.5 9.329486941813993
      vertex 13.744748484529286 -1.5 12.628312500151175
      vertex 13.551497979327348 -1.5 11.60695901800723
    endloop
  endfacet
  facet normal 0 -1 0
    outer loop
      vertex 14.046920245056267 -1.5 10.367098936159707
      vertex 13.861132780818401 -1.5 13.661251699148702
      vertex 13.744748484529286 -1.5 12.628312500151175
    endloop
  endfacet
  facet normal 0 -1 0
    outer loop
      vertex 14.046920245056267 -1.5 10.367098936159707
      vertex 13.899999999999999 -1.5 14.7
      vertex 13.861132780818401 -1.5 13.661251699148702
    endloop
  endfacet
  facet normal 0 -1 0
    outer loop
      vertex 14.046920245056267 -1.5 10.367098936159707
      vertex 14.331440309072807 -1.5 11.428942270842178
      vertex 14.53581314550939 -1.5 16.89092131278976
    endloop
  endfacet
  facet normal 0 -1 0
    outer loop
      vertex 14.331440309072807 -1.5 11.428942270842178
      vertex 14.535813145509389 -1.5 12.509078687210234
      vertex 14.658895818563348 -1.5 15.798532375720434
    endloop
  endfacet
  facet normal 0 -1 0
    outer loop
      vertex 14.046920245056267 -1.5 10.367098936159707
      vertex 14.331440309072809 -1.5 17.971057729157813
      vertex 13.899999999999999 -1.5 14.7
    endloop
  endfacet
  facet normal 0 -1 0
    outer loop
      vertex 14.535813145509389 -1.5 12.509078687210234
      vertex 14.658895818563348 -1.5 13.601467624279563
      vertex 14.7 -1.5 14.7
    endloop
  endfacet
  facet normal 0 -1 0
    outer loop
      vertex 14.535813145509389 -1.5 12.509078687210234
      vertex 14.7 -1.5 14.7
      vertex 14.658895818563348 -1.5 15.798532375720434
    endloop
  endfacet
  facet normal 0 -1 0
    outer loop
      vertex 14.046920245056267 -1.5 10.367098936159707
      vertex 14.53581314550939 -1.5 16.89092131278976
      vertex 14.331440309072809 -1.5 17.971057729157813
    endloop
  endfacet
  facet normal 0 -1 0
    outer loop
      vertex 14.331440309072807 -1.5 11.428942270842178
      vertex 14.658895818563348 -1.5 15.798532375720434
      vertex 14.53581314550939 -1.5 16.89092131278976
    endloop
  endfacet
  facet normal 0 1 0
    outer loop
      vertex 12.523467263843623 -4.5 20.73098397373406
      vertex 12.145709982445124 -4.5 22.98080485353524
      vertex 12.939145106154436 -4.5 19.778240238692895
    endloop
  endfacet
  facet normal 0 1 0
    outer loop
      vertex 12.939145106154436 -4.5 19.778240238692895
      vertex 12.730573435631246 -4.5 22.049999999999997
      vertex 13.282462000427353 -4.5 18.797096924311575
    endloop
  endfacet
  facet normal 0 1 0
    outer loop
      vertex 12.730573435631246 -4.5 22.049999999999997
      vertex 13.24424235816556 -4.5 21.078090965028103
      vertex 13.282462000427353 -4.5 18.797096924311575
    endloop
  endfacet
  facet normal 0 1 0
    outer loop
      vertex 9.642135623730951 -4.5 24.701686449719414
      vertex 9.642135623730951 -4.5 25.782572632569632
      vertex 9.99853924523251 -4.5 25.47586251589845
    endloop
  endfacet
  facet normal 0 1 0
    outer loop
      vertex 10.867457606305615 -4.5 23.366508245836393
      vertex 10.189421018434588 -4.5 24.154401055015775
      vertex 9.99853924523251 -4.5 25.47586251589845
    endloop
  endfacet
  facet normal 0 1 0
    outer loop
      vertex 9.642135623730951 -4.5 24.701686449719414
      vertex 9.99853924523251 -4.5 25.47586251589845
      vertex 10.189421018434588 -4.5 24.154401055015775
    endloop
  endfacet
  facet normal 0 1 0
    outer loop
      vertex 10.867457606305615 -4.5 23.366508245836393
      vertex 9.99853924523251 -4.5 25.47586251589845
      vertex 10.77586251589845 -4.5 24.69853924523251
    endloop
  endfacet
  facet normal 0 1 0
    outer loop
      vertex 10.867457606305615 -4.5 23.366508245836393
      vertex 10.77586251589845 -4.5 24.69853924523251
      vertex 11.484718962992329 -4.5 22.530148807084345
    endloop
  endfacet
  facet normal 0 1 0
    outer loop
      vertex 10.77586251589845 -4.5 24.69853924523251
      vertex 11.492922792280039 -4.5 23.86530008732338
      vertex 11.484718962992329 -4.5 22.530148807084345
    endloop
  endfacet
  facet normal 0 1 0
    outer loop
      vertex 11.484718962992329 -4.5 22.530148807084345
      vertex 11.492922792280039 -4.5 23.86530008732338
      vertex 12.037753112603696 -4.5 21.65
    endloop
  endfacet
  facet normal 0 1 0
    outer loop
      vertex 11.492922792280039 -4.5 23.86530008732338
      vertex 12.145709982445124 -4.5 22.98080485353524
      vertex 12.037753112603696 -4.5 21.65
    endloop
  endfacet
  facet normal 0 1 0
    outer loop
      vertex 12.523467263843623 -4.5 20.73098397373406
      vertex 12.037753112603696 -4.5 21.65
      vertex 12.145709982445124 -4.5 22.98080485353524
    endloop
  endfacet
  facet normal 0 1 0
    outer loop
      vertex 12.939145106154436 -4.5 19.778240238692895
      vertex 12.145709982445124 -4.5 22.98080485353524
      vertex 12.730573435631246 -4.5 22.049999999999997
    endloop
  endfacet
  facet normal 0 -1 0
    outer loop
      vertex 12.523467263843623 -1.5 20.73098397373406
      vertex 12.939145106154436 -1.5 19.778240238692895
      vertex 13.24424235816556 -1.5 21.078090965028103
    endloop
  endfacet
  facet normal 0 -1 0
    outer loop
      vertex 10.474513487605913 -1.5 23.82311759564292
      vertex 11.492922792280039 -1.5 23.86530008732338
      vertex 10.77586251589845 -1.5 24.69853924523251
    endloop
  endfacet
  facet normal 0 -1 0
    outer loop
      vertex 10.474513487605913 -1.5 23.82311759564292
      vertex 10.519982744792049 -1.5 24.825757641834436
      vertex 10.474513487605913 -1.5 24.811730033386304
    endloop
  endfacet
  facet normal 0 -1 0
    outer loop
      vertex 10.474513487605913 -1.5 23.82311759564292
      vertex 10.77586251589845 -1.5 24.69853924523251
      vertex 10.519982744792049 -1.5 24.825757641834436
    endloop
  endfacet
  facet normal 0 -1 0
    outer loop
      vertex 10.519982744792049 -1.5 24.825757641834436
      vertex 10.77586251589845 -1.5 24.69853924523251
      vertex 10.613642056716776 -1.5 24.860759704414182
    endloop
  endfacet
  facet normal 0 -1 0
    outer loop
      vertex 10.474513487605913 -1.5 23.82311759564292
      vertex 10.867457606305615 -1.5 23.366508245836393
      vertex 11.492922792280039 -1.5 23.86530008732338
    endloop
  endfacet
  facet normal 0 -1 0
    outer loop
      vertex 10.867457606305615 -1.5 23.366508245836393
      vertex 11.484718962992329 -1.5 22.530148807084345
      vertex 12.145709982445124 -1.5 22.98080485353524
    endloop
  endfacet
  facet normal 0 -1 0
    outer loop
      vertex 10.867457606305615 -1.5 23.366508245836393
      vertex 12.145709982445124 -1.5 22.98080485353524
      vertex 11.492922792280039 -1.5 23.86530008732338
    endloop
  endfacet
  facet normal 0 -1 0
    outer loop
      vertex 12.523467263843623 -1.5 20.73098397373406
      vertex 12.730573435631246 -1.5 22.049999999999997
      vertex 12.037753112603696 -1.5 21.65
    endloop
  endfacet
  facet normal 0 -1 0
    outer loop
      vertex 11.484718962992329 -1.5 22.530148807084345
      vertex 12.037753112603696 -1.5 21.65
      vertex 12.730573435631246 -1.5 22.049999999999997
    endloop
  endfacet
  facet normal 0 -1 0
    outer loop
      vertex 12.523467263843623 -1.5 20.73098397373406
      vertex 13.24424235816556 -1.5 21.078090965028103
      vertex 12.730573435631246 -1.5 22.049999999999997
    endloop
  endfacet
  facet normal 0 -1 0
    outer loop
      vertex 11.484718962992329 -1.5 22.530148807084345
      vertex 12.730573435631246 -1.5 22.049999999999997
      vertex 12.145709982445124 -1.5 22.98080485353524
    endloop
  endfacet
  facet normal 0 1 0
    outer loop
      vertex 13.899999999999999 -4.5 14.7
      vertex 13.861132780818401 -4.5 15.738748300851295
      vertex 14.046920245056265 -4.5 19.032901063840296
    endloop
  endfacet
  facet normal 0 1 0
    outer loop
      vertex 13.861132780818401 -4.5 15.738748300851295
      vertex 13.744748484529287 -4.5 16.77168749984882
      vertex 14.046920245056265 -4.5 19.032901063840296
    endloop
  endfacet
  facet normal 0 1 0
    outer loop
      vertex 13.744748484529287 -4.5 16.77168749984882
      vertex 13.55149797932735 -4.5 17.793040981992764
      vertex 13.6838441050698 -4.5 20.07051305818601
    endloop
  endfacet
  facet normal 0 1 0
    outer loop
      vertex 14.535813145509389 -4.5 12.509078687210234
      vertex 14.046920245056265 -4.5 19.032901063840296
      vertex 14.331440309072809 -4.5 17.971057729157813
    endloop
  endfacet
  facet normal 0 1 0
    outer loop
      vertex 14.658895818563348 -4.5 13.601467624279563
      vertex 14.331440309072809 -4.5 17.971057729157813
      vertex 14.53581314550939 -4.5 16.89092131278976
    endloop
  endfacet
  facet normal 0 1 0
    outer loop
      vertex 13.55149797932735 -4.5 17.793040981992764
      vertex 13.282462000427353 -4.5 18.797096924311575
      vertex 13.24424235816556 -4.5 21.078090965028103
    endloop
  endfacet
  facet normal 0 1 0
    outer loop
      vertex 13.55149797932735 -4.5 17.793040981992764
      vertex 13.24424235816556 -4.5 21.078090965028103
      vertex 13.6838441050698 -4.5 20.07051305818601
    endloop
  endfacet
  facet normal 0 1 0
    outer loop
      vertex 13.744748484529287 -4.5 16.77168749984882
      vertex 13.6838441050698 -4.5 20.07051305818601
      vertex 14.046920245056265 -4.5 19.032901063840296
    endloop
  endfacet
  facet normal 0 -1 0
    outer loop
      vertex 13.899999999999999 -1.5 14.7
      vertex 14.331440309072809 -1.5 17.971057729157813
      vertex 13.861132780818401 -1.5 15.738748300851295
    endloop
  endfacet
  facet normal 0 -1 0
    outer loop
      vertex 13.861132780818401 -1.5 15.738748300851295
      vertex 14.331440309072809 -1.5 17.971057729157813
      vertex 13.744748484529287 -1.5 16.77168749984882
    endloop
  endfacet
  facet normal 0 -1 0
    outer loop
      vertex 13.744748484529287 -1.5 16.77168749984882
      vertex 14.046920245056265 -1.5 19.032901063840296
      vertex 13.55149797932735 -1.5 17.793040981992764
    endloop
  endfacet
  facet normal 0 -1 0
    outer loop
      vertex 13.744748484529287 -1.5 16.77168749984882
      vertex 14.331440309072809 -1.5 17.971057729157813
      vertex 14.046920245056265 -1.5 19.032901063840296
    endloop
  endfacet
  facet normal 0 -1 0
    outer loop
      vertex 13.55149797932735 -1.5 17.793040981992764
      vertex 13.6838441050698 -1.5 20.07051305818601
      vertex 13.282462000427353 -1.5 18.797096924311575
    endloop
  endfacet
  facet normal 0 -1 0
    outer loop
      vertex 12.939145106154436 -1.5 19.778240238692895
      vertex 13.282462000427353 -1.5 18.797096924311575
      vertex 13.6838441050698 -1.5 20.07051305818601
    endloop
  endfacet
  facet normal 0 -1 0
    outer loop
      vertex 13.55149797932735 -1.5 17.793040981992764
      vertex 14.046920245056265 -1.5 19.032901063840296
      vertex 13.6838441050698 -1.5 20.07051305818601
    endloop
  endfacet
  facet normal 0 -1 0
    outer loop
      vertex 12.939145106154436 -1.5 19.778240238692895
      vertex 13.6838441050698 -1.5 20.07051305818601
      vertex 13.24424235816556 -1.5 21.078090965028103
    endloop
  endfacet
  facet normal -0.5987244230690695 -0.5987244230690695 -0.5320320765153354
    outer loop
      vertex -7.060262486973789 -9.181582830533431 30.239851192915648
      vertex -5.3299963408320785 -11.693957371511008 31.119999999999994
      vertex -7.451316684391722 -9.572637027951364 31.119999999999994
    endloop
  endfacet
  facet normal -0.6251639900985225 -0.6251639900985225 -0.46726862827306204
    outer loop
      vertex -7.451316684391722 -9.572637027951364 31.119999999999994
      vertex -5.3299963408320785 -11.693957371511008 31.119999999999994
      vertex -5.6734481108920995 -12.037409141571029 32.039016026265934
    endloop
  endfacet
  facet normal -0.5689365462006517 -0.5689365462006517 -0.5938201855735012
    outer loop
      vertex -7.060262486973789 -9.181582830533431 30.239851192915648
      vertex -4.59619407771256 -10.960155108391488 29.583080320336148
      vertex -4.938942143414145 -11.302903174093075 30.239851192915648
    endloop
  endfacet
  facet normal -0.5987244230690695 -0.5987244230690695 -0.5320320765153354
    outer loop
      vertex -7.060262486973789 -9.181582830533431 30.239851192915648
      vertex -4.938942143414145 -11.302903174093075 30.239851192915648
      vertex -5.3299963408320785 -11.693957371511008 31.119999999999994
    endloop
  endfacet
  facet normal -0.5689365462006514 -0.5689365462006509 -0.5938201855735022
    outer loop
      vertex -6.7175144212722016 -8.838834764831844 29.583080320336148
      vertex -4.59619407771256 -10.960155108391488 29.583080320336148
      vertex -7.060262486973789 -9.181582830533431 30.239851192915648
    endloop
  endfacet
  facet normal -0.6674263035099889 -0.6674263035099889 -0.33027906195516593
    outer loop
      vertex -8.088697075538715 -10.210017419098357 32.99175976130711
      vertex -6.210138436015354 -12.574099466694284 33.97290307568843
      vertex -8.331458779574998 -10.45277912313464 33.97290307568843
    endloop
  endfacet
  facet normal -0.6674263035099889 -0.6674263035099889 -0.33027906195516593
    outer loop
      vertex -8.088697075538715 -10.210017419098357 32.99175976130711
      vertex -5.967376731979071 -12.331337762658 32.99175976130711
      vertex -6.210138436015354 -12.574099466694284 33.97290307568843
    endloop
  endfacet
  facet normal -0.6830127018922189 -0.6830127018922189 -0.2588190451025229
    outer loop
      vertex -8.331458779574998 -10.45277912313464 33.97290307568843
      vertex -6.4003756010787 -12.76433663175763 34.97695901800722
      vertex -8.521695944638344 -10.643016288197986 34.97695901800722
    endloop
  endfacet
  facet normal -0.7026606421633818 -0.7026606421633818 -0.11196447610330718
    outer loop
      vertex -8.740640812464019 -10.86196115602366 37.0312516991487
      vertex -8.65834468733436 -10.779665030894002 35.998312500151165
      vertex -6.619320468904375 -12.983281499583304 37.0312516991487
    endloop
  endfacet
  facet normal -0.6947794161898085 -0.6947794161898087 -0.1859116071629134
    outer loop
      vertex -8.521695944638344 -10.643016288197986 34.97695901800722
      vertex -6.537024343774716 -12.900985374453645 35.998312500151165
      vertex -8.65834468733436 -10.779665030894002 35.998312500151165
    endloop
  endfacet
  facet normal -0.6947794161898087 -0.6947794161898087 -0.18591160716291338
    outer loop
      vertex -8.521695944638344 -10.643016288197986 34.97695901800722
      vertex -6.4003756010787 -12.76433663175763 34.97695901800722
      vertex -6.537024343774716 -12.900985374453645 35.998312500151165
    endloop
  endfacet
  facet normal -0.7026606421633818 -0.7026606421633818 -0.11196447610330718
    outer loop
      vertex -6.619320468904375 -12.983281499583304 37.0312516991487
      vertex -8.65834468733436 -10.779665030894002 35.998312500151165
      vertex -6.537024343774716 -12.900985374453645 35.998312500151165
    endloop
  endfacet
  facet normal -0.6830127018922189 -0.6830127018922189 -0.2588190451025229
    outer loop
      vertex -8.331458779574998 -10.45277912313464 33.97290307568843
      vertex -6.210138436015354 -12.574099466694284 33.97290307568843
      vertex -6.4003756010787 -12.76433663175763 34.97695901800722
    endloop
  endfacet
  facet normal -0.6481073865052994 -0.6481073865052995 -0.3998920243197417
    outer loop
      vertex -7.794768454451743 -9.916088798011385 32.039016026265934
      vertex -5.967376731979071 -12.331337762658 32.99175976130711
      vertex -8.088697075538715 -10.210017419098357 32.99175976130711
    endloop
  endfacet
  facet normal -0.6251639900985225 -0.6251639900985225 -0.4672686282730621
    outer loop
      vertex -7.794768454451743 -9.916088798011385 32.039016026265934
      vertex -7.451316684391722 -9.572637027951364 31.119999999999994
      vertex -5.6734481108920995 -12.037409141571029 32.039016026265934
    endloop
  endfacet
  facet normal -0.6481073865052994 -0.6481073865052994 -0.3998920243197418
    outer loop
      vertex -7.794768454451743 -9.916088798011385 32.039016026265934
      vertex -5.6734481108920995 -12.037409141571029 32.039016026265934
      vertex -5.967376731979071 -12.331337762658 32.99175976130711
    endloop
  endfacet
  facet normal -0.5000000000000021 -0.49999999999999856 -0.7071067811865469
    outer loop
      vertex -3.6360389693210715 -10 28.06831355028058
      vertex -3.8321321278459055 -10.196093158524834 28.345631154554976
      vertex -3.909093021319428 -10 28.26139192207908
    endloop
  endfacet
  facet normal -0.7066123048003728 -0.7066123048003728 -0.037391194276326666
    outer loop
      vertex -8.740640812464019 -10.86196115602366 37.0312516991487
      vertex -6.646803743153546 -13.010764773832475 38.06999999999999
      vertex -8.76812408671319 -10.889444430272832 38.06999999999999
    endloop
  endfacet
  facet normal -0.7066123048003727 -0.7066123048003728 0.03739119427632666
    outer loop
      vertex -8.76812408671319 -10.889444430272832 38.06999999999999
      vertex -6.619320468904375 -12.983281499583304 39.10874830085129
      vertex -8.740640812464019 -10.86196115602366 39.10874830085129
    endloop
  endfacet
  facet normal -0.7066123048003728 -0.7066123048003728 -0.037391194276326555
    outer loop
      vertex -8.740640812464019 -10.86196115602366 37.0312516991487
      vertex -6.619320468904375 -12.983281499583304 37.0312516991487
      vertex -6.646803743153546 -13.010764773832475 38.06999999999999
    endloop
  endfacet
  facet normal -0.7066123048003728 -0.7066123048003728 0.03739119427632657
    outer loop
      vertex -8.76812408671319 -10.889444430272832 38.06999999999999
      vertex -6.646803743153546 -13.010764773832475 38.06999999999999
      vertex -6.619320468904375 -12.983281499583304 39.10874830085129
    endloop
  endfacet
  facet normal -0.7026606421633818 -0.7026606421633818 0.11196447610330718
    outer loop
      vertex -8.740640812464019 -10.86196115602366 39.10874830085129
      vertex -6.537024343774716 -12.900985374453645 40.14168749984882
      vertex -8.65834468733436 -10.779665030894002 40.14168749984882
    endloop
  endfacet
  facet normal -0.6947794161898087 -0.6947794161898087 0.18591160716291344
    outer loop
      vertex -8.65834468733436 -10.779665030894002 40.14168749984882
      vertex -6.4003756010787 -12.76433663175763 41.163040981992765
      vertex -8.521695944638344 -10.643016288197986 41.163040981992765
    endloop
  endfacet
  facet normal -0.6830127018922187 -0.683012701892219 0.25881904510252285
    outer loop
      vertex -8.521695944638344 -10.643016288197986 41.163040981992765
      vertex -6.210138436015354 -12.574099466694284 42.16709692431156
      vertex -8.331458779574998 -10.45277912313464 42.16709692431156
    endloop
  endfacet
  facet normal -0.7026606421633818 -0.7026606421633818 0.11196447610330705
    outer loop
      vertex -8.740640812464019 -10.86196115602366 39.10874830085129
      vertex -6.619320468904375 -12.983281499583304 39.10874830085129
      vertex -6.537024343774716 -12.900985374453645 40.14168749984882
    endloop
  endfacet
  facet normal -0.6947794161898087 -0.6947794161898087 0.1859116071629134
    outer loop
      vertex -8.65834468733436 -10.779665030894002 40.14168749984882
      vertex -6.537024343774716 -12.900985374453645 40.14168749984882
      vertex -6.4003756010787 -12.76433663175763 41.163040981992765
    endloop
  endfacet
  facet normal -0.6830127018922189 -0.6830127018922189 0.2588190451025229
    outer loop
      vertex -8.521695944638344 -10.643016288197986 41.163040981992765
      vertex -6.4003756010787 -12.76433663175763 41.163040981992765
      vertex -6.210138436015354 -12.574099466694284 42.16709692431156
    endloop
  endfacet
  facet normal -0.6674263035099889 -0.6674263035099889 0.33027906195516593
    outer loop
      vertex -8.331458779574998 -10.45277912313464 42.16709692431156
      vertex -5.967376731979071 -12.331337762658 43.14824023869288
      vertex -8.088697075538715 -10.210017419098357 43.14824023869288
    endloop
  endfacet
  facet normal -0.6674263035099889 -0.6674263035099889 0.33027906195516593
    outer loop
      vertex -8.331458779574998 -10.45277912313464 42.16709692431156
      vertex -6.210138436015354 -12.574099466694284 42.16709692431156
      vertex -5.967376731979071 -12.331337762658 43.14824023869288
    endloop
  endfacet
  facet normal -0.6481073865052994 -0.6481073865052994 0.39989202431974163
    outer loop
      vertex -8.088697075538715 -10.210017419098357 43.14824023869288
      vertex -5.967376731979071 -12.331337762658 43.14824023869288
      vertex -5.6734481108920995 -12.037409141571029 44.10098397373405
    endloop
  endfacet
  facet normal -0.6481073865052994 -0.6481073865052994 0.3998920243197418
    outer loop
      vertex -8.088697075538715 -10.210017419098357 43.14824023869288
      vertex -5.6734481108920995 -12.037409141571029 44.10098397373405
      vertex -7.794768454451743 -9.916088798011385 44.10098397373405
    endloop
  endfacet
  facet normal -0.625163990098523 -0.625163990098523 0.46726862827306065
    outer loop
      vertex -7.794768454451743 -9.916088798011385 44.10098397373405
      vertex -5.3299963408320785 -11.693957371511008 45.019999999999996
      vertex -7.451316684391722 -9.572637027951364 45.019999999999996
    endloop
  endfacet
  facet normal -0.625163990098523 -0.625163990098523 0.4672686282730607
    outer loop
      vertex -7.794768454451743 -9.916088798011385 44.10098397373405
      vertex -5.6734481108920995 -12.037409141571029 44.10098397373405
      vertex -5.3299963408320785 -11.693957371511008 45.019999999999996
    endloop
  endfacet
  facet normal -0.5987244230690681 -0.5987244230690681 0.5320320765153385
    outer loop
      vertex -7.451316684391722 -9.572637027951364 45.019999999999996
      vertex -4.938942143414145 -11.302903174093075 45.900148807084335
      vertex -7.060262486973789 -9.181582830533431 45.900148807084335
    endloop
  endfacet
  facet normal -0.5987244230690683 -0.5987244230690683 0.5320320765153385
    outer loop
      vertex -7.451316684391722 -9.572637027951364 45.019999999999996
      vertex -5.3299963408320785 -11.693957371511008 45.019999999999996
      vertex -4.938942143414145 -11.302903174093075 45.900148807084335
    endloop
  endfacet
  facet normal -0.5689365462006513 -0.5689365462006513 0.5938201855735022
    outer loop
      vertex -7.060262486973789 -9.181582830533431 45.900148807084335
      vertex -4.938942143414145 -11.302903174093075 45.900148807084335
      vertex -6.7175144212722016 -8.838834764831844 46.556919679663835
    endloop
  endfacet
  facet normal -0.5689365462006519 -0.5689365462006515 0.5938201855735012
    outer loop
      vertex -6.7175144212722016 -8.838834764831844 46.556919679663835
      vertex -4.938942143414145 -11.302903174093075 45.900148807084335
      vertex -4.59619407771256 -10.960155108391488 46.556919679663835
    endloop
  endfacet
  facet normal 0.49999999999999917 0.49999999999999917 -0.7071067811865486
    outer loop
      vertex 9.950444163156558 3.586483132477629 27.998231013721835
      vertex 9.852367755650258 3.8667694018939245 28.127072842677457
      vertex 10.196093158524837 3.8321321278459077 28.34563115455498
    endloop
  endfacet
  facet normal 0.5000000000000018 0.49999999999998856 -0.7071067811865543
    outer loop
      vertex 9.799584289496824 3.987750391431105 28.17529577392223
      vertex 10.196093158524837 3.8321321278459077 28.34563115455498
      vertex 9.852367755650258 3.8667694018939245 28.127072842677457
    endloop
  endfacet
  facet normal 0.5689365462006514 0.5689365462006514 -0.5938201855735017
    outer loop
      vertex 8.838834764831844 6.717514421272202 29.583080320336148
      vertex 9.181582830533431 7.060262486973789 30.239851192915648
      vertex 11.302903174093075 4.938942143414145 30.239851192915648
    endloop
  endfacet
  facet normal 0.5689365462006514 0.5689365462006514 -0.5938201855735018
    outer loop
      vertex 8.838834764831844 6.717514421272202 29.583080320336148
      vertex 11.302903174093075 4.938942143414145 30.239851192915648
      vertex 10.960155108391488 4.596194077712559 29.583080320336148
    endloop
  endfacet
  facet normal 0.5987244230690695 0.5987244230690695 -0.5320320765153354
    outer loop
      vertex 9.181582830533431 7.060262486973789 30.239851192915648
      vertex 9.572637027951364 7.451316684391722 31.119999999999994
      vertex 11.302903174093075 4.938942143414145 30.239851192915648
    endloop
  endfacet
  facet normal 0.5987244230690695 0.5987244230690695 -0.5320320765153354
    outer loop
      vertex 9.572637027951364 7.451316684391722 31.119999999999994
      vertex 11.693957371511008 5.3299963408320785 31.119999999999994
      vertex 11.302903174093075 4.938942143414145 30.239851192915648
    endloop
  endfacet
  facet normal 0.6251639900985225 0.6251639900985225 -0.4672686282730621
    outer loop
      vertex 9.572637027951364 7.451316684391722 31.119999999999994
      vertex 9.916088798011385 7.794768454451743 32.039016026265934
      vertex 11.693957371511008 5.3299963408320785 31.119999999999994
    endloop
  endfacet
  facet normal 0.6481073865052999 0.6481073865052999 -0.3998920243197402
    outer loop
      vertex 9.916088798011385 7.794768454451743 32.039016026265934
      vertex 10.210017419098353 8.088697075538711 32.9917597613071
      vertex 12.037409141571029 5.6734481108920995 32.039016026265934
    endloop
  endfacet
  facet normal 0.6251639900985225 0.6251639900985225 -0.46726862827306204
    outer loop
      vertex 9.916088798011385 7.794768454451743 32.039016026265934
      vertex 12.037409141571029 5.6734481108920995 32.039016026265934
      vertex 11.693957371511008 5.3299963408320785 31.119999999999994
    endloop
  endfacet
  facet normal 0.6481073865052999 0.6481073865052999 -0.3998920243197402
    outer loop
      vertex 12.037409141571029 5.6734481108920995 32.039016026265934
      vertex 10.210017419098353 8.088697075538711 32.9917597613071
      vertex 12.331337762657997 5.967376731979067 32.9917597613071
    endloop
  endfacet
  facet normal 0.6674263035099884 0.6674263035099884 -0.3302790619551681
    outer loop
      vertex 10.210017419098353 8.088697075538711 32.9917597613071
      vertex 10.452779123134638 8.331458779574996 33.97290307568842
      vertex 12.331337762657997 5.967376731979067 32.9917597613071
    endloop
  endfacet
  facet normal 0.6674263035099884 0.6674263035099884 -0.3302790619551682
    outer loop
      vertex 10.452779123134638 8.331458779574996 33.97290307568842
      vertex 12.574099466694282 6.210138436015352 33.97290307568842
      vertex 12.331337762657997 5.967376731979067 32.9917597613071
    endloop
  endfacet
  facet normal 0.6830127018922192 0.6830127018922192 -0.2588190451025217
    outer loop
      vertex 10.643016288197986 8.521695944638344 34.97695901800723
      vertex 12.76433663175763 6.4003756010787 34.97695901800723
      vertex 12.574099466694282 6.210138436015352 33.97290307568842
    endloop
  endfacet
  facet normal 0.6830127018922192 0.6830127018922192 -0.2588190451025218
    outer loop
      vertex 10.452779123134638 8.331458779574996 33.97290307568842
      vertex 10.643016288197986 8.521695944638344 34.97695901800723
      vertex 12.574099466694282 6.210138436015352 33.97290307568842
    endloop
  endfacet
  facet normal 0.6947794161898083 0.6947794161898083 -0.18591160716291577
    outer loop
      vertex 10.643016288197986 8.521695944638344 34.97695901800723
      vertex 10.779665030894003 8.658344687334361 35.99831250015117
      vertex 12.76433663175763 6.4003756010787 34.97695901800723
    endloop
  endfacet
  facet normal 0.7026606421633819 0.7026606421633819 -0.11196447610330555
    outer loop
      vertex 10.779665030894003 8.658344687334361 35.99831250015117
      vertex 10.86196115602366 8.740640812464019 37.0312516991487
      vertex 12.900985374453647 6.537024343774718 35.99831250015117
    endloop
  endfacet
  facet normal 0.6947794161898083 0.6947794161898083 -0.18591160716291563
    outer loop
      vertex 10.779665030894003 8.658344687334361 35.99831250015117
      vertex 12.900985374453647 6.537024343774718 35.99831250015117
      vertex 12.76433663175763 6.4003756010787 34.97695901800723
    endloop
  endfacet
  facet normal 0.7026606421633819 0.7026606421633819 -0.11196447610330555
    outer loop
      vertex 12.900985374453647 6.537024343774718 35.99831250015117
      vertex 10.86196115602366 8.740640812464019 37.0312516991487
      vertex 12.983281499583304 6.619320468904375 37.0312516991487
    endloop
  endfacet
  facet normal 0.7066123048003728 0.7066123048003728 -0.037391194276326555
    outer loop
      vertex 12.983281499583304 6.619320468904375 37.0312516991487
      vertex 10.86196115602366 8.740640812464019 37.0312516991487
      vertex 10.889444430272832 8.76812408671319 38.06999999999999
    endloop
  endfacet
  facet normal 0.7066123048003728 0.7066123048003728 0.03739119427632657
    outer loop
      vertex 13.010764773832475 6.646803743153546 38.06999999999999
      vertex 10.889444430272832 8.76812408671319 38.06999999999999
      vertex 10.86196115602366 8.740640812464019 39.10874830085129
    endloop
  endfacet
  facet normal 0.7066123048003728 0.7066123048003728 -0.037391194276326666
    outer loop
      vertex 12.983281499583304 6.619320468904375 37.0312516991487
      vertex 10.889444430272832 8.76812408671319 38.06999999999999
      vertex 13.010764773832475 6.646803743153546 38.06999999999999
    endloop
  endfacet
  facet normal 0.7066123048003727 0.7066123048003728 0.03739119427632666
    outer loop
      vertex 13.010764773832475 6.646803743153546 38.06999999999999
      vertex 10.86196115602366 8.740640812464019 39.10874830085129
      vertex 12.983281499583304 6.619320468904375 39.10874830085129
    endloop
  endfacet
  facet normal 0.6830127018922192 0.6830127018922192 0.25881904510252124
    outer loop
      vertex 10.45277912313464 8.331458779574998 42.167096924311565
      vertex 12.574099466694284 6.210138436015354 42.167096924311565
      vertex 12.76433663175763 6.4003756010787 41.163040981992765
    endloop
  endfacet
  facet normal 0.6947794161898088 0.6947794161898088 0.18591160716291216
    outer loop
      vertex 10.779665030894002 8.65834468733436 40.141687499848814
      vertex 10.643016288197986 8.521695944638344 41.163040981992765
      vertex 12.900985374453645 6.537024343774716 40.141687499848814
    endloop
  endfacet
  facet normal 0.7026606421633816 0.7026606421633816 0.11196447610330794
    outer loop
      vertex 10.779665030894002 8.65834468733436 40.141687499848814
      vertex 12.983281499583304 6.619320468904375 39.10874830085129
      vertex 10.86196115602366 8.740640812464019 39.10874830085129
    endloop
  endfacet
  facet normal 0.6830127018922192 0.6830127018922192 0.2588190451025212
    outer loop
      vertex 10.643016288197986 8.521695944638344 41.163040981992765
      vertex 10.45277912313464 8.331458779574998 42.167096924311565
      vertex 12.76433663175763 6.4003756010787 41.163040981992765
    endloop
  endfacet
  facet normal 0.7026606421633816 0.7026606421633816 0.11196447610330781
    outer loop
      vertex 10.779665030894002 8.65834468733436 40.141687499848814
      vertex 12.900985374453645 6.537024343774716 40.141687499848814
      vertex 12.983281499583304 6.619320468904375 39.10874830085129
    endloop
  endfacet
  facet normal 0.6947794161898088 0.6947794161898088 0.18591160716291213
    outer loop
      vertex 10.643016288197986 8.521695944638344 41.163040981992765
      vertex 12.76433663175763 6.4003756010787 41.163040981992765
      vertex 12.900985374453645 6.537024343774716 40.141687499848814
    endloop
  endfacet
  facet normal 0.5689365462006531 0.5689365462006536 0.593820185573498
    outer loop
      vertex 9.181582830533431 7.060262486973789 45.900148807084335
      vertex 8.838834764831844 6.7175144212722016 46.55691967966384
      vertex 10.960155108391488 4.59619407771256 46.55691967966384
    endloop
  endfacet
  facet normal 0.5987244230690683 0.5987244230690683 0.5320320765153385
    outer loop
      vertex 9.181582830533431 7.060262486973789 45.900148807084335
      vertex 11.302903174093075 4.938942143414145 45.900148807084335
      vertex 11.693957371511008 5.3299963408320785 45.019999999999996
    endloop
  endfacet
  facet normal 0.5689365462006538 0.5689365462006538 0.593820185573497
    outer loop
      vertex 9.181582830533431 7.060262486973789 45.900148807084335
      vertex 10.960155108391488 4.59619407771256 46.55691967966384
      vertex 11.302903174093075 4.938942143414145 45.900148807084335
    endloop
  endfacet
  facet normal 0.6251639900985223 0.6251639900985223 0.46726862827306254
    outer loop
      vertex 9.572637027951364 7.451316684391722 45.019999999999996
      vertex 12.03740914157103 5.673448110892101 44.10098397373405
      vertex 9.916088798011387 7.794768454451745 44.10098397373405
    endloop
  endfacet
  facet normal 0.6481073865052999 0.6481073865052999 0.3998920243197402
    outer loop
      vertex 10.210017419098355 8.088697075538713 43.148240238692885
      vertex 9.916088798011387 7.794768454451745 44.10098397373405
      vertex 12.331337762657999 5.967376731979069 43.148240238692885
    endloop
  endfacet
  facet normal 0.5987244230690681 0.5987244230690681 0.5320320765153385
    outer loop
      vertex 9.572637027951364 7.451316684391722 45.019999999999996
      vertex 9.181582830533431 7.060262486973789 45.900148807084335
      vertex 11.693957371511008 5.3299963408320785 45.019999999999996
    endloop
  endfacet
  facet normal 0.6481073865052999 0.6481073865052999 0.39989202431974025
    outer loop
      vertex 12.331337762657999 5.967376731979069 43.148240238692885
      vertex 9.916088798011387 7.794768454451745 44.10098397373405
      vertex 12.03740914157103 5.673448110892101 44.10098397373405
    endloop
  endfacet
  facet normal 0.6251639900985223 0.6251639900985223 0.46726862827306254
    outer loop
      vertex 9.572637027951364 7.451316684391722 45.019999999999996
      vertex 11.693957371511008 5.3299963408320785 45.019999999999996
      vertex 12.03740914157103 5.673448110892101 44.10098397373405
    endloop
  endfacet
  facet normal 0.6674263035099884 0.6674263035099884 0.3302790619551681
    outer loop
      vertex 10.45277912313464 8.331458779574998 42.167096924311565
      vertex 10.210017419098355 8.088697075538713 43.148240238692885
      vertex 12.574099466694284 6.210138436015354 42.167096924311565
    endloop
  endfacet
  facet normal 0.6674263035099884 0.6674263035099884 0.33027906195516804
    outer loop
      vertex 10.210017419098355 8.088697075538713 43.148240238692885
      vertex 12.331337762657999 5.967376731979069 43.148240238692885
      vertex 12.574099466694284 6.210138436015354 42.167096924311565
    endloop
  endfacet
  facet normal -0.6251639900985225 -0.6251639900985225 -0.46726862827306204
    outer loop
      vertex -11.693957371511008 -5.3299963408320785 31.119999999999994
      vertex -9.572637027951364 -7.451316684391722 31.119999999999994
      vertex -9.916088798011385 -7.794768454451743 32.039016026265934
    endloop
  endfacet
  facet normal -0.5987244230690695 -0.5987244230690695 -0.5320320765153354
    outer loop
      vertex -11.302903174093075 -4.938942143414145 30.239851192915648
      vertex -9.572637027951364 -7.451316684391722 31.119999999999994
      vertex -11.693957371511008 -5.3299963408320785 31.119999999999994
    endloop
  endfacet
  facet normal -0.5987244230690695 -0.5987244230690695 -0.5320320765153354
    outer loop
      vertex -11.302903174093075 -4.938942143414145 30.239851192915648
      vertex -9.181582830533431 -7.060262486973789 30.239851192915648
      vertex -9.572637027951364 -7.451316684391722 31.119999999999994
    endloop
  endfacet
  facet normal -0.5689365462006515 -0.5689365462006519 -0.5938201855735012
    outer loop
      vertex -10.960155108391488 -4.59619407771256 29.583080320336148
      vertex -8.838834764831844 -6.7175144212722016 29.583080320336148
      vertex -11.302903174093075 -4.938942143414145 30.239851192915648
    endloop
  endfacet
  facet normal -0.5689365462006513 -0.5689365462006513 -0.5938201855735022
    outer loop
      vertex -11.302903174093075 -4.938942143414145 30.239851192915648
      vertex -8.838834764831844 -6.7175144212722016 29.583080320336148
      vertex -9.181582830533431 -7.060262486973789 30.239851192915648
    endloop
  endfacet
  facet normal -0.6481073865052994 -0.6481073865052995 -0.3998920243197417
    outer loop
      vertex -12.037409141571029 -5.6734481108920995 32.039016026265934
      vertex -10.210017419098357 -8.088697075538715 32.99175976130711
      vertex -12.331337762658 -5.967376731979071 32.99175976130711
    endloop
  endfacet
  facet normal -0.6674263035099889 -0.6674263035099889 -0.33027906195516593
    outer loop
      vertex -12.331337762658 -5.967376731979071 32.99175976130711
      vertex -10.45277912313464 -8.331458779574998 33.97290307568843
      vertex -12.574099466694284 -6.210138436015354 33.97290307568843
    endloop
  endfacet
  facet normal -0.6674263035099889 -0.6674263035099889 -0.33027906195516593
    outer loop
      vertex -12.331337762658 -5.967376731979071 32.99175976130711
      vertex -10.210017419098357 -8.088697075538715 32.99175976130711
      vertex -10.45277912313464 -8.331458779574998 33.97290307568843
    endloop
  endfacet
  facet normal -0.6947794161898085 -0.6947794161898087 -0.1859116071629134
    outer loop
      vertex -12.76433663175763 -6.4003756010787 34.97695901800722
      vertex -10.779665030894002 -8.65834468733436 35.998312500151165
      vertex -12.900985374453645 -6.537024343774716 35.998312500151165
    endloop
  endfacet
  facet normal -0.7026606421633818 -0.7026606421633818 -0.11196447610330704
    outer loop
      vertex -10.86196115602366 -8.740640812464019 37.0312516991487
      vertex -12.983281499583304 -6.619320468904375 37.0312516991487
      vertex -12.900985374453645 -6.537024343774716 35.998312500151165
    endloop
  endfacet
  facet normal -0.6830127018922189 -0.6830127018922189 -0.2588190451025229
    outer loop
      vertex -12.574099466694284 -6.210138436015354 33.97290307568843
      vertex -10.45277912313464 -8.331458779574998 33.97290307568843
      vertex -10.643016288197986 -8.521695944638344 34.97695901800722
    endloop
  endfacet
  facet normal -0.6947794161898087 -0.6947794161898087 -0.18591160716291338
    outer loop
      vertex -12.76433663175763 -6.4003756010787 34.97695901800722
      vertex -10.643016288197986 -8.521695944638344 34.97695901800722
      vertex -10.779665030894002 -8.65834468733436 35.998312500151165
    endloop
  endfacet
  facet normal -0.7026606421633818 -0.7026606421633818 -0.11196447610330718
    outer loop
      vertex -10.86196115602366 -8.740640812464019 37.0312516991487
      vertex -12.900985374453645 -6.537024343774716 35.998312500151165
      vertex -10.779665030894002 -8.65834468733436 35.998312500151165
    endloop
  endfacet
  facet normal -0.6830127018922189 -0.6830127018922189 -0.2588190451025229
    outer loop
      vertex -12.574099466694284 -6.210138436015354 33.97290307568843
      vertex -10.643016288197986 -8.521695944638344 34.97695901800722
      vertex -12.76433663175763 -6.4003756010787 34.97695901800722
    endloop
  endfacet
  facet normal -0.6251639900985225 -0.6251639900985225 -0.4672686282730621
    outer loop
      vertex -12.037409141571029 -5.6734481108920995 32.039016026265934
      vertex -11.693957371511008 -5.3299963408320785 31.119999999999994
      vertex -9.916088798011385 -7.794768454451743 32.039016026265934
    endloop
  endfacet
  facet normal -0.6481073865052994 -0.6481073865052994 -0.3998920243197418
    outer loop
      vertex -12.037409141571029 -5.6734481108920995 32.039016026265934
      vertex -9.916088798011385 -7.794768454451743 32.039016026265934
      vertex -10.210017419098357 -8.088697075538715 32.99175976130711
    endloop
  endfacet
  facet normal -0.5000000000000016 -0.4999999999999976 -0.7071067811865481
    outer loop
      vertex -9.852367755650258 -3.8667694018939227 28.127072842677453
      vertex -9.79958428949682 -3.987750391431109 28.17529577392223
      vertex -10.196093158524837 -3.832132127845909 28.34563115455498
    endloop
  endfacet
  facet normal -0.5000000000000006 -0.5000000000000016 -0.707106781186546
    outer loop
      vertex -9.852367755650258 -3.8667694018939227 28.127072842677453
      vertex -10.196093158524837 -3.832132127845909 28.34563115455498
      vertex -9.950444163156558 -3.586483132477629 27.99823101372183
    endloop
  endfacet
  facet normal -0.7066123048003728 -0.7066123048003728 -0.037391194276326555
    outer loop
      vertex -10.889444430272832 -8.76812408671319 38.06999999999999
      vertex -13.010764773832475 -6.646803743153546 38.06999999999999
      vertex -12.983281499583304 -6.619320468904375 37.0312516991487
    endloop
  endfacet
  facet normal -0.7066123048003728 -0.7066123048003728 0.03739119427632657
    outer loop
      vertex -10.86196115602366 -8.740640812464019 39.10874830085129
      vertex -12.983281499583304 -6.619320468904375 39.10874830085129
      vertex -13.010764773832475 -6.646803743153546 38.06999999999999
    endloop
  endfacet
  facet normal -0.7066123048003728 -0.7066123048003728 -0.037391194276326666
    outer loop
      vertex -10.86196115602366 -8.740640812464019 37.0312516991487
      vertex -10.889444430272832 -8.76812408671319 38.06999999999999
      vertex -12.983281499583304 -6.619320468904375 37.0312516991487
    endloop
  endfacet
  facet normal -0.7066123048003728 -0.7066123048003728 0.037391194276326666
    outer loop
      vertex -10.889444430272832 -8.76812408671319 38.06999999999999
      vertex -10.86196115602366 -8.740640812464019 39.10874830085129
      vertex -13.010764773832475 -6.646803743153546 38.06999999999999
    endloop
  endfacet
  facet normal -0.7026606421633818 -0.7026606421633818 0.11196447610330718
    outer loop
      vertex -12.983281499583304 -6.619320468904375 39.10874830085129
      vertex -10.779665030894002 -8.65834468733436 40.14168749984882
      vertex -12.900985374453645 -6.537024343774716 40.14168749984882
    endloop
  endfacet
  facet normal -0.6947794161898087 -0.6947794161898087 0.18591160716291344
    outer loop
      vertex -12.900985374453645 -6.537024343774716 40.14168749984882
      vertex -10.643016288197986 -8.521695944638344 41.163040981992765
      vertex -12.76433663175763 -6.4003756010787 41.163040981992765
    endloop
  endfacet
  facet normal -0.7026606421633818 -0.7026606421633818 0.11196447610330718
    outer loop
      vertex -10.86196115602366 -8.740640812464019 39.10874830085129
      vertex -10.779665030894002 -8.65834468733436 40.14168749984882
      vertex -12.983281499583304 -6.619320468904375 39.10874830085129
    endloop
  endfacet
  facet normal -0.6947794161898087 -0.6947794161898087 0.1859116071629134
    outer loop
      vertex -12.900985374453645 -6.537024343774716 40.14168749984882
      vertex -10.779665030894002 -8.65834468733436 40.14168749984882
      vertex -10.643016288197986 -8.521695944638344 41.163040981992765
    endloop
  endfacet
  facet normal -0.6830127018922189 -0.6830127018922189 0.2588190451025229
    outer loop
      vertex -12.76433663175763 -6.4003756010787 41.163040981992765
      vertex -10.643016288197986 -8.521695944638344 41.163040981992765
      vertex -10.45277912313464 -8.331458779574998 42.16709692431156
    endloop
  endfacet
  facet normal -0.6830127018922187 -0.683012701892219 0.25881904510252285
    outer loop
      vertex -12.76433663175763 -6.4003756010787 41.163040981992765
      vertex -10.45277912313464 -8.331458779574998 42.16709692431156
      vertex -12.574099466694284 -6.210138436015354 42.16709692431156
    endloop
  endfacet
  facet normal -0.6674263035099889 -0.6674263035099889 0.33027906195516593
    outer loop
      vertex -12.574099466694284 -6.210138436015354 42.16709692431156
      vertex -10.210017419098357 -8.088697075538715 43.14824023869288
      vertex -12.331337762658 -5.967376731979071 43.14824023869288
    endloop
  endfacet
  facet normal -0.6674263035099889 -0.6674263035099889 0.33027906195516593
    outer loop
      vertex -12.574099466694284 -6.210138436015354 42.16709692431156
      vertex -10.45277912313464 -8.331458779574998 42.16709692431156
      vertex -10.210017419098357 -8.088697075538715 43.14824023869288
    endloop
  endfacet
  facet normal -0.6481073865052994 -0.6481073865052994 0.3998920243197418
    outer loop
      vertex -12.331337762658 -5.967376731979071 43.14824023869288
      vertex -9.916088798011385 -7.794768454451743 44.10098397373405
      vertex -12.037409141571029 -5.6734481108920995 44.10098397373405
    endloop
  endfacet
  facet normal -0.625163990098523 -0.625163990098523 0.46726862827306065
    outer loop
      vertex -12.037409141571029 -5.6734481108920995 44.10098397373405
      vertex -9.572637027951364 -7.451316684391722 45.019999999999996
      vertex -11.693957371511008 -5.3299963408320785 45.019999999999996
    endloop
  endfacet
  facet normal -0.6481073865052994 -0.6481073865052994 0.39989202431974163
    outer loop
      vertex -12.331337762658 -5.967376731979071 43.14824023869288
      vertex -10.210017419098357 -8.088697075538715 43.14824023869288
      vertex -9.916088798011385 -7.794768454451743 44.10098397373405
    endloop
  endfacet
  facet normal -0.625163990098523 -0.625163990098523 0.4672686282730607
    outer loop
      vertex -12.037409141571029 -5.6734481108920995 44.10098397373405
      vertex -9.916088798011385 -7.794768454451743 44.10098397373405
      vertex -9.572637027951364 -7.451316684391722 45.019999999999996
    endloop
  endfacet
  facet normal -0.5987244230690683 -0.5987244230690683 0.5320320765153385
    outer loop
      vertex -11.693957371511008 -5.3299963408320785 45.019999999999996
      vertex -9.572637027951364 -7.451316684391722 45.019999999999996
      vertex -9.181582830533431 -7.060262486973789 45.900148807084335
    endloop
  endfacet
  facet normal -0.5987244230690681 -0.5987244230690681 0.5320320765153385
    outer loop
      vertex -11.693957371511008 -5.3299963408320785 45.019999999999996
      vertex -9.181582830533431 -7.060262486973789 45.900148807084335
      vertex -11.302903174093075 -4.938942143414145 45.900148807084335
    endloop
  endfacet
  facet normal -0.5689365462006517 -0.5689365462006517 0.5938201855735012
    outer loop
      vertex -11.302903174093075 -4.938942143414145 45.900148807084335
      vertex -9.181582830533431 -7.060262486973789 45.900148807084335
      vertex -10.960155108391488 -4.59619407771256 46.556919679663835
    endloop
  endfacet
  facet normal -0.5689365462006508 -0.5689365462006514 0.5938201855735021
    outer loop
      vertex -10.960155108391488 -4.59619407771256 46.556919679663835
      vertex -9.181582830533431 -7.060262486973789 45.900148807084335
      vertex -8.838834764831844 -6.7175144212722016 46.556919679663835
    endloop
  endfacet
  facet normal 0.5000000000000024 0.49999999999999434 -0.7071067811865498
    outer loop
      vertex 3.6360389693210715 10 28.068313550280582
      vertex 3.832132127845907 10.196093158524835 28.34563115455498
      vertex 3.909093021319429 10 28.261391922079085
    endloop
  endfacet
  facet normal 0.5689365462006514 0.5689365462006514 -0.5938201855735018
    outer loop
      vertex 4.596194077712559 10.960155108391488 29.583080320336148
      vertex 7.060262486973789 9.181582830533431 30.239851192915648
      vertex 6.717514421272202 8.838834764831844 29.583080320336148
    endloop
  endfacet
  facet normal 0.5689365462006514 0.5689365462006514 -0.5938201855735017
    outer loop
      vertex 4.596194077712559 10.960155108391488 29.583080320336148
      vertex 4.938942143414145 11.302903174093075 30.239851192915648
      vertex 7.060262486973789 9.181582830533431 30.239851192915648
    endloop
  endfacet
  facet normal 0.5987244230690695 0.5987244230690695 -0.5320320765153354
    outer loop
      vertex 4.938942143414145 11.302903174093075 30.239851192915648
      vertex 5.3299963408320785 11.693957371511008 31.119999999999994
      vertex 7.060262486973789 9.181582830533431 30.239851192915648
    endloop
  endfacet
  facet normal 0.6251639900985225 0.6251639900985225 -0.4672686282730621
    outer loop
      vertex 5.3299963408320785 11.693957371511008 31.119999999999994
      vertex 5.6734481108920995 12.037409141571029 32.039016026265934
      vertex 7.451316684391722 9.572637027951364 31.119999999999994
    endloop
  endfacet
  facet normal 0.5987244230690695 0.5987244230690695 -0.5320320765153354
    outer loop
      vertex 5.3299963408320785 11.693957371511008 31.119999999999994
      vertex 7.451316684391722 9.572637027951364 31.119999999999994
      vertex 7.060262486973789 9.181582830533431 30.239851192915648
    endloop
  endfacet
  facet normal 0.6481073865052999 0.6481073865052999 -0.3998920243197402
    outer loop
      vertex 5.6734481108920995 12.037409141571029 32.039016026265934
      vertex 5.967376731979067 12.331337762657997 32.9917597613071
      vertex 7.794768454451743 9.916088798011385 32.039016026265934
    endloop
  endfacet
  facet normal 0.6251639900985225 0.6251639900985225 -0.46726862827306204
    outer loop
      vertex 5.6734481108920995 12.037409141571029 32.039016026265934
      vertex 7.794768454451743 9.916088798011385 32.039016026265934
      vertex 7.451316684391722 9.572637027951364 31.119999999999994
    endloop
  endfacet
  facet normal 0.6481073865052999 0.6481073865052999 -0.3998920243197402
    outer loop
      vertex 7.794768454451743 9.916088798011385 32.039016026265934
      vertex 5.967376731979067 12.331337762657997 32.9917597613071
      vertex 8.088697075538711 10.210017419098353 32.9917597613071
    endloop
  endfacet
  facet normal 0.6674263035099884 0.6674263035099884 -0.3302790619551681
    outer loop
      vertex 5.967376731979067 12.331337762657997 32.9917597613071
      vertex 6.210138436015352 12.574099466694282 33.97290307568842
      vertex 8.088697075538711 10.210017419098353 32.9917597613071
    endloop
  endfacet
  facet normal 0.6674263035099884 0.6674263035099884 -0.3302790619551682
    outer loop
      vertex 6.210138436015352 12.574099466694282 33.97290307568842
      vertex 8.331458779574996 10.452779123134638 33.97290307568842
      vertex 8.088697075538711 10.210017419098353 32.9917597613071
    endloop
  endfacet
  facet normal 0.6830127018922192 0.6830127018922192 -0.2588190451025218
    outer loop
      vertex 6.210138436015352 12.574099466694282 33.97290307568842
      vertex 6.4003756010787 12.76433663175763 34.97695901800723
      vertex 8.331458779574996 10.452779123134638 33.97290307568842
    endloop
  endfacet
  facet normal 0.6947794161898083 0.6947794161898083 -0.18591160716291577
    outer loop
      vertex 6.4003756010787 12.76433663175763 34.97695901800723
      vertex 6.537024343774718 12.900985374453647 35.99831250015117
      vertex 8.521695944638344 10.643016288197986 34.97695901800723
    endloop
  endfacet
  facet normal 0.7026606421633819 0.7026606421633819 -0.11196447610330555
    outer loop
      vertex 6.537024343774718 12.900985374453647 35.99831250015117
      vertex 6.619320468904375 12.983281499583304 37.0312516991487
      vertex 8.658344687334361 10.779665030894003 35.99831250015117
    endloop
  endfacet
  facet normal 0.6830127018922192 0.6830127018922192 -0.2588190451025217
    outer loop
      vertex 6.4003756010787 12.76433663175763 34.97695901800723
      vertex 8.521695944638344 10.643016288197986 34.97695901800723
      vertex 8.331458779574996 10.452779123134638 33.97290307568842
    endloop
  endfacet
  facet normal 0.6947794161898083 0.6947794161898083 -0.18591160716291563
    outer loop
      vertex 6.537024343774718 12.900985374453647 35.99831250015117
      vertex 8.658344687334361 10.779665030894003 35.99831250015117
      vertex 8.521695944638344 10.643016288197986 34.97695901800723
    endloop
  endfacet
  facet normal 0.7026606421633819 0.7026606421633819 -0.11196447610330555
    outer loop
      vertex 8.658344687334361 10.779665030894003 35.99831250015117
      vertex 6.619320468904375 12.983281499583304 37.0312516991487
      vertex 8.740640812464019 10.86196115602366 37.0312516991487
    endloop
  endfacet
  facet normal 0.7066123048003728 0.7066123048003728 -0.037391194276326666
    outer loop
      vertex 6.619320468904375 12.983281499583304 37.0312516991487
      vertex 6.646803743153546 13.010764773832475 38.06999999999999
      vertex 8.740640812464019 10.86196115602366 37.0312516991487
    endloop
  endfacet
  facet normal 0.7066123048003728 0.7066123048003728 0.037391194276326666
    outer loop
      vertex 6.646803743153546 13.010764773832475 38.06999999999999
      vertex 6.619320468904375 12.983281499583304 39.10874830085129
      vertex 8.76812408671319 10.889444430272832 38.06999999999999
    endloop
  endfacet
  facet normal 0.7066123048003728 0.7066123048003728 -0.037391194276326555
    outer loop
      vertex 6.646803743153546 13.010764773832475 38.06999999999999
      vertex 8.76812408671319 10.889444430272832 38.06999999999999
      vertex 8.740640812464019 10.86196115602366 37.0312516991487
    endloop
  endfacet
  facet normal 0.7066123048003728 0.7066123048003728 0.03739119427632657
    outer loop
      vertex 6.619320468904375 12.983281499583304 39.10874830085129
      vertex 8.740640812464019 10.86196115602366 39.10874830085129
      vertex 8.76812408671319 10.889444430272832 38.06999999999999
    endloop
  endfacet
  facet normal 0.6830127018922192 0.6830127018922192 0.2588190451025212
    outer loop
      vertex 6.4003756010787 12.76433663175763 41.163040981992765
      vertex 6.210138436015354 12.574099466694284 42.167096924311565
      vertex 8.521695944638344 10.643016288197986 41.163040981992765
    endloop
  endfacet
  facet normal 0.7026606421633816 0.7026606421633816 0.11196447610330794
    outer loop
      vertex 6.537024343774716 12.900985374453645 40.141687499848814
      vertex 8.740640812464019 10.86196115602366 39.10874830085129
      vertex 6.619320468904375 12.983281499583304 39.10874830085129
    endloop
  endfacet
  facet normal 0.6947794161898088 0.6947794161898088 0.18591160716291216
    outer loop
      vertex 6.537024343774716 12.900985374453645 40.141687499848814
      vertex 6.4003756010787 12.76433663175763 41.163040981992765
      vertex 8.65834468733436 10.779665030894002 40.141687499848814
    endloop
  endfacet
  facet normal 0.7026606421633816 0.7026606421633816 0.11196447610330781
    outer loop
      vertex 6.537024343774716 12.900985374453645 40.141687499848814
      vertex 8.65834468733436 10.779665030894002 40.141687499848814
      vertex 8.740640812464019 10.86196115602366 39.10874830085129
    endloop
  endfacet
  facet normal 0.6947794161898088 0.6947794161898088 0.18591160716291213
    outer loop
      vertex 6.4003756010787 12.76433663175763 41.163040981992765
      vertex 8.521695944638344 10.643016288197986 41.163040981992765
      vertex 8.65834468733436 10.779665030894002 40.141687499848814
    endloop
  endfacet
  facet normal 0.6830127018922192 0.6830127018922192 0.25881904510252124
    outer loop
      vertex 6.210138436015354 12.574099466694284 42.167096924311565
      vertex 8.331458779574998 10.45277912313464 42.167096924311565
      vertex 8.521695944638344 10.643016288197986 41.163040981992765
    endloop
  endfacet
  facet normal 0.568936546200654 0.5689365462006536 0.593820185573497
    outer loop
      vertex 4.59619407771256 10.960155108391488 46.55691967966384
      vertex 6.7175144212722016 8.838834764831844 46.55691967966384
      vertex 4.938942143414145 11.302903174093075 45.900148807084335
    endloop
  endfacet
  facet normal 0.5689365462006534 0.5689365462006534 0.593820185573498
    outer loop
      vertex 4.938942143414145 11.302903174093075 45.900148807084335
      vertex 6.7175144212722016 8.838834764831844 46.55691967966384
      vertex 7.060262486973789 9.181582830533431 45.900148807084335
    endloop
  endfacet
  facet normal 0.5987244230690681 0.5987244230690681 0.5320320765153385
    outer loop
      vertex 5.3299963408320785 11.693957371511008 45.019999999999996
      vertex 4.938942143414145 11.302903174093075 45.900148807084335
      vertex 7.451316684391722 9.572637027951364 45.019999999999996
    endloop
  endfacet
  facet normal 0.5987244230690683 0.5987244230690683 0.5320320765153385
    outer loop
      vertex 4.938942143414145 11.302903174093075 45.900148807084335
      vertex 7.060262486973789 9.181582830533431 45.900148807084335
      vertex 7.451316684391722 9.572637027951364 45.019999999999996
    endloop
  endfacet
  facet normal 0.6251639900985223 0.6251639900985223 0.46726862827306254
    outer loop
      vertex 5.3299963408320785 11.693957371511008 45.019999999999996
      vertex 7.794768454451745 9.916088798011387 44.10098397373405
      vertex 5.673448110892101 12.03740914157103 44.10098397373405
    endloop
  endfacet
  facet normal 0.6481073865052999 0.6481073865052999 0.39989202431974025
    outer loop
      vertex 8.088697075538713 10.210017419098355 43.148240238692885
      vertex 5.673448110892101 12.03740914157103 44.10098397373405
      vertex 7.794768454451745 9.916088798011387 44.10098397373405
    endloop
  endfacet
  facet normal 0.6251639900985223 0.6251639900985223 0.46726862827306254
    outer loop
      vertex 5.3299963408320785 11.693957371511008 45.019999999999996
      vertex 7.451316684391722 9.572637027951364 45.019999999999996
      vertex 7.794768454451745 9.916088798011387 44.10098397373405
    endloop
  endfacet
  facet normal 0.6674263035099884 0.6674263035099884 0.3302790619551681
    outer loop
      vertex 6.210138436015354 12.574099466694284 42.167096924311565
      vertex 5.967376731979069 12.331337762657999 43.148240238692885
      vertex 8.331458779574998 10.45277912313464 42.167096924311565
    endloop
  endfacet
  facet normal 0.6674263035099884 0.6674263035099884 0.33027906195516804
    outer loop
      vertex 5.967376731979069 12.331337762657999 43.148240238692885
      vertex 8.088697075538713 10.210017419098355 43.148240238692885
      vertex 8.331458779574998 10.45277912313464 42.167096924311565
    endloop
  endfacet
  facet normal 0.6481073865052999 0.6481073865052999 0.3998920243197402
    outer loop
      vertex 5.967376731979069 12.331337762657999 43.148240238692885
      vertex 5.673448110892101 12.03740914157103 44.10098397373405
      vertex 8.088697075538713 10.210017419098355 43.148240238692885
    endloop
  endfacet
  facet normal -0.943883330308368 0 -0.3302790619551658
    outer loop
      vertex -13.282462000427355 1.5 10.602903075688431
      vertex -13.282462000427355 4.5 10.602903075688431
      vertex -12.93914510615444 4.5 9.62175976130711
    endloop
  endfacet
  facet normal -0.965925826289068 0 -0.25881904510252196
    outer loop
      vertex -13.282462000427355 1.5 10.602903075688431
      vertex -13.551497979327348 1.5 11.606959018007228
      vertex -13.282462000427355 4.5 10.602903075688431
    endloop
  endfacet
  facet normal -0.9825664732332883 0 -0.18591160716291424
    outer loop
      vertex -13.551497979327348 1.5 11.606959018007228
      vertex -13.744748484529286 1.5 12.628312500151171
      vertex -13.551497979327348 4.5 11.606959018007228
    endloop
  endfacet
  facet normal -0.9937122098932428 0 -0.11196447610330613
    outer loop
      vertex -13.744748484529286 1.5 12.628312500151171
      vertex -13.861132780818401 1.5 13.661251699148703
      vertex -13.744748484529286 4.5 12.628312500151171
    endloop
  endfacet
  facet normal -0.965925826289068 0 -0.25881904510252196
    outer loop
      vertex -13.551497979327348 1.5 11.606959018007228
      vertex -13.551497979327348 4.5 11.606959018007228
      vertex -13.282462000427355 4.5 10.602903075688431
    endloop
  endfacet
  facet normal -0.9825664732332883 0 -0.18591160716291424
    outer loop
      vertex -13.744748484529286 1.5 12.628312500151171
      vertex -13.744748484529286 4.5 12.628312500151171
      vertex -13.551497979327348 4.5 11.606959018007228
    endloop
  endfacet
  facet normal -0.9937122098932428 0 -0.11196447610330613
    outer loop
      vertex -13.861132780818401 1.5 13.661251699148703
      vertex -13.861132780818401 4.5 13.661251699148703
      vertex -13.744748484529286 4.5 12.628312500151171
    endloop
  endfacet
  facet normal -0.9993007047883985 0 -0.03739119427632676
    outer loop
      vertex -13.861132780818401 1.5 13.661251699148703
      vertex -13.899999999999999 1.5 14.7
      vertex -13.861132780818401 4.5 13.661251699148703
    endloop
  endfacet
  facet normal -0.9993007047883985 0 0.03739119427632676
    outer loop
      vertex -13.899999999999999 1.5 14.7
      vertex -13.861132780818401 1.5 15.738748300851295
      vertex -13.899999999999999 4.5 14.7
    endloop
  endfacet
  facet normal -0.9993007047883985 0 -0.03739119427632676
    outer loop
      vertex -13.899999999999999 1.5 14.7
      vertex -13.899999999999999 4.5 14.7
      vertex -13.861132780818401 4.5 13.661251699148703
    endloop
  endfacet
  facet normal -0.9993007047883985 3.1151655934351285e-19 0.03739119427632676
    outer loop
      vertex -13.899999999999999 4.5 14.7
      vertex -13.861132780818401 1.5 15.738748300851295
      vertex -13.861132780818401 4.5 15.738748300851295
    endloop
  endfacet
  facet normal -0.88411539350461 0 -0.4672686282730617
    outer loop
      vertex -12.037753112603696 1.5 7.75
      vertex -12.523467263843623 1.5 8.66901602626594
      vertex -12.037753112603696 4.5 7.75
    endloop
  endfacet
  facet normal -0.804597779766668 1.1009818900403104e-17 -0.5938201855735019
    outer loop
      vertex -11.484718962992329 1.5 6.869851192915655
      vertex -10.867457606305612 4.5 6.033491754163602
      vertex -10.867457606305612 1.5 6.033491754163602
    endloop
  endfacet
  facet normal -0.8467241992282845 3.168205531953763e-18 -0.532032076515336
    outer loop
      vertex -12.037753112603696 1.5 7.75
      vertex -11.484718962992329 4.5 6.869851192915655
      vertex -11.484718962992329 1.5 6.869851192915655
    endloop
  endfacet
  facet normal -0.804597779766668 0 -0.5938201855735019
    outer loop
      vertex -11.484718962992329 1.5 6.869851192915655
      vertex -11.484718962992329 4.5 6.869851192915655
      vertex -10.867457606305612 4.5 6.033491754163602
    endloop
  endfacet
  facet normal -0.8467241992282845 0 -0.532032076515336
    outer loop
      vertex -12.037753112603696 1.5 7.75
      vertex -12.037753112603696 4.5 7.75
      vertex -11.484718962992329 4.5 6.869851192915655
    endloop
  endfacet
  facet normal -0.9165622558699754 1.534096019780525e-18 -0.39989202431974274
    outer loop
      vertex -12.93914510615444 1.5 9.62175976130711
      vertex -12.523467263843623 4.5 8.66901602626594
      vertex -12.523467263843623 1.5 8.66901602626594
    endloop
  endfacet
  facet normal -0.943883330308368 -3.2648405152180687e-18 -0.3302790619551658
    outer loop
      vertex -13.282462000427355 1.5 10.602903075688431
      vertex -12.93914510615444 4.5 9.62175976130711
      vertex -12.93914510615444 1.5 9.62175976130711
    endloop
  endfacet
  facet normal -0.9165622558699754 0 -0.39989202431974274
    outer loop
      vertex -12.93914510615444 1.5 9.62175976130711
      vertex -12.93914510615444 4.5 9.62175976130711
      vertex -12.523467263843623 4.5 8.66901602626594
    endloop
  endfacet
  facet normal -0.88411539350461 0 -0.4672686282730617
    outer loop
      vertex -12.523467263843623 1.5 8.66901602626594
      vertex -12.523467263843623 4.5 8.66901602626594
      vertex -12.037753112603696 4.5 7.75
    endloop
  endfacet
  facet normal -0.7579717231454537 0 -0.6522874112781203
    outer loop
      vertex -10.867457606305612 1.5 6.033491754163602
      vertex -10.867457606305612 4.5 6.033491754163602
      vertex -10.408350828789558 1.5 5.5
    endloop
  endfacet
  facet normal -0.7579717231454537 -1.1737312527738679e-18 -0.6522874112781203
    outer loop
      vertex -10.867457606305612 4.5 6.033491754163602
      vertex -10.408350828789558 4.5 5.5
      vertex -10.408350828789558 1.5 5.5
    endloop
  endfacet
  facet normal -0.9937122098932428 0 0.11196447610330613
    outer loop
      vertex -13.861132780818401 1.5 15.738748300851295
      vertex -13.744748484529286 1.5 16.771687499848827
      vertex -13.861132780818401 4.5 15.738748300851295
    endloop
  endfacet
  facet normal -0.9825664732332883 0 0.18591160716291424
    outer loop
      vertex -13.744748484529286 1.5 16.771687499848827
      vertex -13.551497979327348 1.5 17.79304098199277
      vertex -13.744748484529286 4.5 16.771687499848827
    endloop
  endfacet
  facet normal -0.965925826289068 0 0.25881904510252196
    outer loop
      vertex -13.551497979327348 1.5 17.79304098199277
      vertex -13.282462000427355 1.5 18.797096924311568
      vertex -13.551497979327348 4.5 17.79304098199277
    endloop
  endfacet
  facet normal -0.9937122098932428 0 0.11196447610330613
    outer loop
      vertex -13.744748484529286 1.5 16.771687499848827
      vertex -13.744748484529286 4.5 16.771687499848827
      vertex -13.861132780818401 4.5 15.738748300851295
    endloop
  endfacet
  facet normal -0.9825664732332883 0 0.18591160716291424
    outer loop
      vertex -13.551497979327348 1.5 17.79304098199277
      vertex -13.551497979327348 4.5 17.79304098199277
      vertex -13.744748484529286 4.5 16.771687499848827
    endloop
  endfacet
  facet normal -0.965925826289068 0 0.25881904510252196
    outer loop
      vertex -13.282462000427355 1.5 18.797096924311568
      vertex -13.282462000427355 4.5 18.797096924311568
      vertex -13.551497979327348 4.5 17.79304098199277
    endloop
  endfacet
  facet normal -0.943883330308368 0 0.3302790619551658
    outer loop
      vertex -13.282462000427355 1.5 18.797096924311568
      vertex -12.93914510615444 1.5 19.778240238692888
      vertex -13.282462000427355 4.5 18.797096924311568
    endloop
  endfacet
  facet normal -0.9165622558699754 0 0.39989202431974274
    outer loop
      vertex -12.93914510615444 1.5 19.778240238692888
      vertex -12.523467263843623 1.5 20.73098397373406
      vertex -12.93914510615444 4.5 19.778240238692888
    endloop
  endfacet
  facet normal -0.88411539350461 0 0.4672686282730617
    outer loop
      vertex -12.523467263843623 1.5 20.73098397373406
      vertex -12.037753112603696 1.5 21.65
      vertex -12.523467263843623 4.5 20.73098397373406
    endloop
  endfacet
  facet normal -0.943883330308368 3.2648405152180687e-18 0.3302790619551658
    outer loop
      vertex -13.282462000427355 4.5 18.797096924311568
      vertex -12.93914510615444 1.5 19.778240238692888
      vertex -12.93914510615444 4.5 19.778240238692888
    endloop
  endfacet
  facet normal -0.9165622558699754 0 0.39989202431974274
    outer loop
      vertex -12.523467263843623 1.5 20.73098397373406
      vertex -12.523467263843623 4.5 20.73098397373406
      vertex -12.93914510615444 4.5 19.778240238692888
    endloop
  endfacet
  facet normal -0.88411539350461 0 0.4672686282730617
    outer loop
      vertex -12.037753112603696 1.5 21.65
      vertex -12.037753112603696 4.5 21.65
      vertex -12.523467263843623 4.5 20.73098397373406
    endloop
  endfacet
  facet normal -0.8467241992282848 0 0.5320320765153356
    outer loop
      vertex -12.037753112603696 1.5 21.65
      vertex -11.484718962992329 1.5 22.530148807084345
      vertex -12.037753112603696 4.5 21.65
    endloop
  endfacet
  facet normal -0.8045977797666678 0 0.5938201855735022
    outer loop
      vertex -11.484718962992329 1.5 22.530148807084345
      vertex -10.867457606305612 1.5 23.366508245836396
      vertex -11.484718962992329 4.5 22.530148807084345
    endloop
  endfacet
  facet normal -0.8467241992282848 0 0.5320320765153356
    outer loop
      vertex -11.484718962992329 1.5 22.530148807084345
      vertex -11.484718962992329 4.5 22.530148807084345
      vertex -12.037753112603696 4.5 21.65
    endloop
  endfacet
  facet normal -0.8045977797666678 0 0.5938201855735022
    outer loop
      vertex -10.867457606305612 1.5 23.366508245836396
      vertex -10.867457606305612 4.5 23.366508245836396
      vertex -11.484718962992329 4.5 22.530148807084345
    endloop
  endfacet
  facet normal -0.7579717231454531 -8.67042978750992e-15 0.652287411278121
    outer loop
      vertex -10.867457606305612 1.5 23.366508245836396
      vertex -10.474513487605915 1.5 23.823117595642916
      vertex -10.46578546476676 1.5774633452086324 23.833259742182406
    endloop
  endfacet
  facet normal -0.7579717231454541 2.707860433941579e-15 0.6522874112781198
    outer loop
      vertex -10.867457606305612 1.5 23.366508245836396
      vertex -10.46578546476676 1.5774633452086324 23.833259742182406
      vertex -10.318637022532421 2.355161564993632 24.00424933417834
    endloop
  endfacet
  facet normal -0.7579717231454524 0 0.652287411278122
    outer loop
      vertex -10.867457606305612 1.5 23.366508245836396
      vertex -10.318637022532421 2.355161564993632 24.00424933417834
      vertex -10.867457606305612 4.5 23.366508245836396
    endloop
  endfacet
  facet normal -0.7579717231454546 -1.381095048018115e-15 0.6522874112781193
    outer loop
      vertex -10.318637022532421 2.355161564993632 24.00424933417834
      vertex -10.189421018434585 2.837402257437785 24.15440105501578
      vertex -10.867457606305612 4.5 23.366508245836396
    endloop
  endfacet
  facet normal -0.7071067811865558 0 0.7071067811865392
    outer loop
      vertex -10.189421018434585 2.837402257437785 24.15440105501578
      vertex -10.113782576440514 3.1196887659650097 24.23003949700985
      vertex -10.189421018434585 3.5310266952944347 24.15440105501578
    endloop
  endfacet
  facet normal -0.707106781186442 4.1866886515885113e-14 0.7071067811866532
    outer loop
      vertex -10.109984844234313 3.130542061057913 24.23383722921605
      vertex -10.189421018434585 3.5310266952944347 24.15440105501578
      vertex -10.113782576440514 3.1196887659650097 24.23003949700985
    endloop
  endfacet
  facet normal -0.7579717231454529 2.623228356563544e-16 0.6522874112781213
    outer loop
      vertex -10.189421018434585 2.837402257437785 24.15440105501578
      vertex -10.252393226379153 3.8897423973517986 24.081226021831416
      vertex -10.867457606305612 4.5 23.366508245836396
    endloop
  endfacet
  facet normal -0.7579717231454539 -2.0960890213042796e-15 0.6522874112781202
    outer loop
      vertex -10.252393226379153 3.8897423973517986 24.081226021831416
      vertex -10.189421018434585 3.952714605296366 24.15440105501578
      vertex -10.867457606305612 4.5 23.366508245836396
    endloop
  endfacet
  facet normal -0.7579717231454531 0 0.6522874112781208
    outer loop
      vertex -10.189421018434585 3.952714605296366 24.15440105501578
      vertex -10.189421018434585 4.5 24.15440105501578
      vertex -10.867457606305612 4.5 23.366508245836396
    endloop
  endfacet
  facet normal -0.7579717231454548 0 0.6522874112781191
    outer loop
      vertex -10.189421018434585 2.837402257437785 24.15440105501578
      vertex -10.189421018434585 3.5310266952944347 24.15440105501578
      vertex -10.252393226379153 3.8897423973517986 24.081226021831416
    endloop
  endfacet
  facet normal -0.7071067811865464 0 0.7071067811865487
    outer loop
      vertex -10.189421018434585 3.952714605296366 24.15440105501578
      vertex -9.642135623730951 4.5 24.70168644971941
      vertex -10.189421018434585 4.5 24.15440105501578
    endloop
  endfacet
  facet normal 0.7579717231454522 -3.166969967979823e-18 -0.652287411278122
    outer loop
      vertex 10.867457606305614 1.5 6.033491754163604
      vertex 10.408350828789557 1.5 5.5
      vertex 10.408350828789557 4.5 5.5
    endloop
  endfacet
  facet normal 0.7579717231454522 0 -0.652287411278122
    outer loop
      vertex 10.867457606305614 1.5 6.033491754163604
      vertex 10.408350828789557 4.5 5.5
      vertex 10.867457606305614 4.5 6.033491754163604
    endloop
  endfacet
  facet normal 0.804597779766668 1.761337901754025e-17 -0.593820185573502
    outer loop
      vertex 10.867457606305614 1.5 6.033491754163604
      vertex 11.484718962992329 4.5 6.869851192915654
      vertex 11.484718962992329 1.5 6.869851192915654
    endloop
  endfacet
  facet normal 0.8467241992282848 -5.864233948396114e-18 -0.5320320765153356
    outer loop
      vertex 11.484718962992329 1.5 6.869851192915654
      vertex 12.037753112603696 4.5 7.75
      vertex 12.037753112603696 1.5 7.75
    endloop
  endfacet
  facet normal 0.804597779766668 0 -0.593820185573502
    outer loop
      vertex 10.867457606305614 1.5 6.033491754163604
      vertex 10.867457606305614 4.5 6.033491754163604
      vertex 11.484718962992329 4.5 6.869851192915654
    endloop
  endfacet
  facet normal 0.8467241992282848 0 -0.5320320765153356
    outer loop
      vertex 11.484718962992329 1.5 6.869851192915654
      vertex 11.484718962992329 4.5 6.869851192915654
      vertex 12.037753112603696 4.5 7.75
    endloop
  endfacet
  facet normal 0.88411539350461 0 -0.46726862827306165
    outer loop
      vertex 12.037753112603696 1.5 7.75
      vertex 12.037753112603696 4.5 7.75
      vertex 12.523467263843624 4.5 8.669016026265943
    endloop
  endfacet
  facet normal 0.88411539350461 4.7609017709267636e-18 -0.46726862827306165
    outer loop
      vertex 12.037753112603696 1.5 7.75
      vertex 12.523467263843624 4.5 8.669016026265943
      vertex 12.523467263843624 1.5 8.669016026265943
    endloop
  endfacet
  facet normal 0.9165622558699761 5.960471786072582e-18 -0.3998920243197412
    outer loop
      vertex 12.523467263843624 1.5 8.669016026265943
      vertex 12.939145106154438 4.5 9.62175976130711
      vertex 12.939145106154438 1.5 9.62175976130711
    endloop
  endfacet
  facet normal 0.9165622558699761 0 -0.3998920243197412
    outer loop
      vertex 12.523467263843624 1.5 8.669016026265943
      vertex 12.523467263843624 4.5 8.669016026265943
      vertex 12.939145106154438 4.5 9.62175976130711
    endloop
  endfacet
  facet normal 0.9438833303083675 0 -0.3302790619551674
    outer loop
      vertex 12.939145106154438 1.5 9.62175976130711
      vertex 12.939145106154438 4.5 9.62175976130711
      vertex 13.282462000427355 4.5 10.602903075688431
    endloop
  endfacet
  facet normal 0.9438833303083675 -7.476542071797942e-18 -0.3302790619551674
    outer loop
      vertex 12.939145106154438 1.5 9.62175976130711
      vertex 13.282462000427355 4.5 10.602903075688431
      vertex 13.282462000427355 1.5 10.602903075688431
    endloop
  endfacet
  facet normal 0.9659258262890681 -7.707491234050015e-18 -0.2588190451025215
    outer loop
      vertex 13.282462000427355 1.5 10.602903075688431
      vertex 13.551497979327348 4.5 11.60695901800723
      vertex 13.551497979327348 1.5 11.60695901800723
    endloop
  endfacet
  facet normal 0.9825664732332884 -4.05017629195754e-19 -0.18591160716291394
    outer loop
      vertex 13.551497979327348 1.5 11.60695901800723
      vertex 13.744748484529286 4.5 12.628312500151175
      vertex 13.744748484529286 1.5 12.628312500151175
    endloop
  endfacet
  facet normal 0.9937122098932427 9.49970465950774e-19 -0.11196447610330669
    outer loop
      vertex 13.744748484529286 1.5 12.628312500151175
      vertex 13.861132780818401 4.5 13.661251699148702
      vertex 13.861132780818401 1.5 13.661251699148702
    endloop
  endfacet
  facet normal 0.9659258262890681 0 -0.2588190451025215
    outer loop
      vertex 13.282462000427355 1.5 10.602903075688431
      vertex 13.282462000427355 4.5 10.602903075688431
      vertex 13.551497979327348 4.5 11.60695901800723
    endloop
  endfacet
  facet normal 0.9825664732332884 0 -0.18591160716291394
    outer loop
      vertex 13.551497979327348 1.5 11.60695901800723
      vertex 13.551497979327348 4.5 11.60695901800723
      vertex 13.744748484529286 4.5 12.628312500151175
    endloop
  endfacet
  facet normal 0.9937122098932427 0 -0.11196447610330669
    outer loop
      vertex 13.744748484529286 1.5 12.628312500151175
      vertex 13.744748484529286 4.5 12.628312500151175
      vertex 13.861132780818401 4.5 13.661251699148702
    endloop
  endfacet
  facet normal 0.9993007047883985 2.0027824181577674e-19 -0.03739119427632669
    outer loop
      vertex 13.861132780818401 1.5 13.661251699148702
      vertex 13.899999999999999 4.5 14.7
      vertex 13.899999999999999 1.5 14.7
    endloop
  endfacet
  facet normal 0.9993007047883985 -3.1151655934351285e-19 0.03739119427632676
    outer loop
      vertex 13.899999999999999 1.5 14.7
      vertex 13.861132780818401 4.5 15.738748300851295
      vertex 13.861132780818401 1.5 15.738748300851295
    endloop
  endfacet
  facet normal 0.9993007047883985 0 -0.03739119427632669
    outer loop
      vertex 13.861132780818401 1.5 13.661251699148702
      vertex 13.861132780818401 4.5 13.661251699148702
      vertex 13.899999999999999 4.5 14.7
    endloop
  endfacet
  facet normal 0.9993007047883985 0 0.03739119427632676
    outer loop
      vertex 13.899999999999999 1.5 14.7
      vertex 13.899999999999999 4.5 14.7
      vertex 13.861132780818401 4.5 15.738748300851295
    endloop
  endfacet
  facet normal 0.9438833303083675 0 0.3302790619551674
    outer loop
      vertex 12.939145106154436 1.5 19.778240238692895
      vertex 13.282462000427353 1.5 18.797096924311575
      vertex 12.939145106154436 4.5 19.778240238692895
    endloop
  endfacet
  facet normal 0.9165622558699755 0 0.3998920243197424
    outer loop
      vertex 12.523467263843623 1.5 20.73098397373406
      vertex 12.939145106154436 1.5 19.778240238692895
      vertex 12.523467263843623 4.5 20.73098397373406
    endloop
  endfacet
  facet normal 0.88411539350461 0 0.4672686282730617
    outer loop
      vertex 12.523467263843623 1.5 20.73098397373406
      vertex 12.523467263843623 4.5 20.73098397373406
      vertex 12.037753112603696 4.5 21.65
    endloop
  endfacet
  facet normal 0.9165622558699755 0 0.3998920243197424
    outer loop
      vertex 12.939145106154436 1.5 19.778240238692895
      vertex 12.939145106154436 4.5 19.778240238692895
      vertex 12.523467263843623 4.5 20.73098397373406
    endloop
  endfacet
  facet normal 0.7579717231454552 2.1535208760087065e-14 0.6522874112781185
    outer loop
      vertex 10.474513487605915 1.5 23.82311759564292
      vertex 10.867457606305615 1.5 23.366508245836393
      vertex 10.46578546476676 1.5774633452086302 23.833259742182406
    endloop
  endfacet
  facet normal 0.7579717231454534 -6.101167463116814e-16 0.6522874112781206
    outer loop
      vertex 10.46578546476676 1.5774633452086302 23.833259742182406
      vertex 10.867457606305615 1.5 23.366508245836393
      vertex 10.318637022532421 2.3551615649936313 24.004249334178343
    endloop
  endfacet
  facet normal 0.7579717231454531 0 0.652287411278121
    outer loop
      vertex 10.867457606305615 1.5 23.366508245836393
      vertex 10.867457606305615 4.5 23.366508245836393
      vertex 10.189421018434588 4.5 24.154401055015775
    endloop
  endfacet
  facet normal 0.7579717231454504 9.504113425293411e-19 0.6522874112781241
    outer loop
      vertex 10.318637022532421 2.3551615649936313 24.004249334178343
      vertex 10.189421018434588 4.5 24.154401055015775
      vertex 10.189421018434588 2.8374022574377675 24.154401055015775
    endloop
  endfacet
  facet normal 0.7579717231454541 5.264858974008259e-16 0.6522874112781197
    outer loop
      vertex 10.867457606305615 1.5 23.366508245836393
      vertex 10.189421018434588 4.5 24.154401055015775
      vertex 10.318637022532421 2.3551615649936313 24.004249334178343
    endloop
  endfacet
  facet normal 0.7071067811865476 0 0.7071067811865476
    outer loop
      vertex 10.189421018434588 2.8374022574377675 24.154401055015775
      vertex 10.189421018434588 4.5 24.154401055015775
      vertex 10.113782576440512 3.11968876596501 24.23003949700985
    endloop
  endfacet
  facet normal 0.7071067811865475 8.102727432930283e-20 0.7071067811865475
    outer loop
      vertex 10.113782576440512 3.11968876596501 24.23003949700985
      vertex 10.189421018434588 4.5 24.154401055015775
      vertex 9.852367755650258 3.8667694018939245 24.491454317800105
    endloop
  endfacet
  facet normal 0.7071067811865486 -1.0817245323409275e-15 0.7071067811865466
    outer loop
      vertex 9.852367755650258 3.8667694018939245 24.491454317800105
      vertex 10.189421018434588 4.5 24.154401055015775
      vertex 9.576092069938667 4.5 24.767730003511698
    endloop
  endfacet
  facet normal 0.8467241992282848 0 0.5320320765153356
    outer loop
      vertex 11.484718962992329 1.5 22.530148807084345
      vertex 12.037753112603696 1.5 21.65
      vertex 11.484718962992329 4.5 22.530148807084345
    endloop
  endfacet
  facet normal 0.8045977797666682 0 0.5938201855735018
    outer loop
      vertex 10.867457606305615 1.5 23.366508245836393
      vertex 11.484718962992329 1.5 22.530148807084345
      vertex 10.867457606305615 4.5 23.366508245836393
    endloop
  endfacet
  facet normal 0.8467241992282848 0 0.5320320765153356
    outer loop
      vertex 12.037753112603696 1.5 21.65
      vertex 12.037753112603696 4.5 21.65
      vertex 11.484718962992329 4.5 22.530148807084345
    endloop
  endfacet
  facet normal 0.8045977797666682 0 0.5938201855735018
    outer loop
      vertex 11.484718962992329 1.5 22.530148807084345
      vertex 11.484718962992329 4.5 22.530148807084345
      vertex 10.867457606305615 4.5 23.366508245836393
    endloop
  endfacet
  facet normal 0.88411539350461 4.03669114720101e-18 0.4672686282730617
    outer loop
      vertex 12.523467263843623 1.5 20.73098397373406
      vertex 12.037753112603696 4.5 21.65
      vertex 12.037753112603696 1.5 21.65
    endloop
  endfacet
  facet normal 0.9937122098932428 -4.452786798886769e-19 0.11196447610330519
    outer loop
      vertex 13.861132780818401 1.5 15.738748300851295
      vertex 13.744748484529287 4.5 16.77168749984882
      vertex 13.744748484529287 1.5 16.77168749984882
    endloop
  endfacet
  facet normal 0.9825664732332883 3.680692776553218e-18 0.18591160716291424
    outer loop
      vertex 13.744748484529287 1.5 16.77168749984882
      vertex 13.55149797932735 4.5 17.793040981992764
      vertex 13.55149797932735 1.5 17.793040981992764
    endloop
  endfacet
  facet normal 0.965925826289068 -1.6138265496867512e-18 0.25881904510252174
    outer loop
      vertex 13.55149797932735 1.5 17.793040981992764
      vertex 13.282462000427353 4.5 18.797096924311575
      vertex 13.282462000427353 1.5 18.797096924311575
    endloop
  endfacet
  facet normal 0.9937122098932428 0 0.11196447610330519
    outer loop
      vertex 13.861132780818401 1.5 15.738748300851295
      vertex 13.861132780818401 4.5 15.738748300851295
      vertex 13.744748484529287 4.5 16.77168749984882
    endloop
  endfacet
  facet normal 0.9825664732332883 0 0.18591160716291424
    outer loop
      vertex 13.744748484529287 1.5 16.77168749984882
      vertex 13.744748484529287 4.5 16.77168749984882
      vertex 13.55149797932735 4.5 17.793040981992764
    endloop
  endfacet
  facet normal 0.965925826289068 0 0.25881904510252174
    outer loop
      vertex 13.55149797932735 1.5 17.793040981992764
      vertex 13.55149797932735 4.5 17.793040981992764
      vertex 13.282462000427353 4.5 18.797096924311575
    endloop
  endfacet
  facet normal 0.9438833303083675 7.476542071797942e-18 0.3302790619551674
    outer loop
      vertex 12.939145106154436 4.5 19.778240238692895
      vertex 13.282462000427353 1.5 18.797096924311575
      vertex 13.282462000427353 4.5 18.797096924311575
    endloop
  endfacet
  facet normal -0.943883330308368 0 -0.3302790619551658
    outer loop
      vertex -13.282462000427355 -4.5 10.602903075688431
      vertex -13.282462000427355 -1.5 10.602903075688431
      vertex -12.93914510615444 -1.5 9.62175976130711
    endloop
  endfacet
  facet normal -0.965925826289068 0 -0.25881904510252196
    outer loop
      vertex -13.282462000427355 -4.5 10.602903075688431
      vertex -13.551497979327348 -4.5 11.606959018007228
      vertex -13.282462000427355 -1.5 10.602903075688431
    endloop
  endfacet
  facet normal -0.9825664732332883 0 -0.18591160716291424
    outer loop
      vertex -13.551497979327348 -4.5 11.606959018007228
      vertex -13.744748484529286 -4.5 12.628312500151171
      vertex -13.551497979327348 -1.5 11.606959018007228
    endloop
  endfacet
  facet normal -0.9937122098932428 0 -0.11196447610330613
    outer loop
      vertex -13.744748484529286 -4.5 12.628312500151171
      vertex -13.861132780818401 -4.5 13.661251699148703
      vertex -13.744748484529286 -1.5 12.628312500151171
    endloop
  endfacet
  facet normal -0.965925826289068 0 -0.25881904510252196
    outer loop
      vertex -13.551497979327348 -4.5 11.606959018007228
      vertex -13.551497979327348 -1.5 11.606959018007228
      vertex -13.282462000427355 -1.5 10.602903075688431
    endloop
  endfacet
  facet normal -0.9825664732332883 0 -0.18591160716291424
    outer loop
      vertex -13.744748484529286 -4.5 12.628312500151171
      vertex -13.744748484529286 -1.5 12.628312500151171
      vertex -13.551497979327348 -1.5 11.606959018007228
    endloop
  endfacet
  facet normal -0.9937122098932428 0 -0.11196447610330613
    outer loop
      vertex -13.861132780818401 -4.5 13.661251699148703
      vertex -13.861132780818401 -1.5 13.661251699148703
      vertex -13.744748484529286 -1.5 12.628312500151171
    endloop
  endfacet
  facet normal -0.9993007047883985 0 -0.03739119427632676
    outer loop
      vertex -13.861132780818401 -4.5 13.661251699148703
      vertex -13.899999999999999 -4.5 14.7
      vertex -13.861132780818401 -1.5 13.661251699148703
    endloop
  endfacet
  facet normal -0.9993007047883985 0 0.03739119427632676
    outer loop
      vertex -13.899999999999999 -4.5 14.7
      vertex -13.861132780818401 -4.5 15.738748300851295
      vertex -13.899999999999999 -1.5 14.7
    endloop
  endfacet
  facet normal -0.9993007047883985 0 -0.03739119427632676
    outer loop
      vertex -13.899999999999999 -4.5 14.7
      vertex -13.899999999999999 -1.5 14.7
      vertex -13.861132780818401 -1.5 13.661251699148703
    endloop
  endfacet
  facet normal -0.9993007047883985 3.1151655934351285e-19 0.03739119427632676
    outer loop
      vertex -13.899999999999999 -1.5 14.7
      vertex -13.861132780818401 -4.5 15.738748300851295
      vertex -13.861132780818401 -1.5 15.738748300851295
    endloop
  endfacet
  facet normal -0.88411539350461 0 -0.4672686282730617
    outer loop
      vertex -12.037753112603696 -4.5 7.75
      vertex -12.523467263843623 -4.5 8.66901602626594
      vertex -12.037753112603696 -1.5 7.75
    endloop
  endfacet
  facet normal -0.804597779766668 1.1009818900403104e-17 -0.5938201855735019
    outer loop
      vertex -11.484718962992329 -4.5 6.869851192915655
      vertex -10.867457606305612 -1.5 6.033491754163602
      vertex -10.867457606305612 -4.5 6.033491754163602
    endloop
  endfacet
  facet normal -0.8467241992282845 3.168205531953763e-18 -0.532032076515336
    outer loop
      vertex -12.037753112603696 -4.5 7.75
      vertex -11.484718962992329 -1.5 6.869851192915655
      vertex -11.484718962992329 -4.5 6.869851192915655
    endloop
  endfacet
  facet normal -0.804597779766668 0 -0.5938201855735019
    outer loop
      vertex -11.484718962992329 -4.5 6.869851192915655
      vertex -11.484718962992329 -1.5 6.869851192915655
      vertex -10.867457606305612 -1.5 6.033491754163602
    endloop
  endfacet
  facet normal -0.8467241992282845 0 -0.532032076515336
    outer loop
      vertex -12.037753112603696 -4.5 7.75
      vertex -12.037753112603696 -1.5 7.75
      vertex -11.484718962992329 -1.5 6.869851192915655
    endloop
  endfacet
  facet normal -0.9165622558699754 1.534096019780525e-18 -0.39989202431974274
    outer loop
      vertex -12.93914510615444 -4.5 9.62175976130711
      vertex -12.523467263843623 -1.5 8.66901602626594
      vertex -12.523467263843623 -4.5 8.66901602626594
    endloop
  endfacet
  facet normal -0.943883330308368 -3.2648405152180687e-18 -0.3302790619551658
    outer loop
      vertex -13.282462000427355 -4.5 10.602903075688431
      vertex -12.93914510615444 -1.5 9.62175976130711
      vertex -12.93914510615444 -4.5 9.62175976130711
    endloop
  endfacet
  facet normal -0.9165622558699754 0 -0.39989202431974274
    outer loop
      vertex -12.93914510615444 -4.5 9.62175976130711
      vertex -12.93914510615444 -1.5 9.62175976130711
      vertex -12.523467263843623 -1.5 8.66901602626594
    endloop
  endfacet
  facet normal -0.88411539350461 0 -0.4672686282730617
    outer loop
      vertex -12.523467263843623 -4.5 8.66901602626594
      vertex -12.523467263843623 -1.5 8.66901602626594
      vertex -12.037753112603696 -1.5 7.75
    endloop
  endfacet
  facet normal -0.7579717231454537 0 -0.6522874112781203
    outer loop
      vertex -10.867457606305612 -4.5 6.033491754163602
      vertex -10.867457606305612 -1.5 6.033491754163602
      vertex -10.408350828789558 -4.5 5.5
    endloop
  endfacet
  facet normal -0.7579717231454537 -1.1737312527738679e-18 -0.6522874112781203
    outer loop
      vertex -10.867457606305612 -1.5 6.033491754163602
      vertex -10.408350828789558 -1.5 5.5
      vertex -10.408350828789558 -4.5 5.5
    endloop
  endfacet
  facet normal -0.9937122098932428 0 0.11196447610330613
    outer loop
      vertex -13.861132780818401 -4.5 15.738748300851295
      vertex -13.744748484529286 -4.5 16.771687499848827
      vertex -13.861132780818401 -1.5 15.738748300851295
    endloop
  endfacet
  facet normal -0.9825664732332883 0 0.18591160716291424
    outer loop
      vertex -13.744748484529286 -4.5 16.771687499848827
      vertex -13.551497979327348 -4.5 17.79304098199277
      vertex -13.744748484529286 -1.5 16.771687499848827
    endloop
  endfacet
  facet normal -0.965925826289068 0 0.25881904510252196
    outer loop
      vertex -13.551497979327348 -4.5 17.79304098199277
      vertex -13.282462000427355 -4.5 18.797096924311568
      vertex -13.551497979327348 -1.5 17.79304098199277
    endloop
  endfacet
  facet normal -0.9937122098932428 0 0.11196447610330613
    outer loop
      vertex -13.744748484529286 -4.5 16.771687499848827
      vertex -13.744748484529286 -1.5 16.771687499848827
      vertex -13.861132780818401 -1.5 15.738748300851295
    endloop
  endfacet
  facet normal -0.9825664732332883 0 0.18591160716291424
    outer loop
      vertex -13.551497979327348 -4.5 17.79304098199277
      vertex -13.551497979327348 -1.5 17.79304098199277
      vertex -13.744748484529286 -1.5 16.771687499848827
    endloop
  endfacet
  facet normal -0.965925826289068 0 0.25881904510252196
    outer loop
      vertex -13.282462000427355 -4.5 18.797096924311568
      vertex -13.282462000427355 -1.5 18.797096924311568
      vertex -13.551497979327348 -1.5 17.79304098199277
    endloop
  endfacet
  facet normal -0.943883330308368 0 0.3302790619551658
    outer loop
      vertex -13.282462000427355 -4.5 18.797096924311568
      vertex -12.93914510615444 -4.5 19.778240238692888
      vertex -13.282462000427355 -1.5 18.797096924311568
    endloop
  endfacet
  facet normal -0.9165622558699754 0 0.39989202431974274
    outer loop
      vertex -12.93914510615444 -4.5 19.778240238692888
      vertex -12.523467263843623 -4.5 20.73098397373406
      vertex -12.93914510615444 -1.5 19.778240238692888
    endloop
  endfacet
  facet normal -0.88411539350461 0 0.4672686282730617
    outer loop
      vertex -12.523467263843623 -4.5 20.73098397373406
      vertex -12.037753112603696 -4.5 21.65
      vertex -12.523467263843623 -1.5 20.73098397373406
    endloop
  endfacet
  facet normal -0.943883330308368 3.2648405152180687e-18 0.3302790619551658
    outer loop
      vertex -13.282462000427355 -1.5 18.797096924311568
      vertex -12.93914510615444 -4.5 19.778240238692888
      vertex -12.93914510615444 -1.5 19.778240238692888
    endloop
  endfacet
  facet normal -0.9165622558699754 0 0.39989202431974274
    outer loop
      vertex -12.523467263843623 -4.5 20.73098397373406
      vertex -12.523467263843623 -1.5 20.73098397373406
      vertex -12.93914510615444 -1.5 19.778240238692888
    endloop
  endfacet
  facet normal -0.88411539350461 0 0.4672686282730617
    outer loop
      vertex -12.037753112603696 -4.5 21.65
      vertex -12.037753112603696 -1.5 21.65
      vertex -12.523467263843623 -1.5 20.73098397373406
    endloop
  endfacet
  facet normal -0.8467241992282848 0 0.5320320765153356
    outer loop
      vertex -12.037753112603696 -4.5 21.65
      vertex -11.484718962992329 -4.5 22.530148807084345
      vertex -12.037753112603696 -1.5 21.65
    endloop
  endfacet
  facet normal -0.8045977797666678 0 0.5938201855735022
    outer loop
      vertex -11.484718962992329 -4.5 22.530148807084345
      vertex -10.867457606305612 -4.5 23.366508245836396
      vertex -11.484718962992329 -1.5 22.530148807084345
    endloop
  endfacet
  facet normal -0.8467241992282848 0 0.5320320765153356
    outer loop
      vertex -11.484718962992329 -4.5 22.530148807084345
      vertex -11.484718962992329 -1.5 22.530148807084345
      vertex -12.037753112603696 -1.5 21.65
    endloop
  endfacet
  facet normal -0.8045977797666678 0 0.5938201855735022
    outer loop
      vertex -10.867457606305612 -4.5 23.366508245836396
      vertex -10.867457606305612 -1.5 23.366508245836396
      vertex -11.484718962992329 -1.5 22.530148807084345
    endloop
  endfacet
  facet normal -0.7579717231454531 0 0.652287411278121
    outer loop
      vertex -10.867457606305612 -4.5 23.366508245836396
      vertex -10.189421018434585 -4.5 24.15440105501578
      vertex -10.867457606305612 -1.5 23.366508245836396
    endloop
  endfacet
  facet normal -0.7071067811865486 1.0138917815783729e-15 0.7071067811865467
    outer loop
      vertex -10.189421018434585 -4.5 24.15440105501578
      vertex -9.852367755650258 -3.8667694018939227 24.491454317800105
      vertex -10.113782576440514 -3.1196887659650097 24.230039497009848
    endloop
  endfacet
  facet normal -0.7071067811865475 -1.020837929529087e-17 0.7071067811865475
    outer loop
      vertex -10.189421018434585 -4.5 24.15440105501578
      vertex -9.57609206993867 -4.5 24.767730003511694
      vertex -9.852367755650258 -3.8667694018939227 24.491454317800105
    endloop
  endfacet
  facet normal -0.7071067811865391 0 0.7071067811865557
    outer loop
      vertex -10.189421018434585 -4.5 24.15440105501578
      vertex -10.113782576440514 -3.1196887659650097 24.230039497009848
      vertex -10.189421018434585 -2.837402257437785 24.15440105501578
    endloop
  endfacet
  facet normal -0.7579717231454519 7.0854840957152e-16 0.6522874112781225
    outer loop
      vertex -10.189421018434585 -4.5 24.15440105501578
      vertex -10.318637022532421 -2.355161564993632 24.00424933417834
      vertex -10.867457606305612 -1.5 23.366508245836396
    endloop
  endfacet
  facet normal -0.7579717231454568 0 0.6522874112781166
    outer loop
      vertex -10.189421018434585 -4.5 24.15440105501578
      vertex -10.189421018434585 -2.837402257437785 24.15440105501578
      vertex -10.318637022532421 -2.355161564993632 24.00424933417834
    endloop
  endfacet
  facet normal -0.7579717231454541 -2.6597224495792864e-15 0.6522874112781198
    outer loop
      vertex -10.318637022532421 -2.355161564993632 24.00424933417834
      vertex -10.46578546476676 -1.5774633452086324 23.833259742182406
      vertex -10.867457606305612 -1.5 23.366508245836396
    endloop
  endfacet
  facet normal -0.7579717231454531 9.191811498567864e-15 0.652287411278121
    outer loop
      vertex -10.867457606305612 -1.5 23.366508245836396
      vertex -10.46578546476676 -1.5774633452086324 23.833259742182406
      vertex -10.474513487605915 -1.5 23.823117595642916
    endloop
  endfacet
  facet normal 0.7579717231454522 -3.166969967979823e-18 -0.652287411278122
    outer loop
      vertex 10.867457606305614 -4.5 6.033491754163604
      vertex 10.408350828789557 -4.5 5.5
      vertex 10.408350828789557 -1.5 5.5
    endloop
  endfacet
  facet normal 0.7579717231454522 0 -0.652287411278122
    outer loop
      vertex 10.867457606305614 -4.5 6.033491754163604
      vertex 10.408350828789557 -1.5 5.5
      vertex 10.867457606305614 -1.5 6.033491754163604
    endloop
  endfacet
  facet normal 0.804597779766668 1.761337901754025e-17 -0.593820185573502
    outer loop
      vertex 10.867457606305614 -4.5 6.033491754163604
      vertex 11.484718962992329 -1.5 6.869851192915654
      vertex 11.484718962992329 -4.5 6.869851192915654
    endloop
  endfacet
  facet normal 0.8467241992282848 -5.864233948396114e-18 -0.5320320765153356
    outer loop
      vertex 11.484718962992329 -4.5 6.869851192915654
      vertex 12.037753112603696 -1.5 7.75
      vertex 12.037753112603696 -4.5 7.75
    endloop
  endfacet
  facet normal 0.804597779766668 0 -0.593820185573502
    outer loop
      vertex 10.867457606305614 -4.5 6.033491754163604
      vertex 10.867457606305614 -1.5 6.033491754163604
      vertex 11.484718962992329 -1.5 6.869851192915654
    endloop
  endfacet
  facet normal 0.8467241992282848 0 -0.5320320765153356
    outer loop
      vertex 11.484718962992329 -4.5 6.869851192915654
      vertex 11.484718962992329 -1.5 6.869851192915654
      vertex 12.037753112603696 -1.5 7.75
    endloop
  endfacet
  facet normal 0.88411539350461 0 -0.46726862827306165
    outer loop
      vertex 12.037753112603696 -4.5 7.75
      vertex 12.037753112603696 -1.5 7.75
      vertex 12.523467263843624 -1.5 8.669016026265943
    endloop
  endfacet
  facet normal 0.88411539350461 4.7609017709267636e-18 -0.46726862827306165
    outer loop
      vertex 12.037753112603696 -4.5 7.75
      vertex 12.523467263843624 -1.5 8.669016026265943
      vertex 12.523467263843624 -4.5 8.669016026265943
    endloop
  endfacet
  facet normal 0.9165622558699761 5.960471786072582e-18 -0.3998920243197412
    outer loop
      vertex 12.523467263843624 -4.5 8.669016026265943
      vertex 12.939145106154438 -1.5 9.62175976130711
      vertex 12.939145106154438 -4.5 9.62175976130711
    endloop
  endfacet
  facet normal 0.9165622558699761 0 -0.3998920243197412
    outer loop
      vertex 12.523467263843624 -4.5 8.669016026265943
      vertex 12.523467263843624 -1.5 8.669016026265943
      vertex 12.939145106154438 -1.5 9.62175976130711
    endloop
  endfacet
  facet normal 0.9438833303083675 0 -0.3302790619551674
    outer loop
      vertex 12.939145106154438 -4.5 9.62175976130711
      vertex 12.939145106154438 -1.5 9.62175976130711
      vertex 13.282462000427355 -1.5 10.602903075688431
    endloop
  endfacet
  facet normal 0.9438833303083675 -7.476542071797942e-18 -0.3302790619551674
    outer loop
      vertex 12.939145106154438 -4.5 9.62175976130711
      vertex 13.282462000427355 -1.5 10.602903075688431
      vertex 13.282462000427355 -4.5 10.602903075688431
    endloop
  endfacet
  facet normal 0.9659258262890681 -7.707491234050015e-18 -0.2588190451025215
    outer loop
      vertex 13.282462000427355 -4.5 10.602903075688431
      vertex 13.551497979327348 -1.5 11.60695901800723
      vertex 13.551497979327348 -4.5 11.60695901800723
    endloop
  endfacet
  facet normal 0.9825664732332884 -4.05017629195754e-19 -0.18591160716291394
    outer loop
      vertex 13.551497979327348 -4.5 11.60695901800723
      vertex 13.744748484529286 -1.5 12.628312500151175
      vertex 13.744748484529286 -4.5 12.628312500151175
    endloop
  endfacet
  facet normal 0.9937122098932427 9.49970465950774e-19 -0.11196447610330669
    outer loop
      vertex 13.744748484529286 -4.5 12.628312500151175
      vertex 13.861132780818401 -1.5 13.661251699148702
      vertex 13.861132780818401 -4.5 13.661251699148702
    endloop
  endfacet
  facet normal 0.9659258262890681 0 -0.2588190451025215
    outer loop
      vertex 13.282462000427355 -4.5 10.602903075688431
      vertex 13.282462000427355 -1.5 10.602903075688431
      vertex 13.551497979327348 -1.5 11.60695901800723
    endloop
  endfacet
  facet normal 0.9825664732332884 0 -0.18591160716291394
    outer loop
      vertex 13.551497979327348 -4.5 11.60695901800723
      vertex 13.551497979327348 -1.5 11.60695901800723
      vertex 13.744748484529286 -1.5 12.628312500151175
    endloop
  endfacet
  facet normal 0.9937122098932427 0 -0.11196447610330669
    outer loop
      vertex 13.744748484529286 -4.5 12.628312500151175
      vertex 13.744748484529286 -1.5 12.628312500151175
      vertex 13.861132780818401 -1.5 13.661251699148702
    endloop
  endfacet
  facet normal 0.9993007047883985 2.0027824181577674e-19 -0.03739119427632669
    outer loop
      vertex 13.861132780818401 -4.5 13.661251699148702
      vertex 13.899999999999999 -1.5 14.7
      vertex 13.899999999999999 -4.5 14.7
    endloop
  endfacet
  facet normal 0.9993007047883985 -3.1151655934351285e-19 0.03739119427632676
    outer loop
      vertex 13.899999999999999 -4.5 14.7
      vertex 13.861132780818401 -1.5 15.738748300851295
      vertex 13.861132780818401 -4.5 15.738748300851295
    endloop
  endfacet
  facet normal 0.9993007047883985 0 -0.03739119427632669
    outer loop
      vertex 13.861132780818401 -4.5 13.661251699148702
      vertex 13.861132780818401 -1.5 13.661251699148702
      vertex 13.899999999999999 -1.5 14.7
    endloop
  endfacet
  facet normal 0.9993007047883985 0 0.03739119427632676
    outer loop
      vertex 13.899999999999999 -4.5 14.7
      vertex 13.899999999999999 -1.5 14.7
      vertex 13.861132780818401 -1.5 15.738748300851295
    endloop
  endfacet
  facet normal 0.9438833303083675 0 0.3302790619551674
    outer loop
      vertex 12.939145106154436 -4.5 19.778240238692895
      vertex 13.282462000427353 -4.5 18.797096924311575
      vertex 12.939145106154436 -1.5 19.778240238692895
    endloop
  endfacet
  facet normal 0.9165622558699755 0 0.3998920243197424
    outer loop
      vertex 12.523467263843623 -4.5 20.73098397373406
      vertex 12.939145106154436 -4.5 19.778240238692895
      vertex 12.523467263843623 -1.5 20.73098397373406
    endloop
  endfacet
  facet normal 0.88411539350461 0 0.4672686282730617
    outer loop
      vertex 12.523467263843623 -4.5 20.73098397373406
      vertex 12.523467263843623 -1.5 20.73098397373406
      vertex 12.037753112603696 -1.5 21.65
    endloop
  endfacet
  facet normal 0.9165622558699755 0 0.3998920243197424
    outer loop
      vertex 12.939145106154436 -4.5 19.778240238692895
      vertex 12.939145106154436 -1.5 19.778240238692895
      vertex 12.523467263843623 -1.5 20.73098397373406
    endloop
  endfacet
  facet normal 0.7579717231454531 0 0.6522874112781211
    outer loop
      vertex 10.867457606305615 -4.5 23.366508245836393
      vertex 10.867457606305615 -1.5 23.366508245836393
      vertex 10.318637022532423 -2.355161564993627 24.00424933417834
    endloop
  endfacet
  facet normal 0.7071067811865487 -3.9702015256888083e-17 0.7071067811865464
    outer loop
      vertex 9.642135623730951 -4.5 24.701686449719414
      vertex 10.189421018434588 -4.5 24.154401055015775
      vertex 10.189421018434588 -3.952714605296362 24.154401055015775
    endloop
  endfacet
  facet normal 0.7579717231454599 -1.273853484756458e-18 0.6522874112781131
    outer loop
      vertex 10.25239322637915 -3.8897423973518004 24.08122602183142
      vertex 10.189421018434588 -2.8374022574377706 24.154401055015775
      vertex 10.189421018434588 -3.531026695294464 24.154401055015775
    endloop
  endfacet
  facet normal 0.7579717231454532 -4.0660701761128003e-17 0.652287411278121
    outer loop
      vertex 10.867457606305615 -4.5 23.366508245836393
      vertex 10.189421018434588 -3.952714605296362 24.154401055015775
      vertex 10.189421018434588 -4.5 24.154401055015775
    endloop
  endfacet
  facet normal 0.7579717231454564 8.484515540340018e-15 0.6522874112781173
    outer loop
      vertex 10.867457606305615 -4.5 23.366508245836393
      vertex 10.25239322637915 -3.8897423973518004 24.08122602183142
      vertex 10.189421018434588 -3.952714605296362 24.154401055015775
    endloop
  endfacet
  facet normal 0.7579717231454521 -1.0950386377875315e-15 0.6522874112781222
    outer loop
      vertex 10.867457606305615 -4.5 23.366508245836393
      vertex 10.189421018434588 -2.8374022574377706 24.154401055015775
      vertex 10.25239322637915 -3.8897423973518004 24.08122602183142
    endloop
  endfacet
  facet normal 0.7071067811865478 -1.797838793001201e-18 0.7071067811865472
    outer loop
      vertex 10.189421018434588 -3.531026695294464 24.154401055015775
      vertex 10.113782576440512 -3.119688765965014 24.23003949700985
      vertex 10.109984844234313 -3.1305420610579144 24.23383722921605
    endloop
  endfacet
  facet normal 0.7071067811865476 0 0.7071067811865476
    outer loop
      vertex 10.189421018434588 -3.531026695294464 24.154401055015775
      vertex 10.189421018434588 -2.8374022574377706 24.154401055015775
      vertex 10.113782576440512 -3.119688765965014 24.23003949700985
    endloop
  endfacet
  facet normal 0.7579717231454532 1.544426521401286e-16 0.6522874112781207
    outer loop
      vertex 10.867457606305615 -4.5 23.366508245836393
      vertex 10.318637022532423 -2.355161564993627 24.00424933417834
      vertex 10.189421018434588 -2.8374022574377706 24.154401055015775
    endloop
  endfacet
  facet normal 0.7579717231454535 -7.035890510336428e-16 0.6522874112781204
    outer loop
      vertex 10.318637022532423 -2.355161564993627 24.00424933417834
      vertex 10.867457606305615 -1.5 23.366508245836393
      vertex 10.46578546476676 -1.5774633452086273 23.833259742182406
    endloop
  endfacet
  facet normal 0.7579717231454537 -3.757455144607052e-15 0.6522874112781202
    outer loop
      vertex 10.46578546476676 -1.5774633452086273 23.833259742182406
      vertex 10.867457606305615 -1.5 23.366508245836393
      vertex 10.474513487605913 -1.5 23.82311759564292
    endloop
  endfacet
  facet normal 0.8467241992282848 0 0.5320320765153356
    outer loop
      vertex 11.484718962992329 -4.5 22.530148807084345
      vertex 12.037753112603696 -4.5 21.65
      vertex 11.484718962992329 -1.5 22.530148807084345
    endloop
  endfacet
  facet normal 0.8045977797666682 0 0.5938201855735018
    outer loop
      vertex 10.867457606305615 -4.5 23.366508245836393
      vertex 11.484718962992329 -4.5 22.530148807084345
      vertex 10.867457606305615 -1.5 23.366508245836393
    endloop
  endfacet
  facet normal 0.8467241992282848 0 0.5320320765153356
    outer loop
      vertex 12.037753112603696 -4.5 21.65
      vertex 12.037753112603696 -1.5 21.65
      vertex 11.484718962992329 -1.5 22.530148807084345
    endloop
  endfacet
  facet normal 0.8045977797666682 0 0.5938201855735018
    outer loop
      vertex 11.484718962992329 -4.5 22.530148807084345
      vertex 11.484718962992329 -1.5 22.530148807084345
      vertex 10.867457606305615 -1.5 23.366508245836393
    endloop
  endfacet
  facet normal 0.88411539350461 4.03669114720101e-18 0.4672686282730617
    outer loop
      vertex 12.523467263843623 -4.5 20.73098397373406
      vertex 12.037753112603696 -1.5 21.65
      vertex 12.037753112603696 -4.5 21.65
    endloop
  endfacet
  facet normal 0.9937122098932428 -4.452786798886769e-19 0.11196447610330519
    outer loop
      vertex 13.861132780818401 -4.5 15.738748300851295
      vertex 13.744748484529287 -1.5 16.77168749984882
      vertex 13.744748484529287 -4.5 16.77168749984882
    endloop
  endfacet
  facet normal 0.9825664732332883 3.680692776553218e-18 0.18591160716291424
    outer loop
      vertex 13.744748484529287 -4.5 16.77168749984882
      vertex 13.55149797932735 -1.5 17.793040981992764
      vertex 13.55149797932735 -4.5 17.793040981992764
    endloop
  endfacet
  facet normal 0.965925826289068 -1.6138265496867512e-18 0.25881904510252174
    outer loop
      vertex 13.55149797932735 -4.5 17.793040981992764
      vertex 13.282462000427353 -1.5 18.797096924311575
      vertex 13.282462000427353 -4.5 18.797096924311575
    endloop
  endfacet
  facet normal 0.9937122098932428 0 0.11196447610330519
    outer loop
      vertex 13.861132780818401 -4.5 15.738748300851295
      vertex 13.861132780818401 -1.5 15.738748300851295
      vertex 13.744748484529287 -1.5 16.77168749984882
    endloop
  endfacet
  facet normal 0.9825664732332883 0 0.18591160716291424
    outer loop
      vertex 13.744748484529287 -4.5 16.77168749984882
      vertex 13.744748484529287 -1.5 16.77168749984882
      vertex 13.55149797932735 -1.5 17.793040981992764
    endloop
  endfacet
  facet normal 0.965925826289068 0 0.25881904510252174
    outer loop
      vertex 13.55149797932735 -4.5 17.793040981992764
      vertex 13.55149797932735 -1.5 17.793040981992764
      vertex 13.282462000427353 -1.5 18.797096924311575
    endloop
  endfacet
  facet normal 0.9438833303083675 7.476542071797942e-18 0.3302790619551674
    outer loop
      vertex 12.939145106154436 -1.5 19.778240238692895
      vertex 13.282462000427353 -4.5 18.797096924311575
      vertex 13.282462000427353 -1.5 18.797096924311575
    endloop
  endfacet
  facet normal 0 -1 0
    outer loop
      vertex -14.331440309072807 -10 11.428942270842176
      vertex -14.046920245056269 -10 10.367098936159708
      vertex -11.455402968136427 -10 12.085379026013303
    endloop
  endfacet
  facet normal 0 -1 0
    outer loop
      vertex -14.331440309072807 -10 11.428942270842176
      vertex -11.61876220814526 -10 12.948753372429948
      vertex -14.535813145509389 -10 12.509078687210232
    endloop
  endfacet
  facet normal 0 -1 0
    outer loop
      vertex -14.535813145509389 -10 12.509078687210232
      vertex -11.717144616878867 -10 13.821921400359516
      vertex -14.658895818563348 -10 13.601467624279564
    endloop
  endfacet
  facet normal 0 -1 0
    outer loop
      vertex -14.658895818563348 -10 13.601467624279564
      vertex -11.75 -10 14.7
      vertex -14.7 -10 14.7
    endloop
  endfacet
  facet normal 0 -1 0
    outer loop
      vertex -14.7 -10 14.7
      vertex -11.717144616878867 -10 15.578078599640483
      vertex -14.658895818563348 -10 15.798532375720434
    endloop
  endfacet
  facet normal 1.2141371511886503e-15 -1 1.044849504410155e-15
    outer loop
      vertex -11.492922792280035 -10 5.534699912676615
      vertex -11.463061102826137 -10 5.5
      vertex -10 -9.999999999999998 5.5
    endloop
  endfacet
  facet normal 0 -1 0
    outer loop
      vertex -12.145709982445124 -10 6.419195146464757
      vertex -10 -10 8.545218298813515
      vertex -12.730573435631246 -10 7.35
    endloop
  endfacet
  facet normal 0 -1 0
    outer loop
      vertex -13.24424235816556 -10 8.321909034971894
      vertex -12.730573435631246 -10 7.35
      vertex -10 -10 8.545218298813515
    endloop
  endfacet
  facet normal 0 -1 0
    outer loop
      vertex -12.145709982445124 -10 6.419195146464757
      vertex -11.492922792280035 -10 5.534699912676615
      vertex -10 -10 8.545218298813515
    endloop
  endfacet
  facet normal 0 -1 0
    outer loop
      vertex -13.683844105069804 -10 9.329486941813997
      vertex -13.24424235816556 -10 8.321909034971894
      vertex -10.586384197853423 -10 9.60186606536869
    endloop
  endfacet
  facet normal 0 -1 0
    outer loop
      vertex -13.683844105069804 -10 9.329486941813997
      vertex -10.937766546569401 -10 10.40724296369486
      vertex -14.046920245056269 -10 10.367098936159708
    endloop
  endfacet
  facet normal 0 -1 0
    outer loop
      vertex -14.046920245056269 -10 10.367098936159708
      vertex -10.937766546569401 -10 10.40724296369486
      vertex -11.227980467987154 -10 11.236626700671875
    endloop
  endfacet
  facet normal 0 -1 0
    outer loop
      vertex -13.24424235816556 -10 8.321909034971894
      vertex -10 -10 8.545218298813515
      vertex -10.175798494467154 -10 8.825
    endloop
  endfacet
  facet normal 0 -1 0
    outer loop
      vertex -13.24424235816556 -10 8.321909034971894
      vertex -10.175798494467154 -10 8.825
      vertex -10.586384197853423 -10 9.60186606536869
    endloop
  endfacet
  facet normal 0 -1 0
    outer loop
      vertex -13.683844105069804 -10 9.329486941813997
      vertex -10.586384197853423 -10 9.60186606536869
      vertex -10.937766546569401 -10 10.40724296369486
    endloop
  endfacet
  facet normal 1.1762935540714184e-15 -1 -5.833266009508609e-16
    outer loop
      vertex -11.492922792280035 -10 5.534699912676615
      vertex -10 -9.999999999999998 5.5
      vertex -10 -10 8.545218298813515
    endloop
  endfacet
  facet normal 0 -1 0
    outer loop
      vertex -14.046920245056269 -10 10.367098936159708
      vertex -11.227980467987154 -10 11.236626700671875
      vertex -11.455402968136427 -10 12.085379026013303
    endloop
  endfacet
  facet normal 0 -1 0
    outer loop
      vertex -14.535813145509389 -10 12.509078687210232
      vertex -11.61876220814526 -10 12.948753372429948
      vertex -11.717144616878867 -10 13.821921400359516
    endloop
  endfacet
  facet normal 0 -1 0
    outer loop
      vertex -14.331440309072807 -10 11.428942270842176
      vertex -11.455402968136427 -10 12.085379026013303
      vertex -11.61876220814526 -10 12.948753372429948
    endloop
  endfacet
  facet normal 0 -1 0
    outer loop
      vertex -14.658895818563348 -10 13.601467624279564
      vertex -11.717144616878867 -10 13.821921400359516
      vertex -11.75 -10 14.7
    endloop
  endfacet
  facet normal 0 -1 0
    outer loop
      vertex -14.7 -10 14.7
      vertex -11.75 -10 14.7
      vertex -11.717144616878867 -10 15.578078599640483
    endloop
  endfacet
  facet normal 0 -1 0
    outer loop
      vertex -14.658895818563348 -10 15.798532375720434
      vertex -11.61876220814526 -10 16.45124662757005
      vertex -14.535813145509389 -10 16.890921312789764
    endloop
  endfacet
  facet normal 0 -1 0
    outer loop
      vertex -14.535813145509389 -10 16.890921312789764
      vertex -11.455402968136427 -10 17.314620973986695
      vertex -14.331440309072807 -10 17.97105772915782
    endloop
  endfacet
  facet normal 0 -1 0
    outer loop
      vertex -14.331440309072807 -10 17.97105772915782
      vertex -11.227980467987154 -10 18.16337329932812
      vertex -14.046920245056269 -10 19.032901063840292
    endloop
  endfacet
  facet normal 0 -1 0
    outer loop
      vertex -14.658895818563348 -10 15.798532375720434
      vertex -11.717144616878867 -10 15.578078599640483
      vertex -11.61876220814526 -10 16.45124662757005
    endloop
  endfacet
  facet normal 0 -1 0
    outer loop
      vertex -14.535813145509389 -10 16.890921312789764
      vertex -11.61876220814526 -10 16.45124662757005
      vertex -11.455402968136427 -10 17.314620973986695
    endloop
  endfacet
  facet normal 0 -1 0
    outer loop
      vertex -14.331440309072807 -10 17.97105772915782
      vertex -11.455402968136427 -10 17.314620973986695
      vertex -11.227980467987154 -10 18.16337329932812
    endloop
  endfacet
  facet normal 0 -1 0
    outer loop
      vertex -14.046920245056269 -10 19.032901063840292
      vertex -10.586384197853423 -10 19.79813393463131
      vertex -13.683844105069804 -10 20.070513058186002
    endloop
  endfacet
  facet normal 0 -1 0
    outer loop
      vertex -14.046920245056269 -10 19.032901063840292
      vertex -11.227980467987154 -10 18.16337329932812
      vertex -10.937766546569401 -10 18.99275703630514
    endloop
  endfacet
  facet normal 0 -1 0
    outer loop
      vertex -13.683844105069804 -10 20.070513058186002
      vertex -10.175798494467154 -10 20.575
      vertex -13.24424235816556 -10 21.078090965028103
    endloop
  endfacet
  facet normal 0 -1 0
    outer loop
      vertex -14.046920245056269 -10 19.032901063840292
      vertex -10.937766546569401 -10 18.99275703630514
      vertex -10.586384197853423 -10 19.79813393463131
    endloop
  endfacet
  facet normal 0 -1 0
    outer loop
      vertex -13.683844105069804 -10 20.070513058186002
      vertex -10.586384197853423 -10 19.79813393463131
      vertex -10.175798494467154 -10 20.575
    endloop
  endfacet
  facet normal 0 -1 0
    outer loop
      vertex -13.24424235816556 -10 21.078090965028103
      vertex -10.175798494467154 -10 20.575
      vertex -9.70830559821294 -10 21.31901068224756
    endloop
  endfacet
  facet normal 0 -1 0
    outer loop
      vertex -13.24424235816556 -10 21.078090965028103
      vertex -9.70830559821294 -10 21.31901068224756
      vertex -12.730573435631246 -10 22.049999999999997
    endloop
  endfacet
  facet normal 0 -1 0
    outer loop
      vertex -12.730573435631246 -10 22.049999999999997
      vertex -8.61335949400046 -10 22.692029668808303
      vertex -12.145709982445124 -10 22.98080485353524
    endloop
  endfacet
  facet normal 0 -1 0
    outer loop
      vertex -12.730573435631246 -10 22.049999999999997
      vertex -9.70830559821294 -10 21.31901068224756
      vertex -9.186519918999348 -10 22.02600517184012
    endloop
  endfacet
  facet normal 0 -1 0
    outer loop
      vertex -12.730573435631246 -10 22.049999999999997
      vertex -9.186519918999348 -10 22.02600517184012
      vertex -8.61335949400046 -10 22.692029668808303
    endloop
  endfacet
  facet normal 0 -1 0
    outer loop
      vertex -12.145709982445124 -10 22.98080485353524
      vertex -7.9920296688083035 -10 23.31335949400046
      vertex -11.492922792280035 -10 23.865300087323384
    endloop
  endfacet
  facet normal 0 -1 0
    outer loop
      vertex -12.145709982445124 -10 22.98080485353524
      vertex -8.61335949400046 -10 22.692029668808303
      vertex -7.9920296688083035 -10 23.31335949400046
    endloop
  endfacet
  facet normal 0 -1 0
    outer loop
      vertex -11.492922792280035 -10 23.865300087323384
      vertex -7.9920296688083035 -10 23.31335949400046
      vertex -7.326005171840121 -10 23.886519918999348
    endloop
  endfacet
  facet normal 0 -1 0
    outer loop
      vertex -11.492922792280035 -10 23.865300087323384
      vertex -6.619010682247558 -10 24.40830559821294
      vertex -10.775862515898448 -10 24.698539245232517
    endloop
  endfacet
  facet normal -0.9165622558699759 7.164213956837513e-19 -0.39989202431974175
    outer loop
      vertex -13.683844105069804 -10 9.329486941813997
      vertex -13.24424235816556 -4.5 8.321909034971894
      vertex -13.24424235816556 -10 8.321909034971894
    endloop
  endfacet
  facet normal -0.9438833303083677 -1.5440950013458852e-18 -0.33027906195516665
    outer loop
      vertex -13.683844105069804 -10 9.329486941813997
      vertex -14.046920245056269 -10 10.367098936159708
      vertex -14.046920245056269 -4.5 10.367098936159708
    endloop
  endfacet
  facet normal -0.9659258262890681 2.3204682127875867e-19 -0.2588190451025214
    outer loop
      vertex -14.331440309072807 -10 11.428942270842176
      vertex -14.046920245056269 -4.5 10.367098936159708
      vertex -14.046920245056269 -10 10.367098936159708
    endloop
  endfacet
  facet normal -0.9165622558699759 0 -0.39989202431974175
    outer loop
      vertex -13.683844105069804 -10 9.329486941813997
      vertex -13.683844105069804 -4.5 9.329486941813997
      vertex -13.24424235816556 -4.5 8.321909034971894
    endloop
  endfacet
  facet normal -0.9438833303083677 0 -0.33027906195516665
    outer loop
      vertex -13.683844105069804 -10 9.329486941813997
      vertex -14.046920245056269 -4.5 10.367098936159708
      vertex -13.683844105069804 -4.5 9.329486941813997
    endloop
  endfacet
  facet normal -0.9825664732332884 0 -0.1859116071629139
    outer loop
      vertex -14.331440309072807 -10 11.428942270842176
      vertex -14.535813145509389 -10 12.509078687210232
      vertex -14.331440309072807 -4.5 11.428942270842176
    endloop
  endfacet
  facet normal -0.9937122098932426 0 -0.11196447610330816
    outer loop
      vertex -14.535813145509389 -10 12.509078687210232
      vertex -14.658895818563348 -10 13.601467624279564
      vertex -14.535813145509389 -4.5 12.509078687210232
    endloop
  endfacet
  facet normal -0.9993007047883986 0 -0.037391194276325194
    outer loop
      vertex -14.658895818563348 -10 13.601467624279564
      vertex -14.7 -10 14.7
      vertex -14.658895818563348 -4.5 13.601467624279564
    endloop
  endfacet
  facet normal -0.9993007047883986 0 0.037391194276325194
    outer loop
      vertex -14.7 -10 14.7
      vertex -14.658895818563348 -10 15.798532375720434
      vertex -14.7 -4.5 14.7
    endloop
  endfacet
  facet normal -0.9659258262890681 0 -0.2588190451025214
    outer loop
      vertex -14.331440309072807 -10 11.428942270842176
      vertex -14.331440309072807 -4.5 11.428942270842176
      vertex -14.046920245056269 -4.5 10.367098936159708
    endloop
  endfacet
  facet normal -0.9825664732332884 0 -0.1859116071629139
    outer loop
      vertex -14.535813145509389 -10 12.509078687210232
      vertex -14.535813145509389 -4.5 12.509078687210232
      vertex -14.331440309072807 -4.5 11.428942270842176
    endloop
  endfacet
  facet normal -0.9937122098932426 0 -0.11196447610330816
    outer loop
      vertex -14.658895818563348 -10 13.601467624279564
      vertex -14.658895818563348 -4.5 13.601467624279564
      vertex -14.535813145509389 -4.5 12.509078687210232
    endloop
  endfacet
  facet normal -0.9993007047883986 0 -0.037391194276325194
    outer loop
      vertex -14.7 -10 14.7
      vertex -14.7 -4.5 14.7
      vertex -14.658895818563348 -4.5 13.601467624279564
    endloop
  endfacet
  facet normal -0.9993007047883986 0 0.037391194276325194
    outer loop
      vertex -14.658895818563348 -10 15.798532375720434
      vertex -14.658895818563348 -4.5 15.798532375720434
      vertex -14.7 -4.5 14.7
    endloop
  endfacet
  facet normal -0.9165622558699759 1.3134392254202106e-18 -0.39989202431974175
    outer loop
      vertex -13.683844105069804 -1.5 9.329486941813997
      vertex -13.24424235816556 1.5 8.321909034971894
      vertex -13.24424235816556 -1.5 8.321909034971894
    endloop
  endfacet
  facet normal -0.9438833303083678 -2.8308408358007893e-18 -0.33027906195516665
    outer loop
      vertex -13.683844105069804 -1.5 9.329486941813997
      vertex -14.046920245056269 -1.5 10.367098936159708
      vertex -14.046920245056269 1.5 10.367098936159708
    endloop
  endfacet
  facet normal -0.9659258262890681 4.2541917234439094e-19 -0.2588190451025214
    outer loop
      vertex -14.331440309072807 -1.5 11.428942270842176
      vertex -14.046920245056269 1.5 10.367098936159708
      vertex -14.046920245056269 -1.5 10.367098936159708
    endloop
  endfacet
  facet normal -0.9825664732332885 0 -0.1859116071629139
    outer loop
      vertex -14.331440309072807 -1.5 11.428942270842176
      vertex -14.535813145509389 -1.5 12.509078687210232
      vertex -14.331440309072807 1.5 11.428942270842176
    endloop
  endfacet
  facet normal -0.9937122098932425 0 -0.11196447610330815
    outer loop
      vertex -14.535813145509389 -1.5 12.509078687210232
      vertex -14.658895818563348 -1.5 13.601467624279564
      vertex -14.535813145509389 1.5 12.509078687210232
    endloop
  endfacet
  facet normal -0.9993007047883986 0 -0.037391194276325194
    outer loop
      vertex -14.658895818563348 -1.5 13.601467624279564
      vertex -14.7 -1.5 14.7
      vertex -14.658895818563348 1.5 13.601467624279564
    endloop
  endfacet
  facet normal -0.9993007047883986 0 0.037391194276325194
    outer loop
      vertex -14.7 -1.5 14.7
      vertex -14.658895818563348 -1.5 15.798532375720434
      vertex -14.7 1.5 14.7
    endloop
  endfacet
  facet normal -0.8467241992282846 0 -0.532032076515336
    outer loop
      vertex -12.145709982445124 -10 6.419195146464757
      vertex -12.730573435631246 -10 7.35
      vertex -12.145709982445124 -4.5 6.419195146464757
    endloop
  endfacet
  facet normal -0.8841153935046095 2.519756706536675e-18 -0.4672686282730626
    outer loop
      vertex -13.24424235816556 -10 8.321909034971894
      vertex -12.730573435631246 -4.5 7.35
      vertex -12.730573435631246 -10 7.35
    endloop
  endfacet
  facet normal -0.7579717231454528 0 -0.6522874112781213
    outer loop
      vertex -11.492922792280035 -10 5.534699912676615
      vertex -11.492922792280035 -4.5 5.534699912676615
      vertex -11.463061102826137 -10 5.5
    endloop
  endfacet
  facet normal -0.8045977797666681 -2.3644506171910525e-18 -0.5938201855735018
    outer loop
      vertex -12.145709982445124 -10 6.419195146464757
      vertex -11.492922792280035 -4.5 5.534699912676615
      vertex -11.492922792280035 -10 5.534699912676615
    endloop
  endfacet
  facet normal -0.8841153935046095 0 -0.4672686282730626
    outer loop
      vertex -13.24424235816556 -10 8.321909034971894
      vertex -13.24424235816556 -4.5 8.321909034971894
      vertex -12.730573435631246 -4.5 7.35
    endloop
  endfacet
  facet normal -0.8467241992282846 0 -0.532032076515336
    outer loop
      vertex -12.730573435631246 -10 7.35
      vertex -12.730573435631246 -4.5 7.35
      vertex -12.145709982445124 -4.5 6.419195146464757
    endloop
  endfacet
  facet normal -0.8045977797666681 0 -0.5938201855735018
    outer loop
      vertex -12.145709982445124 -10 6.419195146464757
      vertex -12.145709982445124 -4.5 6.419195146464757
      vertex -11.492922792280035 -4.5 5.534699912676615
    endloop
  endfacet
  facet normal -0.7579717231454528 2.5046842400301476e-19 -0.6522874112781213
    outer loop
      vertex -11.492922792280035 -4.5 5.534699912676615
      vertex -11.463061102826137 -4.5 5.5
      vertex -11.463061102826137 -10 5.5
    endloop
  endfacet
  facet normal -0.8467241992282845 0 -0.5320320765153359
    outer loop
      vertex -12.145709982445124 -1.5 6.419195146464757
      vertex -12.730573435631246 -1.5 7.35
      vertex -12.145709982445124 1.5 6.419195146464757
    endloop
  endfacet
  facet normal -0.8841153935046094 4.6195539619839045e-18 -0.46726862827306254
    outer loop
      vertex -13.24424235816556 -1.5 8.321909034971894
      vertex -12.730573435631246 1.5 7.35
      vertex -12.730573435631246 -1.5 7.35
    endloop
  endfacet
  facet normal -0.7579717231454528 0 -0.6522874112781213
    outer loop
      vertex -11.492922792280035 -1.5 5.534699912676615
      vertex -11.492922792280035 1.5 5.534699912676615
      vertex -11.463061102826137 -1.5 5.5
    endloop
  endfacet
  facet normal -0.8045977797666681 -4.33482613151693e-18 -0.5938201855735019
    outer loop
      vertex -12.145709982445124 -1.5 6.419195146464757
      vertex -11.492922792280035 1.5 5.534699912676615
      vertex -11.492922792280035 -1.5 5.534699912676615
    endloop
  endfacet
  facet normal -0.9937122098932426 0 0.11196447610330834
    outer loop
      vertex -14.658895818563348 -10 15.798532375720434
      vertex -14.535813145509389 -10 16.890921312789764
      vertex -14.658895818563348 -4.5 15.798532375720434
    endloop
  endfacet
  facet normal -0.9825664732332884 0 0.1859116071629139
    outer loop
      vertex -14.535813145509389 -10 16.890921312789764
      vertex -14.331440309072807 -10 17.97105772915782
      vertex -14.535813145509389 -4.5 16.890921312789764
    endloop
  endfacet
  facet normal -0.9659258262890683 0 0.2588190451025206
    outer loop
      vertex -14.331440309072807 -10 17.97105772915782
      vertex -14.046920245056269 -10 19.032901063840292
      vertex -14.331440309072807 -4.5 17.97105772915782
    endloop
  endfacet
  facet normal -0.9438833303083675 0 0.33027906195516715
    outer loop
      vertex -14.046920245056269 -10 19.032901063840292
      vertex -13.683844105069804 -10 20.070513058186002
      vertex -14.046920245056269 -4.5 19.032901063840292
    endloop
  endfacet
  facet normal -0.9165622558699756 0 0.39989202431974236
    outer loop
      vertex -13.683844105069804 -10 20.070513058186002
      vertex -13.24424235816556 -10 21.078090965028103
      vertex -13.683844105069804 -4.5 20.070513058186002
    endloop
  endfacet
  facet normal -0.9937122098932426 0 0.11196447610330834
    outer loop
      vertex -14.535813145509389 -10 16.890921312789764
      vertex -14.535813145509389 -4.5 16.890921312789764
      vertex -14.658895818563348 -4.5 15.798532375720434
    endloop
  endfacet
  facet normal -0.9825664732332884 0 0.1859116071629139
    outer loop
      vertex -14.331440309072807 -10 17.97105772915782
      vertex -14.331440309072807 -4.5 17.97105772915782
      vertex -14.535813145509389 -4.5 16.890921312789764
    endloop
  endfacet
  facet normal -0.9659258262890683 0 0.2588190451025206
    outer loop
      vertex -14.046920245056269 -10 19.032901063840292
      vertex -14.046920245056269 -4.5 19.032901063840292
      vertex -14.331440309072807 -4.5 17.97105772915782
    endloop
  endfacet
  facet normal -0.9438833303083675 0 0.33027906195516715
    outer loop
      vertex -13.683844105069804 -10 20.070513058186002
      vertex -13.683844105069804 -4.5 20.070513058186002
      vertex -14.046920245056269 -4.5 19.032901063840292
    endloop
  endfacet
  facet normal -0.9165622558699756 0 0.39989202431974236
    outer loop
      vertex -13.24424235816556 -10 21.078090965028103
      vertex -13.24424235816556 -4.5 21.078090965028103
      vertex -13.683844105069804 -4.5 20.070513058186002
    endloop
  endfacet
  facet normal -0.9937122098932426 0 0.11196447610330834
    outer loop
      vertex -14.658895818563348 -1.5 15.798532375720434
      vertex -14.535813145509389 -1.5 16.890921312789764
      vertex -14.658895818563348 1.5 15.798532375720434
    endloop
  endfacet
  facet normal -0.9825664732332885 0 0.1859116071629139
    outer loop
      vertex -14.535813145509389 -1.5 16.890921312789764
      vertex -14.331440309072807 -1.5 17.97105772915782
      vertex -14.535813145509389 1.5 16.890921312789764
    endloop
  endfacet
  facet normal -0.9659258262890683 0 0.2588190451025206
    outer loop
      vertex -14.331440309072807 -1.5 17.97105772915782
      vertex -14.046920245056269 -1.5 19.032901063840292
      vertex -14.331440309072807 1.5 17.97105772915782
    endloop
  endfacet
  facet normal -0.9438833303083675 -7.578839938658164e-18 0.3302790619551671
    outer loop
      vertex -14.046920245056269 -1.5 19.032901063840292
      vertex -13.683844105069804 -1.5 20.070513058186002
      vertex -13.683844105069804 1.5 20.070513058186002
    endloop
  endfacet
  facet normal -0.9165622558699756 0 0.39989202431974236
    outer loop
      vertex -13.683844105069804 -1.5 20.070513058186002
      vertex -13.24424235816556 -1.5 21.078090965028103
      vertex -13.683844105069804 1.5 20.070513058186002
    endloop
  endfacet
  facet normal -0.8841153935046095 0 0.4672686282730626
    outer loop
      vertex -13.24424235816556 -10 21.078090965028103
      vertex -12.730573435631246 -10 22.049999999999997
      vertex -13.24424235816556 -4.5 21.078090965028103
    endloop
  endfacet
  facet normal -0.8467241992282846 0 0.532032076515336
    outer loop
      vertex -12.730573435631246 -10 22.049999999999997
      vertex -12.145709982445124 -10 22.98080485353524
      vertex -12.730573435631246 -4.5 22.049999999999997
    endloop
  endfacet
  facet normal -0.8045977797666687 0 0.593820185573501
    outer loop
      vertex -12.145709982445124 -10 22.98080485353524
      vertex -11.492922792280035 -10 23.865300087323384
      vertex -12.145709982445124 -4.5 22.98080485353524
    endloop
  endfacet
  facet normal -0.757971723145455 0 0.6522874112781188
    outer loop
      vertex -11.492922792280035 -10 23.865300087323384
      vertex -10.775862515898448 -10 24.698539245232517
      vertex -11.492922792280035 -4.5 23.865300087323384
    endloop
  endfacet
  facet normal -0.8841153935046095 0 0.4672686282730626
    outer loop
      vertex -12.730573435631246 -10 22.049999999999997
      vertex -12.730573435631246 -4.5 22.049999999999997
      vertex -13.24424235816556 -4.5 21.078090965028103
    endloop
  endfacet
  facet normal -0.8467241992282846 0 0.532032076515336
    outer loop
      vertex -12.145709982445124 -10 22.98080485353524
      vertex -12.145709982445124 -4.5 22.98080485353524
      vertex -12.730573435631246 -4.5 22.049999999999997
    endloop
  endfacet
  facet normal -0.8045977797666687 0 0.593820185573501
    outer loop
      vertex -11.492922792280035 -10 23.865300087323384
      vertex -11.492922792280035 -4.5 23.865300087323384
      vertex -12.145709982445124 -4.5 22.98080485353524
    endloop
  endfacet
  facet normal -0.757971723145455 0 0.6522874112781188
    outer loop
      vertex -10.775862515898448 -10 24.698539245232517
      vertex -10.775862515898448 -4.5 24.698539245232517
      vertex -11.492922792280035 -4.5 23.865300087323384
    endloop
  endfacet
  facet normal -0.7071067811865475 0 0.7071067811865475
    outer loop
      vertex -10.775862515898448 -10 24.698539245232517
      vertex -9.998539245232516 -10 25.47586251589845
      vertex -10.775862515898448 -4.5 24.698539245232517
    endloop
  endfacet
  facet normal -0.6522874112781196 0 0.7579717231454544
    outer loop
      vertex -9.998539245232516 -10 25.47586251589845
      vertex -9.165300087323384 -10 26.192922792280037
      vertex -9.998539245232516 -4.5 25.47586251589845
    endloop
  endfacet
  facet normal -0.6522874112781188 -5.069792054819295e-18 0.7579717231454549
    outer loop
      vertex -9.165300087323384 -10 26.192922792280037
      vertex -9.166012873654498 -5.292 26.19230939004283
      vertex -9.535854497879203 -4.592225494820236 25.874034936944092
    endloop
  endfacet
  facet normal -0.6522874112780996 0 0.7579717231454716
    outer loop
      vertex -9.165300087323384 -10 26.192922792280037
      vertex -9.165300087323384 -5.293134392947482 26.192922792280037
      vertex -9.166012873654498 -5.292 26.19230939004283
    endloop
  endfacet
  facet normal -0.7071067811865475 0 0.7071067811865475
    outer loop
      vertex -9.998539245232516 -10 25.47586251589845
      vertex -9.998539245232516 -4.5 25.47586251589845
      vertex -10.775862515898448 -4.5 24.698539245232517
    endloop
  endfacet
  facet normal -0.6522874112781201 -1.6039188772948455e-16 0.7579717231454538
    outer loop
      vertex -9.165300087323384 -10 26.192922792280037
      vertex -9.535854497879203 -4.592225494820236 25.874034936944092
      vertex -9.998539245232516 -4.5 25.47586251589845
    endloop
  endfacet
  facet normal -0.6522874112781207 -4.008684097479727e-15 0.7579717231454535
    outer loop
      vertex -9.998539245232516 -4.5 25.47586251589845
      vertex -9.535854497879203 -4.592225494820236 25.874034936944092
      vertex -9.57609206993867 -4.5 25.839407706252864
    endloop
  endfacet
  facet normal -0.8841153935046094 0 0.46726862827306254
    outer loop
      vertex -13.24424235816556 -1.5 21.078090965028103
      vertex -12.730573435631246 -1.5 22.049999999999997
      vertex -13.24424235816556 1.5 21.078090965028103
    endloop
  endfacet
  facet normal -0.8467241992282845 0 0.5320320765153359
    outer loop
      vertex -12.730573435631246 -1.5 22.049999999999997
      vertex -12.145709982445124 -1.5 22.98080485353524
      vertex -12.730573435631246 1.5 22.049999999999997
    endloop
  endfacet
  facet normal -0.8045977797666688 0 0.5938201855735011
    outer loop
      vertex -12.145709982445124 -1.5 22.98080485353524
      vertex -11.492922792280035 -1.5 23.865300087323384
      vertex -12.145709982445124 1.5 22.98080485353524
    endloop
  endfacet
  facet normal -0.757971723145455 0 0.6522874112781187
    outer loop
      vertex -11.492922792280035 -1.5 23.865300087323384
      vertex -10.775862515898448 -1.5 24.698539245232517
      vertex -11.492922792280035 1.5 23.865300087323384
    endloop
  endfacet
  facet normal -0.7071067811865454 -1.2829701277788665e-15 0.7071067811865496
    outer loop
      vertex -10.775862515898448 -1.5 24.698539245232517
      vertex -10.474513487605915 -1.5 24.99988827352505
      vertex -10.55440498936561 -0.7909433105187128 24.919996771765355
    endloop
  endfacet
  facet normal -0.7071067811865497 1.424774550248244e-15 0.7071067811865451
    outer loop
      vertex -10.775862515898448 -1.5 24.698539245232517
      vertex -10.55440498936561 -0.7909433105187128 24.919996771765355
      vertex -10.584 0 24.890401761130963
    endloop
  endfacet
  facet normal -0.7071067811865341 -2.5929384857048533e-15 0.7071067811865609
    outer loop
      vertex -10.775862515898448 -1.5 24.698539245232517
      vertex -10.584 0 24.890401761130963
      vertex -10.55440498936561 0.7909433105187128 24.919996771765355
    endloop
  endfacet
  facet normal 0 -1 0
    outer loop
      vertex -11.492922792280035 -10 23.865300087323384
      vertex -7.326005171840121 -10 23.886519918999348
      vertex -6.619010682247558 -10 24.40830559821294
    endloop
  endfacet
  facet normal 0 -1 0
    outer loop
      vertex -10.775862515898448 -10 24.698539245232517
      vertex -6.619010682247558 -10 24.40830559821294
      vertex -5.875 -10 24.875798494467155
    endloop
  endfacet
  facet normal 0 -1 0
    outer loop
      vertex -10.775862515898448 -10 24.698539245232517
      vertex -5.098133934631309 -10 25.286384197853423
      vertex -9.998539245232516 -10 25.47586251589845
    endloop
  endfacet
  facet normal 0 -1 0
    outer loop
      vertex -10.775862515898448 -10 24.698539245232517
      vertex -5.875 -10 24.875798494467155
      vertex -5.098133934631309 -10 25.286384197853423
    endloop
  endfacet
  facet normal 0 -1 0
    outer loop
      vertex -9.998539245232516 -10 25.47586251589845
      vertex -3.463373299328124 -10 25.927980467987155
      vertex -9.165300087323384 -10 26.192922792280037
    endloop
  endfacet
  facet normal 0 -1 0
    outer loop
      vertex -9.998539245232516 -10 25.47586251589845
      vertex -5.098133934631309 -10 25.286384197853423
      vertex -4.292757036305139 -10 25.637766546569402
    endloop
  endfacet
  facet normal 0 -1 0
    outer loop
      vertex -9.998539245232516 -10 25.47586251589845
      vertex -4.292757036305139 -10 25.637766546569402
      vertex -3.463373299328124 -10 25.927980467987155
    endloop
  endfacet
  facet normal 0 -1 0
    outer loop
      vertex -9.165300087323384 -10 26.192922792280037
      vertex -3.463373299328124 -10 25.927980467987155
      vertex -3.4448606873879823 -10 26.87109259372017
    endloop
  endfacet
  facet normal 0 -1 0
    outer loop
      vertex -3.463373299328124 -10 25.927980467987155
      vertex -3.44486068738798 -10 25.93294090740631
      vertex -3.4448606873879823 -10 26.87109259372017
    endloop
  endfacet
  facet normal -0.5938201855734999 0 0.8045977797666697
    outer loop
      vertex -9.165300087323384 -10 26.192922792280037
      vertex -8.280804853535242 -10 26.845709982445122
      vertex -9.165300087323384 -5.293134392947482 26.192922792280037
    endloop
  endfacet
  facet normal -0.5320320765153371 2.2667062908046846e-16 0.8467241992282839
    outer loop
      vertex -8.280804853535242 -10 26.845709982445122
      vertex -7.35 -10 27.430573435631246
      vertex -8.274904410441627 -6.599016062872837 26.84941747656696
    endloop
  endfacet
  facet normal 0 -1 0
    outer loop
      vertex -9.165300087323384 -10 26.192922792280037
      vertex -3.4448606873879823 -10 26.87109259372017
      vertex -8.280804853535242 -10 26.845709982445122
    endloop
  endfacet
  facet normal -0.5320320765153501 0 0.8467241992282757
    outer loop
      vertex -7.35 -10 27.430573435631246
      vertex -7.35 -8.206349186104047 27.430573435631246
      vertex -7.450649152697917 -8.10570003340613 27.367331381420218
    endloop
  endfacet
  facet normal -0.4672686282730638 0 0.8841153935046088
    outer loop
      vertex -7.35 -10 27.430573435631246
      vertex -6.378090965028106 -10 27.94424235816556
      vertex -7.35 -8.206349186104047 27.430573435631246
    endloop
  endfacet
  facet normal -0.46726862827306387 0 0.8841153935046088
    outer loop
      vertex -6.378090965028106 -10 27.94424235816556
      vertex -6.378090965028106 -9.178258221075941 27.94424235816556
      vertex -7.35 -8.206349186104047 27.430573435631246
    endloop
  endfacet
  facet normal 0 -1 0
    outer loop
      vertex -8.280804853535242 -10 26.845709982445122
      vertex -3.636038969321071 -10 26.98742736743036
      vertex -7.35 -10 27.430573435631246
    endloop
  endfacet
  facet normal 0 -1 0
    outer loop
      vertex -7.35 -10 27.430573435631246
      vertex -3.636038969321071 -10 26.98742736743036
      vertex -6.378090965028106 -10 27.94424235816556
    endloop
  endfacet
  facet normal 0 -1 0
    outer loop
      vertex -6.378090965028106 -10 27.94424235816556
      vertex -5.556349186104048 -10 27.821532939494595
      vertex -5.556349186104047 -10 28.30276463129816
    endloop
  endfacet
  facet normal -0.3998920243197415 0 0.916562255869976
    outer loop
      vertex -6.378090965028106 -10 27.94424235816556
      vertex -5.556349186104047 -10 28.30276463129816
      vertex -6.378090965028106 -9.178258221075941 27.94424235816556
    endloop
  endfacet
  facet normal 0 -1 0
    outer loop
      vertex -8.280804853535242 -10 26.845709982445122
      vertex -3.4448606873879823 -10 26.87109259372017
      vertex -3.636038969321071 -10 26.98742736743036
    endloop
  endfacet
  facet normal 0 -1 0
    outer loop
      vertex -6.378090965028106 -10 27.94424235816556
      vertex -3.636038969321071 -10 26.98742736743036
      vertex -5.556349186104048 -10 27.821532939494595
    endloop
  endfacet
  facet normal 0 -1 0
    outer loop
      vertex -5.556349186104048 -10 27.821532939494595
      vertex -3.636038969321071 -10 26.98742736743036
      vertex -5.531402676717801 -10 27.826259521972567
    endloop
  endfacet
  facet normal 0 -1 0
    outer loop
      vertex -5.531402676717801 -10 27.826259521972567
      vertex -3.636038969321071 -10 26.98742736743036
      vertex -4.461295117781472 -10 28.091033414534124
    endloop
  endfacet
  facet normal 0 -1 0
    outer loop
      vertex -4.461295117781472 -10 28.091033414534124
      vertex -3.636038969321071 -10 26.98742736743036
      vertex -3.6360389693210715 -10 28.06831355028058
    endloop
  endfacet
  facet normal 0 -1 0
    outer loop
      vertex -4.461295117781472 -10 28.091033414534124
      vertex -3.6360389693210715 -10 28.06831355028058
      vertex -3.909093021319428 -10 28.26139192207908
    endloop
  endfacet
  facet normal -0.5320320765152434 0 0.8467241992283426
    outer loop
      vertex -8.280804853535242 -10 26.845709982445122
      vertex -8.274904410441627 -6.599016062872837 26.84941747656696
      vertex -8.280804853535242 -6.591021246381078 26.845709982445122
    endloop
  endfacet
  facet normal -0.5320320765153354 8.777011713057908e-16 0.8467241992282848
    outer loop
      vertex -7.35 -10 27.430573435631246
      vertex -7.758621011446881 -7.198948256567411 27.173819836967095
      vertex -8.274904410441627 -6.599016062872837 26.84941747656696
    endloop
  endfacet
  facet normal -0.5938201855734978 -4.70951432837628e-18 0.804597779766671
    outer loop
      vertex -8.74491118736049 -5.962179494545374 26.503183920096472
      vertex -8.280804853535242 -10 26.845709982445122
      vertex -8.280804853535242 -6.591021246381078 26.845709982445122
    endloop
  endfacet
  facet normal -0.5938201855735029 -8.8774491519932e-16 0.8045977797666675
    outer loop
      vertex -8.74491118736049 -5.962179494545374 26.503183920096472
      vertex -9.165300087323384 -5.293134392947482 26.192922792280037
      vertex -8.280804853535242 -10 26.845709982445122
    endloop
  endfacet
  facet normal -0.5320320765153338 1.2016070064558252e-15 0.846724199228286
    outer loop
      vertex -7.35 -10 27.430573435631246
      vertex -7.450649152697917 -8.10570003340613 27.367331381420218
      vertex -7.758621011446881 -7.198948256567411 27.173819836967095
    endloop
  endfacet
  facet normal -0.5320320765153356 3.435957831177416e-16 0.8467241992282848
    outer loop
      vertex -7.758621011446881 -7.198948256567411 27.173819836967095
      vertex -7.450649152697917 -8.10570003340613 27.367331381420218
      vertex -7.4781810577068155 -7.479388210307477 27.350031938926833
    endloop
  endfacet
  facet normal -0.9165622558699759 0 -0.39989202431974175
    outer loop
      vertex -13.683844105069804 -1.5 9.329486941813997
      vertex -13.683844105069804 1.5 9.329486941813997
      vertex -13.24424235816556 1.5 8.321909034971894
    endloop
  endfacet
  facet normal -0.9438833303083678 0 -0.33027906195516665
    outer loop
      vertex -13.683844105069804 -1.5 9.329486941813997
      vertex -14.046920245056269 1.5 10.367098936159708
      vertex -13.683844105069804 1.5 9.329486941813997
    endloop
  endfacet
  facet normal -0.9659258262890681 0 -0.2588190451025214
    outer loop
      vertex -14.331440309072807 -1.5 11.428942270842176
      vertex -14.331440309072807 1.5 11.428942270842176
      vertex -14.046920245056269 1.5 10.367098936159708
    endloop
  endfacet
  facet normal -0.9825664732332885 0 -0.1859116071629139
    outer loop
      vertex -14.535813145509389 -1.5 12.509078687210232
      vertex -14.535813145509389 1.5 12.509078687210232
      vertex -14.331440309072807 1.5 11.428942270842176
    endloop
  endfacet
  facet normal -0.9937122098932425 0 -0.11196447610330815
    outer loop
      vertex -14.658895818563348 -1.5 13.601467624279564
      vertex -14.658895818563348 1.5 13.601467624279564
      vertex -14.535813145509389 1.5 12.509078687210232
    endloop
  endfacet
  facet normal -0.9993007047883986 0 -0.037391194276325194
    outer loop
      vertex -14.7 -1.5 14.7
      vertex -14.7 1.5 14.7
      vertex -14.658895818563348 1.5 13.601467624279564
    endloop
  endfacet
  facet normal -0.9993007047883986 0 0.037391194276325194
    outer loop
      vertex -14.658895818563348 -1.5 15.798532375720434
      vertex -14.658895818563348 1.5 15.798532375720434
      vertex -14.7 1.5 14.7
    endloop
  endfacet
  facet normal -0.9165622558699759 7.164213956837513e-19 -0.39989202431974175
    outer loop
      vertex -13.683844105069804 4.5 9.329486941813997
      vertex -13.24424235816556 10 8.321909034971894
      vertex -13.24424235816556 4.5 8.321909034971894
    endloop
  endfacet
  facet normal -0.9438833303083677 0 -0.33027906195516665
    outer loop
      vertex -13.683844105069804 4.5 9.329486941813997
      vertex -14.046920245056269 4.5 10.367098936159708
      vertex -13.683844105069804 10 9.329486941813997
    endloop
  endfacet
  facet normal -0.9659258262890681 2.3204682127875867e-19 -0.2588190451025214
    outer loop
      vertex -14.331440309072807 4.5 11.428942270842176
      vertex -14.046920245056269 10 10.367098936159708
      vertex -14.046920245056269 4.5 10.367098936159708
    endloop
  endfacet
  facet normal -0.9165622558699759 0 -0.39989202431974175
    outer loop
      vertex -13.683844105069804 4.5 9.329486941813997
      vertex -13.683844105069804 10 9.329486941813997
      vertex -13.24424235816556 10 8.321909034971894
    endloop
  endfacet
  facet normal -0.9438833303083677 0 -0.33027906195516665
    outer loop
      vertex -14.046920245056269 4.5 10.367098936159708
      vertex -14.046920245056269 10 10.367098936159708
      vertex -13.683844105069804 10 9.329486941813997
    endloop
  endfacet
  facet normal -0.9825664732332884 0 -0.1859116071629139
    outer loop
      vertex -14.331440309072807 4.5 11.428942270842176
      vertex -14.535813145509389 4.5 12.509078687210232
      vertex -14.331440309072807 10 11.428942270842176
    endloop
  endfacet
  facet normal -0.9937122098932426 0 -0.11196447610330816
    outer loop
      vertex -14.535813145509389 4.5 12.509078687210232
      vertex -14.658895818563348 4.5 13.601467624279564
      vertex -14.535813145509389 10 12.509078687210232
    endloop
  endfacet
  facet normal -0.9993007047883986 0 -0.037391194276325194
    outer loop
      vertex -14.658895818563348 4.5 13.601467624279564
      vertex -14.7 4.5 14.7
      vertex -14.658895818563348 10 13.601467624279564
    endloop
  endfacet
  facet normal -0.9993007047883986 0 0.037391194276325194
    outer loop
      vertex -14.7 4.5 14.7
      vertex -14.658895818563348 4.5 15.798532375720434
      vertex -14.7 10 14.7
    endloop
  endfacet
  facet normal -0.9659258262890681 0 -0.2588190451025214
    outer loop
      vertex -14.331440309072807 4.5 11.428942270842176
      vertex -14.331440309072807 10 11.428942270842176
      vertex -14.046920245056269 10 10.367098936159708
    endloop
  endfacet
  facet normal -0.9825664732332884 0 -0.1859116071629139
    outer loop
      vertex -14.535813145509389 4.5 12.509078687210232
      vertex -14.535813145509389 10 12.509078687210232
      vertex -14.331440309072807 10 11.428942270842176
    endloop
  endfacet
  facet normal -0.9937122098932426 0 -0.11196447610330816
    outer loop
      vertex -14.658895818563348 4.5 13.601467624279564
      vertex -14.658895818563348 10 13.601467624279564
      vertex -14.535813145509389 10 12.509078687210232
    endloop
  endfacet
  facet normal -0.9993007047883986 0 -0.037391194276325194
    outer loop
      vertex -14.7 4.5 14.7
      vertex -14.7 10 14.7
      vertex -14.658895818563348 10 13.601467624279564
    endloop
  endfacet
  facet normal -0.9993007047883986 0 0.037391194276325194
    outer loop
      vertex -14.658895818563348 4.5 15.798532375720434
      vertex -14.658895818563348 10 15.798532375720434
      vertex -14.7 10 14.7
    endloop
  endfacet
  facet normal -0.8841153935046094 0 -0.46726862827306254
    outer loop
      vertex -13.24424235816556 -1.5 8.321909034971894
      vertex -13.24424235816556 1.5 8.321909034971894
      vertex -12.730573435631246 1.5 7.35
    endloop
  endfacet
  facet normal -0.8467241992282845 0 -0.5320320765153359
    outer loop
      vertex -12.730573435631246 -1.5 7.35
      vertex -12.730573435631246 1.5 7.35
      vertex -12.145709982445124 1.5 6.419195146464757
    endloop
  endfacet
  facet normal -0.8045977797666681 0 -0.5938201855735019
    outer loop
      vertex -12.145709982445124 -1.5 6.419195146464757
      vertex -12.145709982445124 1.5 6.419195146464757
      vertex -11.492922792280035 1.5 5.534699912676615
    endloop
  endfacet
  facet normal -0.7579717231454528 4.591921106721937e-19 -0.6522874112781213
    outer loop
      vertex -11.492922792280035 1.5 5.534699912676615
      vertex -11.463061102826137 1.5 5.5
      vertex -11.463061102826137 -1.5 5.5
    endloop
  endfacet
  facet normal -0.8467241992282846 0 -0.532032076515336
    outer loop
      vertex -12.145709982445124 4.5 6.419195146464757
      vertex -12.730573435631246 4.5 7.35
      vertex -12.145709982445124 10 6.419195146464757
    endloop
  endfacet
  facet normal -0.8841153935046095 2.519756706536675e-18 -0.4672686282730626
    outer loop
      vertex -13.24424235816556 4.5 8.321909034971894
      vertex -12.730573435631246 10 7.35
      vertex -12.730573435631246 4.5 7.35
    endloop
  endfacet
  facet normal -0.7579717231454528 0 -0.6522874112781213
    outer loop
      vertex -11.492922792280035 4.5 5.534699912676615
      vertex -11.492922792280035 10 5.534699912676615
      vertex -11.463061102826137 4.5 5.5
    endloop
  endfacet
  facet normal -0.8045977797666681 -2.3644506171910525e-18 -0.5938201855735018
    outer loop
      vertex -12.145709982445124 4.5 6.419195146464757
      vertex -11.492922792280035 10 5.534699912676615
      vertex -11.492922792280035 4.5 5.534699912676615
    endloop
  endfacet
  facet normal -0.8841153935046095 0 -0.4672686282730626
    outer loop
      vertex -13.24424235816556 4.5 8.321909034971894
      vertex -13.24424235816556 10 8.321909034971894
      vertex -12.730573435631246 10 7.35
    endloop
  endfacet
  facet normal -0.8467241992282846 0 -0.532032076515336
    outer loop
      vertex -12.730573435631246 4.5 7.35
      vertex -12.730573435631246 10 7.35
      vertex -12.145709982445124 10 6.419195146464757
    endloop
  endfacet
  facet normal -0.8045977797666681 0 -0.5938201855735018
    outer loop
      vertex -12.145709982445124 4.5 6.419195146464757
      vertex -12.145709982445124 10 6.419195146464757
      vertex -11.492922792280035 10 5.534699912676615
    endloop
  endfacet
  facet normal -0.7579717231454528 2.5046842400301476e-19 -0.6522874112781213
    outer loop
      vertex -11.492922792280035 10 5.534699912676615
      vertex -11.463061102826137 10 5.5
      vertex -11.463061102826137 4.5 5.5
    endloop
  endfacet
  facet normal -0.9937122098932426 0 0.11196447610330834
    outer loop
      vertex -14.535813145509389 -1.5 16.890921312789764
      vertex -14.535813145509389 1.5 16.890921312789764
      vertex -14.658895818563348 1.5 15.798532375720434
    endloop
  endfacet
  facet normal -0.9825664732332885 0 0.1859116071629139
    outer loop
      vertex -14.331440309072807 -1.5 17.97105772915782
      vertex -14.331440309072807 1.5 17.97105772915782
      vertex -14.535813145509389 1.5 16.890921312789764
    endloop
  endfacet
  facet normal -0.9659258262890683 0 0.2588190451025206
    outer loop
      vertex -14.046920245056269 -1.5 19.032901063840292
      vertex -14.046920245056269 1.5 19.032901063840292
      vertex -14.331440309072807 1.5 17.97105772915782
    endloop
  endfacet
  facet normal -0.9438833303083675 0 0.3302790619551671
    outer loop
      vertex -14.046920245056269 -1.5 19.032901063840292
      vertex -13.683844105069804 1.5 20.070513058186002
      vertex -14.046920245056269 1.5 19.032901063840292
    endloop
  endfacet
  facet normal -0.9165622558699756 0 0.39989202431974236
    outer loop
      vertex -13.24424235816556 -1.5 21.078090965028103
      vertex -13.24424235816556 1.5 21.078090965028103
      vertex -13.683844105069804 1.5 20.070513058186002
    endloop
  endfacet
  facet normal -0.9937122098932426 0 0.11196447610330834
    outer loop
      vertex -14.658895818563348 4.5 15.798532375720434
      vertex -14.535813145509389 4.5 16.890921312789764
      vertex -14.658895818563348 10 15.798532375720434
    endloop
  endfacet
  facet normal -0.9825664732332884 0 0.1859116071629139
    outer loop
      vertex -14.535813145509389 4.5 16.890921312789764
      vertex -14.331440309072807 4.5 17.97105772915782
      vertex -14.535813145509389 10 16.890921312789764
    endloop
  endfacet
  facet normal -0.9659258262890683 0 0.2588190451025206
    outer loop
      vertex -14.331440309072807 4.5 17.97105772915782
      vertex -14.046920245056269 4.5 19.032901063840292
      vertex -14.331440309072807 10 17.97105772915782
    endloop
  endfacet
  facet normal -0.9438833303083675 -4.133912693813544e-18 0.33027906195516715
    outer loop
      vertex -14.046920245056269 4.5 19.032901063840292
      vertex -13.683844105069804 4.5 20.070513058186002
      vertex -13.683844105069804 10 20.070513058186002
    endloop
  endfacet
  facet normal -0.9165622558699756 0 0.39989202431974236
    outer loop
      vertex -13.683844105069804 4.5 20.070513058186002
      vertex -13.24424235816556 4.5 21.078090965028103
      vertex -13.683844105069804 10 20.070513058186002
    endloop
  endfacet
  facet normal -0.9937122098932426 0 0.11196447610330834
    outer loop
      vertex -14.535813145509389 4.5 16.890921312789764
      vertex -14.535813145509389 10 16.890921312789764
      vertex -14.658895818563348 10 15.798532375720434
    endloop
  endfacet
  facet normal -0.9825664732332884 0 0.1859116071629139
    outer loop
      vertex -14.331440309072807 4.5 17.97105772915782
      vertex -14.331440309072807 10 17.97105772915782
      vertex -14.535813145509389 10 16.890921312789764
    endloop
  endfacet
  facet normal -0.9659258262890683 0 0.2588190451025206
    outer loop
      vertex -14.046920245056269 4.5 19.032901063840292
      vertex -14.046920245056269 10 19.032901063840292
      vertex -14.331440309072807 10 17.97105772915782
    endloop
  endfacet
  facet normal -0.9438833303083675 0 0.33027906195516715
    outer loop
      vertex -14.046920245056269 4.5 19.032901063840292
      vertex -13.683844105069804 10 20.070513058186002
      vertex -14.046920245056269 10 19.032901063840292
    endloop
  endfacet
  facet normal -0.9165622558699756 0 0.39989202431974236
    outer loop
      vertex -13.24424235816556 4.5 21.078090965028103
      vertex -13.24424235816556 10 21.078090965028103
      vertex -13.683844105069804 10 20.070513058186002
    endloop
  endfacet
  facet normal -0.8841153935046094 0 0.46726862827306254
    outer loop
      vertex -12.730573435631246 -1.5 22.049999999999997
      vertex -12.730573435631246 1.5 22.049999999999997
      vertex -13.24424235816556 1.5 21.078090965028103
    endloop
  endfacet
  facet normal -0.8467241992282845 0 0.5320320765153359
    outer loop
      vertex -12.145709982445124 -1.5 22.98080485353524
      vertex -12.145709982445124 1.5 22.98080485353524
      vertex -12.730573435631246 1.5 22.049999999999997
    endloop
  endfacet
  facet normal -0.8045977797666688 0 0.5938201855735011
    outer loop
      vertex -11.492922792280035 -1.5 23.865300087323384
      vertex -11.492922792280035 1.5 23.865300087323384
      vertex -12.145709982445124 1.5 22.98080485353524
    endloop
  endfacet
  facet normal -0.757971723145455 0 0.6522874112781187
    outer loop
      vertex -10.775862515898448 -1.5 24.698539245232517
      vertex -10.775862515898448 1.5 24.698539245232517
      vertex -11.492922792280035 1.5 23.865300087323384
    endloop
  endfacet
  facet normal -0.7071067811865476 0 0.7071067811865476
    outer loop
      vertex -10.775862515898448 -1.5 24.698539245232517
      vertex -10.55440498936561 0.7909433105187128 24.919996771765355
      vertex -10.775862515898448 1.5 24.698539245232517
    endloop
  endfacet
  facet normal -0.7071067811865476 -1.1715496780701865e-18 0.7071067811865476
    outer loop
      vertex -10.55440498936561 0.7909433105187128 24.919996771765355
      vertex -10.51525997553224 1.1383649174109607 24.959141785598725
      vertex -10.775862515898448 1.5 24.698539245232517
    endloop
  endfacet
  facet normal -0.7071067811865475 3.441569242287133e-17 0.7071067811865475
    outer loop
      vertex -10.775862515898448 1.5 24.698539245232517
      vertex -10.51525997553224 1.1383649174109607 24.959141785598725
      vertex -10.61364205671678 1.5 24.860759704414185
    endloop
  endfacet
  facet normal -0.8841153935046095 0 0.4672686282730626
    outer loop
      vertex -13.24424235816556 4.5 21.078090965028103
      vertex -12.730573435631246 4.5 22.049999999999997
      vertex -13.24424235816556 10 21.078090965028103
    endloop
  endfacet
  facet normal -0.8467241992282846 0 0.532032076515336
    outer loop
      vertex -12.730573435631246 4.5 22.049999999999997
      vertex -12.145709982445124 4.5 22.98080485353524
      vertex -12.730573435631246 10 22.049999999999997
    endloop
  endfacet
  facet normal -0.8045977797666687 0 0.593820185573501
    outer loop
      vertex -12.145709982445124 4.5 22.98080485353524
      vertex -11.492922792280035 4.5 23.865300087323384
      vertex -12.145709982445124 10 22.98080485353524
    endloop
  endfacet
  facet normal -0.757971723145455 0 0.6522874112781188
    outer loop
      vertex -11.492922792280035 4.5 23.865300087323384
      vertex -10.775862515898448 4.5 24.698539245232517
      vertex -11.492922792280035 10 23.865300087323384
    endloop
  endfacet
  facet normal -0.8841153935046095 0 0.4672686282730626
    outer loop
      vertex -12.730573435631246 4.5 22.049999999999997
      vertex -12.730573435631246 10 22.049999999999997
      vertex -13.24424235816556 10 21.078090965028103
    endloop
  endfacet
  facet normal -0.8467241992282846 0 0.532032076515336
    outer loop
      vertex -12.145709982445124 4.5 22.98080485353524
      vertex -12.145709982445124 10 22.98080485353524
      vertex -12.730573435631246 10 22.049999999999997
    endloop
  endfacet
  facet normal -0.8045977797666687 0 0.593820185573501
    outer loop
      vertex -11.492922792280035 4.5 23.865300087323384
      vertex -11.492922792280035 10 23.865300087323384
      vertex -12.145709982445124 10 22.98080485353524
    endloop
  endfacet
  facet normal -0.757971723145455 0 0.6522874112781188
    outer loop
      vertex -10.775862515898448 4.5 24.698539245232517
      vertex -10.775862515898448 10 24.698539245232517
      vertex -11.492922792280035 10 23.865300087323384
    endloop
  endfacet
  facet normal -0.7071067811865475 0 0.7071067811865475
    outer loop
      vertex -10.775862515898448 4.5 24.698539245232517
      vertex -9.998539245232516 4.5 25.47586251589845
      vertex -10.775862515898448 10 24.698539245232517
    endloop
  endfacet
  facet normal -0.6522874112781203 0 0.7579717231454538
    outer loop
      vertex -9.998539245232516 4.5 25.47586251589845
      vertex -9.642135623730951 4.5 25.782572632569636
      vertex -9.998539245232516 10 25.47586251589845
    endloop
  endfacet
  facet normal -0.6522874112781205 2.238139738612937e-16 0.7579717231454535
    outer loop
      vertex -9.642135623730951 4.5 25.782572632569636
      vertex -9.520098695077284 4.622036928653668 25.887593901623703
      vertex -9.165300087323384 10 26.192922792280037
    endloop
  endfacet
  facet normal -0.7071067811865475 0 0.7071067811865475
    outer loop
      vertex -9.998539245232516 4.5 25.47586251589845
      vertex -9.998539245232516 10 25.47586251589845
      vertex -10.775862515898448 10 24.698539245232517
    endloop
  endfacet
  facet normal -0.6522874112781186 7.623763706157745e-18 0.7579717231454552
    outer loop
      vertex -9.520098695077284 4.622036928653668 25.887593901623703
      vertex -9.166012873654498 5.292 26.19230939004283
      vertex -9.165300087323384 10 26.192922792280037
    endloop
  endfacet
  facet normal -0.6522874112780996 0 0.7579717231454716
    outer loop
      vertex -9.165300087323384 5.293134392947482 26.192922792280037
      vertex -9.165300087323384 10 26.192922792280037
      vertex -9.166012873654498 5.292 26.19230939004283
    endloop
  endfacet
  facet normal -0.5938201855735019 0 0.8045977797666681
    outer loop
      vertex -9.165300087323384 5.293134392947482 26.192922792280037
      vertex -8.74491118736049 5.962179494545374 26.503183920096472
      vertex -9.165300087323384 10 26.192922792280037
    endloop
  endfacet
  facet normal -0.6522874112781196 7.754776410415994e-17 0.7579717231454544
    outer loop
      vertex -9.642135623730951 4.5 25.782572632569636
      vertex -9.165300087323384 10 26.192922792280037
      vertex -9.998539245232516 10 25.47586251589845
    endloop
  endfacet
  facet normal 0 1 0
    outer loop
      vertex -14.331440309072807 10 11.428942270842176
      vertex -11.227980467987154 10 11.236626700671875
      vertex -14.046920245056269 10 10.367098936159708
    endloop
  endfacet
  facet normal 0 1 0
    outer loop
      vertex -14.331440309072807 10 11.428942270842176
      vertex -14.535813145509389 10 12.509078687210232
      vertex -11.455402968136427 10 12.085379026013303
    endloop
  endfacet
  facet normal 0 1 0
    outer loop
      vertex -14.535813145509389 10 12.509078687210232
      vertex -14.658895818563348 10 13.601467624279564
      vertex -11.61876220814526 10 12.948753372429948
    endloop
  endfacet
  facet normal 0 1 0
    outer loop
      vertex -14.658895818563348 10 13.601467624279564
      vertex -14.7 10 14.7
      vertex -11.717144616878867 10 13.821921400359516
    endloop
  endfacet
  facet normal 0 1 0
    outer loop
      vertex -14.7 10 14.7
      vertex -14.658895818563348 10 15.798532375720434
      vertex -11.75 10 14.7
    endloop
  endfacet
  facet normal 0 1 0
    outer loop
      vertex -12.145709982445124 10 6.419195146464757
      vertex -11.463061102826137 10 5.5
      vertex -11.492922792280035 10 5.534699912676615
    endloop
  endfacet
  facet normal 0 1 0
    outer loop
      vertex -12.145709982445124 10 6.419195146464757
      vertex -10 10 5.5
      vertex -11.463061102826137 10 5.5
    endloop
  endfacet
  facet normal 0 1 0
    outer loop
      vertex -12.145709982445124 10 6.419195146464757
      vertex -12.730573435631246 10 7.35
      vertex -10 10 8.545218298813515
    endloop
  endfacet
  facet normal 0 1 0
    outer loop
      vertex -13.24424235816556 10 8.321909034971894
      vertex -10 10 8.545218298813515
      vertex -12.730573435631246 10 7.35
    endloop
  endfacet
  facet normal 0 1 0
    outer loop
      vertex -13.683844105069804 10 9.329486941813997
      vertex -10.175798494467154 10 8.825
      vertex -13.24424235816556 10 8.321909034971894
    endloop
  endfacet
  facet normal 0 1 0
    outer loop
      vertex -13.683844105069804 10 9.329486941813997
      vertex -14.046920245056269 10 10.367098936159708
      vertex -10.586384197853423 10 9.60186606536869
    endloop
  endfacet
  facet normal 0 1 0
    outer loop
      vertex -14.046920245056269 10 10.367098936159708
      vertex -11.227980467987154 10 11.236626700671875
      vertex -10.937766546569401 10 10.40724296369486
    endloop
  endfacet
  facet normal 0 1 0
    outer loop
      vertex -13.683844105069804 10 9.329486941813997
      vertex -10.586384197853423 10 9.60186606536869
      vertex -10.175798494467154 10 8.825
    endloop
  endfacet
  facet normal 0 1 0
    outer loop
      vertex -13.24424235816556 10 8.321909034971894
      vertex -10.175798494467154 10 8.825
      vertex -10 10 8.545218298813515
    endloop
  endfacet
  facet normal 0 1 0
    outer loop
      vertex -14.046920245056269 10 10.367098936159708
      vertex -10.937766546569401 10 10.40724296369486
      vertex -10.586384197853423 10 9.60186606536869
    endloop
  endfacet
  facet normal 0 1 0
    outer loop
      vertex -12.145709982445124 10 6.419195146464757
      vertex -10 10 8.545218298813515
      vertex -10 10 5.5
    endloop
  endfacet
  facet normal 0 1 0
    outer loop
      vertex -14.331440309072807 10 11.428942270842176
      vertex -11.455402968136427 10 12.085379026013303
      vertex -11.227980467987154 10 11.236626700671875
    endloop
  endfacet
  facet normal 0 1 0
    outer loop
      vertex -14.535813145509389 10 12.509078687210232
      vertex -11.61876220814526 10 12.948753372429948
      vertex -11.455402968136427 10 12.085379026013303
    endloop
  endfacet
  facet normal 0 1 0
    outer loop
      vertex -14.658895818563348 10 13.601467624279564
      vertex -11.717144616878867 10 13.821921400359516
      vertex -11.61876220814526 10 12.948753372429948
    endloop
  endfacet
  facet normal 0 1 0
    outer loop
      vertex -14.7 10 14.7
      vertex -11.75 10 14.7
      vertex -11.717144616878867 10 13.821921400359516
    endloop
  endfacet
  facet normal 0 1 0
    outer loop
      vertex -11.75 10 14.7
      vertex -14.658895818563348 10 15.798532375720434
      vertex -11.717144616878867 10 15.578078599640483
    endloop
  endfacet
  facet normal 0 1 0
    outer loop
      vertex -14.658895818563348 10 15.798532375720434
      vertex -14.535813145509389 10 16.890921312789764
      vertex -11.717144616878867 10 15.578078599640483
    endloop
  endfacet
  facet normal 0 1 0
    outer loop
      vertex -14.535813145509389 10 16.890921312789764
      vertex -14.331440309072807 10 17.97105772915782
      vertex -11.61876220814526 10 16.45124662757005
    endloop
  endfacet
  facet normal 0 1 0
    outer loop
      vertex -14.331440309072807 10 17.97105772915782
      vertex -14.046920245056269 10 19.032901063840292
      vertex -11.455402968136427 10 17.314620973986695
    endloop
  endfacet
  facet normal 0 1 0
    outer loop
      vertex -14.535813145509389 10 16.890921312789764
      vertex -11.61876220814526 10 16.45124662757005
      vertex -11.717144616878867 10 15.578078599640483
    endloop
  endfacet
  facet normal 0 1 0
    outer loop
      vertex -14.331440309072807 10 17.97105772915782
      vertex -11.455402968136427 10 17.314620973986695
      vertex -11.61876220814526 10 16.45124662757005
    endloop
  endfacet
  facet normal 0 1 0
    outer loop
      vertex -14.046920245056269 10 19.032901063840292
      vertex -11.227980467987154 10 18.16337329932812
      vertex -11.455402968136427 10 17.314620973986695
    endloop
  endfacet
  facet normal 0 1 0
    outer loop
      vertex -14.046920245056269 10 19.032901063840292
      vertex -13.683844105069804 10 20.070513058186002
      vertex -10.937766546569401 10 18.99275703630514
    endloop
  endfacet
  facet normal 0 1 0
    outer loop
      vertex -14.046920245056269 10 19.032901063840292
      vertex -10.937766546569401 10 18.99275703630514
      vertex -11.227980467987154 10 18.16337329932812
    endloop
  endfacet
  facet normal 0 1 0
    outer loop
      vertex -13.683844105069804 10 20.070513058186002
      vertex -13.24424235816556 10 21.078090965028103
      vertex -10.586384197853423 10 19.79813393463131
    endloop
  endfacet
  facet normal 0 1 0
    outer loop
      vertex -13.683844105069804 10 20.070513058186002
      vertex -10.586384197853423 10 19.79813393463131
      vertex -10.937766546569401 10 18.99275703630514
    endloop
  endfacet
  facet normal 0 1 0
    outer loop
      vertex -13.24424235816556 10 21.078090965028103
      vertex -10.175798494467154 10 20.575
      vertex -10.586384197853423 10 19.79813393463131
    endloop
  endfacet
  facet normal 0 1 0
    outer loop
      vertex -13.24424235816556 10 21.078090965028103
      vertex -12.730573435631246 10 22.049999999999997
      vertex -10.175798494467154 10 20.575
    endloop
  endfacet
  facet normal 0 1 0
    outer loop
      vertex -12.730573435631246 10 22.049999999999997
      vertex -12.145709982445124 10 22.98080485353524
      vertex -9.186519918999348 10 22.02600517184012
    endloop
  endfacet
  facet normal 0 1 0
    outer loop
      vertex -10.175798494467154 10 20.575
      vertex -12.730573435631246 10 22.049999999999997
      vertex -9.70830559821294 10 21.31901068224756
    endloop
  endfacet
  facet normal 0 1 0
    outer loop
      vertex -12.730573435631246 10 22.049999999999997
      vertex -9.186519918999348 10 22.02600517184012
      vertex -9.70830559821294 10 21.31901068224756
    endloop
  endfacet
  facet normal 0 1 0
    outer loop
      vertex -12.145709982445124 10 22.98080485353524
      vertex -11.492922792280035 10 23.865300087323384
      vertex -8.61335949400046 10 22.692029668808303
    endloop
  endfacet
  facet normal 0 1 0
    outer loop
      vertex -12.145709982445124 10 22.98080485353524
      vertex -8.61335949400046 10 22.692029668808303
      vertex -9.186519918999348 10 22.02600517184012
    endloop
  endfacet
  facet normal 0 1 0
    outer loop
      vertex -11.492922792280035 10 23.865300087323384
      vertex -7.9920296688083035 10 23.31335949400046
      vertex -8.61335949400046 10 22.692029668808303
    endloop
  endfacet
  facet normal 0 1 0
    outer loop
      vertex -11.492922792280035 10 23.865300087323384
      vertex -10.775862515898448 10 24.698539245232517
      vertex -7.9920296688083035 10 23.31335949400046
    endloop
  endfacet
  facet normal 0 1 0
    outer loop
      vertex -10.775862515898448 10 24.698539245232517
      vertex -9.998539245232516 10 25.47586251589845
      vertex -6.619010682247558 10 24.40830559821294
    endloop
  endfacet
  facet normal 0 1 0
    outer loop
      vertex -10.775862515898448 10 24.698539245232517
      vertex -7.326005171840121 10 23.886519918999348
      vertex -7.9920296688083035 10 23.31335949400046
    endloop
  endfacet
  facet normal 0 1 0
    outer loop
      vertex -10.775862515898448 10 24.698539245232517
      vertex -6.619010682247558 10 24.40830559821294
      vertex -7.326005171840121 10 23.886519918999348
    endloop
  endfacet
  facet normal 0 1 0
    outer loop
      vertex -9.998539245232516 10 25.47586251589845
      vertex -9.165300087323384 10 26.192922792280037
      vertex -5.098133934631309 10 25.286384197853423
    endloop
  endfacet
  facet normal 0 1 0
    outer loop
      vertex -9.998539245232516 10 25.47586251589845
      vertex -5.875 10 24.875798494467155
      vertex -6.619010682247558 10 24.40830559821294
    endloop
  endfacet
  facet normal 0 1 0
    outer loop
      vertex -9.998539245232516 10 25.47586251589845
      vertex -5.098133934631309 10 25.286384197853423
      vertex -5.875 10 24.875798494467155
    endloop
  endfacet
  facet normal 0 1 0
    outer loop
      vertex -9.165300087323384 10 26.192922792280037
      vertex -4.292757036305139 10 25.637766546569402
      vertex -5.098133934631309 10 25.286384197853423
    endloop
  endfacet
  facet normal 0 1 0
    outer loop
      vertex -9.165300087323384 10 26.192922792280037
      vertex -4.142135623730951 10 25.69047125832558
      vertex -4.292757036305139 10 25.637766546569402
    endloop
  endfacet
  facet normal -0.5938201855734984 5.740612818029726e-16 0.8045977797666707
    outer loop
      vertex -8.74491118736049 5.962179494545374 26.503183920096472
      vertex -8.280804853535242 6.591021246381078 26.845709982445122
      vertex -9.165300087323384 10 26.192922792280037
    endloop
  endfacet
  facet normal -0.5320320765152434 0 0.8467241992283426
    outer loop
      vertex -8.280804853535242 6.591021246381078 26.845709982445122
      vertex -8.274904410441627 6.599016062872837 26.84941747656696
      vertex -8.280804853535242 10 26.845709982445122
    endloop
  endfacet
  facet normal -0.5320320765153401 -2.3385045598641964e-16 0.8467241992282819
    outer loop
      vertex -8.274904410441627 6.599016062872837 26.84941747656696
      vertex -7.758621011446881 7.198948256567411 27.1738198369671
      vertex -8.280804853535242 10 26.845709982445122
    endloop
  endfacet
  facet normal -0.5320320765153345 1.226562411600312e-15 0.8467241992282855
    outer loop
      vertex -7.758621011446881 7.198948256567411 27.1738198369671
      vertex -7.349999999999999 7.607569268014294 27.430573435631246
      vertex -8.280804853535242 10 26.845709982445122
    endloop
  endfacet
  facet normal -0.4672686282730716 -1.7347123420813074e-16 0.8841153935046047
    outer loop
      vertex -7.349999999999999 7.607569268014294 27.430573435631246
      vertex -7.198948256567411 7.758621011446881 27.51040661291845
      vertex -7.35 10 27.430573435631246
    endloop
  endfacet
  facet normal -0.46726862827306187 6.72445001071474e-16 0.8841153935046099
    outer loop
      vertex -7.198948256567411 7.758621011446881 27.51040661291845
      vertex -6.599016062872837 8.274904410441627 27.827480034854126
      vertex -7.35 10 27.430573435631246
    endloop
  endfacet
  facet normal -0.5938201855734998 -5.1869352459388946e-18 0.8045977797666697
    outer loop
      vertex -9.165300087323384 10 26.192922792280037
      vertex -8.280804853535242 6.591021246381078 26.845709982445122
      vertex -8.280804853535242 10 26.845709982445122
    endloop
  endfacet
  facet normal -0.5320320765153371 -1.9751435334429217e-16 0.8467241992282839
    outer loop
      vertex -7.349999999999999 7.607569268014294 27.430573435631246
      vertex -7.35 10 27.430573435631246
      vertex -8.280804853535242 10 26.845709982445122
    endloop
  endfacet
  facet normal -0.4672686282730656 -1.4184774000377732e-15 0.8841153935046079
    outer loop
      vertex -6.599016062872837 8.274904410441627 27.827480034854126
      vertex -6.378090965028106 8.437954552884285 27.94424235816556
      vertex -7.35 10 27.430573435631246
    endloop
  endfacet
  facet normal -0.4672686282730638 0 0.8841153935046088
    outer loop
      vertex -6.378090965028106 8.437954552884285 27.94424235816556
      vertex -6.378090965028106 10 27.94424235816556
      vertex -7.35 10 27.430573435631246
    endloop
  endfacet
  facet normal 0 1 0
    outer loop
      vertex -9.165300087323384 10 26.192922792280037
      vertex -8.280804853535242 10 26.845709982445122
      vertex -4.14213562373095 10 28.189496523282912
    endloop
  endfacet
  facet normal 0 1 0
    outer loop
      vertex -8.280804853535242 10 26.845709982445122
      vertex -7.35 10 27.430573435631246
      vertex -4.14213562373095 10 28.189496523282912
    endloop
  endfacet
  facet normal -0.3998920243197395 0 0.9165622558699769
    outer loop
      vertex -6.378090965028106 8.437954552884285 27.94424235816556
      vertex -5.962179494545377 8.744911187360488 28.12570267774993
      vertex -6.378090965028106 10 27.94424235816556
    endloop
  endfacet
  facet normal -0.3998920243197431 -1.4285868970389642e-15 0.9165622558699752
    outer loop
      vertex -5.962179494545377 8.744911187360488 28.12570267774993
      vertex -5.370513058186003 9.116679849491094 28.383844105069805
      vertex -6.378090965028106 10 27.94424235816556
    endloop
  endfacet
  facet normal -0.399892024319742 -6.383212729671239e-18 0.9165622558699756
    outer loop
      vertex -6.378090965028106 10 27.94424235816556
      vertex -5.370513058186003 9.116679849491094 28.383844105069805
      vertex -5.370513058186003 10 28.383844105069805
    endloop
  endfacet
  facet normal 0 1 0
    outer loop
      vertex -9.165300087323384 10 26.192922792280037
      vertex -4.14213562373095 10 28.189496523282912
      vertex -4.142135623730951 10 25.69047125832558
    endloop
  endfacet
  facet normal 0 1 0
    outer loop
      vertex -7.35 10 27.430573435631246
      vertex -6.378090965028106 10 27.94424235816556
      vertex -4.14213562373095 10 28.189496523282912
    endloop
  endfacet
  facet normal -0.3302790619551455 0 0.9438833303083752
    outer loop
      vertex -5.370513058186003 9.116679849491094 28.383844105069805
      vertex -5.292 9.166012873654498 28.411317012341545
      vertex -5.370513058186003 10 28.383844105069805
    endloop
  endfacet
  facet normal -0.330279061955165 -2.0615590684874417e-15 0.9438833303083684
    outer loop
      vertex -5.292 9.166012873654498 28.411317012341545
      vertex -4.592225494820234 9.535854497879203 28.6561787020542
      vertex -5.370513058186003 10 28.383844105069805
    endloop
  endfacet
  facet normal -0.3302790619551625 -7.94953845940287e-18 0.9438833303083692
    outer loop
      vertex -4.592225494820234 9.535854497879203 28.6561787020542
      vertex -4.332901063840291 9.64899659051502 28.746920245056266
      vertex -4.332901063840291 10 28.746920245056266
    endloop
  endfacet
  facet normal 0 1 0
    outer loop
      vertex -6.378090965028106 10 27.94424235816556
      vertex -5.370513058186003 10 28.383844105069805
      vertex -4.14213562373095 10 28.189496523282912
    endloop
  endfacet
  facet normal -0.33027906195516354 6.3836363189015315e-16 0.9438833303083689
    outer loop
      vertex -4.592225494820234 9.535854497879203 28.6561787020542
      vertex -4.332901063840291 10 28.746920245056266
      vertex -5.370513058186003 10 28.383844105069805
    endloop
  endfacet
  facet normal 0 1 0
    outer loop
      vertex -5.370513058186003 10 28.383844105069805
      vertex -4.332901063840291 10 28.746920245056266
      vertex -3.4448606873879797 10 28.404611095040174
    endloop
  endfacet
  facet normal 0 1 0
    outer loop
      vertex -5.370513058186003 10 28.383844105069805
      vertex -3.4448606873879797 10 28.404611095040174
      vertex -4.14213562373095 10 28.189496523282912
    endloop
  endfacet
  facet normal -0.2588190451025217 0 0.965925826289068
    outer loop
      vertex -4.332901063840291 9.64899659051502 28.746920245056266
      vertex -3.866769401893925 9.852367755650258 28.871819847441373
      vertex -4.332901063840291 10 28.746920245056266
    endloop
  endfacet
  facet normal -0.258819045102521 2.1870406795931592e-15 0.9659258262890683
    outer loop
      vertex -4.332901063840291 10 28.746920245056266
      vertex -3.866769401893925 9.852367755650258 28.871819847441373
      vertex -3.4448606873879823 10 28.984869946772893
    endloop
  endfacet
  facet normal 0 1 0
    outer loop
      vertex -4.332901063840291 10 28.746920245056266
      vertex -3.4448606873879823 10 28.984869946772893
      vertex -3.4448606873879797 10 28.404611095040174
    endloop
  endfacet
  facet normal 0 -1 0
    outer loop
      vertex 4.142135623730952 -10 25.69047125832558
      vertex 4.292757036305145 -10 25.6377665465694
      vertex 9.16530008732338 -10 26.192922792280037
    endloop
  endfacet
  facet normal 0 -1 0
    outer loop
      vertex 4.292757036305145 -10 25.6377665465694
      vertex 5.098133934631309 -10 25.286384197853423
      vertex 9.16530008732338 -10 26.192922792280037
    endloop
  endfacet
  facet normal 0 -1 0
    outer loop
      vertex 5.875 -10 24.875798494467155
      vertex 6.619010682247558 -10 24.40830559821294
      vertex 9.99853924523251 -10 25.47586251589845
    endloop
  endfacet
  facet normal 0 -1 0
    outer loop
      vertex 5.098133934631309 -10 25.286384197853423
      vertex 5.875 -10 24.875798494467155
      vertex 9.99853924523251 -10 25.47586251589845
    endloop
  endfacet
  facet normal 0 -1 0
    outer loop
      vertex 7.326005171840118 -10 23.88651991899935
      vertex 10.77586251589845 -10 24.69853924523251
      vertex 6.619010682247558 -10 24.40830559821294
    endloop
  endfacet
  facet normal 0 -1 0
    outer loop
      vertex 7.326005171840118 -10 23.88651991899935
      vertex 7.9920296688083 -10 23.313359494000462
      vertex 10.77586251589845 -10 24.69853924523251
    endloop
  endfacet
  facet normal 0 -1 0
    outer loop
      vertex 5.098133934631309 -10 25.286384197853423
      vertex 9.99853924523251 -10 25.47586251589845
      vertex 9.16530008732338 -10 26.192922792280037
    endloop
  endfacet
  facet normal 0 -1 0
    outer loop
      vertex 10 -10 8.545218298813515
      vertex 10 -10 5.5
      vertex 11.463061102826137 -10 5.5
    endloop
  endfacet
  facet normal 0 -1 0
    outer loop
      vertex 10 -10 8.545218298813515
      vertex 11.463061102826137 -10 5.5
      vertex 11.492922792280037 -10 5.534699912676617
    endloop
  endfacet
  facet normal 0 -1 0
    outer loop
      vertex 10 -10 8.545218298813515
      vertex 11.492922792280037 -10 5.534699912676617
      vertex 12.145709982445124 -10 6.419195146464755
    endloop
  endfacet
  facet normal 0 -1 0
    outer loop
      vertex 10 -10 8.545218298813515
      vertex 12.145709982445124 -10 6.419195146464755
      vertex 12.730573435631246 -10 7.35
    endloop
  endfacet
  facet normal 0 -1 0
    outer loop
      vertex 10 -10 8.545218298813515
      vertex 12.730573435631246 -10 7.35
      vertex 13.244242358165561 -10 8.321909034971895
    endloop
  endfacet
  facet normal 0 -1 0
    outer loop
      vertex 10 -10 8.545218298813515
      vertex 13.244242358165561 -10 8.321909034971895
      vertex 10.175798494467154 -10 8.825
    endloop
  endfacet
  facet normal 0 -1 0
    outer loop
      vertex 10.175798494467154 -10 8.825
      vertex 13.683844105069802 -10 9.329486941813993
      vertex 10.586384197853425 -10 9.601866065368691
    endloop
  endfacet
  facet normal 0 -1 0
    outer loop
      vertex 10.586384197853425 -10 9.601866065368691
      vertex 14.046920245056267 -10 10.367098936159707
      vertex 10.698187672444872 -10 9.858122351199745
    endloop
  endfacet
  facet normal 0 -1 0
    outer loop
      vertex 10.698187672444872 -10 9.858122351199745
      vertex 14.046920245056267 -10 10.367098936159707
      vertex 10.9377665465694 -10 10.407242963694856
    endloop
  endfacet
  facet normal 0 -1 0
    outer loop
      vertex 10.175798494467154 -10 8.825
      vertex 13.244242358165561 -10 8.321909034971895
      vertex 13.683844105069802 -10 9.329486941813993
    endloop
  endfacet
  facet normal 0 -1 0
    outer loop
      vertex 10.9377665465694 -10 10.407242963694856
      vertex 14.046920245056267 -10 10.367098936159707
      vertex 11.227980467987152 -10 11.23662670067187
    endloop
  endfacet
  facet normal 0 -1 0
    outer loop
      vertex 10.586384197853425 -10 9.601866065368691
      vertex 13.683844105069802 -10 9.329486941813993
      vertex 14.046920245056267 -10 10.367098936159707
    endloop
  endfacet
  facet normal 0 -1 0
    outer loop
      vertex 11.227980467987152 -10 11.23662670067187
      vertex 14.331440309072807 -10 11.428942270842178
      vertex 11.33652302487658 -10 11.641713037766651
    endloop
  endfacet
  facet normal 0 -1 0
    outer loop
      vertex 11.33652302487658 -10 11.641713037766651
      vertex 14.331440309072807 -10 11.428942270842178
      vertex 11.455402968136427 -10 12.085379026013305
    endloop
  endfacet
  facet normal 0 -1 0
    outer loop
      vertex 11.455402968136427 -10 12.085379026013305
      vertex 14.535813145509389 -10 12.509078687210234
      vertex 11.618762208145261 -10 12.94875337242995
    endloop
  endfacet
  facet normal 0 -1 0
    outer loop
      vertex 11.618762208145261 -10 12.94875337242995
      vertex 14.658895818563348 -10 13.601467624279563
      vertex 11.700933879076171 -10 13.678047123030213
    endloop
  endfacet
  facet normal 0 -1 0
    outer loop
      vertex 11.700933879076171 -10 13.678047123030213
      vertex 14.658895818563348 -10 13.601467624279563
      vertex 11.717144616878867 -10 13.821921400359514
    endloop
  endfacet
  facet normal 0 -1 0
    outer loop
      vertex 11.717144616878867 -10 13.821921400359514
      vertex 14.7 -10 14.7
      vertex 11.748506573494494 -10 14.660087336379977
    endloop
  endfacet
  facet normal 0 -1 0
    outer loop
      vertex 11.748506573494494 -10 14.660087336379977
      vertex 14.7 -10 14.7
      vertex 11.75 -10 14.7
    endloop
  endfacet
  facet normal 0 -1 0
    outer loop
      vertex 11.75 -10 14.7
      vertex 14.658895818563348 -10 15.798532375720434
      vertex 11.717144616878867 -10 15.578078599640483
    endloop
  endfacet
  facet normal 0 -1 0
    outer loop
      vertex 11.227980467987152 -10 11.23662670067187
      vertex 14.046920245056267 -10 10.367098936159707
      vertex 14.331440309072807 -10 11.428942270842178
    endloop
  endfacet
  facet normal 0 -1 0
    outer loop
      vertex 11.455402968136427 -10 12.085379026013305
      vertex 14.331440309072807 -10 11.428942270842178
      vertex 14.535813145509389 -10 12.509078687210234
    endloop
  endfacet
  facet normal 0 -1 0
    outer loop
      vertex 11.618762208145261 -10 12.94875337242995
      vertex 14.535813145509389 -10 12.509078687210234
      vertex 14.658895818563348 -10 13.601467624279563
    endloop
  endfacet
  facet normal 0 -1 0
    outer loop
      vertex 11.717144616878867 -10 13.821921400359514
      vertex 14.658895818563348 -10 13.601467624279563
      vertex 14.7 -10 14.7
    endloop
  endfacet
  facet normal 0 -1 0
    outer loop
      vertex 11.75 -10 14.7
      vertex 14.7 -10 14.7
      vertex 14.658895818563348 -10 15.798532375720434
    endloop
  endfacet
  facet normal 0 -1 0
    outer loop
      vertex 11.618762208145261 -10 16.451246627570047
      vertex 14.331440309072809 -10 17.971057729157813
      vertex 11.455402968136429 -10 17.31462097398669
    endloop
  endfacet
  facet normal 0 -1 0
    outer loop
      vertex 11.717144616878867 -10 15.578078599640483
      vertex 14.53581314550939 -10 16.89092131278976
      vertex 11.70372883386974 -10 15.697146967085425
    endloop
  endfacet
  facet normal 0 -1 0
    outer loop
      vertex 11.70372883386974 -10 15.697146967085425
      vertex 14.53581314550939 -10 16.89092131278976
      vertex 11.618762208145261 -10 16.451246627570047
    endloop
  endfacet
  facet normal 0 -1 0
    outer loop
      vertex 11.346860411247 -10 17.719707311081464
      vertex 14.046920245056265 -10 19.032901063840296
      vertex 11.227980467987154 -10 18.163373299328125
    endloop
  endfacet
  facet normal 0 -1 0
    outer loop
      vertex 11.455402968136429 -10 17.31462097398669
      vertex 14.046920245056265 -10 19.032901063840296
      vertex 11.346860411247 -10 17.719707311081464
    endloop
  endfacet
  facet normal 0 -1 0
    outer loop
      vertex 10.770061334682229 -10 19.37714146505172
      vertex 13.6838441050698 -10 20.07051305818601
      vertex 10.586384197853425 -10 19.79813393463131
    endloop
  endfacet
  facet normal 0 -1 0
    outer loop
      vertex 10.770061334682229 -10 19.37714146505172
      vertex 10.9377665465694 -10 18.992757036305143
      vertex 13.6838441050698 -10 20.07051305818601
    endloop
  endfacet
  facet normal 0 -1 0
    outer loop
      vertex 10.194461480984712 -10 20.539687906119603
      vertex 10.586384197853425 -10 19.79813393463131
      vertex 13.24424235816556 -10 21.078090965028103
    endloop
  endfacet
  facet normal 0 -1 0
    outer loop
      vertex 10.194461480984712 -10 20.539687906119603
      vertex 13.24424235816556 -10 21.078090965028103
      vertex 10.175798494467154 -10 20.575
    endloop
  endfacet
  facet normal 0 -1 0
    outer loop
      vertex 11.227980467987154 -10 18.163373299328125
      vertex 14.046920245056265 -10 19.032901063840296
      vertex 10.9377665465694 -10 18.992757036305143
    endloop
  endfacet
  facet normal 0 -1 0
    outer loop
      vertex 10.9377665465694 -10 18.992757036305143
      vertex 14.046920245056265 -10 19.032901063840296
      vertex 13.6838441050698 -10 20.07051305818601
    endloop
  endfacet
  facet normal 0 -1 0
    outer loop
      vertex 10.586384197853425 -10 19.79813393463131
      vertex 13.6838441050698 -10 20.07051305818601
      vertex 13.24424235816556 -10 21.078090965028103
    endloop
  endfacet
  facet normal 0 -1 0
    outer loop
      vertex 7.9920296688083 -10 23.313359494000462
      vertex 8.613359494000463 -10 22.6920296688083
      vertex 11.492922792280039 -10 23.86530008732338
    endloop
  endfacet
  facet normal 0 -1 0
    outer loop
      vertex 9.186519918999352 -10 22.02600517184012
      vertex 9.70830559821294 -10 21.31901068224756
      vertex 12.730573435631246 -10 22.049999999999997
    endloop
  endfacet
  facet normal 0 -1 0
    outer loop
      vertex 10.175798494467154 -10 20.575
      vertex 12.730573435631246 -10 22.049999999999997
      vertex 9.70830559821294 -10 21.31901068224756
    endloop
  endfacet
  facet normal 0 -1 0
    outer loop
      vertex 8.613359494000463 -10 22.6920296688083
      vertex 9.186519918999352 -10 22.02600517184012
      vertex 12.145709982445124 -10 22.98080485353524
    endloop
  endfacet
  facet normal 0 -1 0
    outer loop
      vertex 8.613359494000463 -10 22.6920296688083
      vertex 12.145709982445124 -10 22.98080485353524
      vertex 11.492922792280039 -10 23.86530008732338
    endloop
  endfacet
  facet normal 0 -1 0
    outer loop
      vertex 6.619010682247558 -10 24.40830559821294
      vertex 10.77586251589845 -10 24.69853924523251
      vertex 9.99853924523251 -10 25.47586251589845
    endloop
  endfacet
  facet normal 0 -1 0
    outer loop
      vertex 7.9920296688083 -10 23.313359494000462
      vertex 11.492922792280039 -10 23.86530008732338
      vertex 10.77586251589845 -10 24.69853924523251
    endloop
  endfacet
  facet normal 0 -1 0
    outer loop
      vertex 9.186519918999352 -10 22.02600517184012
      vertex 12.730573435631246 -10 22.049999999999997
      vertex 12.145709982445124 -10 22.98080485353524
    endloop
  endfacet
  facet normal 0 -1 0
    outer loop
      vertex 10.175798494467154 -10 20.575
      vertex 13.24424235816556 -10 21.078090965028103
      vertex 12.730573435631246 -10 22.049999999999997
    endloop
  endfacet
  facet normal 0 -1 0
    outer loop
      vertex 11.717144616878867 -10 15.578078599640483
      vertex 14.658895818563348 -10 15.798532375720434
      vertex 14.53581314550939 -10 16.89092131278976
    endloop
  endfacet
  facet normal 0 -1 0
    outer loop
      vertex 11.618762208145261 -10 16.451246627570047
      vertex 14.53581314550939 -10 16.89092131278976
      vertex 14.331440309072809 -10 17.971057729157813
    endloop
  endfacet
  facet normal 0 -1 0
    outer loop
      vertex 11.455402968136429 -10 17.31462097398669
      vertex 14.331440309072809 -10 17.971057729157813
      vertex 14.046920245056265 -10 19.032901063840296
    endloop
  endfacet
  facet normal 0.7579717231454502 2.444587699315365e-16 -0.6522874112781244
    outer loop
      vertex 11.492922792280037 -10 5.534699912676617
      vertex 11.463061102826137 -10 5.5
      vertex 11.463061102826135 -4.5 5.5
    endloop
  endfacet
  facet normal 0.8045977797666678 1.9339796289161192e-16 -0.5938201855735024
    outer loop
      vertex 11.492922792280037 -10 5.534699912676617
      vertex 12.145709982445124 -4.5 6.419195146464757
      vertex 12.145709982445124 -10 6.419195146464755
    endloop
  endfacet
  facet normal 0.846724199228285 5.556703253476704e-18 -0.5320320765153352
    outer loop
      vertex 12.145709982445124 -10 6.419195146464755
      vertex 12.730573435631246 -4.5 7.35
      vertex 12.730573435631246 -10 7.35
    endloop
  endfacet
  facet normal 0.8841153935046092 2.4242865571977315e-18 -0.46726862827306315
    outer loop
      vertex 12.730573435631246 -10 7.35
      vertex 13.244242358165561 -4.5 8.321909034971895
      vertex 13.244242358165561 -10 8.321909034971895
    endloop
  endfacet
  facet normal 0.7579717231454476 2.1067185532337925e-16 -0.6522874112781275
    outer loop
      vertex 11.492922792280037 -10 5.534699912676617
      vertex 11.463061102826135 -4.5 5.5
      vertex 11.492922792280037 -4.5 5.5346999126766185
    endloop
  endfacet
  facet normal 0.8045977797666678 1.91788463275894e-16 -0.5938201855735024
    outer loop
      vertex 11.492922792280037 -10 5.534699912676617
      vertex 11.492922792280037 -4.5 5.5346999126766185
      vertex 12.145709982445124 -4.5 6.419195146464757
    endloop
  endfacet
  facet normal 0.8467241992282846 1.7183251234515172e-16 -0.532032076515336
    outer loop
      vertex 12.145709982445124 -10 6.419195146464755
      vertex 12.145709982445124 -4.5 6.419195146464757
      vertex 12.730573435631246 -4.5 7.35
    endloop
  endfacet
  facet normal 0.8841153935046092 0 -0.46726862827306315
    outer loop
      vertex 12.730573435631246 -10 7.35
      vertex 12.730573435631246 -4.5 7.35
      vertex 13.244242358165561 -4.5 8.321909034971895
    endloop
  endfacet
  facet normal 0.7579717231454502 4.481744115411503e-16 -0.6522874112781245
    outer loop
      vertex 11.492922792280037 -1.5 5.534699912676617
      vertex 11.463061102826137 -1.5 5.5
      vertex 11.463061102826135 1.5 5.5
    endloop
  endfacet
  facet normal 0.8045977797666678 3.5456293196795523e-16 -0.5938201855735025
    outer loop
      vertex 11.492922792280037 -1.5 5.534699912676617
      vertex 12.145709982445124 1.5 6.419195146464757
      vertex 12.145709982445124 -1.5 6.419195146464755
    endloop
  endfacet
  facet normal 0.846724199228285 1.0187289298040625e-17 -0.5320320765153352
    outer loop
      vertex 12.145709982445124 -1.5 6.419195146464755
      vertex 12.730573435631246 1.5 7.35
      vertex 12.730573435631246 -1.5 7.35
    endloop
  endfacet
  facet normal 0.8841153935046092 4.4445253548625076e-18 -0.46726862827306315
    outer loop
      vertex 12.730573435631246 -1.5 7.35
      vertex 13.244242358165561 1.5 8.321909034971895
      vertex 13.244242358165561 -1.5 8.321909034971895
    endloop
  endfacet
  facet normal 0.9165622558699763 2.1595646263907912e-18 -0.3998920243197408
    outer loop
      vertex 13.244242358165561 -10 8.321909034971895
      vertex 13.683844105069802 -4.5 9.329486941813993
      vertex 13.683844105069802 -10 9.329486941813993
    endloop
  endfacet
  facet normal 0.9438833303083678 -1.959127523186962e-18 -0.33027906195516615
    outer loop
      vertex 13.683844105069802 -10 9.329486941813993
      vertex 14.046920245056267 -4.5 10.367098936159707
      vertex 14.046920245056267 -10 10.367098936159707
    endloop
  endfacet
  facet normal 0.9165622558699763 0 -0.3998920243197408
    outer loop
      vertex 13.244242358165561 -10 8.321909034971895
      vertex 13.244242358165561 -4.5 8.321909034971895
      vertex 13.683844105069802 -4.5 9.329486941813993
    endloop
  endfacet
  facet normal 0.9438833303083678 0 -0.33027906195516615
    outer loop
      vertex 13.683844105069802 -10 9.329486941813993
      vertex 13.683844105069802 -4.5 9.329486941813993
      vertex 14.046920245056267 -4.5 10.367098936159707
    endloop
  endfacet
  facet normal 0.9659258262890679 0 -0.25881904510252207
    outer loop
      vertex 14.046920245056267 -10 10.367098936159707
      vertex 14.046920245056267 -4.5 10.367098936159707
      vertex 14.331440309072807 -4.5 11.428942270842178
    endloop
  endfacet
  facet normal 0.9659258262890679 1.4965108004948585e-18 -0.25881904510252207
    outer loop
      vertex 14.046920245056267 -10 10.367098936159707
      vertex 14.331440309072807 -4.5 11.428942270842178
      vertex 14.331440309072807 -10 11.428942270842178
    endloop
  endfacet
  facet normal 0.9825664732332884 -2.001717316261624e-18 -0.1859116071629139
    outer loop
      vertex 14.331440309072807 -10 11.428942270842178
      vertex 14.535813145509389 -4.5 12.509078687210234
      vertex 14.535813145509389 -10 12.509078687210234
    endloop
  endfacet
  facet normal 0.9937122098932426 -4.80222392183535e-19 -0.11196447610330852
    outer loop
      vertex 14.535813145509389 -10 12.509078687210234
      vertex 14.658895818563348 -4.5 13.601467624279563
      vertex 14.658895818563348 -10 13.601467624279563
    endloop
  endfacet
  facet normal 0.9993007047883986 3.714406529216623e-19 -0.03739119427632513
    outer loop
      vertex 14.658895818563348 -10 13.601467624279563
      vertex 14.7 -4.5 14.7
      vertex 14.7 -10 14.7
    endloop
  endfacet
  facet normal 0.9993007047883986 2.2840406084369747e-19 0.037391194276325194
    outer loop
      vertex 14.7 -10 14.7
      vertex 14.658895818563348 -4.5 15.798532375720434
      vertex 14.658895818563348 -10 15.798532375720434
    endloop
  endfacet
  facet normal 0.9825664732332884 0 -0.1859116071629139
    outer loop
      vertex 14.331440309072807 -10 11.428942270842178
      vertex 14.331440309072807 -4.5 11.428942270842178
      vertex 14.535813145509389 -4.5 12.509078687210234
    endloop
  endfacet
  facet normal 0.9937122098932426 0 -0.11196447610330852
    outer loop
      vertex 14.535813145509389 -10 12.509078687210234
      vertex 14.535813145509389 -4.5 12.509078687210234
      vertex 14.658895818563348 -4.5 13.601467624279563
    endloop
  endfacet
  facet normal 0.9993007047883986 0 -0.03739119427632513
    outer loop
      vertex 14.658895818563348 -10 13.601467624279563
      vertex 14.658895818563348 -4.5 13.601467624279563
      vertex 14.7 -4.5 14.7
    endloop
  endfacet
  facet normal 0.9993007047883986 0 0.037391194276325194
    outer loop
      vertex 14.7 -10 14.7
      vertex 14.7 -4.5 14.7
      vertex 14.658895818563348 -4.5 15.798532375720434
    endloop
  endfacet
  facet normal 0.9165622558699763 3.959201815049784e-18 -0.39989202431974086
    outer loop
      vertex 13.244242358165561 -1.5 8.321909034971895
      vertex 13.683844105069802 1.5 9.329486941813993
      vertex 13.683844105069802 -1.5 9.329486941813993
    endloop
  endfacet
  facet normal 0.9438833303083679 0 -0.33027906195516615
    outer loop
      vertex 13.683844105069802 -1.5 9.329486941813993
      vertex 13.683844105069802 1.5 9.329486941813993
      vertex 14.046920245056267 -1.5 10.367098936159707
    endloop
  endfacet
  facet normal 0.965925826289068 2.743603134240574e-18 -0.25881904510252207
    outer loop
      vertex 14.046920245056267 -1.5 10.367098936159707
      vertex 14.331440309072807 1.5 11.428942270842178
      vertex 14.331440309072807 -1.5 11.428942270842178
    endloop
  endfacet
  facet normal 0.9825664732332885 -3.669815079812977e-18 -0.1859116071629139
    outer loop
      vertex 14.331440309072807 -1.5 11.428942270842178
      vertex 14.535813145509389 1.5 12.509078687210234
      vertex 14.535813145509389 -1.5 12.509078687210234
    endloop
  endfacet
  facet normal 0.9937122098932425 -8.804077190031473e-19 -0.11196447610330851
    outer loop
      vertex 14.535813145509389 -1.5 12.509078687210234
      vertex 14.658895818563348 1.5 13.601467624279563
      vertex 14.658895818563348 -1.5 13.601467624279563
    endloop
  endfacet
  facet normal 0.9993007047883986 6.80974530356381e-19 -0.03739119427632514
    outer loop
      vertex 14.658895818563348 -1.5 13.601467624279563
      vertex 14.7 1.5 14.7
      vertex 14.7 -1.5 14.7
    endloop
  endfacet
  facet normal 0.9993007047883986 4.1874077821344534e-19 0.037391194276325194
    outer loop
      vertex 14.7 -1.5 14.7
      vertex 14.658895818563348 1.5 15.798532375720434
      vertex 14.658895818563348 -1.5 15.798532375720434
    endloop
  endfacet
  facet normal 0.6522874112781203 -1.309194188568604e-16 0.7579717231454536
    outer loop
      vertex 9.16530008732338 -10 26.192922792280037
      vertex 9.99853924523251 -10 25.47586251589845
      vertex 9.642135623730951 -4.5 25.782572632569632
    endloop
  endfacet
  facet normal 0.5938201855735008 0 0.804597779766669
    outer loop
      vertex 9.16530008732338 -10 26.192922792280037
      vertex 9.16530008732338 -5.293134392947488 26.192922792280037
      vertex 8.74491118736049 -5.962179494545374 26.50318392009647
    endloop
  endfacet
  facet normal 0.6522874112784023 0 0.7579717231452111
    outer loop
      vertex 9.16530008732338 -10 26.192922792280037
      vertex 9.166012873654498 -5.292 26.192309390042826
      vertex 9.16530008732338 -5.293134392947488 26.192922792280037
    endloop
  endfacet
  facet normal 0.6522874112781184 7.476569991596012e-17 0.7579717231454551
    outer loop
      vertex 9.16530008732338 -10 26.192922792280037
      vertex 9.520098695077284 -4.622036928653668 25.8875939016237
      vertex 9.166012873654498 -5.292 26.192309390042826
    endloop
  endfacet
  facet normal 0.7071067811865476 -4.287457736567406e-20 0.7071067811865476
    outer loop
      vertex 10.77586251589845 -10 24.69853924523251
      vertex 9.99853924523251 -4.5 25.47586251589845
      vertex 9.99853924523251 -10 25.47586251589845
    endloop
  endfacet
  facet normal 0.6522874112781205 -1.5051983327513143e-16 0.7579717231454536
    outer loop
      vertex 9.16530008732338 -10 26.192922792280037
      vertex 9.642135623730951 -4.5 25.782572632569632
      vertex 9.520098695077284 -4.622036928653668 25.8875939016237
    endloop
  endfacet
  facet normal 0.7071067811865476 0 0.7071067811865476
    outer loop
      vertex 10.77586251589845 -10 24.69853924523251
      vertex 10.77586251589845 -4.5 24.69853924523251
      vertex 9.99853924523251 -4.5 25.47586251589845
    endloop
  endfacet
  facet normal 0.6522874112781215 0 0.7579717231454526
    outer loop
      vertex 9.99853924523251 -10 25.47586251589845
      vertex 9.99853924523251 -4.5 25.47586251589845
      vertex 9.642135623730951 -4.5 25.782572632569632
    endloop
  endfacet
  facet normal 0.8045977797666691 0 0.5938201855735006
    outer loop
      vertex 11.492922792280039 -10 23.86530008732338
      vertex 12.145709982445124 -10 22.98080485353524
      vertex 11.492922792280039 -4.5 23.86530008732338
    endloop
  endfacet
  facet normal 0.8841153935046095 0 0.4672686282730626
    outer loop
      vertex 12.730573435631246 -10 22.049999999999997
      vertex 13.24424235816556 -10 21.078090965028103
      vertex 12.730573435631246 -4.5 22.049999999999997
    endloop
  endfacet
  facet normal 0.8467241992282846 1.013665137214337e-18 0.532032076515336
    outer loop
      vertex 12.730573435631246 -10 22.049999999999997
      vertex 12.145709982445124 -4.5 22.98080485353524
      vertex 12.145709982445124 -10 22.98080485353524
    endloop
  endfacet
  facet normal 0.7579717231454528 0 0.6522874112781213
    outer loop
      vertex 10.77586251589845 -10 24.69853924523251
      vertex 11.492922792280039 -10 23.86530008732338
      vertex 10.77586251589845 -4.5 24.69853924523251
    endloop
  endfacet
  facet normal 0.8045977797666691 0 0.5938201855735006
    outer loop
      vertex 12.145709982445124 -10 22.98080485353524
      vertex 12.145709982445124 -4.5 22.98080485353524
      vertex 11.492922792280039 -4.5 23.86530008732338
    endloop
  endfacet
  facet normal 0.8467241992282846 0 0.532032076515336
    outer loop
      vertex 12.730573435631246 -10 22.049999999999997
      vertex 12.730573435631246 -4.5 22.049999999999997
      vertex 12.145709982445124 -4.5 22.98080485353524
    endloop
  endfacet
  facet normal 0.8841153935046095 0 0.4672686282730626
    outer loop
      vertex 13.24424235816556 -10 21.078090965028103
      vertex 13.24424235816556 -4.5 21.078090965028103
      vertex 12.730573435631246 -4.5 22.049999999999997
    endloop
  endfacet
  facet normal 0.7579717231454528 0 0.6522874112781213
    outer loop
      vertex 11.492922792280039 -10 23.86530008732338
      vertex 11.492922792280039 -4.5 23.86530008732338
      vertex 10.77586251589845 -4.5 24.69853924523251
    endloop
  endfacet
  facet normal 0.7071067811865436 -5.566228738954549e-15 0.7071067811865513
    outer loop
      vertex 10.613642056716776 -1.5 24.860759704414182
      vertex 10.77586251589845 -1.5 24.69853924523251
      vertex 10.515259975532238 -1.1383649174109693 24.95914178559872
    endloop
  endfacet
  facet normal 0.7071067811865496 3.1292291258887488e-15 0.7071067811865452
    outer loop
      vertex 10.515259975532238 -1.1383649174109693 24.95914178559872
      vertex 10.77586251589845 -1.5 24.69853924523251
      vertex 10.55440498936561 -0.7909433105187128 24.919996771765348
    endloop
  endfacet
  facet normal 0.7071067811865447 0 0.7071067811865503
    outer loop
      vertex 10.77586251589845 -1.5 24.69853924523251
      vertex 10.77586251589845 1.5 24.69853924523251
      vertex 10.55440498936561 -0.7909433105187128 24.919996771765348
    endloop
  endfacet
  facet normal 0.804597779766669 0 0.5938201855735005
    outer loop
      vertex 11.492922792280039 -1.5 23.86530008732338
      vertex 12.145709982445124 -1.5 22.98080485353524
      vertex 11.492922792280039 1.5 23.86530008732338
    endloop
  endfacet
  facet normal 0.8841153935046094 0 0.46726862827306254
    outer loop
      vertex 12.730573435631246 -1.5 22.049999999999997
      vertex 13.24424235816556 -1.5 21.078090965028103
      vertex 12.730573435631246 1.5 22.049999999999997
    endloop
  endfacet
  facet normal 0.8467241992282845 1.858386084892951e-18 0.5320320765153359
    outer loop
      vertex 12.730573435631246 -1.5 22.049999999999997
      vertex 12.145709982445124 1.5 22.98080485353524
      vertex 12.145709982445124 -1.5 22.98080485353524
    endloop
  endfacet
  facet normal 0.7579717231454529 0 0.6522874112781214
    outer loop
      vertex 10.77586251589845 -1.5 24.69853924523251
      vertex 11.492922792280039 -1.5 23.86530008732338
      vertex 10.77586251589845 1.5 24.69853924523251
    endloop
  endfacet
  facet normal 0.9937122098932427 -4.829664784730714e-19 0.11196447610330709
    outer loop
      vertex 14.658895818563348 -10 15.798532375720434
      vertex 14.53581314550939 -4.5 16.89092131278976
      vertex 14.53581314550939 -10 16.89092131278976
    endloop
  endfacet
  facet normal 0.9825664732332884 -1.8556706831348698e-18 0.1859116071629145
    outer loop
      vertex 14.53581314550939 -10 16.89092131278976
      vertex 14.331440309072809 -4.5 17.971057729157813
      vertex 14.331440309072809 -10 17.971057729157813
    endloop
  endfacet
  facet normal 0.9659258262890676 2.306118699226608e-18 0.2588190451025226
    outer loop
      vertex 14.331440309072809 -10 17.971057729157813
      vertex 14.046920245056265 -4.5 19.032901063840296
      vertex 14.046920245056265 -10 19.032901063840296
    endloop
  endfacet
  facet normal 0.9438833303083678 0 0.33027906195516615
    outer loop
      vertex 14.046920245056265 -10 19.032901063840296
      vertex 14.046920245056265 -4.5 19.032901063840296
      vertex 13.6838441050698 -10 20.07051305818601
    endloop
  endfacet
  facet normal 0.9165622558699758 0 0.39989202431974197
    outer loop
      vertex 13.24424235816556 -10 21.078090965028103
      vertex 13.6838441050698 -10 20.07051305818601
      vertex 13.24424235816556 -4.5 21.078090965028103
    endloop
  endfacet
  facet normal 0.9937122098932427 0 0.11196447610330709
    outer loop
      vertex 14.658895818563348 -10 15.798532375720434
      vertex 14.658895818563348 -4.5 15.798532375720434
      vertex 14.53581314550939 -4.5 16.89092131278976
    endloop
  endfacet
  facet normal 0.9825664732332884 0 0.1859116071629145
    outer loop
      vertex 14.53581314550939 -10 16.89092131278976
      vertex 14.53581314550939 -4.5 16.89092131278976
      vertex 14.331440309072809 -4.5 17.971057729157813
    endloop
  endfacet
  facet normal 0.9659258262890676 0 0.2588190451025226
    outer loop
      vertex 14.331440309072809 -10 17.971057729157813
      vertex 14.331440309072809 -4.5 17.971057729157813
      vertex 14.046920245056265 -4.5 19.032901063840296
    endloop
  endfacet
  facet normal 0.9438833303083678 0 0.33027906195516615
    outer loop
      vertex 13.6838441050698 -10 20.07051305818601
      vertex 14.046920245056265 -4.5 19.032901063840296
      vertex 13.6838441050698 -4.5 20.07051305818601
    endloop
  endfacet
  facet normal 0.9165622558699758 0 0.39989202431974197
    outer loop
      vertex 13.6838441050698 -10 20.07051305818601
      vertex 13.6838441050698 -4.5 20.07051305818601
      vertex 13.24424235816556 -4.5 21.078090965028103
    endloop
  endfacet
  facet normal 0.9937122098932426 -8.854385438672975e-19 0.11196447610330709
    outer loop
      vertex 14.658895818563348 -1.5 15.798532375720434
      vertex 14.53581314550939 1.5 16.89092131278976
      vertex 14.53581314550939 -1.5 16.89092131278976
    endloop
  endfacet
  facet normal 0.9825664732332883 -3.4020629190805944e-18 0.1859116071629145
    outer loop
      vertex 14.53581314550939 -1.5 16.89092131278976
      vertex 14.331440309072809 1.5 17.971057729157813
      vertex 14.331440309072809 -1.5 17.971057729157813
    endloop
  endfacet
  facet normal 0.9659258262890678 4.227884281915448e-18 0.2588190451025227
    outer loop
      vertex 14.331440309072809 -1.5 17.971057729157813
      vertex 14.046920245056265 1.5 19.032901063840296
      vertex 14.046920245056265 -1.5 19.032901063840296
    endloop
  endfacet
  facet normal 0.9438833303083679 0 0.33027906195516615
    outer loop
      vertex 14.046920245056265 -1.5 19.032901063840296
      vertex 14.046920245056265 1.5 19.032901063840296
      vertex 13.6838441050698 -1.5 20.07051305818601
    endloop
  endfacet
  facet normal 0.9165622558699758 0 0.399892024319742
    outer loop
      vertex 13.24424235816556 -1.5 21.078090965028103
      vertex 13.6838441050698 -1.5 20.07051305818601
      vertex 13.24424235816556 1.5 21.078090965028103
    endloop
  endfacet
  facet normal 0 -1 0
    outer loop
      vertex 3.4448606873879797 -10 28.404611095040174
      vertex 4.332901063840297 -10 28.746920245056266
      vertex 3.4448606873879815 -10 28.984869946772893
    endloop
  endfacet
  facet normal 0 -1 0
    outer loop
      vertex 4.14213562373095 -10 28.189496523282912
      vertex 5.3705130581860105 -10 28.383844105069798
      vertex 3.4448606873879797 -10 28.404611095040174
    endloop
  endfacet
  facet normal 0.2588190451025191 -3.28249447320476e-15 0.9659258262890688
    outer loop
      vertex 3.4448606873879815 -10 28.984869946772893
      vertex 4.332901063840297 -10 28.746920245056266
      vertex 3.866769401893928 -9.852367755650256 28.871819847441373
    endloop
  endfacet
  facet normal 0.25881904510252 -1.9327472276143428e-17 0.9659258262890684
    outer loop
      vertex 3.866769401893928 -9.852367755650256 28.871819847441373
      vertex 4.332901063840297 -10 28.746920245056266
      vertex 4.332901063840297 -9.648996590515019 28.746920245056266
    endloop
  endfacet
  facet normal 0 -1 0
    outer loop
      vertex 3.4448606873879797 -10 28.404611095040174
      vertex 5.3705130581860105 -10 28.383844105069798
      vertex 4.332901063840297 -10 28.746920245056266
    endloop
  endfacet
  facet normal 0.3302790619551691 -1.5584728727272376e-15 0.943883330308367
    outer loop
      vertex 4.332901063840297 -10 28.746920245056266
      vertex 5.3705130581860105 -10 28.383844105069798
      vertex 4.592225494820236 -9.535854497879203 28.6561787020542
    endloop
  endfacet
  facet normal 0 -1 0
    outer loop
      vertex 4.14213562373095 -10 28.189496523282912
      vertex 6.378090965028106 -10 27.94424235816556
      vertex 5.3705130581860105 -10 28.383844105069798
    endloop
  endfacet
  facet normal 0.3302790619551665 0 0.9438833303083677
    outer loop
      vertex 4.332901063840297 -10 28.746920245056266
      vertex 4.592225494820236 -9.535854497879203 28.6561787020542
      vertex 4.332901063840297 -9.648996590515019 28.746920245056266
    endloop
  endfacet
  facet normal 0.33027906195517065 1.454455282991451e-15 0.9438833303083664
    outer loop
      vertex 5.3705130581860105 -10 28.383844105069798
      vertex 5.292 -9.166012873654498 28.41131701234154
      vertex 4.592225494820236 -9.535854497879203 28.6561787020542
    endloop
  endfacet
  facet normal 0.3302790619551569 0 0.943883330308371
    outer loop
      vertex 5.3705130581860105 -10 28.383844105069798
      vertex 5.3705130581860105 -9.116679849491089 28.383844105069798
      vertex 5.292 -9.166012873654498 28.41131701234154
    endloop
  endfacet
  facet normal 0 -1 0
    outer loop
      vertex 4.142135623730952 -10 25.69047125832558
      vertex 9.16530008732338 -10 26.192922792280037
      vertex 4.14213562373095 -10 28.189496523282912
    endloop
  endfacet
  facet normal 0 -1 0
    outer loop
      vertex 4.14213562373095 -10 28.189496523282912
      vertex 7.35 -10 27.430573435631246
      vertex 6.378090965028106 -10 27.94424235816556
    endloop
  endfacet
  facet normal 0.39989202431973897 0 0.9165622558699771
    outer loop
      vertex 5.3705130581860105 -10 28.383844105069798
      vertex 6.378090965028106 -10 27.94424235816556
      vertex 5.3705130581860105 -9.116679849491089 28.383844105069798
    endloop
  endfacet
  facet normal 0.3998920243197397 9.10757501132029e-16 0.9165622558699767
    outer loop
      vertex 5.3705130581860105 -9.116679849491089 28.383844105069798
      vertex 6.378090965028106 -10 27.94424235816556
      vertex 5.962179494545374 -8.74491118736049 28.12570267774993
    endloop
  endfacet
  facet normal 0.3998920243197373 0 0.9165622558699779
    outer loop
      vertex 6.378090965028106 -10 27.94424235816556
      vertex 6.378090965028106 -8.437954552884285 27.94424235816556
      vertex 5.962179494545374 -8.74491118736049 28.12570267774993
    endloop
  endfacet
  facet normal 0 -1 0
    outer loop
      vertex 4.14213562373095 -10 28.189496523282912
      vertex 8.280804853535242 -10 26.845709982445122
      vertex 7.35 -10 27.430573435631246
    endloop
  endfacet
  facet normal 0 -1 0
    outer loop
      vertex 9.16530008732338 -10 26.192922792280037
      vertex 8.280804853535242 -10 26.845709982445122
      vertex 4.14213562373095 -10 28.189496523282912
    endloop
  endfacet
  facet normal 0.4672686282730638 0 0.8841153935046088
    outer loop
      vertex 6.378090965028106 -10 27.94424235816556
      vertex 7.35 -10 27.430573435631246
      vertex 6.378090965028106 -8.437954552884285 27.94424235816556
    endloop
  endfacet
  facet normal 0.4672686282730619 -1.4715670577200544e-15 0.8841153935046098
    outer loop
      vertex 7.35 -10 27.430573435631246
      vertex 6.599016062872834 -8.274904410441628 27.82748003485413
      vertex 6.378090965028106 -8.437954552884285 27.94424235816556
    endloop
  endfacet
  facet normal 0.5320320765153371 1.9751435334429207e-16 0.8467241992282838
    outer loop
      vertex 7.35 -10 27.430573435631246
      vertex 8.280804853535242 -10 26.845709982445122
      vertex 7.349999999999999 -7.607569268014293 27.430573435631246
    endloop
  endfacet
  facet normal 0.5938201855735014 1.9041090616454e-18 0.8045977797666686
    outer loop
      vertex 9.16530008732338 -10 26.192922792280037
      vertex 8.280804853535242 -6.591021246381077 26.845709982445122
      vertex 8.280804853535242 -10 26.845709982445122
    endloop
  endfacet
  facet normal 0.4672686282730652 3.5778676810059657e-16 0.8841153935046081
    outer loop
      vertex 7.35 -10 27.430573435631246
      vertex 7.198948256567408 -7.758621011446884 27.51040661291845
      vertex 6.599016062872834 -8.274904410441628 27.82748003485413
    endloop
  endfacet
  facet normal 0.4672686282730631 1.734712342081275e-16 0.8841153935046092
    outer loop
      vertex 7.35 -10 27.430573435631246
      vertex 7.349999999999999 -7.607569268014293 27.430573435631246
      vertex 7.198948256567408 -7.758621011446884 27.51040661291845
    endloop
  endfacet
  facet normal 0.5320320765153365 -1.171104716122392e-16 0.8467241992282842
    outer loop
      vertex 8.280804853535242 -10 26.845709982445122
      vertex 7.758621011446884 -7.198948256567408 27.173819836967095
      vertex 7.349999999999999 -7.607569268014293 27.430573435631246
    endloop
  endfacet
  facet normal 0.5320320765153369 -5.192227706850618e-17 0.846724199228284
    outer loop
      vertex 8.280804853535242 -10 26.845709982445122
      vertex 8.274904410441628 -6.599016062872834 26.84941747656696
      vertex 7.758621011446884 -7.198948256567408 27.173819836967095
    endloop
  endfacet
  facet normal 0.5320320765153583 0 0.8467241992282706
    outer loop
      vertex 8.280804853535242 -10 26.845709982445122
      vertex 8.280804853535242 -6.591021246381077 26.845709982445122
      vertex 8.274904410441628 -6.599016062872834 26.84941747656696
    endloop
  endfacet
  facet normal 0.5938201855735017 1.496379030821328e-16 0.8045977797666682
    outer loop
      vertex 9.16530008732338 -10 26.192922792280037
      vertex 8.74491118736049 -5.962179494545374 26.50318392009647
      vertex 8.280804853535242 -6.591021246381077 26.845709982445122
    endloop
  endfacet
  facet normal 0 1 0
    outer loop
      vertex 3.44486068738798 10 25.93294090740631
      vertex 3.444860687387983 10 26.871092593720167
      vertex 3.463373299328124 10 25.927980467987155
    endloop
  endfacet
  facet normal 0 1 0
    outer loop
      vertex 3.463373299328124 10 25.927980467987155
      vertex 3.444860687387983 10 26.871092593720167
      vertex 9.16530008732338 10 26.192922792280037
    endloop
  endfacet
  facet normal -5.278088313305902e-16 1 -7.629244281329723e-15
    outer loop
      vertex 3.463373299328124 10 25.927980467987155
      vertex 9.99853924523251 10 25.47586251589845
      vertex 4.292757036305142 9.999999999999998 25.6377665465694
    endloop
  endfacet
  facet normal -1.7955613982049725e-16 1 4.643791807980503e-15
    outer loop
      vertex 4.292757036305142 9.999999999999998 25.6377665465694
      vertex 9.99853924523251 10 25.47586251589845
      vertex 5.098133934631309 10 25.286384197853423
    endloop
  endfacet
  facet normal 0 1 0
    outer loop
      vertex 5.098133934631309 10 25.286384197853423
      vertex 10.77586251589845 10 24.69853924523251
      vertex 5.875 10 24.875798494467155
    endloop
  endfacet
  facet normal 0 1 0
    outer loop
      vertex 3.463373299328124 10 25.927980467987155
      vertex 9.16530008732338 10 26.192922792280037
      vertex 9.99853924523251 10 25.47586251589845
    endloop
  endfacet
  facet normal 0 1 0
    outer loop
      vertex 5.875 10 24.875798494467155
      vertex 10.77586251589845 10 24.69853924523251
      vertex 6.619010682247558 10 24.40830559821294
    endloop
  endfacet
  facet normal 0 1 0
    outer loop
      vertex 7.326005171840118 10 23.88651991899935
      vertex 6.619010682247558 10 24.40830559821294
      vertex 11.492922792280039 10 23.86530008732338
    endloop
  endfacet
  facet normal 0 1 0
    outer loop
      vertex 5.098133934631309 10 25.286384197853423
      vertex 9.99853924523251 10 25.47586251589845
      vertex 10.77586251589845 10 24.69853924523251
    endloop
  endfacet
  facet normal 0.7579717231454475 3.8623173475952857e-16 -0.6522874112781274
    outer loop
      vertex 11.492922792280037 -1.5 5.534699912676617
      vertex 11.463061102826135 1.5 5.5
      vertex 11.492922792280037 1.5 5.5346999126766185
    endloop
  endfacet
  facet normal 0.8045977797666678 3.516121826724723e-16 -0.5938201855735025
    outer loop
      vertex 11.492922792280037 -1.5 5.534699912676617
      vertex 11.492922792280037 1.5 5.5346999126766185
      vertex 12.145709982445124 1.5 6.419195146464757
    endloop
  endfacet
  facet normal 0.8467241992282845 3.1502627263277815e-16 -0.5320320765153359
    outer loop
      vertex 12.145709982445124 -1.5 6.419195146464755
      vertex 12.145709982445124 1.5 6.419195146464757
      vertex 12.730573435631246 1.5 7.35
    endloop
  endfacet
  facet normal 0.8841153935046092 0 -0.46726862827306315
    outer loop
      vertex 12.730573435631246 -1.5 7.35
      vertex 12.730573435631246 1.5 7.35
      vertex 13.244242358165561 1.5 8.321909034971895
    endloop
  endfacet
  facet normal 0.7579717231454502 -3.4636724690234506e-19 -0.6522874112781244
    outer loop
      vertex 11.492922792280037 4.5 5.534699912676617
      vertex 11.463061102826137 4.5 5.5
      vertex 11.463061102826137 10 5.5
    endloop
  endfacet
  facet normal 0.8045977797666678 1.6094996157179419e-18 -0.5938201855735024
    outer loop
      vertex 11.492922792280037 4.5 5.534699912676617
      vertex 12.145709982445124 10 6.419195146464755
      vertex 12.145709982445124 4.5 6.419195146464755
    endloop
  endfacet
  facet normal 0.846724199228285 5.556703253476704e-18 -0.5320320765153352
    outer loop
      vertex 12.145709982445124 4.5 6.419195146464755
      vertex 12.730573435631246 10 7.35
      vertex 12.730573435631246 4.5 7.35
    endloop
  endfacet
  facet normal 0.8841153935046092 2.4242865571977315e-18 -0.46726862827306315
    outer loop
      vertex 12.730573435631246 4.5 7.35
      vertex 13.244242358165561 10 8.321909034971895
      vertex 13.244242358165561 4.5 8.321909034971895
    endloop
  endfacet
  facet normal 0.7579717231454502 0 -0.6522874112781244
    outer loop
      vertex 11.492922792280037 4.5 5.534699912676617
      vertex 11.463061102826137 10 5.5
      vertex 11.492922792280037 10 5.534699912676617
    endloop
  endfacet
  facet normal 0.8045977797666678 0 -0.5938201855735024
    outer loop
      vertex 11.492922792280037 4.5 5.534699912676617
      vertex 11.492922792280037 10 5.534699912676617
      vertex 12.145709982445124 10 6.419195146464755
    endloop
  endfacet
  facet normal 0.846724199228285 0 -0.5320320765153352
    outer loop
      vertex 12.145709982445124 4.5 6.419195146464755
      vertex 12.145709982445124 10 6.419195146464755
      vertex 12.730573435631246 10 7.35
    endloop
  endfacet
  facet normal 0.8841153935046092 0 -0.46726862827306315
    outer loop
      vertex 12.730573435631246 4.5 7.35
      vertex 12.730573435631246 10 7.35
      vertex 13.244242358165561 10 8.321909034971895
    endloop
  endfacet
  facet normal 0.9165622558699763 0 -0.39989202431974086
    outer loop
      vertex 13.244242358165561 -1.5 8.321909034971895
      vertex 13.244242358165561 1.5 8.321909034971895
      vertex 13.683844105069802 1.5 9.329486941813993
    endloop
  endfacet
  facet normal 0.9438833303083679 0 -0.33027906195516615
    outer loop
      vertex 14.046920245056267 -1.5 10.367098936159707
      vertex 13.683844105069802 1.5 9.329486941813993
      vertex 14.046920245056267 1.5 10.367098936159707
    endloop
  endfacet
  facet normal 0.965925826289068 0 -0.25881904510252207
    outer loop
      vertex 14.046920245056267 -1.5 10.367098936159707
      vertex 14.046920245056267 1.5 10.367098936159707
      vertex 14.331440309072807 1.5 11.428942270842178
    endloop
  endfacet
  facet normal 0.9825664732332885 0 -0.1859116071629139
    outer loop
      vertex 14.331440309072807 -1.5 11.428942270842178
      vertex 14.331440309072807 1.5 11.428942270842178
      vertex 14.535813145509389 1.5 12.509078687210234
    endloop
  endfacet
  facet normal 0.9937122098932425 0 -0.11196447610330851
    outer loop
      vertex 14.535813145509389 -1.5 12.509078687210234
      vertex 14.535813145509389 1.5 12.509078687210234
      vertex 14.658895818563348 1.5 13.601467624279563
    endloop
  endfacet
  facet normal 0.9993007047883986 0 -0.03739119427632514
    outer loop
      vertex 14.658895818563348 -1.5 13.601467624279563
      vertex 14.658895818563348 1.5 13.601467624279563
      vertex 14.7 1.5 14.7
    endloop
  endfacet
  facet normal 0.9993007047883986 0 0.037391194276325194
    outer loop
      vertex 14.7 -1.5 14.7
      vertex 14.7 1.5 14.7
      vertex 14.658895818563348 1.5 15.798532375720434
    endloop
  endfacet
  facet normal 0.9165622558699763 2.1595646263907912e-18 -0.3998920243197408
    outer loop
      vertex 13.244242358165561 4.5 8.321909034971895
      vertex 13.683844105069802 10 9.329486941813993
      vertex 13.683844105069802 4.5 9.329486941813993
    endloop
  endfacet
  facet normal 0.9438833303083678 0 -0.33027906195516615
    outer loop
      vertex 13.683844105069802 4.5 9.329486941813993
      vertex 13.683844105069802 10 9.329486941813993
      vertex 14.046920245056267 4.5 10.367098936159707
    endloop
  endfacet
  facet normal 0.9165622558699763 0 -0.3998920243197408
    outer loop
      vertex 13.244242358165561 4.5 8.321909034971895
      vertex 13.244242358165561 10 8.321909034971895
      vertex 13.683844105069802 10 9.329486941813993
    endloop
  endfacet
  facet normal 0.9438833303083678 0 -0.33027906195516615
    outer loop
      vertex 14.046920245056267 4.5 10.367098936159707
      vertex 13.683844105069802 10 9.329486941813993
      vertex 14.046920245056267 10 10.367098936159707
    endloop
  endfacet
  facet normal 0.9659258262890679 0 -0.25881904510252207
    outer loop
      vertex 14.046920245056267 4.5 10.367098936159707
      vertex 14.046920245056267 10 10.367098936159707
      vertex 14.331440309072807 10 11.428942270842178
    endloop
  endfacet
  facet normal 0.9659258262890679 1.4965108004948585e-18 -0.25881904510252207
    outer loop
      vertex 14.046920245056267 4.5 10.367098936159707
      vertex 14.331440309072807 10 11.428942270842178
      vertex 14.331440309072807 4.5 11.428942270842178
    endloop
  endfacet
  facet normal 0.9825664732332884 -2.001717316261624e-18 -0.1859116071629139
    outer loop
      vertex 14.331440309072807 4.5 11.428942270842178
      vertex 14.535813145509389 10 12.509078687210234
      vertex 14.535813145509389 4.5 12.509078687210234
    endloop
  endfacet
  facet normal 0.9937122098932426 -4.80222392183535e-19 -0.11196447610330852
    outer loop
      vertex 14.535813145509389 4.5 12.509078687210234
      vertex 14.658895818563348 10 13.601467624279563
      vertex 14.658895818563348 4.5 13.601467624279563
    endloop
  endfacet
  facet normal 0.9993007047883986 3.714406529216623e-19 -0.03739119427632513
    outer loop
      vertex 14.658895818563348 4.5 13.601467624279563
      vertex 14.7 10 14.7
      vertex 14.7 4.5 14.7
    endloop
  endfacet
  facet normal 0.9993007047883986 2.2840406084369747e-19 0.037391194276325194
    outer loop
      vertex 14.7 4.5 14.7
      vertex 14.658895818563348 10 15.798532375720434
      vertex 14.658895818563348 4.5 15.798532375720434
    endloop
  endfacet
  facet normal 0.9825664732332884 0 -0.1859116071629139
    outer loop
      vertex 14.331440309072807 4.5 11.428942270842178
      vertex 14.331440309072807 10 11.428942270842178
      vertex 14.535813145509389 10 12.509078687210234
    endloop
  endfacet
  facet normal 0.9937122098932426 0 -0.11196447610330852
    outer loop
      vertex 14.535813145509389 4.5 12.509078687210234
      vertex 14.535813145509389 10 12.509078687210234
      vertex 14.658895818563348 10 13.601467624279563
    endloop
  endfacet
  facet normal 0.9993007047883986 0 -0.03739119427632513
    outer loop
      vertex 14.658895818563348 4.5 13.601467624279563
      vertex 14.658895818563348 10 13.601467624279563
      vertex 14.7 10 14.7
    endloop
  endfacet
  facet normal 0.9993007047883986 0 0.037391194276325194
    outer loop
      vertex 14.7 4.5 14.7
      vertex 14.7 10 14.7
      vertex 14.658895818563348 10 15.798532375720434
    endloop
  endfacet
  facet normal 0.7071067811865562 -2.247045373434773e-15 0.7071067811865387
    outer loop
      vertex 10.55440498936561 -0.7909433105187128 24.919996771765348
      vertex 10.77586251589845 1.5 24.69853924523251
      vertex 10.584 0 24.89040176113096
    endloop
  endfacet
  facet normal 0.7071067811865427 1.2295832946802042e-15 0.7071067811865523
    outer loop
      vertex 10.584 0 24.89040176113096
      vertex 10.77586251589845 1.5 24.69853924523251
      vertex 10.55440498936561 0.7909433105187142 24.919996771765348
    endloop
  endfacet
  facet normal 0.7071067811865475 -1.7750974714658977e-15 0.7071067811865475
    outer loop
      vertex 10.55440498936561 0.7909433105187142 24.919996771765348
      vertex 10.77586251589845 1.5 24.69853924523251
      vertex 10.474513487605915 1.5 24.999888273525045
    endloop
  endfacet
  facet normal 0.804597779766669 0 0.5938201855735005
    outer loop
      vertex 12.145709982445124 -1.5 22.98080485353524
      vertex 12.145709982445124 1.5 22.98080485353524
      vertex 11.492922792280039 1.5 23.86530008732338
    endloop
  endfacet
  facet normal 0.8467241992282845 0 0.5320320765153359
    outer loop
      vertex 12.730573435631246 -1.5 22.049999999999997
      vertex 12.730573435631246 1.5 22.049999999999997
      vertex 12.145709982445124 1.5 22.98080485353524
    endloop
  endfacet
  facet normal 0.8841153935046094 0 0.46726862827306254
    outer loop
      vertex 13.24424235816556 -1.5 21.078090965028103
      vertex 13.24424235816556 1.5 21.078090965028103
      vertex 12.730573435631246 1.5 22.049999999999997
    endloop
  endfacet
  facet normal 0.7579717231454529 0 0.6522874112781214
    outer loop
      vertex 11.492922792280039 -1.5 23.86530008732338
      vertex 11.492922792280039 1.5 23.86530008732338
      vertex 10.77586251589845 1.5 24.69853924523251
    endloop
  endfacet
  facet normal 0.6522874112781201 -8.759953902504427e-15 0.7579717231454538
    outer loop
      vertex 9.535854497879203 4.592225494820235 25.87403493694409
      vertex 9.576092069938667 4.5 25.83940770625286
      vertex 9.99853924523251 4.5 25.47586251589845
    endloop
  endfacet
  facet normal 0.6522874112781212 2.0477211668504955e-16 0.757971723145453
    outer loop
      vertex 9.535854497879203 4.592225494820235 25.87403493694409
      vertex 9.99853924523251 4.5 25.47586251589845
      vertex 9.16530008732338 10 26.192922792280037
    endloop
  endfacet
  facet normal 0.7071067811865476 -4.287457736567406e-20 0.7071067811865476
    outer loop
      vertex 10.77586251589845 4.5 24.69853924523251
      vertex 9.99853924523251 10 25.47586251589845
      vertex 9.99853924523251 4.5 25.47586251589845
    endloop
  endfacet
  facet normal 0.6522874112784023 0 0.7579717231452111
    outer loop
      vertex 9.16530008732338 5.293134392947488 26.192922792280037
      vertex 9.166012873654498 5.292 26.192309390042826
      vertex 9.16530008732338 10 26.192922792280037
    endloop
  endfacet
  facet normal 0.6522874112781187 -7.469933262813534e-17 0.757971723145455
    outer loop
      vertex 9.166012873654498 5.292 26.192309390042826
      vertex 9.535854497879203 4.592225494820235 25.87403493694409
      vertex 9.16530008732338 10 26.192922792280037
    endloop
  endfacet
  facet normal 0.6522874112781203 0 0.7579717231454536
    outer loop
      vertex 9.99853924523251 4.5 25.47586251589845
      vertex 9.99853924523251 10 25.47586251589845
      vertex 9.16530008732338 10 26.192922792280037
    endloop
  endfacet
  facet normal 0.7071067811865476 0 0.7071067811865476
    outer loop
      vertex 10.77586251589845 4.5 24.69853924523251
      vertex 10.77586251589845 10 24.69853924523251
      vertex 9.99853924523251 10 25.47586251589845
    endloop
  endfacet
  facet normal 0.8045977797666691 0 0.5938201855735006
    outer loop
      vertex 11.492922792280039 4.5 23.86530008732338
      vertex 12.145709982445124 4.5 22.98080485353524
      vertex 11.492922792280039 10 23.86530008732338
    endloop
  endfacet
  facet normal 0.8841153935046095 0 0.4672686282730626
    outer loop
      vertex 12.730573435631246 4.5 22.049999999999997
      vertex 13.24424235816556 4.5 21.078090965028103
      vertex 12.730573435631246 10 22.049999999999997
    endloop
  endfacet
  facet normal 0.8467241992282846 1.013665137214337e-18 0.532032076515336
    outer loop
      vertex 12.730573435631246 4.5 22.049999999999997
      vertex 12.145709982445124 10 22.98080485353524
      vertex 12.145709982445124 4.5 22.98080485353524
    endloop
  endfacet
  facet normal 0.7579717231454528 0 0.6522874112781213
    outer loop
      vertex 10.77586251589845 4.5 24.69853924523251
      vertex 11.492922792280039 4.5 23.86530008732338
      vertex 10.77586251589845 10 24.69853924523251
    endloop
  endfacet
  facet normal 0.8045977797666691 0 0.5938201855735006
    outer loop
      vertex 12.145709982445124 4.5 22.98080485353524
      vertex 12.145709982445124 10 22.98080485353524
      vertex 11.492922792280039 10 23.86530008732338
    endloop
  endfacet
  facet normal 0.8467241992282846 0 0.532032076515336
    outer loop
      vertex 12.730573435631246 4.5 22.049999999999997
      vertex 12.730573435631246 10 22.049999999999997
      vertex 12.145709982445124 10 22.98080485353524
    endloop
  endfacet
  facet normal 0.8841153935046095 0 0.4672686282730626
    outer loop
      vertex 13.24424235816556 4.5 21.078090965028103
      vertex 13.24424235816556 10 21.078090965028103
      vertex 12.730573435631246 10 22.049999999999997
    endloop
  endfacet
  facet normal 0.7579717231454528 0 0.6522874112781213
    outer loop
      vertex 11.492922792280039 4.5 23.86530008732338
      vertex 11.492922792280039 10 23.86530008732338
      vertex 10.77586251589845 10 24.69853924523251
    endloop
  endfacet
  facet normal 0.9937122098932426 0 0.11196447610330709
    outer loop
      vertex 14.658895818563348 -1.5 15.798532375720434
      vertex 14.658895818563348 1.5 15.798532375720434
      vertex 14.53581314550939 1.5 16.89092131278976
    endloop
  endfacet
  facet normal 0.9825664732332883 0 0.1859116071629145
    outer loop
      vertex 14.53581314550939 -1.5 16.89092131278976
      vertex 14.53581314550939 1.5 16.89092131278976
      vertex 14.331440309072809 1.5 17.971057729157813
    endloop
  endfacet
  facet normal 0.9659258262890678 0 0.2588190451025227
    outer loop
      vertex 14.331440309072809 -1.5 17.971057729157813
      vertex 14.331440309072809 1.5 17.971057729157813
      vertex 14.046920245056265 1.5 19.032901063840296
    endloop
  endfacet
  facet normal 0.9438833303083679 0 0.33027906195516615
    outer loop
      vertex 13.6838441050698 -1.5 20.07051305818601
      vertex 14.046920245056265 1.5 19.032901063840296
      vertex 13.6838441050698 1.5 20.07051305818601
    endloop
  endfacet
  facet normal 0.9165622558699758 0 0.399892024319742
    outer loop
      vertex 13.6838441050698 -1.5 20.07051305818601
      vertex 13.6838441050698 1.5 20.07051305818601
      vertex 13.24424235816556 1.5 21.078090965028103
    endloop
  endfacet
  facet normal 0.9937122098932427 -4.829664784730714e-19 0.11196447610330709
    outer loop
      vertex 14.658895818563348 4.5 15.798532375720434
      vertex 14.53581314550939 10 16.89092131278976
      vertex 14.53581314550939 4.5 16.89092131278976
    endloop
  endfacet
  facet normal 0.9825664732332884 -1.8556706831348698e-18 0.1859116071629145
    outer loop
      vertex 14.53581314550939 4.5 16.89092131278976
      vertex 14.331440309072809 10 17.971057729157813
      vertex 14.331440309072809 4.5 17.971057729157813
    endloop
  endfacet
  facet normal 0.9659258262890676 2.306118699226608e-18 0.2588190451025226
    outer loop
      vertex 14.331440309072809 4.5 17.971057729157813
      vertex 14.046920245056265 10 19.032901063840296
      vertex 14.046920245056265 4.5 19.032901063840296
    endloop
  endfacet
  facet normal 0.9438833303083678 1.959127523186962e-18 0.33027906195516615
    outer loop
      vertex 14.046920245056265 4.5 19.032901063840296
      vertex 13.6838441050698 10 20.07051305818601
      vertex 13.6838441050698 4.5 20.07051305818601
    endloop
  endfacet
  facet normal 0.9165622558699758 0 0.39989202431974197
    outer loop
      vertex 13.24424235816556 4.5 21.078090965028103
      vertex 13.6838441050698 4.5 20.07051305818601
      vertex 13.24424235816556 10 21.078090965028103
    endloop
  endfacet
  facet normal 0.9937122098932427 0 0.11196447610330709
    outer loop
      vertex 14.658895818563348 4.5 15.798532375720434
      vertex 14.658895818563348 10 15.798532375720434
      vertex 14.53581314550939 10 16.89092131278976
    endloop
  endfacet
  facet normal 0.9825664732332884 0 0.1859116071629145
    outer loop
      vertex 14.53581314550939 4.5 16.89092131278976
      vertex 14.53581314550939 10 16.89092131278976
      vertex 14.331440309072809 10 17.971057729157813
    endloop
  endfacet
  facet normal 0.9659258262890676 0 0.2588190451025226
    outer loop
      vertex 14.331440309072809 4.5 17.971057729157813
      vertex 14.331440309072809 10 17.971057729157813
      vertex 14.046920245056265 10 19.032901063840296
    endloop
  endfacet
  facet normal 0.9438833303083678 0 0.33027906195516615
    outer loop
      vertex 14.046920245056265 4.5 19.032901063840296
      vertex 14.046920245056265 10 19.032901063840296
      vertex 13.6838441050698 10 20.07051305818601
    endloop
  endfacet
  facet normal 0.9165622558699758 0 0.39989202431974197
    outer loop
      vertex 13.6838441050698 4.5 20.07051305818601
      vertex 13.6838441050698 10 20.07051305818601
      vertex 13.24424235816556 10 21.078090965028103
    endloop
  endfacet
  facet normal -1.1762935540714162e-15 1 -5.833266009508609e-16
    outer loop
      vertex 10 10 8.545218298813515
      vertex 11.492922792280037 10 5.534699912676617
      vertex 10 9.999999999999998 5.5
    endloop
  endfacet
  facet normal -1.2141371511886503e-15 1 1.0448495044101637e-15
    outer loop
      vertex 11.492922792280037 10 5.534699912676617
      vertex 11.463061102826137 10 5.5
      vertex 10 9.999999999999998 5.5
    endloop
  endfacet
  facet normal 0 1 0
    outer loop
      vertex 10 10 8.545218298813515
      vertex 12.145709982445124 10 6.419195146464755
      vertex 11.492922792280037 10 5.534699912676617
    endloop
  endfacet
  facet normal 0 1 0
    outer loop
      vertex 10 10 8.545218298813515
      vertex 12.730573435631246 10 7.35
      vertex 12.145709982445124 10 6.419195146464755
    endloop
  endfacet
  facet normal 0 1 0
    outer loop
      vertex 10 10 8.545218298813515
      vertex 13.244242358165561 10 8.321909034971895
      vertex 12.730573435631246 10 7.35
    endloop
  endfacet
  facet normal 0 1 0
    outer loop
      vertex 10 10 8.545218298813515
      vertex 10.175798494467154 10 8.825
      vertex 13.244242358165561 10 8.321909034971895
    endloop
  endfacet
  facet normal 0 1 0
    outer loop
      vertex 10.175798494467154 10 8.825
      vertex 10.586384197853425 10 9.601866065368691
      vertex 13.244242358165561 10 8.321909034971895
    endloop
  endfacet
  facet normal 0 1 0
    outer loop
      vertex 10.586384197853425 10 9.601866065368691
      vertex 10.714159597386505 10 9.89473039203275
      vertex 13.683844105069802 10 9.329486941813993
    endloop
  endfacet
  facet normal 0 1 0
    outer loop
      vertex 10.714159597386505 10 9.89473039203275
      vertex 10.937766546569401 10 10.40724296369486
      vertex 13.683844105069802 10 9.329486941813993
    endloop
  endfacet
  facet normal 0 1 0
    outer loop
      vertex 10.586384197853425 10 9.601866065368691
      vertex 13.683844105069802 10 9.329486941813993
      vertex 13.244242358165561 10 8.321909034971895
    endloop
  endfacet
  facet normal 1.8995242239988702e-15 1 1.4711809275339657e-13
    outer loop
      vertex 10.937766546569401 10 10.40724296369486
      vertex 11.227980467987152 9.999999999999877 11.23662670067187
      vertex 14.046920245056267 10 10.367098936159707
    endloop
  endfacet
  facet normal 0 1 0
    outer loop
      vertex 10.937766546569401 10 10.40724296369486
      vertex 14.046920245056267 10 10.367098936159707
      vertex 13.683844105069802 10 9.329486941813993
    endloop
  endfacet
  facet normal -1.1887144525485747e-13 1 -2.4441177400152043e-13
    outer loop
      vertex 11.227980467987152 9.999999999999877 11.23662670067187
      vertex 11.346860411247 10 11.680292688918529
      vertex 14.046920245056267 10 10.367098936159707
    endloop
  endfacet
  facet normal 0 1 0
    outer loop
      vertex 11.346860411247 10 11.680292688918529
      vertex 11.455402968136429 10 12.08537902601331
      vertex 14.046920245056267 10 10.367098936159707
    endloop
  endfacet
  facet normal 0 1 0
    outer loop
      vertex 11.455402968136429 10 12.08537902601331
      vertex 11.618762208145261 10 12.948753372429954
      vertex 14.331440309072807 10 11.428942270842178
    endloop
  endfacet
  facet normal 0 1 0
    outer loop
      vertex 11.618762208145261 10 12.948753372429954
      vertex 11.70540580674588 10 13.717736578845193
      vertex 14.535813145509389 10 12.509078687210234
    endloop
  endfacet
  facet normal 0 1 0
    outer loop
      vertex 11.70540580674588 10 13.717736578845193
      vertex 11.717144616878867 10 13.821921400359514
      vertex 14.535813145509389 10 12.509078687210234
    endloop
  endfacet
  facet normal 0 1 0
    outer loop
      vertex 11.717144616878867 10 13.821921400359514
      vertex 11.75 10 14.7
      vertex 14.658895818563348 10 13.601467624279563
    endloop
  endfacet
  facet normal 0 1 0
    outer loop
      vertex 11.75 10 14.7
      vertex 11.748506573494494 10 14.739912663620022
      vertex 14.7 10 14.7
    endloop
  endfacet
  facet normal 0 1 0
    outer loop
      vertex 11.748506573494494 10 14.739912663620022
      vertex 11.717144616878867 10 15.578078599640484
      vertex 14.7 10 14.7
    endloop
  endfacet
  facet normal 0 1 0
    outer loop
      vertex 11.717144616878867 10 15.578078599640484
      vertex 11.712672689209159 10 15.617768055455464
      vertex 14.658895818563348 10 15.798532375720434
    endloop
  endfacet
  facet normal 0 1 0
    outer loop
      vertex 11.455402968136429 10 12.08537902601331
      vertex 14.331440309072807 10 11.428942270842178
      vertex 14.046920245056267 10 10.367098936159707
    endloop
  endfacet
  facet normal 0 1 0
    outer loop
      vertex 11.618762208145261 10 12.948753372429954
      vertex 14.535813145509389 10 12.509078687210234
      vertex 14.331440309072807 10 11.428942270842178
    endloop
  endfacet
  facet normal 0 1 0
    outer loop
      vertex 11.717144616878867 10 13.821921400359514
      vertex 14.658895818563348 10 13.601467624279563
      vertex 14.535813145509389 10 12.509078687210234
    endloop
  endfacet
  facet normal 0 1 0
    outer loop
      vertex 11.75 10 14.7
      vertex 14.7 10 14.7
      vertex 14.658895818563348 10 13.601467624279563
    endloop
  endfacet
  facet normal 0 1 0
    outer loop
      vertex 14.7 10 14.7
      vertex 11.717144616878867 10 15.578078599640484
      vertex 14.658895818563348 10 15.798532375720434
    endloop
  endfacet
  facet normal 0 1 0
    outer loop
      vertex 11.618762208145261 10 16.451246627570047
      vertex 11.455402968136429 10 17.31462097398669
      vertex 14.53581314550939 10 16.89092131278976
    endloop
  endfacet
  facet normal 0 1 0
    outer loop
      vertex 11.712672689209159 10 15.617768055455464
      vertex 11.618762208145261 10 16.451246627570047
      vertex 14.658895818563348 10 15.798532375720434
    endloop
  endfacet
  facet normal 0 1 0
    outer loop
      vertex 11.455402968136429 10 17.31462097398669
      vertex 11.33652302487658 10 17.75828696223335
      vertex 14.331440309072809 10 17.971057729157813
    endloop
  endfacet
  facet normal 0 1 0
    outer loop
      vertex 11.33652302487658 10 17.75828696223335
      vertex 11.227980467987152 10 18.16337329932813
      vertex 14.331440309072809 10 17.971057729157813
    endloop
  endfacet
  facet normal 0 1 0
    outer loop
      vertex 10.754089409740594 10 19.41374950588473
      vertex 14.046920245056265 10 19.032901063840296
      vertex 10.9377665465694 10 18.992757036305143
    endloop
  endfacet
  facet normal 0 1 0
    outer loop
      vertex 10.754089409740594 10 19.41374950588473
      vertex 10.586384197853425 10 19.79813393463131
      vertex 14.046920245056265 10 19.032901063840296
    endloop
  endfacet
  facet normal 0 1 0
    outer loop
      vertex 10.175798494467154 10 20.575
      vertex 9.70830559821294 10 21.31901068224756
      vertex 13.24424235816556 10 21.078090965028103
    endloop
  endfacet
  facet normal 0 1 0
    outer loop
      vertex 10.175798494467154 10 20.575
      vertex 13.6838441050698 10 20.07051305818601
      vertex 10.586384197853425 10 19.79813393463131
    endloop
  endfacet
  facet normal 0 1 0
    outer loop
      vertex 11.227980467987152 10 18.16337329932813
      vertex 10.9377665465694 10 18.992757036305143
      vertex 14.046920245056265 10 19.032901063840296
    endloop
  endfacet
  facet normal 0 1 0
    outer loop
      vertex 10.586384197853425 10 19.79813393463131
      vertex 13.6838441050698 10 20.07051305818601
      vertex 14.046920245056265 10 19.032901063840296
    endloop
  endfacet
  facet normal 0 1 0
    outer loop
      vertex 10.175798494467154 10 20.575
      vertex 13.24424235816556 10 21.078090965028103
      vertex 13.6838441050698 10 20.07051305818601
    endloop
  endfacet
  facet normal 0 1 0
    outer loop
      vertex 7.326005171840118 10 23.88651991899935
      vertex 11.492922792280039 10 23.86530008732338
      vertex 7.9920296688083 10 23.313359494000462
    endloop
  endfacet
  facet normal 0 1 0
    outer loop
      vertex 7.9920296688083 10 23.313359494000462
      vertex 12.145709982445124 10 22.98080485353524
      vertex 8.613359494000463 10 22.6920296688083
    endloop
  endfacet
  facet normal 0 1 0
    outer loop
      vertex 8.613359494000463 10 22.6920296688083
      vertex 12.730573435631246 10 22.049999999999997
      vertex 9.186519918999352 10 22.02600517184012
    endloop
  endfacet
  facet normal 0 1 0
    outer loop
      vertex 9.186519918999352 10 22.02600517184012
      vertex 12.730573435631246 10 22.049999999999997
      vertex 9.70830559821294 10 21.31901068224756
    endloop
  endfacet
  facet normal 0 1 0
    outer loop
      vertex 7.9920296688083 10 23.313359494000462
      vertex 11.492922792280039 10 23.86530008732338
      vertex 12.145709982445124 10 22.98080485353524
    endloop
  endfacet
  facet normal 0 1 0
    outer loop
      vertex 6.619010682247558 10 24.40830559821294
      vertex 10.77586251589845 10 24.69853924523251
      vertex 11.492922792280039 10 23.86530008732338
    endloop
  endfacet
  facet normal 0 1 0
    outer loop
      vertex 9.70830559821294 10 21.31901068224756
      vertex 12.730573435631246 10 22.049999999999997
      vertex 13.24424235816556 10 21.078090965028103
    endloop
  endfacet
  facet normal 0 1 0
    outer loop
      vertex 8.613359494000463 10 22.6920296688083
      vertex 12.145709982445124 10 22.98080485353524
      vertex 12.730573435631246 10 22.049999999999997
    endloop
  endfacet
  facet normal 0 1 0
    outer loop
      vertex 11.618762208145261 10 16.451246627570047
      vertex 14.53581314550939 10 16.89092131278976
      vertex 14.658895818563348 10 15.798532375720434
    endloop
  endfacet
  facet normal 0 1 0
    outer loop
      vertex 11.455402968136429 10 17.31462097398669
      vertex 14.331440309072809 10 17.971057729157813
      vertex 14.53581314550939 10 16.89092131278976
    endloop
  endfacet
  facet normal 0 1 0
    outer loop
      vertex 11.227980467987152 10 18.16337329932813
      vertex 14.046920245056265 10 19.032901063840296
      vertex 14.331440309072809 10 17.971057729157813
    endloop
  endfacet
  facet normal 0.5320320765153392 3.65734829035457e-15 0.8467241992282825
    outer loop
      vertex 7.478181057706822 7.479388210307471 27.350031938926833
      vertex 7.758621011446881 7.1989482565674106 27.1738198369671
      vertex 7.450649152697919 8.105700033406128 27.367331381420218
    endloop
  endfacet
  facet normal 0.5320320765153294 -1.0318052924034264e-15 0.8467241992282887
    outer loop
      vertex 7.450649152697919 8.105700033406128 27.367331381420218
      vertex 7.758621011446881 7.1989482565674106 27.1738198369671
      vertex 7.35 10 27.430573435631246
    endloop
  endfacet
  facet normal 0.5938201855735005 -2.2449877284378566e-16 0.8045977797666691
    outer loop
      vertex 9.16530008732338 5.293134392947488 26.192922792280037
      vertex 8.280804853535242 10 26.845709982445122
      vertex 8.74491118736049 5.962179494545376 26.50318392009647
    endloop
  endfacet
  facet normal 0.5938201855735019 -1.0157654364116058e-18 0.8045977797666682
    outer loop
      vertex 8.74491118736049 5.962179494545376 26.50318392009647
      vertex 8.280804853535242 10 26.845709982445122
      vertex 8.280804853535242 6.591021246381075 26.845709982445122
    endloop
  endfacet
  facet normal 0.5320320765153415 1.4227790988900465e-15 0.8467241992282811
    outer loop
      vertex 7.758621011446881 7.1989482565674106 27.1738198369671
      vertex 8.274904410441627 6.599016062872835 26.84941747656696
      vertex 7.35 10 27.430573435631246
    endloop
  endfacet
  facet normal 0.5320320765152434 0 0.8467241992283426
    outer loop
      vertex 8.280804853535242 6.591021246381075 26.845709982445122
      vertex 8.280804853535242 10 26.845709982445122
      vertex 8.274904410441627 6.599016062872835 26.84941747656696
    endloop
  endfacet
  facet normal 0 1 0
    outer loop
      vertex 3.6360389693210715 10 26.987427367430357
      vertex 3.6360389693210715 10 28.068313550280582
      vertex 4.461295117781479 10 28.091033414534124
    endloop
  endfacet
  facet normal 0 1 0
    outer loop
      vertex 3.6360389693210715 10 28.068313550280582
      vertex 3.909093021319429 10 28.261391922079085
      vertex 4.461295117781479 10 28.091033414534124
    endloop
  endfacet
  facet normal 0 1 0
    outer loop
      vertex 3.6360389693210715 10 26.987427367430357
      vertex 4.461295117781479 10 28.091033414534124
      vertex 5.531402676717807 10 27.826259521972567
    endloop
  endfacet
  facet normal 0 1 0
    outer loop
      vertex 3.6360389693210715 10 26.987427367430357
      vertex 5.531402676717807 10 27.826259521972567
      vertex 5.556349186104047 10 27.8215329394946
    endloop
  endfacet
  facet normal 0 1 0
    outer loop
      vertex 3.444860687387983 10 26.871092593720167
      vertex 3.6360389693210715 10 26.987427367430357
      vertex 8.280804853535242 10 26.845709982445122
    endloop
  endfacet
  facet normal 0 1 0
    outer loop
      vertex 3.6360389693210715 10 26.987427367430357
      vertex 5.556349186104047 10 27.8215329394946
      vertex 6.378090965028106 10 27.94424235816556
    endloop
  endfacet
  facet normal 0.39989202431973814 0 0.9165622558699773
    outer loop
      vertex 6.378090965028106 9.178258221075941 27.94424235816556
      vertex 6.378090965028106 10 27.94424235816556
      vertex 5.556349186104047 10 28.302764631298157
    endloop
  endfacet
  facet normal 0 1 0
    outer loop
      vertex 3.6360389693210715 10 26.987427367430357
      vertex 6.378090965028106 10 27.94424235816556
      vertex 7.35 10 27.430573435631246
    endloop
  endfacet
  facet normal 0 1 0
    outer loop
      vertex 3.6360389693210715 10 26.987427367430357
      vertex 7.35 10 27.430573435631246
      vertex 8.280804853535242 10 26.845709982445122
    endloop
  endfacet
  facet normal 0 1 0
    outer loop
      vertex 5.556349186104047 10 27.8215329394946
      vertex 5.556349186104047 10 28.302764631298157
      vertex 6.378090965028106 10 27.94424235816556
    endloop
  endfacet
  facet normal 0.4672686282730638 0 0.8841153935046088
    outer loop
      vertex 7.35 8.206349186104047 27.430573435631246
      vertex 7.35 10 27.430573435631246
      vertex 6.378090965028106 10 27.94424235816556
    endloop
  endfacet
  facet normal 0.5320320765153433 -4.517114163882219e-19 0.8467241992282799
    outer loop
      vertex 7.450649152697919 8.105700033406128 27.367331381420218
      vertex 7.35 10 27.430573435631246
      vertex 7.35 8.206349186104047 27.430573435631246
    endloop
  endfacet
  facet normal 0.46726862827306387 1.0652967266659599e-17 0.8841153935046088
    outer loop
      vertex 7.35 8.206349186104047 27.430573435631246
      vertex 6.378090965028106 10 27.94424235816556
      vertex 6.378090965028106 9.178258221075941 27.94424235816556
    endloop
  endfacet
  facet normal 0 1 0
    outer loop
      vertex 9.16530008732338 10 26.192922792280037
      vertex 3.444860687387983 10 26.871092593720167
      vertex 8.280804853535242 10 26.845709982445122
    endloop
  endfacet
  facet normal 0.5320320765153371 -2.266404220054979e-16 0.8467241992282839
    outer loop
      vertex 8.274904410441627 6.599016062872835 26.84941747656696
      vertex 8.280804853535242 10 26.845709982445122
      vertex 7.35 10 27.430573435631246
    endloop
  endfacet
  facet normal 0.5938201855735014 0 0.8045977797666685
    outer loop
      vertex 9.16530008732338 5.293134392947488 26.192922792280037
      vertex 9.16530008732338 10 26.192922792280037
      vertex 8.280804853535242 10 26.845709982445122
    endloop
  endfacet
  facet normal 0.943883330308368 0 0.3302790619551661
    outer loop
      vertex -10.937766546569401 -10 10.40724296369486
      vertex -10.937766546569401 10 10.40724296369486
      vertex -11.227980467987154 -10 11.236626700671875
    endloop
  endfacet
  facet normal 0.8467241992282843 -1.214895588562995e-19 0.5320320765153362
    outer loop
      vertex -10.175798494467154 -10 8.825
      vertex -10 -10 8.545218298813515
      vertex -10 10 8.545218298813515
    endloop
  endfacet
  facet normal 0.8841153935046099 3.204262053511228e-19 0.46726862827306187
    outer loop
      vertex -10.586384197853423 -10 9.60186606536869
      vertex -10.175798494467154 -10 8.825
      vertex -10.175798494467154 10 8.825
    endloop
  endfacet
  facet normal 0.9165622558699756 0 0.3998920243197422
    outer loop
      vertex -10.586384197853423 -10 9.60186606536869
      vertex -10.586384197853423 10 9.60186606536869
      vertex -10.937766546569401 -10 10.40724296369486
    endloop
  endfacet
  facet normal 0.9659258262890681 0 0.2588190451025215
    outer loop
      vertex -11.227980467987154 -10 11.236626700671875
      vertex -11.227980467987154 10 11.236626700671875
      vertex -11.455402968136427 -10 12.085379026013303
    endloop
  endfacet
  facet normal 0.9825664732332884 0 0.18591160716291355
    outer loop
      vertex -11.455402968136427 -10 12.085379026013303
      vertex -11.455402968136427 10 12.085379026013303
      vertex -11.61876220814526 -10 12.948753372429948
    endloop
  endfacet
  facet normal 0.9937122098932425 0 0.11196447610330916
    outer loop
      vertex -11.61876220814526 -10 12.948753372429948
      vertex -11.61876220814526 10 12.948753372429948
      vertex -11.717144616878867 -10 13.821921400359516
    endloop
  endfacet
  facet normal 0.9993007047883986 0 0.03739119427632503
    outer loop
      vertex -11.717144616878867 -10 13.821921400359516
      vertex -11.717144616878867 10 13.821921400359516
      vertex -11.75 -10 14.7
    endloop
  endfacet
  facet normal 0.9993007047883986 0 -0.03739119427632503
    outer loop
      vertex -11.75 -10 14.7
      vertex -11.75 10 14.7
      vertex -11.717144616878867 -10 15.578078599640483
    endloop
  endfacet
  facet normal 0.9937122098932425 0 -0.11196447610330916
    outer loop
      vertex -11.717144616878867 -10 15.578078599640483
      vertex -11.717144616878867 10 15.578078599640483
      vertex -11.61876220814526 -10 16.45124662757005
    endloop
  endfacet
  facet normal 0.8467241992282846 4.153575758868242e-18 -0.5320320765153361
    outer loop
      vertex -10.175798494467154 -10 20.575
      vertex -9.70830559821294 -4.196963374206478 21.31901068224756
      vertex -9.70830559821294 -10 21.31901068224756
    endloop
  endfacet
  facet normal 0.8841153935046099 7.228112604448381e-17 -0.46726862827306187
    outer loop
      vertex -10.586384197853423 -10 19.79813393463131
      vertex -10.318637022532421 -2.355161564993632 20.304736314815802
      vertex -10.175798494467154 -10 20.575
    endloop
  endfacet
  facet normal 0.846724199228283 4.025804209882673e-16 -0.5320320765153383
    outer loop
      vertex -10.175798494467154 -10 20.575
      vertex -9.852367755650258 -3.8667694018939227 21.08973707210331
      vertex -9.70830559821294 -4.196963374206478 21.31901068224756
    endloop
  endfacet
  facet normal 0.8467241992282848 7.35430636619707e-17 -0.5320320765153355
    outer loop
      vertex -10.175798494467154 -10 20.575
      vertex -10.113782576440514 -3.1196887659650097 20.673697768139174
      vertex -9.852367755650258 -3.8667694018939227 21.08973707210331
    endloop
  endfacet
  facet normal 0.884115393504611 -1.1795722028367601e-16 -0.4672686282730596
    outer loop
      vertex -10.586384197853423 -10 19.79813393463131
      vertex -10.46578546476676 -1.5774633452086324 20.026317874034927
      vertex -10.318637022532421 -2.355161564993632 20.304736314815802
    endloop
  endfacet
  facet normal 0.884115393504609 0 -0.46726862827306354
    outer loop
      vertex -10.175798494467154 -10 20.575
      vertex -10.318637022532421 -2.355161564993632 20.304736314815802
      vertex -10.175798494467154 -2.8882422090115623 20.575
    endloop
  endfacet
  facet normal 0.8467241992282871 0 -0.5320320765153318
    outer loop
      vertex -10.175798494467154 -10 20.575
      vertex -10.175798494467154 -2.8882422090115623 20.575
      vertex -10.113782576440514 -3.1196887659650097 20.673697768139174
    endloop
  endfacet
  facet normal 0.8045977797666672 3.3182768441589092e-18 -0.5938201855735031
    outer loop
      vertex -9.70830559821294 -10 21.31901068224756
      vertex -9.186519918999348 -5.253198776533134 22.02600517184012
      vertex -9.186519918999348 -10 22.02600517184012
    endloop
  endfacet
  facet normal 0.7579717231454541 7.775001092685323e-18 -0.6522874112781198
    outer loop
      vertex -9.186519918999348 -10 22.02600517184012
      vertex -8.61335949400046 -6.140425709432465 22.692029668808303
      vertex -8.61335949400046 -10 22.692029668808303
    endloop
  endfacet
  facet normal 0.8045977797666676 -1.0935273049211873e-16 -0.5938201855735026
    outer loop
      vertex -9.70830559821294 -10 21.31901068224756
      vertex -9.535854497879203 -4.592225494820236 21.55267362570718
      vertex -9.186519918999348 -5.253198776533134 22.02600517184012
    endloop
  endfacet
  facet normal 0.7579717231454562 -7.13733504717675e-16 -0.6522874112781174
    outer loop
      vertex -9.186519918999348 -10 22.02600517184012
      vertex -8.74491118736049 -5.962179494545374 22.539163827808206
      vertex -8.61335949400046 -6.140425709432465 22.692029668808303
    endloop
  endfacet
  facet normal 0.7579717231454655 0 -0.6522874112781066
    outer loop
      vertex -9.186519918999348 -10 22.02600517184012
      vertex -9.186519918999348 -5.253198776533134 22.02600517184012
      vertex -9.166012873654498 -5.292 22.04983479085147
    endloop
  endfacet
  facet normal 0.7579717231454528 1.2871335164018667e-16 -0.6522874112781212
    outer loop
      vertex -9.186519918999348 -10 22.02600517184012
      vertex -9.166012873654498 -5.292 22.04983479085147
      vertex -8.74491118736049 -5.962179494545374 22.539163827808206
    endloop
  endfacet
  facet normal 0.8045977797666665 0 -0.5938201855735044
    outer loop
      vertex -9.70830559821294 -10 21.31901068224756
      vertex -9.70830559821294 -4.196963374206478 21.31901068224756
      vertex -9.535854497879203 -4.592225494820236 21.55267362570718
    endloop
  endfacet
  facet normal 0.9825664732332884 0 -0.18591160716291355
    outer loop
      vertex -11.61876220814526 -10 16.45124662757005
      vertex -11.61876220814526 10 16.45124662757005
      vertex -11.455402968136427 -10 17.314620973986695
    endloop
  endfacet
  facet normal 0.9659258262890681 0 -0.258819045102522
    outer loop
      vertex -11.455402968136427 -10 17.314620973986695
      vertex -11.455402968136427 10 17.314620973986695
      vertex -11.227980467987154 -10 18.16337329932812
    endloop
  endfacet
  facet normal 0.9438833303083681 0 -0.33027906195516543
    outer loop
      vertex -11.227980467987154 -10 18.16337329932812
      vertex -11.227980467987154 10 18.16337329932812
      vertex -10.937766546569401 -10 18.99275703630514
    endloop
  endfacet
  facet normal 0.9165622558699756 0 -0.3998920243197422
    outer loop
      vertex -10.937766546569401 -10 18.99275703630514
      vertex -10.937766546569401 10 18.99275703630514
      vertex -10.586384197853423 -10 19.79813393463131
    endloop
  endfacet
  facet normal 0.8841153935046032 4.019127229140389e-17 -0.4672686282730743
    outer loop
      vertex -10.586384197853423 -10 19.79813393463131
      vertex -10.584 0 19.802645057133077
      vertex -10.55440498936561 -0.7909433105187128 19.858641550134326
    endloop
  endfacet
  facet normal 0.8841153935046103 -7.241937680259055e-17 -0.4672686282730609
    outer loop
      vertex -10.586384197853423 -10 19.79813393463131
      vertex -10.55440498936561 -0.7909433105187128 19.858641550134326
      vertex -10.46578546476676 -1.5774633452086324 20.026317874034927
    endloop
  endfacet
  facet normal 0.7071067811865476 -4.044794313328947e-18 -0.7071067811865476
    outer loop
      vertex -8.61335949400046 -10 22.692029668808303
      vertex -7.9920296688083035 -6.927722476093366 23.31335949400046
      vertex -7.9920296688083035 -10 23.31335949400046
    endloop
  endfacet
  facet normal 0.6522874112781208 3.5707907797170364e-18 -0.7579717231454532
    outer loop
      vertex -7.9920296688083035 -10 23.31335949400046
      vertex -7.326005171840121 -7.631564096174172 23.886519918999348
      vertex -7.326005171840121 -10 23.886519918999348
    endloop
  endfacet
  facet normal 0.593820185573503 -1.6435903193317724e-15 -0.8045977797666674
    outer loop
      vertex -7.326005171840121 -10 23.886519918999348
      vertex -6.619010682247558 -8.257697649142795 24.408305598212937
      vertex -6.619010682247558 -10 24.40830559821294
    endloop
  endfacet
  facet normal 0.5320320765154364 -1.7265480031577167e-15 -0.8467241992282215
    outer loop
      vertex -6.619010682247558 -10 24.40830559821294
      vertex -6.619010682247558 -8.257697649142795 24.408305598212937
      vertex -6.599016062872837 -8.274904410441627 24.420869050249344
    endloop
  endfacet
  facet normal 0.5320320765153366 1.9748622900446123e-16 -0.8467241992282842
    outer loop
      vertex -6.619010682247558 -10 24.40830559821294
      vertex -5.962179494545374 -8.74491118736049 24.821019987422233
      vertex -5.875 -10 24.875798494467155
    endloop
  endfacet
  facet normal 0.5320320765153369 -1.1967347741073545e-16 -0.8467241992282839
    outer loop
      vertex -6.619010682247558 -10 24.40830559821294
      vertex -6.599016062872837 -8.274904410441627 24.420869050249344
      vertex -5.962179494545374 -8.74491118736049 24.821019987422233
    endloop
  endfacet
  facet normal 0.46726862827306037 0 -0.8841153935046107
    outer loop
      vertex -5.875 -10 24.875798494467155
      vertex -5.875 -8.799689694405412 24.875798494467155
      vertex -5.292 -9.166012873654498 25.18392299075416
    endloop
  endfacet
  facet normal 0.5320320765153347 0 -0.8467241992282853
    outer loop
      vertex -5.875 -10 24.875798494467155
      vertex -5.962179494545374 -8.74491118736049 24.821019987422233
      vertex -5.875 -8.799689694405412 24.875798494467155
    endloop
  endfacet
  facet normal 0.39989202431974386 7.791752353052517e-17 -0.9165622558699751
    outer loop
      vertex -5.098133934631309 -10 25.286384197853423
      vertex -4.292757036305139 -9.666511250684113 25.637766546569402
      vertex -4.292757036305139 -10 25.637766546569402
    endloop
  endfacet
  facet normal 0.4672686282730598 -1.674677115104436e-15 -0.8841153935046109
    outer loop
      vertex -5.875 -10 24.875798494467155
      vertex -5.098133934631306 -9.268474080753766 25.286384197853423
      vertex -5.098133934631309 -10 25.286384197853423
    endloop
  endfacet
  facet normal 0.46726862827305515 4.5760911813023616e-15 -0.8841153935046134
    outer loop
      vertex -5.875 -10 24.875798494467155
      vertex -5.292 -9.166012873654498 25.18392299075416
      vertex -5.098133934631306 -9.268474080753766 25.286384197853423
    endloop
  endfacet
  facet normal 0.3998920243197418 -1.4565805128694518e-15 -0.9165622558699758
    outer loop
      vertex -5.098133934631309 -10 25.286384197853423
      vertex -5.098133934631306 -9.268474080753766 25.286384197853423
      vertex -4.592225494820236 -9.535854497879203 25.50710979376449
    endloop
  endfacet
  facet normal 0.3998920243197464 -7.406623888058486e-15 -0.9165622558699738
    outer loop
      vertex -5.098133934631309 -10 25.286384197853423
      vertex -4.592225494820236 -9.535854497879203 25.50710979376449
      vertex -4.292757036305139 -9.666511250684113 25.637766546569402
    endloop
  endfacet
  facet normal 0.33027906195516576 0 -0.9438833303083679
    outer loop
      vertex -4.292757036305139 -10 25.637766546569402
      vertex -4.292757036305139 -9.666511250684113 25.637766546569402
      vertex -3.8667694018939227 -9.852367755650258 25.786826066724156
    endloop
  endfacet
  facet normal 0.3302790619551664 -1.8958005401341285e-15 -0.9438833303083679
    outer loop
      vertex -4.292757036305139 -10 25.637766546569402
      vertex -3.8667694018939227 -9.852367755650258 25.786826066724156
      vertex -3.463373299328124 -10 25.927980467987155
    endloop
  endfacet
  facet normal 0.33027906195516665 -2.7271072768668227e-16 -0.9438833303083678
    outer loop
      vertex -3.8667694018939227 -9.852367755650258 25.786826066724156
      vertex -3.463373299328124 -9.993522156913256 25.927980467987155
      vertex -3.463373299328124 -10 25.927980467987155
    endloop
  endfacet
  facet normal 0.25881904510260595 0 -0.9659258262890456
    outer loop
      vertex -3.463373299328124 -10 25.927980467987155
      vertex -3.463373299328124 -9.993522156913256 25.927980467987155
      vertex -3.44486068738798 -10 25.93294090740631
    endloop
  endfacet
  facet normal 0.7071067811865458 7.353938267972555e-16 -0.7071067811865493
    outer loop
      vertex -8.61335949400046 -10 22.692029668808303
      vertex -8.274904410441627 -6.599016062872837 23.030484752367137
      vertex -7.9920296688083035 -6.927722476093366 23.31335949400046
    endloop
  endfacet
  facet normal 0.6522874112781205 1.4677127553758747e-16 -0.7579717231454536
    outer loop
      vertex -7.9920296688083035 -10 23.31335949400046
      vertex -7.758621011446881 -7.198948256567411 23.514223885416506
      vertex -7.326005171840121 -7.631564096174172 23.886519918999348
    endloop
  endfacet
  facet normal 0.6522874112781215 0 -0.7579717231454527
    outer loop
      vertex -7.9920296688083035 -10 23.31335949400046
      vertex -7.9920296688083035 -6.927722476093366 23.31335949400046
      vertex -7.758621011446881 -7.198948256567411 23.514223885416506
    endloop
  endfacet
  facet normal 0.7071067811865493 0 -0.7071067811865456
    outer loop
      vertex -8.61335949400046 -10 22.692029668808303
      vertex -8.61335949400046 -6.140425709432465 22.692029668808303
      vertex -8.274904410441627 -6.599016062872837 23.030484752367137
    endloop
  endfacet
  facet normal 0.5938201855734965 0 -0.804597779766672
    outer loop
      vertex -7.326005171840121 -10 23.886519918999348
      vertex -7.326005171840121 -7.631564096174172 23.886519918999348
      vertex -7.198948256567411 -7.758621011446881 23.980292189943864
    endloop
  endfacet
  facet normal 0.5938201855735009 -3.866257073021616e-16 -0.8045977797666688
    outer loop
      vertex -7.326005171840121 -10 23.886519918999348
      vertex -7.198948256567411 -7.758621011446881 23.980292189943864
      vertex -6.619010682247558 -8.257697649142795 24.408305598212937
    endloop
  endfacet
  facet normal 0.8841153935046099 0 0.46726862827306187
    outer loop
      vertex -10.586384197853423 -10 9.60186606536869
      vertex -10.175798494467154 10 8.825
      vertex -10.586384197853423 10 9.60186606536869
    endloop
  endfacet
  facet normal 0.8467241992282843 0 0.5320320765153362
    outer loop
      vertex -10.175798494467154 -10 8.825
      vertex -10 10 8.545218298813515
      vertex -10.175798494467154 10 8.825
    endloop
  endfacet
  facet normal 0.9165622558699756 0 0.3998920243197422
    outer loop
      vertex -10.937766546569401 -10 10.40724296369486
      vertex -10.586384197853423 10 9.60186606536869
      vertex -10.937766546569401 10 10.40724296369486
    endloop
  endfacet
  facet normal 0.943883330308368 0 0.3302790619551661
    outer loop
      vertex -11.227980467987154 -10 11.236626700671875
      vertex -10.937766546569401 10 10.40724296369486
      vertex -11.227980467987154 10 11.236626700671875
    endloop
  endfacet
  facet normal 0.9659258262890681 0 0.2588190451025215
    outer loop
      vertex -11.455402968136427 -10 12.085379026013303
      vertex -11.227980467987154 10 11.236626700671875
      vertex -11.455402968136427 10 12.085379026013303
    endloop
  endfacet
  facet normal 0.9825664732332884 0 0.18591160716291355
    outer loop
      vertex -11.61876220814526 -10 12.948753372429948
      vertex -11.455402968136427 10 12.085379026013303
      vertex -11.61876220814526 10 12.948753372429948
    endloop
  endfacet
  facet normal 0.9937122098932425 0 0.11196447610330916
    outer loop
      vertex -11.717144616878867 -10 13.821921400359516
      vertex -11.61876220814526 10 12.948753372429948
      vertex -11.717144616878867 10 13.821921400359516
    endloop
  endfacet
  facet normal 0.9993007047883986 0 0.03739119427632503
    outer loop
      vertex -11.75 -10 14.7
      vertex -11.717144616878867 10 13.821921400359516
      vertex -11.75 10 14.7
    endloop
  endfacet
  facet normal 0.9993007047883986 0 -0.03739119427632503
    outer loop
      vertex -11.717144616878867 -10 15.578078599640483
      vertex -11.75 10 14.7
      vertex -11.717144616878867 10 15.578078599640483
    endloop
  endfacet
  facet normal 0.9937122098932425 0 -0.11196447610330916
    outer loop
      vertex -11.61876220814526 -10 16.45124662757005
      vertex -11.717144616878867 10 15.578078599640483
      vertex -11.61876220814526 10 16.45124662757005
    endloop
  endfacet
  facet normal 0.9825664732332884 0 -0.18591160716291355
    outer loop
      vertex -11.455402968136427 -10 17.314620973986695
      vertex -11.61876220814526 10 16.45124662757005
      vertex -11.455402968136427 10 17.314620973986695
    endloop
  endfacet
  facet normal 0.9659258262890681 0 -0.258819045102522
    outer loop
      vertex -11.227980467987154 -10 18.16337329932812
      vertex -11.455402968136427 10 17.314620973986695
      vertex -11.227980467987154 10 18.16337329932812
    endloop
  endfacet
  facet normal 0.9438833303083681 0 -0.33027906195516543
    outer loop
      vertex -10.937766546569401 -10 18.99275703630514
      vertex -11.227980467987154 10 18.16337329932812
      vertex -10.937766546569401 10 18.99275703630514
    endloop
  endfacet
  facet normal 0.8841153935046401 0 -0.4672686282730047
    outer loop
      vertex -10.586384197853423 -10 19.79813393463131
      vertex -10.586384197853423 10 19.79813393463131
      vertex -10.584 0 19.802645057133077
    endloop
  endfacet
  facet normal 0.9165622558699756 0 -0.3998920243197422
    outer loop
      vertex -10.586384197853423 -10 19.79813393463131
      vertex -10.937766546569401 10 18.99275703630514
      vertex -10.586384197853423 10 19.79813393463131
    endloop
  endfacet
  facet normal 0.8841153935046032 -4.019957500661394e-17 -0.4672686282730743
    outer loop
      vertex -10.584 0 19.802645057133077
      vertex -10.586384197853423 10 19.79813393463131
      vertex -10.55440498936561 0.7909433105187128 19.858641550134326
    endloop
  endfacet
  facet normal 0.8841153935046103 7.216481089964055e-17 -0.4672686282730609
    outer loop
      vertex -10.55440498936561 0.7909433105187128 19.858641550134326
      vertex -10.586384197853423 10 19.79813393463131
      vertex -10.46578546476676 1.5774633452086324 20.026317874034927
    endloop
  endfacet
  facet normal 0.8841153935046111 1.1824146544037931e-16 -0.46726862827305954
    outer loop
      vertex -10.46578546476676 1.5774633452086324 20.026317874034927
      vertex -10.586384197853423 10 19.79813393463131
      vertex -10.318637022532421 2.355161564993632 20.304736314815802
    endloop
  endfacet
  facet normal 0.8841153935046091 -1.8682714085389854e-16 -0.4672686282730631
    outer loop
      vertex -10.318637022532421 2.355161564993632 20.304736314815802
      vertex -10.586384197853423 10 19.79813393463131
      vertex -10.175798494467154 2.8882422090115623 20.575
    endloop
  endfacet
  facet normal 0.8467241992282871 0 -0.5320320765153318
    outer loop
      vertex -10.175798494467154 2.8882422090115623 20.575
      vertex -10.175798494467154 10 20.575
      vertex -10.113782576440514 3.1196887659650097 20.673697768139174
    endloop
  endfacet
  facet normal 0.8467241992282848 -7.400899388785398e-17 -0.5320320765153356
    outer loop
      vertex -10.113782576440514 3.1196887659650097 20.673697768139174
      vertex -10.175798494467154 10 20.575
      vertex -9.852367755650258 3.8667694018939227 21.08973707210331
    endloop
  endfacet
  facet normal 0.846724199228283 -3.9948423565611545e-16 -0.5320320765153383
    outer loop
      vertex -9.852367755650258 3.8667694018939227 21.08973707210331
      vertex -10.175798494467154 10 20.575
      vertex -9.70830559821294 4.196963374206478 21.31901068224756
    endloop
  endfacet
  facet normal 0.8841153935046098 0 -0.4672686282730619
    outer loop
      vertex -10.175798494467154 2.8882422090115623 20.575
      vertex -10.586384197853423 10 19.79813393463131
      vertex -10.175798494467154 10 20.575
    endloop
  endfacet
  facet normal 0.8467241992282846 0 -0.5320320765153361
    outer loop
      vertex -9.70830559821294 4.196963374206478 21.31901068224756
      vertex -10.175798494467154 10 20.575
      vertex -9.70830559821294 10 21.31901068224756
    endloop
  endfacet
  facet normal 0.8045977797666665 0 -0.5938201855735044
    outer loop
      vertex -9.70830559821294 4.196963374206478 21.31901068224756
      vertex -9.70830559821294 10 21.31901068224756
      vertex -9.535854497879203 4.592225494820236 21.55267362570718
    endloop
  endfacet
  facet normal 0.8045977797666676 1.0848492994331061e-16 -0.5938201855735026
    outer loop
      vertex -9.535854497879203 4.592225494820236 21.55267362570718
      vertex -9.70830559821294 10 21.31901068224756
      vertex -9.186519918999348 5.253198776533134 22.02600517184012
    endloop
  endfacet
  facet normal 0.7579717231454655 0 -0.6522874112781066
    outer loop
      vertex -9.186519918999348 5.253198776533134 22.02600517184012
      vertex -9.186519918999348 10 22.02600517184012
      vertex -9.166012873654498 5.292 22.04983479085147
    endloop
  endfacet
  facet normal 0.7579717231454528 -1.2886269972980766e-16 -0.6522874112781212
    outer loop
      vertex -9.166012873654498 5.292 22.04983479085147
      vertex -9.186519918999348 10 22.02600517184012
      vertex -8.74491118736049 5.962179494545374 22.539163827808206
    endloop
  endfacet
  facet normal 0.7579717231454561 6.983159650338202e-16 -0.6522874112781176
    outer loop
      vertex -8.74491118736049 5.962179494545374 22.539163827808206
      vertex -9.186519918999348 10 22.02600517184012
      vertex -8.61335949400046 6.140425709432465 22.692029668808303
    endloop
  endfacet
  facet normal 0.8045977797666672 0 -0.5938201855735031
    outer loop
      vertex -9.186519918999348 5.253198776533134 22.02600517184012
      vertex -9.70830559821294 10 21.31901068224756
      vertex -9.186519918999348 10 22.02600517184012
    endloop
  endfacet
  facet normal 0.7579717231454541 7.775001092685323e-18 -0.6522874112781198
    outer loop
      vertex -9.186519918999348 10 22.02600517184012
      vertex -8.61335949400046 10 22.692029668808303
      vertex -8.61335949400046 6.140425709432465 22.692029668808303
    endloop
  endfacet
  facet normal 0.7071067811865493 0 -0.7071067811865456
    outer loop
      vertex -8.61335949400046 6.140425709432465 22.692029668808303
      vertex -8.61335949400046 10 22.692029668808303
      vertex -8.274904410441627 6.599016062872837 23.030484752367137
    endloop
  endfacet
  facet normal 0.7071067811865458 -7.279557629604112e-16 -0.7071067811865493
    outer loop
      vertex -8.274904410441627 6.599016062872837 23.030484752367137
      vertex -8.61335949400046 10 22.692029668808303
      vertex -7.9920296688083035 6.927722476093366 23.31335949400046
    endloop
  endfacet
  facet normal 0.6522874112781161 3.80281327396698e-16 -0.7579717231454574
    outer loop
      vertex -7.9920296688083035 6.927722476093366 23.31335949400046
      vertex -7.944481229690194 9.429388610538782 23.35427823452281
      vertex -7.872935772730641 7.066112094021469 23.41584807873176
    endloop
  endfacet
  facet normal 0.5938201855734965 0 -0.804597779766672
    outer loop
      vertex -7.326005171840121 7.631564096174172 23.886519918999348
      vertex -7.326005171840121 10 23.886519918999348
      vertex -7.198948256567411 7.758621011446881 23.980292189943864
    endloop
  endfacet
  facet normal 0.5938201855735026 7.347019964482724e-16 -0.8045977797666676
    outer loop
      vertex -7.198948256567411 7.758621011446881 23.980292189943864
      vertex -6.619010682247558 10 24.40830559821294
      vertex -6.619010682247561 8.257697649142793 24.408305598212937
    endloop
  endfacet
  facet normal 0.7071067811865476 0 -0.7071067811865476
    outer loop
      vertex -7.9920296688083035 6.927722476093366 23.31335949400046
      vertex -8.61335949400046 10 22.692029668808303
      vertex -7.9920296688083035 10 23.31335949400046
    endloop
  endfacet
  facet normal 0.6522874112781277 0 -0.7579717231454474
    outer loop
      vertex -7.9920296688083035 6.927722476093366 23.31335949400046
      vertex -7.9920296688083035 10 23.31335949400046
      vertex -7.944481229690194 9.429388610538782 23.35427823452281
    endloop
  endfacet
  facet normal 0.6522874112781207 -9.920833078345008e-16 -0.7579717231454531
    outer loop
      vertex -7.944481229690194 9.429388610538782 23.35427823452281
      vertex -7.9920296688083035 10 23.31335949400046
      vertex -7.326005171840121 10 23.886519918999348
    endloop
  endfacet
  facet normal 0.593820185573503 5.629826379690892e-16 -0.8045977797666674
    outer loop
      vertex -7.198948256567411 7.758621011446881 23.980292189943864
      vertex -7.326005171840121 10 23.886519918999348
      vertex -6.619010682247558 10 24.40830559821294
    endloop
  endfacet
  facet normal 0.532032076515386 9.129014933254465e-16 -0.846724199228253
    outer loop
      vertex -6.619010682247561 8.257697649142793 24.408305598212937
      vertex -6.619010682247558 10 24.40830559821294
      vertex -6.599016062872837 8.274904410441627 24.420869050249344
    endloop
  endfacet
  facet normal 0.5320320765153354 9.11028033431744e-17 -0.8467241992282851
    outer loop
      vertex -6.599016062872837 8.274904410441627 24.420869050249344
      vertex -6.619010682247558 10 24.40830559821294
      vertex -5.962179494545377 8.744911187360488 24.82101998742223
    endloop
  endfacet
  facet normal 0.5320320765153443 7.0697284396981985e-15 -0.8467241992282792
    outer loop
      vertex -6.619010682247558 10 24.40830559821294
      vertex -5.875 8.799689694405412 24.875798494467155
      vertex -5.962179494545377 8.744911187360488 24.82101998742223
    endloop
  endfacet
  facet normal 0.5320320765153365 -5.1764219572538074e-18 -0.8467241992282841
    outer loop
      vertex -6.619010682247558 10 24.40830559821294
      vertex -5.875 10 24.875798494467155
      vertex -5.875 8.799689694405412 24.875798494467155
    endloop
  endfacet
  facet normal 0.46726862827306037 0 -0.8841153935046107
    outer loop
      vertex -5.875 8.799689694405412 24.875798494467155
      vertex -5.875 10 24.875798494467155
      vertex -5.292 9.166012873654498 25.18392299075416
    endloop
  endfacet
  facet normal 0.46726862827305987 -4.694671227859552e-16 -0.884115393504611
    outer loop
      vertex -5.875 10 24.875798494467155
      vertex -5.098133934631309 10 25.286384197853423
      vertex -5.292 9.166012873654498 25.18392299075416
    endloop
  endfacet
  facet normal 0.46726862827305826 -6.867344258626745e-18 -0.8841153935046118
    outer loop
      vertex -5.292 9.166012873654498 25.18392299075416
      vertex -5.098133934631309 10 25.286384197853423
      vertex -5.098133934631309 9.268474080753762 25.286384197853423
    endloop
  endfacet
  facet normal 0.3998920243197391 0 -0.916562255869977
    outer loop
      vertex -5.098133934631309 9.268474080753762 25.286384197853423
      vertex -5.098133934631309 10 25.286384197853423
      vertex -4.622036928653671 9.52009869507728 25.494103198143538
    endloop
  endfacet
  facet normal 0.39989202431974213 3.5994368995944e-15 -0.9165622558699756
    outer loop
      vertex -4.622036928653671 9.52009869507728 25.494103198143538
      vertex -5.098133934631309 10 25.286384197853423
      vertex -4.292757036305142 9.849378587425809 25.6377665465694
    endloop
  endfacet
  facet normal 0.39989202431974386 1.4489087212020675e-14 -0.916562255869975
    outer loop
      vertex -5.098133934631309 10 25.286384197853423
      vertex -4.292757036305139 10 25.637766546569402
      vertex -4.292757036305142 9.849378587425809 25.6377665465694
    endloop
  endfacet
  facet normal 0.33027906195515894 1.642068661145994e-14 -0.9438833303083705
    outer loop
      vertex -4.292757036305142 9.849378587425809 25.6377665465694
      vertex -4.292757036305139 10 25.637766546569402
      vertex -4.142135623730951 10 25.69047125832558
    endloop
  endfacet
  facet normal -0.3302790619551701 -5.841685613054637e-15 -0.9438833303083666
    outer loop
      vertex 4.142135623730952 -10 25.69047125832558
      vertex 4.292757036305142 -9.849378587425809 25.6377665465694
      vertex 4.292757036305145 -10 25.6377665465694
    endloop
  endfacet
  facet normal -0.3998920243197427 -7.074202667619637e-15 -0.9165622558699754
    outer loop
      vertex 4.292757036305145 -10 25.6377665465694
      vertex 4.292757036305142 -9.849378587425809 25.6377665465694
      vertex 5.098133934631309 -10 25.286384197853423
    endloop
  endfacet
  facet normal -0.39989202431974225 -4.5050146494455595e-15 -0.9165622558699756
    outer loop
      vertex 4.292757036305142 -9.849378587425809 25.6377665465694
      vertex 4.62203692865367 -9.520098695077282 25.494103198143538
      vertex 5.098133934631309 -10 25.286384197853423
    endloop
  endfacet
  facet normal -0.3998920243197384 0 -0.9165622558699773
    outer loop
      vertex 5.098133934631309 -10 25.286384197853423
      vertex 4.62203692865367 -9.520098695077282 25.494103198143538
      vertex 5.098133934631309 -9.268474080753764 25.286384197853423
    endloop
  endfacet
  facet normal -0.4672686282730584 0 -0.8841153935046118
    outer loop
      vertex 5.098133934631309 -10 25.286384197853423
      vertex 5.098133934631309 -9.268474080753764 25.286384197853423
      vertex 5.292 -9.166012873654498 25.18392299075416
    endloop
  endfacet
  facet normal -0.46726862827305987 4.542627286788231e-16 -0.884115393504611
    outer loop
      vertex 5.098133934631309 -10 25.286384197853423
      vertex 5.292 -9.166012873654498 25.18392299075416
      vertex 5.875 -10 24.875798494467155
    endloop
  endfacet
  facet normal -0.46726862827306037 -2.0646202010538177e-18 -0.8841153935046107
    outer loop
      vertex 5.292 -9.166012873654498 25.18392299075416
      vertex 5.875 -8.799689694405412 24.875798494467155
      vertex 5.875 -10 24.875798494467155
    endloop
  endfacet
  facet normal -0.5320320765153365 0 -0.8467241992282841
    outer loop
      vertex 5.875 -10 24.875798494467155
      vertex 5.875 -8.799689694405412 24.875798494467155
      vertex 6.619010682247558 -10 24.40830559821294
    endloop
  endfacet
  facet normal -0.5320320765153352 1.173060259230844e-15 -0.846724199228285
    outer loop
      vertex 5.962179494545374 -8.74491118736049 24.821019987422233
      vertex 6.619010682247558 -10 24.40830559821294
      vertex 5.875 -8.799689694405412 24.875798494467155
    endloop
  endfacet
  facet normal -0.532032076515336 5.481404100699297e-16 -0.8467241992282845
    outer loop
      vertex 5.962179494545374 -8.74491118736049 24.821019987422233
      vertex 6.599016062872834 -8.274904410441628 24.420869050249348
      vertex 6.619010682247558 -10 24.40830559821294
    endloop
  endfacet
  facet normal -0.6522874112781208 -3.790361766996352e-16 -0.7579717231454532
    outer loop
      vertex 7.326005171840118 -10 23.88651991899935
      vertex 7.758621011446884 -7.198948256567408 23.514223885416502
      vertex 7.9920296688083 -10 23.313359494000462
    endloop
  endfacet
  facet normal -0.7071067811865476 -2.0442065490063975e-16 -0.7071067811865476
    outer loop
      vertex 7.9920296688083 -10 23.313359494000462
      vertex 7.992029668808303 -6.927722476093366 23.31335949400046
      vertex 8.613359494000463 -10 22.6920296688083
    endloop
  endfacet
  facet normal -0.5320320765153528 2.712155032774273e-16 -0.8467241992282738
    outer loop
      vertex 6.619010682247558 -10 24.40830559821294
      vertex 6.599016062872834 -8.274904410441628 24.420869050249348
      vertex 6.619010682247559 -8.257697649142793 24.40830559821294
    endloop
  endfacet
  facet normal -0.5938201855735022 -5.029919605712376e-16 -0.8045977797666679
    outer loop
      vertex 7.326005171840118 -10 23.88651991899935
      vertex 6.619010682247558 -10 24.40830559821294
      vertex 7.198948256567408 -7.758621011446884 23.980292189943867
    endloop
  endfacet
  facet normal -0.652287411278119 -8.923648317480435e-16 -0.757971723145455
    outer loop
      vertex 7.326005171840118 -10 23.88651991899935
      vertex 7.3260051718401185 -7.6315640961741735 23.886519918999348
      vertex 7.758621011446884 -7.198948256567408 23.514223885416502
    endloop
  endfacet
  facet normal -0.6522874112781204 -3.107836759912436e-16 -0.7579717231454537
    outer loop
      vertex 7.9920296688083 -10 23.313359494000462
      vertex 7.758621011446884 -7.198948256567408 23.514223885416502
      vertex 7.992029668808303 -6.927722476093366 23.31335949400046
    endloop
  endfacet
  facet normal -0.7071067811865465 1.9128552064734085e-16 -0.7071067811865485
    outer loop
      vertex 8.613359494000463 -10 22.6920296688083
      vertex 7.992029668808303 -6.927722476093366 23.31335949400046
      vertex 8.274904410441628 -6.599016062872834 23.030484752367133
    endloop
  endfacet
  facet normal -0.7071067811865475 0 -0.7071067811865475
    outer loop
      vertex 8.613359494000463 -10 22.6920296688083
      vertex 8.274904410441628 -6.599016062872834 23.030484752367133
      vertex 8.613359494000463 -6.14042570943246 22.6920296688083
    endloop
  endfacet
  facet normal -0.5938201855735042 3.0271340318700833e-16 -0.8045977797666662
    outer loop
      vertex 6.619010682247558 -10 24.40830559821294
      vertex 6.619010682247559 -8.257697649142793 24.40830559821294
      vertex 7.198948256567408 -7.758621011446884 23.980292189943867
    endloop
  endfacet
  facet normal -0.5938201855735078 -9.842306732199635e-16 -0.8045977797666638
    outer loop
      vertex 7.326005171840118 -10 23.88651991899935
      vertex 7.198948256567408 -7.758621011446884 23.980292189943867
      vertex 7.3260051718401185 -7.6315640961741735 23.886519918999348
    endloop
  endfacet
  facet normal -0.9937122098932427 -2.7328524314773893e-16 -0.1119644761033081
    outer loop
      vertex 11.70372883386974 -10 15.697146967085425
      vertex 11.618762208145261 -10 16.451246627570047
      vertex 11.700747548756599 -6.666666666666636 15.72360660429541
    endloop
  endfacet
  facet normal -0.9165622558699759 -1.4561939886838137e-16 0.3998920243197416
    outer loop
      vertex 10.586384197853425 -10 9.601866065368691
      vertex 10.698187672444872 -10 9.858122351199745
      vertex 10.674229785032418 -5.000000000000013 9.803210289950233
    endloop
  endfacet
  facet normal -0.8467241992282843 1.214895588562995e-19 0.5320320765153362
    outer loop
      vertex 10 -10 8.545218298813515
      vertex 10.175798494467154 -10 8.825
      vertex 10.175798494467154 10 8.825
    endloop
  endfacet
  facet normal -0.8841153935046095 -3.2530139472963317e-19 0.46726862827306265
    outer loop
      vertex 10.175798494467154 -10 8.825
      vertex 10.586384197853425 -10 9.601866065368691
      vertex 10.586384197853425 10 9.601866065368691
    endloop
  endfacet
  facet normal -0.9165622558699772 0 0.3998920243197385
    outer loop
      vertex 10.586384197853425 -10 9.601866065368691
      vertex 10.674229785032418 -5.000000000000013 9.803210289950233
      vertex 10.586384197853425 10 9.601866065368691
    endloop
  endfacet
  facet normal -0.965925826289068 -8.701381428079195e-18 0.25881904510252196
    outer loop
      vertex 11.227980467987152 -10 11.23662670067187
      vertex 11.33652302487658 -10 11.641713037766651
      vertex 11.346860411247 10 11.680292688918529
    endloop
  endfacet
  facet normal -0.9937122098932425 5.925579661566464e-21 0.11196447610330836
    outer loop
      vertex 11.700933879076171 -10 13.678047123030213
      vertex 11.717144616878867 -10 13.821921400359514
      vertex 11.717144616878867 10 13.821921400359514
    endloop
  endfacet
  facet normal -0.9993007047883986 2.080419878542015e-17 0.03739119427632447
    outer loop
      vertex 11.717144616878867 -10 13.821921400359514
      vertex 11.748506573494494 -10 14.660087336379977
      vertex 11.75 10 14.7
    endloop
  endfacet
  facet normal -0.8467241992282843 -4.153575758868242e-18 -0.5320320765153361
    outer loop
      vertex 10.175798494467154 -10 20.575
      vertex 9.70830559821294 -10 21.31901068224756
      vertex 9.70830559821294 -4.1969633742064785 21.31901068224756
    endloop
  endfacet
  facet normal -0.8841153935046102 -1.4809185867912567e-19 -0.4672686282730612
    outer loop
      vertex 10.194461480984712 -10 20.539687906119603
      vertex 10.175798494467154 -10 20.575
      vertex 10.175798494467154 -2.888242209011561 20.575
    endloop
  endfacet
  facet normal -0.8467241992282856 -3.07804240416074e-16 -0.5320320765153344
    outer loop
      vertex 10.175798494467154 -10 20.575
      vertex 9.70830559821294 -4.1969633742064785 21.31901068224756
      vertex 9.852367755650256 -3.866769401893928 21.08973707210331
    endloop
  endfacet
  facet normal -0.8467241992282846 -1.3902836507281143e-16 -0.5320320765153358
    outer loop
      vertex 10.175798494467154 -10 20.575
      vertex 9.852367755650256 -3.866769401893928 21.08973707210331
      vertex 10.113782576440512 -3.119688765965014 20.673697768139174
    endloop
  endfacet
  facet normal -0.8467241992282803 0 -0.5320320765153427
    outer loop
      vertex 10.175798494467154 -10 20.575
      vertex 10.113782576440512 -3.119688765965014 20.673697768139174
      vertex 10.175798494467154 -2.888242209011561 20.575
    endloop
  endfacet
  facet normal -0.804597779766669 -4.444410028389617e-16 -0.5938201855735005
    outer loop
      vertex 9.186519918999352 -10 22.02600517184012
      vertex 9.186519918999352 -5.253198776533128 22.026005171840115
      vertex 9.70830559821294 -10 21.31901068224756
    endloop
  endfacet
  facet normal -0.7579717231454524 0 -0.6522874112781217
    outer loop
      vertex 8.613359494000463 -10 22.6920296688083
      vertex 8.613359494000463 -6.14042570943246 22.6920296688083
      vertex 9.186519918999352 -10 22.02600517184012
    endloop
  endfacet
  facet normal -0.7579717231454506 6.303616268707955e-16 -0.652287411278124
    outer loop
      vertex 8.613359494000463 -6.14042570943246 22.6920296688083
      vertex 8.74491118736049 -5.962179494545374 22.53916382780821
      vertex 9.186519918999352 -10 22.02600517184012
    endloop
  endfacet
  facet normal -0.7579717231454574 -4.882004321353492e-16 -0.6522874112781162
    outer loop
      vertex 9.186519918999352 -10 22.02600517184012
      vertex 9.166012873654498 -5.292 22.04983479085147
      vertex 9.186519918999352 -5.253198776533128 22.026005171840115
    endloop
  endfacet
  facet normal -0.7579717231454548 -4.629876694656968e-16 -0.652287411278119
    outer loop
      vertex 9.186519918999352 -10 22.02600517184012
      vertex 8.74491118736049 -5.962179494545374 22.53916382780821
      vertex 9.166012873654498 -5.292 22.04983479085147
    endloop
  endfacet
  facet normal -0.8045977797666684 -1.7065024146259568e-16 -0.5938201855735017
    outer loop
      vertex 9.70830559821294 -10 21.31901068224756
      vertex 9.186519918999352 -5.253198776533128 22.026005171840115
      vertex 9.535854497879203 -4.592225494820236 21.55267362570718
    endloop
  endfacet
  facet normal -0.8045977797666664 0 -0.5938201855735042
    outer loop
      vertex 9.70830559821294 -10 21.31901068224756
      vertex 9.535854497879203 -4.592225494820236 21.55267362570718
      vertex 9.70830559821294 -4.1969633742064785 21.31901068224756
    endloop
  endfacet
  facet normal -0.9165622558699753 5.70916488101573e-17 -0.3998920243197432
    outer loop
      vertex 10.770061334682229 -10 19.37714146505172
      vertex 10.754089409740594 10 19.41374950588473
      vertex 10.9377665465694 -10 18.992757036305143
    endloop
  endfacet
  facet normal -0.8841153935046107 1.8633113729470684e-15 -0.46726862827306037
    outer loop
      vertex 10.175798494467154 -2.888242209011561 20.575
      vertex 10.318637022532423 -2.355161564993627 20.3047363148158
      vertex 10.330705838832925 -2.6997558659736476 20.281900999909062
    endloop
  endfacet
  facet normal -0.8841153935046105 1.907469847765998e-15 -0.46726862827306065
    outer loop
      vertex 10.330705838832925 -2.6997558659736476 20.281900999909062
      vertex 10.318637022532423 -2.355161564993627 20.3047363148158
      vertex 10.339161450337524 -2.2466873553875675 20.265902202128995
    endloop
  endfacet
  facet normal -0.9825664732332884 2.713776897986598e-19 -0.1859116071629143
    outer loop
      vertex 11.618762208145261 -10 16.451246627570047
      vertex 11.455402968136429 -10 17.31462097398669
      vertex 11.455402968136429 10 17.31462097398669
    endloop
  endfacet
  facet normal -0.965925826289067 1.0739660536634469e-16 -0.25881904510252507
    outer loop
      vertex 11.455402968136429 -10 17.31462097398669
      vertex 11.346860411247 -10 17.719707311081464
      vertex 11.33652302487658 10 17.75828696223335
    endloop
  endfacet
  facet normal -0.9937122098932426 0 -0.11196447610330684
    outer loop
      vertex 11.618762208145261 -10 16.451246627570047
      vertex 11.618762208145261 10 16.451246627570047
      vertex 11.700747548756599 -6.666666666666636 15.72360660429541
    endloop
  endfacet
  facet normal -0.9438833303083674 7.349300574296653e-19 -0.33027906195516715
    outer loop
      vertex 11.227980467987154 -10 18.163373299328125
      vertex 10.9377665465694 -10 18.992757036305143
      vertex 10.9377665465694 10 18.992757036305143
    endloop
  endfacet
  facet normal -0.7071067811865457 -3.416134618146777e-30 -0.7071067811865493
    outer loop
      vertex 8.61335949400046 6.140425709432465 22.692029668808303
      vertex 8.274904410441627 6.599016062872835 23.030484752367133
      vertex 8.613359494000463 10 22.6920296688083
    endloop
  endfacet
  facet normal -0.6522874112781206 0 -0.7579717231454535
    outer loop
      vertex 7.9920296688083 6.9277224760933676 23.313359494000462
      vertex 7.758621011446881 7.1989482565674106 23.514223885416506
      vertex 7.9920296688083 10 23.313359494000462
    endloop
  endfacet
  facet normal -0.652287411278121 4.2986752773440017e-17 -0.7579717231454532
    outer loop
      vertex 7.326005171840118 7.631564096174174 23.88651991899935
      vertex 7.9920296688083 10 23.313359494000462
      vertex 7.758621011446881 7.1989482565674106 23.514223885416506
    endloop
  endfacet
  facet normal -0.7071067811865493 7.2958167830286635e-16 -0.7071067811865457
    outer loop
      vertex 7.9920296688083 6.9277224760933676 23.313359494000462
      vertex 8.613359494000463 10 22.6920296688083
      vertex 8.274904410441627 6.599016062872835 23.030484752367133
    endloop
  endfacet
  facet normal -0.5938201855735044 1.2621106687949877e-15 -0.8045977797666664
    outer loop
      vertex 6.619010682247558 8.257697649142793 24.40830559821294
      vertex 7.326005171840118 10 23.88651991899935
      vertex 7.1989482565674106 7.758621011446881 23.980292189943864
    endloop
  endfacet
  facet normal -0.59382018557349 0 -0.8045977797666769
    outer loop
      vertex 7.326005171840118 7.631564096174174 23.88651991899935
      vertex 7.1989482565674106 7.758621011446881 23.980292189943864
      vertex 7.326005171840118 10 23.88651991899935
    endloop
  endfacet
  facet normal -0.3302790619551163 2.4595637554024236e-13 -0.9438833303083854
    outer loop
      vertex 3.463373299328129 9.993522156913254 25.92798046798715
      vertex 3.463373299328124 10 25.927980467987155
      vertex 3.501599970684378 9.98601005500438 25.914604377159183
    endloop
  endfacet
  facet normal -0.3302790619551802 -1.186124963867447e-13 -0.943883330308363
    outer loop
      vertex 3.463373299328129 9.993522156913254 25.92798046798715
      vertex 3.501599970684378 9.98601005500438 25.914604377159183
      vertex 3.5018239939440132 9.980067676956383 25.91452598803028
    endloop
  endfacet
  facet normal -0.33027906195516904 8.427094287301061e-14 -0.9438833303083668
    outer loop
      vertex 3.463373299328124 10 25.927980467987155
      vertex 4.292757036305142 9.999999999999998 25.6377665465694
      vertex 3.501599970684378 9.98601005500438 25.914604377159183
    endloop
  endfacet
  facet normal -0.39989202431974374 6.242908866590118e-15 -0.916562255869975
    outer loop
      vertex 4.292757036305142 9.666511250684113 25.6377665465694
      vertex 5.098133934631309 10 25.286384197853423
      vertex 4.592225494820234 9.535854497879203 25.50710979376449
    endloop
  endfacet
  facet normal -0.3998920243197401 1.456580512869442e-15 -0.9165622558699766
    outer loop
      vertex 5.098133934631306 9.268474080753764 25.286384197853423
      vertex 4.592225494820234 9.535854497879203 25.50710979376449
      vertex 5.098133934631309 10 25.286384197853423
    endloop
  endfacet
  facet normal -0.46726862827305515 -4.60243618284765e-15 -0.8841153935046133
    outer loop
      vertex 5.098133934631306 9.268474080753764 25.286384197853423
      vertex 5.875 10 24.875798494467155
      vertex 5.292 9.166012873654498 25.18392299075416
    endloop
  endfacet
  facet normal -0.4672686282730599 1.701995380817043e-15 -0.884115393504611
    outer loop
      vertex 5.098133934631306 9.268474080753764 25.286384197853423
      vertex 5.098133934631309 10 25.286384197853423
      vertex 5.875 10 24.875798494467155
    endloop
  endfacet
  facet normal -0.3998920243197416 0 -0.916562255869976
    outer loop
      vertex 4.292757036305142 9.666511250684113 25.6377665465694
      vertex 4.292757036305142 9.999999999999998 25.6377665465694
      vertex 5.098133934631309 10 25.286384197853423
    endloop
  endfacet
  facet normal -0.5320320765153269 9.618233666888266e-19 -0.8467241992282902
    outer loop
      vertex 5.962179494545376 8.74491118736049 24.821019987422233
      vertex 5.875 8.799689694405414 24.875798494467155
      vertex 5.875 10 24.875798494467155
    endloop
  endfacet
  facet normal -0.4672686282730603 -2.064620201053821e-18 -0.8841153935046107
    outer loop
      vertex 5.292 9.166012873654498 25.18392299075416
      vertex 5.875 10 24.875798494467155
      vertex 5.875 8.799689694405414 24.875798494467155
    endloop
  endfacet
  facet normal -0.5320320765153367 -8.069692471022852e-16 -0.846724199228284
    outer loop
      vertex 6.599016062872835 8.274904410441627 24.420869050249348
      vertex 5.962179494545376 8.74491118736049 24.821019987422233
      vertex 6.619010682247558 10 24.40830559821294
    endloop
  endfacet
  facet normal -0.5320320765153366 -9.369028179298647e-16 -0.8467241992282842
    outer loop
      vertex 5.962179494545376 8.74491118736049 24.821019987422233
      vertex 5.875 10 24.875798494467155
      vertex 6.619010682247558 10 24.40830559821294
    endloop
  endfacet
  facet normal -0.6522874112781208 0 -0.7579717231454532
    outer loop
      vertex 7.326005171840118 7.631564096174174 23.88651991899935
      vertex 7.326005171840118 10 23.88651991899935
      vertex 7.9920296688083 10 23.313359494000462
    endloop
  endfacet
  facet normal -0.7071067811865475 0 -0.7071067811865475
    outer loop
      vertex 7.9920296688083 6.9277224760933676 23.313359494000462
      vertex 7.9920296688083 10 23.313359494000462
      vertex 8.613359494000463 10 22.6920296688083
    endloop
  endfacet
  facet normal -0.5320320765153865 3.930381232797751e-19 -0.8467241992282526
    outer loop
      vertex 6.599016062872835 8.274904410441627 24.420869050249348
      vertex 6.619010682247558 10 24.40830559821294
      vertex 6.619010682247558 8.257697649142793 24.40830559821294
    endloop
  endfacet
  facet normal -0.5938201855735022 0 -0.8045977797666678
    outer loop
      vertex 6.619010682247558 8.257697649142793 24.40830559821294
      vertex 6.619010682247558 10 24.40830559821294
      vertex 7.326005171840118 10 23.88651991899935
    endloop
  endfacet
  facet normal -0.8467241992282843 0 0.5320320765153362
    outer loop
      vertex 10 -10 8.545218298813515
      vertex 10.175798494467154 10 8.825
      vertex 10 10 8.545218298813515
    endloop
  endfacet
  facet normal -0.8841153935046095 0 0.46726862827306265
    outer loop
      vertex 10.175798494467154 -10 8.825
      vertex 10.586384197853425 10 9.601866065368691
      vertex 10.175798494467154 10 8.825
    endloop
  endfacet
  facet normal -0.916562255869975 8.354356980495781e-17 0.39989202431974374
    outer loop
      vertex 10.674229785032418 -5.000000000000013 9.803210289950233
      vertex 10.682215747503236 4.999999999999987 9.821514310366734
      vertex 10.586384197853425 10 9.601866065368691
    endloop
  endfacet
  facet normal -0.965925826289068 0 0.25881904510252157
    outer loop
      vertex 11.227980467987152 -10 11.23662670067187
      vertex 11.346860411247 10 11.680292688918529
      vertex 11.227980467987152 9.999999999999877 11.23662670067187
    endloop
  endfacet
  facet normal -0.993712209893242 -4.2002837668038964e-17 0.11196447610331414
    outer loop
      vertex 11.700933879076171 -10 13.678047123030213
      vertex 11.717144616878867 10 13.821921400359514
      vertex 11.70540580674588 10 13.717736578845193
    endloop
  endfacet
  facet normal -0.9993007047883986 0 0.03739119427632495
    outer loop
      vertex 11.717144616878867 -10 13.821921400359514
      vertex 11.75 10 14.7
      vertex 11.717144616878867 10 13.821921400359514
    endloop
  endfacet
  facet normal -0.9993007047883982 0 -0.03739119427633489
    outer loop
      vertex 11.75 -10 14.7
      vertex 11.748506573494494 10 14.739912663620022
      vertex 11.75 10 14.7
    endloop
  endfacet
  facet normal -0.9165622558699775 -2.236862326474569e-16 0.3998920243197379
    outer loop
      vertex 10.682215747503236 4.999999999999987 9.821514310366734
      vertex 10.714159597386505 10 9.89473039203275
      vertex 10.586384197853425 10 9.601866065368691
    endloop
  endfacet
  facet normal -0.9937122098932426 7.407739227308193e-17 -0.11196447610330854
    outer loop
      vertex 11.700747548756599 -6.666666666666636 15.72360660429541
      vertex 11.618762208145261 10 16.451246627570047
      vertex 11.712672689209159 10 15.617768055455464
    endloop
  endfacet
  facet normal -0.9165622558699762 0 -0.39989202431974086
    outer loop
      vertex 10.9377665465694 -10 18.992757036305143
      vertex 10.754089409740594 10 19.41374950588473
      vertex 10.9377665465694 10 18.992757036305143
    endloop
  endfacet
  facet normal -0.9825664732332884 0 -0.1859116071629143
    outer loop
      vertex 11.618762208145261 -10 16.451246627570047
      vertex 11.455402968136429 10 17.31462097398669
      vertex 11.618762208145261 10 16.451246627570047
    endloop
  endfacet
  facet normal -0.9659258262890683 0 -0.2588190451025206
    outer loop
      vertex 11.455402968136429 -10 17.31462097398669
      vertex 11.33652302487658 10 17.75828696223335
      vertex 11.455402968136429 10 17.31462097398669
    endloop
  endfacet
  facet normal -0.9438833303083677 -2.5164333407981797e-17 -0.3302790619551667
    outer loop
      vertex 11.227980467987154 -10 18.163373299328125
      vertex 10.9377665465694 10 18.992757036305143
      vertex 11.227980467987152 10 18.16337329932813
    endloop
  endfacet
  facet normal -0.8841153935046091 -1.1412815421439504e-18 -0.4672686282730635
    outer loop
      vertex 10.318637022532421 2.3551615649936313 20.304736314815802
      vertex 10.175798494467154 2.8882422090115574 20.575
      vertex 10.175798494467154 10 20.575
    endloop
  endfacet
  facet normal -0.8467241992282803 0 -0.5320320765153428
    outer loop
      vertex 10.175798494467154 2.8882422090115574 20.575
      vertex 10.113782576440512 3.11968876596501 20.673697768139174
      vertex 10.175798494467154 10 20.575
    endloop
  endfacet
  facet normal -0.8467241992282862 1.8998595334809415e-16 -0.5320320765153332
    outer loop
      vertex 10.113782576440512 3.11968876596501 20.673697768139174
      vertex 9.852367755650258 3.8667694018939245 21.08973707210331
      vertex 10.175798494467154 10 20.575
    endloop
  endfacet
  facet normal -0.846724199228283 -3.9865512619992286e-16 -0.5320320765153383
    outer loop
      vertex 9.70830559821294 4.1969633742064785 21.31901068224756
      vertex 10.175798494467154 10 20.575
      vertex 9.852367755650258 3.8667694018939245 21.08973707210331
    endloop
  endfacet
  facet normal -0.8467241992282843 0 -0.5320320765153361
    outer loop
      vertex 9.70830559821294 4.1969633742064785 21.31901068224756
      vertex 9.70830559821294 10 21.31901068224756
      vertex 10.175798494467154 10 20.575
    endloop
  endfacet
  facet normal -0.8045977797666664 0 -0.5938201855735042
    outer loop
      vertex 9.70830559821294 4.1969633742064785 21.31901068224756
      vertex 9.535854497879203 4.592225494820235 21.55267362570718
      vertex 9.70830559821294 10 21.31901068224756
    endloop
  endfacet
  facet normal -0.7579717231454374 2.8364959708551153e-16 -0.6522874112781394
    outer loop
      vertex 9.18651991899935 5.2531987765331305 22.02600517184012
      vertex 9.166012873654498 5.292 22.04983479085147
      vertex 9.186519918999352 10 22.02600517184012
    endloop
  endfacet
  facet normal -0.7579717231454525 4.394430745836506e-16 -0.6522874112781216
    outer loop
      vertex 9.166012873654498 5.292 22.04983479085147
      vertex 8.74491118736049 5.962179494545376 22.539163827808206
      vertex 9.186519918999352 10 22.02600517184012
    endloop
  endfacet
  facet normal -0.7579717231454558 1.2765375330916996e-15 -0.6522874112781178
    outer loop
      vertex 8.61335949400046 6.140425709432465 22.692029668808303
      vertex 9.186519918999352 10 22.02600517184012
      vertex 8.74491118736049 5.962179494545376 22.539163827808206
    endloop
  endfacet
  facet normal -0.8045977797666689 2.2678852645903897e-16 -0.5938201855735008
    outer loop
      vertex 9.18651991899935 5.2531987765331305 22.02600517184012
      vertex 9.70830559821294 10 21.31901068224756
      vertex 9.535854497879203 4.592225494820235 21.55267362570718
    endloop
  endfacet
  facet normal -0.8045977797666691 3.010980872737939e-16 -0.5938201855735005
    outer loop
      vertex 9.18651991899935 5.2531987765331305 22.02600517184012
      vertex 9.186519918999352 10 22.02600517184012
      vertex 9.70830559821294 10 21.31901068224756
    endloop
  endfacet
  facet normal -0.7579717231454525 9.728173941962722e-17 -0.6522874112781218
    outer loop
      vertex 8.61335949400046 6.140425709432465 22.692029668808303
      vertex 8.613359494000463 10 22.6920296688083
      vertex 9.186519918999352 10 22.02600517184012
    endloop
  endfacet
  facet normal 1 0 0
    outer loop
      vertex -10 -10 8.545218298813515
      vertex -10 -9.999999999999998 5.5
      vertex -10 -0.037146808259065175 5.5
    endloop
  endfacet
  facet normal 1 0 0
    outer loop
      vertex -10 -10 8.545218298813515
      vertex -10 -0.037146808259065175 5.5
      vertex -10 10 8.545218298813515
    endloop
  endfacet
  facet normal 1 0 0
    outer loop
      vertex -10 10 8.545218298813515
      vertex -10 -0.037146808259065175 5.5
      vertex -10 10 5.5
    endloop
  endfacet
  facet normal -1 0 0
    outer loop
      vertex 10 -10 8.545218298813515
      vertex 10 0.03714680825907028 5.5
      vertex 10 -10 5.5
    endloop
  endfacet
  facet normal -1 0 0
    outer loop
      vertex 10 -10 8.545218298813515
      vertex 10 10 8.545218298813515
      vertex 10 0.03714680825907028 5.5
    endloop
  endfacet
  facet normal -1 0 0
    outer loop
      vertex 10 10 8.545218298813515
      vertex 10 9.999999999999998 5.5
      vertex 10 0.03714680825907028 5.5
    endloop
  endfacet
  facet normal -0.4198942800244787 -0.4198942800244787 -0.8045977797666666
    outer loop
      vertex -10.213260834656115 -2.748430852055929 26.57707720771996
      vertex -13.551913655221497 0.5902219685094536 26.57707720771996
      vertex -12.926481077482721 1.2156545462482296 25.924290017554867
    endloop
  endfacet
  facet normal -0.4198942800244795 -0.41989428002447915 -0.804597779766666
    outer loop
      vertex -10.213260834656115 -2.748430852055929 26.57707720771996
      vertex -12.926481077482721 1.2156545462482296 25.924290017554867
      vertex -10.318637022532421 -2.355161564993632 26.426834852288934
    endloop
  endfacet
  facet normal -0.41989428002447887 -0.4198942800244787 -0.8045977797666666
    outer loop
      vertex -10.318637022532421 -2.355161564993632 26.426834852288934
      vertex -12.926481077482721 1.2156545462482296 25.924290017554867
      vertex -10.46578546476676 -1.5774633452086324 26.0977707515391
    endloop
  endfacet
  facet normal -0.41989428002447854 -0.41989428002447854 -0.8045977797666668
    outer loop
      vertex -10.507996501844582 -1.20283002938991 25.924290017554867
      vertex -10.46578546476676 -1.5774633452086324 26.0977707515391
      vertex -12.926481077482721 1.2156545462482296 25.924290017554867
    endloop
  endfacet
  facet normal -0.37620348911275503 -0.37620348911275503 -0.8467241992282838
    outer loop
      vertex -10.507996501844582 -1.20283002938991 25.924290017554867
      vertex -12.926481077482721 1.2156545462482296 25.924290017554867
      vertex -10.55440498936561 -0.7909433105187128 25.761906344153296
    endloop
  endfacet
  facet normal -0.41989428002448087 -0.4198942800244794 -0.8045977797666649
    outer loop
      vertex -1.5172346012319724 -11 26.345129031124753
      vertex -0.7108265312344917 -11 25.924290017554867
      vertex 0.5902219685094536 -13.551913655221497 26.57707720771996
    endloop
  endfacet
  facet normal -0.41989428002447815 -0.4198942800244786 -0.8045977797666668
    outer loop
      vertex -2.355161564993627 -10.318637022532423 26.426834852288934
      vertex -1.9920609961628124 -10.387339356829429 26.27319767127919
      vertex -1.7512466275700493 -10.715464096014522 26.31876220814526
    endloop
  endfacet
  facet normal -0.4198942800244804 -0.41989428002448304 -0.8045977797666636
    outer loop
      vertex -2.355161564993627 -10.318637022532423 26.426834852288934
      vertex -1.7512466275700493 -10.715464096014522 26.31876220814526
      vertex -1.5172346012319724 -11 26.345129031124753
    endloop
  endfacet
  facet normal -0.6251639900985222 -0.6251639900985222 -0.4672686282730628
    outer loop
      vertex -10.062534976508 -7.941214632948357 30.71999999999999
      vertex -8.304433411357158 -10.4257537549168 31.691909034971886
      vertex -10.4257537549168 -8.304433411357158 31.691909034971886
    endloop
  endfacet
  facet normal -0.6251639900985222 -0.6251639900985222 -0.46726862827306287
    outer loop
      vertex -10.062534976508 -7.941214632948357 30.71999999999999
      vertex -7.941214632948357 -10.062534976508 30.71999999999999
      vertex -8.304433411357158 -10.4257537549168 31.691909034971886
    endloop
  endfacet
  facet normal -0.6481073865052993 -0.6481073865052993 -0.39989202431974186
    outer loop
      vertex -10.4257537549168 -8.304433411357158 31.691909034971886
      vertex -8.615278787614601 -10.736599131174243 32.69948694181399
      vertex -10.736599131174243 -8.615278787614601 32.69948694181399
    endloop
  endfacet
  facet normal -0.6674263035099887 -0.6674263035099887 -0.33027906195516693
    outer loop
      vertex -10.99333273184571 -8.872012388286068 33.737098936159704
      vertex -10.736599131174243 -8.615278787614601 32.69948694181399
      vertex -8.615278787614601 -10.736599131174243 32.69948694181399
    endloop
  endfacet
  facet normal -0.6674263035099887 -0.6674263035099887 -0.33027906195516693
    outer loop
      vertex -10.99333273184571 -8.872012388286068 33.737098936159704
      vertex -8.615278787614601 -10.736599131174243 32.69948694181399
      vertex -8.872012388286068 -10.99333273184571 33.737098936159704
    endloop
  endfacet
  facet normal -0.6830127018922193 -0.6830127018922193 -0.2588190451025208
    outer loop
      vertex -10.99333273184571 -8.872012388286068 33.737098936159704
      vertex -8.872012388286068 -10.99333273184571 33.737098936159704
      vertex -9.073198454935792 -11.194518798495434 34.79894227084217
    endloop
  endfacet
  facet normal -0.6481073865052993 -0.6481073865052993 -0.3998920243197419
    outer loop
      vertex -10.4257537549168 -8.304433411357158 31.691909034971886
      vertex -8.304433411357158 -10.4257537549168 31.691909034971886
      vertex -8.615278787614601 -10.736599131174243 32.69948694181399
    endloop
  endfacet
  facet normal -0.6947794161898084 -0.6947794161898084 -0.18591160716291413
    outer loop
      vertex -11.194518798495434 -9.073198454935792 34.79894227084217
      vertex -9.217711873470428 -11.33903221703007 35.879078687210225
      vertex -11.33903221703007 -9.217711873470428 35.879078687210225
    endloop
  endfacet
  facet normal -0.6947794161898084 -0.6947794161898084 -0.18591160716291405
    outer loop
      vertex -11.194518798495434 -9.073198454935792 34.79894227084217
      vertex -9.073198454935792 -11.194518798495434 34.79894227084217
      vertex -9.217711873470428 -11.33903221703007 35.879078687210225
    endloop
  endfacet
  facet normal -0.7026606421633816 -0.7026606421633816 -0.11196447610330779
    outer loop
      vertex -11.33903221703007 -9.217711873470428 35.879078687210225
      vertex -9.30474446623345 -11.426064809793091 36.97146762427956
      vertex -11.426064809793091 -9.30474446623345 36.97146762427956
    endloop
  endfacet
  facet normal -0.7026606421633816 -0.7026606421633816 -0.1119644761033077
    outer loop
      vertex -11.33903221703007 -9.217711873470428 35.879078687210225
      vertex -9.217711873470428 -11.33903221703007 35.879078687210225
      vertex -9.30474446623345 -11.426064809793091 36.97146762427956
    endloop
  endfacet
  facet normal -0.6830127018922193 -0.6830127018922193 -0.25881904510252085
    outer loop
      vertex -10.99333273184571 -8.872012388286068 33.737098936159704
      vertex -9.073198454935792 -11.194518798495434 34.79894227084217
      vertex -11.194518798495434 -9.073198454935792 34.79894227084217
    endloop
  endfacet
  facet normal -0.7066123048003728 -0.7066123048003728 -0.03739119427632607
    outer loop
      vertex -11.426064809793091 -9.30474446623345 36.97146762427956
      vertex -9.333809511662428 -11.45512985522207 38.06999999999999
      vertex -11.45512985522207 -9.333809511662428 38.06999999999999
    endloop
  endfacet
  facet normal -0.7066123048003728 -0.7066123048003728 -0.037391194276325965
    outer loop
      vertex -11.426064809793091 -9.30474446623345 36.97146762427956
      vertex -9.30474446623345 -11.426064809793091 36.97146762427956
      vertex -9.333809511662428 -11.45512985522207 38.06999999999999
    endloop
  endfacet
  facet normal -0.7066123048003728 -0.7066123048003727 0.03739119427632607
    outer loop
      vertex -11.45512985522207 -9.333809511662428 38.06999999999999
      vertex -9.30474446623345 -11.426064809793091 39.168532375720424
      vertex -11.426064809793091 -9.30474446623345 39.168532375720424
    endloop
  endfacet
  facet normal -0.7066123048003728 -0.7066123048003728 0.03739119427632598
    outer loop
      vertex -11.45512985522207 -9.333809511662428 38.06999999999999
      vertex -9.333809511662428 -11.45512985522207 38.06999999999999
      vertex -9.30474446623345 -11.426064809793091 39.168532375720424
    endloop
  endfacet
  facet normal -0.7026606421633816 -0.7026606421633816 0.11196447610330779
    outer loop
      vertex -11.426064809793091 -9.30474446623345 39.168532375720424
      vertex -9.217711873470428 -11.33903221703007 40.26092131278976
      vertex -11.33903221703007 -9.217711873470428 40.26092131278976
    endloop
  endfacet
  facet normal -0.7026606421633816 -0.7026606421633816 0.11196447610330772
    outer loop
      vertex -11.426064809793091 -9.30474446623345 39.168532375720424
      vertex -9.30474446623345 -11.426064809793091 39.168532375720424
      vertex -9.217711873470428 -11.33903221703007 40.26092131278976
    endloop
  endfacet
  facet normal -0.6947794161898084 -0.6947794161898084 0.18591160716291405
    outer loop
      vertex -11.33903221703007 -9.217711873470428 40.26092131278976
      vertex -9.217711873470428 -11.33903221703007 40.26092131278976
      vertex -9.073198454935792 -11.194518798495434 41.34105772915782
    endloop
  endfacet
  facet normal -0.6947794161898085 -0.6947794161898084 0.18591160716291416
    outer loop
      vertex -11.33903221703007 -9.217711873470428 40.26092131278976
      vertex -9.073198454935792 -11.194518798495434 41.34105772915782
      vertex -11.194518798495434 -9.073198454935792 41.34105772915782
    endloop
  endfacet
  facet normal -0.6830127018922193 -0.6830127018922193 0.2588190451025208
    outer loop
      vertex -11.194518798495434 -9.073198454935792 41.34105772915782
      vertex -9.073198454935792 -11.194518798495434 41.34105772915782
      vertex -8.872012388286068 -10.99333273184571 42.40290106384028
    endloop
  endfacet
  facet normal -0.6830127018922193 -0.6830127018922194 0.25881904510252085
    outer loop
      vertex -11.194518798495434 -9.073198454935792 41.34105772915782
      vertex -8.872012388286068 -10.99333273184571 42.40290106384028
      vertex -10.99333273184571 -8.872012388286068 42.40290106384028
    endloop
  endfacet
  facet normal -0.6674263035099887 -0.6674263035099887 0.33027906195516693
    outer loop
      vertex -10.99333273184571 -8.872012388286068 42.40290106384028
      vertex -8.872012388286068 -10.99333273184571 42.40290106384028
      vertex -10.736599131174243 -8.615278787614601 43.440513058186
    endloop
  endfacet
  facet normal -0.6674263035099887 -0.6674263035099887 0.33027906195516693
    outer loop
      vertex -8.872012388286068 -10.99333273184571 42.40290106384028
      vertex -8.615278787614601 -10.736599131174243 43.440513058186
      vertex -10.736599131174243 -8.615278787614601 43.440513058186
    endloop
  endfacet
  facet normal -0.6481073865052993 -0.6481073865052993 0.3998920243197419
    outer loop
      vertex -10.736599131174243 -8.615278787614601 43.440513058186
      vertex -8.615278787614601 -10.736599131174243 43.440513058186
      vertex -8.304433411357158 -10.4257537549168 44.4480909650281
    endloop
  endfacet
  facet normal -0.6481073865052993 -0.6481073865052993 0.39989202431974186
    outer loop
      vertex -10.736599131174243 -8.615278787614601 43.440513058186
      vertex -8.304433411357158 -10.4257537549168 44.4480909650281
      vertex -10.4257537549168 -8.304433411357158 44.4480909650281
    endloop
  endfacet
  facet normal -0.6251639900985222 -0.6251639900985221 0.4672686282730628
    outer loop
      vertex -10.4257537549168 -8.304433411357158 44.4480909650281
      vertex -7.941214632948357 -10.062534976508 45.419999999999995
      vertex -10.062534976508 -7.941214632948357 45.419999999999995
    endloop
  endfacet
  facet normal -0.6251639900985222 -0.6251639900985222 0.4672686282730627
    outer loop
      vertex -10.4257537549168 -8.304433411357158 44.4480909650281
      vertex -8.304433411357158 -10.4257537549168 44.4480909650281
      vertex -7.941214632948357 -10.062534976508 45.419999999999995
    endloop
  endfacet
  facet normal -0.6251639900985222 -0.6251639900985222 -0.4672686282730628
    outer loop
      vertex -16.072942616593654 -1.9308069928627027 30.71999999999999
      vertex -12.183855320067643 -5.819894289388714 30.71999999999999
      vertex -12.547074098476443 -6.183113067797514 31.691909034971886
    endloop
  endfacet
  facet normal -0.6947794161898084 -0.6947794161898088 -0.18591160716291413
    outer loop
      vertex -13.460352560589714 -7.096391529910784 35.879078687210225
      vertex -17.349439857115726 -3.2073042333847734 35.879078687210225
      vertex -17.20492643858109 -3.0627908148501373 34.79894227084217
    endloop
  endfacet
  facet normal -0.7026606421633818 -0.7026606421633818 -0.11196447610330676
    outer loop
      vertex -13.547385153352735 -7.183424122673806 36.97146762427956
      vertex -17.436472449878746 -3.294336826147795 36.97146762427956
      vertex -17.349439857115726 -3.2073042333847734 35.879078687210225
    endloop
  endfacet
  facet normal -0.6830127018922193 -0.6830127018922193 -0.2588190451025209
    outer loop
      vertex -13.114653075405354 -6.750692044726424 33.737098936159704
      vertex -13.315839142055077 -6.951878111376148 34.79894227084217
      vertex -17.003740371931364 -2.8616047482004134 33.737098936159704
    endloop
  endfacet
  facet normal -0.6674263035099887 -0.6674263035099887 -0.33027906195516693
    outer loop
      vertex -13.114653075405354 -6.750692044726424 33.737098936159704
      vertex -16.747006771259898 -2.6048711475289466 32.69948694181399
      vertex -12.857919474733887 -6.493958444054957 32.69948694181399
    endloop
  endfacet
  facet normal -0.6481073865052994 -0.6481073865052994 -0.3998920243197418
    outer loop
      vertex -16.436161395002454 -2.294025771271503 31.691909034971886
      vertex -12.547074098476443 -6.183113067797514 31.691909034971886
      vertex -12.857919474733887 -6.493958444054957 32.69948694181399
    endloop
  endfacet
  facet normal -0.6947794161898083 -0.6947794161898087 -0.18591160716291422
    outer loop
      vertex -13.315839142055077 -6.951878111376148 34.79894227084217
      vertex -13.460352560589714 -7.096391529910784 35.879078687210225
      vertex -17.20492643858109 -3.0627908148501373 34.79894227084217
    endloop
  endfacet
  facet normal -0.7026606421633815 -0.7026606421633819 -0.11196447610330779
    outer loop
      vertex -13.460352560589714 -7.096391529910784 35.879078687210225
      vertex -13.547385153352735 -7.183424122673806 36.97146762427956
      vertex -17.349439857115726 -3.2073042333847734 35.879078687210225
    endloop
  endfacet
  facet normal -0.6251639900985222 -0.6251639900985222 -0.4672686282730628
    outer loop
      vertex -16.436161395002454 -2.294025771271503 31.691909034971886
      vertex -16.072942616593654 -1.9308069928627027 30.71999999999999
      vertex -12.547074098476443 -6.183113067797514 31.691909034971886
    endloop
  endfacet
  facet normal -0.5689365462006505 -0.5689365462006505 -0.5938201855735034
    outer loop
      vertex -15.659381702777567 -1.5172460790466165 29.78919514646475
      vertex -15.19779145394012 -1.0556558302091688 28.90469991267661
      vertex -11.770294406251557 -5.406333375572627 29.78919514646475
    endloop
  endfacet
  facet normal -0.5987244230690698 -0.5987244230690698 -0.5320320765153347
    outer loop
      vertex -16.072942616593654 -1.9308069928627027 30.71999999999999
      vertex -15.659381702777567 -1.5172460790466165 29.78919514646475
      vertex -12.183855320067643 -5.819894289388714 30.71999999999999
    endloop
  endfacet
  facet normal -0.5987244230690698 -0.5987244230690698 -0.5320320765153348
    outer loop
      vertex -15.659381702777567 -1.5172460790466165 29.78919514646475
      vertex -11.770294406251557 -5.406333375572627 29.78919514646475
      vertex -12.183855320067643 -5.819894289388714 30.71999999999999
    endloop
  endfacet
  facet normal -0.5359669453838026 -0.5359669453838025 -0.6522874112781206
    outer loop
      vertex -14.690753269991198 -0.5486176462602481 28.07146075476748
      vertex -11.308704157414109 -4.94474312673518 28.90469991267661
      vertex -15.19779145394012 -1.0556558302091688 28.90469991267661
    endloop
  endfacet
  facet normal -0.5000000000000001 -0.5000000000000001 -0.7071067811865475
    outer loop
      vertex -14.690753269991198 -0.5486176462602481 28.07146075476748
      vertex -14.141102714129213 0.0010329096017382966 27.294137484101547
      vertex -10.801665973465187 -4.43770494278626 28.07146075476748
    endloop
  endfacet
  facet normal -0.7071067811865476 0.7071067811865476 1.1607007363214074e-17
    outer loop
      vertex -16.072942616593654 -1.9308069928627027 30.71999999999999
      vertex -12.226902788210188 1.9152328355207633 30.211683933984254
      vertex -15.659381702777567 -1.5172460790466165 29.78919514646475
    endloop
  endfacet
  facet normal -0.7071067811865475 0.7071067811865475 -1.8933637310195292e-17
    outer loop
      vertex -16.436161395002454 -2.294025771271503 31.691909034971886
      vertex -12.997494848806985 1.1446407749239658 31.386189324074365
      vertex -16.072942616593654 -1.9308069928627027 30.71999999999999
    endloop
  endfacet
  facet normal -0.6481073865052993 -0.6481073865052993 -0.39989202431974186
    outer loop
      vertex -16.436161395002454 -2.294025771271503 31.691909034971886
      vertex -12.857919474733887 -6.493958444054957 32.69948694181399
      vertex -16.747006771259898 -2.6048711475289466 32.69948694181399
    endloop
  endfacet
  facet normal -0.6674263035099888 -0.6674263035099888 -0.3302790619551669
    outer loop
      vertex -13.114653075405354 -6.750692044726424 33.737098936159704
      vertex -17.003740371931364 -2.8616047482004134 33.737098936159704
      vertex -16.747006771259898 -2.6048711475289466 32.69948694181399
    endloop
  endfacet
  facet normal -0.7071067811865474 0.7071067811865477 5.359081831114149e-17
    outer loop
      vertex -17.20492643858109 -3.0627908148501373 34.79894227084217
      vertex -17.349439857115726 -3.2073042333847734 35.879078687210225
      vertex -14.849242404917499 -0.7071067811865476 34.21365426403915
    endloop
  endfacet
  facet normal -0.7071067811865468 0.7071067811865481 1.2475887750295393e-15
    outer loop
      vertex -17.436472449878746 -3.294336826147795 36.97146762427956
      vertex -14.849242404917499 -0.7071067811865476 34.21365426403915
      vertex -17.349439857115726 -3.2073042333847734 35.879078687210225
    endloop
  endfacet
  facet normal -0.7071067811865476 0.7071067811865475 -2.6608763441545556e-18
    outer loop
      vertex -17.436472449878746 -3.294336826147795 36.97146762427956
      vertex -17.465537495307725 -3.323401871576774 38.06999999999999
      vertex -14.849242404917499 -0.7071067811865476 34.21365426403915
    endloop
  endfacet
  facet normal -0.683012701892219 -0.6830127018922193 -0.2588190451025219
    outer loop
      vertex -13.315839142055077 -6.951878111376148 34.79894227084217
      vertex -17.20492643858109 -3.0627908148501373 34.79894227084217
      vertex -17.003740371931364 -2.8616047482004134 33.737098936159704
    endloop
  endfacet
  facet normal -0.7071067811865475 0.7071067811865476 -1.1552699958079219e-15
    outer loop
      vertex -17.003740371931364 -2.8616047482004134 33.737098936159704
      vertex -17.20492643858109 -3.0627908148501373 34.79894227084217
      vertex -14.849242404917499 -0.7071067811865476 34.21365426403915
    endloop
  endfacet
  facet normal -0.7071067811865475 0.7071067811865478 5.783392518992196e-17
    outer loop
      vertex -16.436161395002454 -2.294025771271503 31.691909034971886
      vertex -16.747006771259898 -2.6048711475289466 32.69948694181399
      vertex -13.334110322789122 0.8080253009418277 32.03120897755797
    endloop
  endfacet
  facet normal -0.7071067811865476 0.7071067811865475 -5.545110050591186e-17
    outer loop
      vertex -17.003740371931364 -2.8616047482004134 33.737098936159704
      vertex -13.900578234398022 0.2415573893329297 33.41876631665977
      vertex -16.747006771259898 -2.6048711475289466 32.69948694181399
    endloop
  endfacet
  facet normal -0.7071067811865475 0.7071067811865476 -1.2358179564232102e-16
    outer loop
      vertex -17.003740371931364 -2.8616047482004134 33.737098936159704
      vertex -14.849242404917499 -0.7071067811865476 34.21365426403915
      vertex -14.142135623730953 -1.4378056085975666e-15 34.21365426403915
    endloop
  endfacet
  facet normal -0.7071067811865475 0.7071067811865476 8.534193996242007e-16
    outer loop
      vertex -16.436161395002454 -2.294025771271503 31.691909034971886
      vertex -13.334110322789122 0.8080253009418277 32.03120897755797
      vertex -12.997494848806985 1.1446407749239658 31.386189324074365
    endloop
  endfacet
  facet normal -0.7071067811865475 0.7071067811865476 9.852655583044611e-17
    outer loop
      vertex -16.747006771259898 -2.6048711475289466 32.69948694181399
      vertex -13.635700322524393 0.5064353012065572 32.709999999999994
      vertex -13.334110322789122 0.8080253009418277 32.03120897755797
    endloop
  endfacet
  facet normal -0.7071067811865475 0.7071067811865478 -1.57222659375772e-15
    outer loop
      vertex -16.747006771259898 -2.6048711475289466 32.69948694181399
      vertex -13.900578234398022 0.2415573893329297 33.41876631665977
      vertex -13.635700322524393 0.5064353012065572 32.709999999999994
    endloop
  endfacet
  facet normal -0.7071067811865476 0.7071067811865475 5.642336394002394e-16
    outer loop
      vertex -17.003740371931364 -2.8616047482004134 33.737098936159704
      vertex -14.127262753682361 0.014872870048590059 34.15354421879224
      vertex -13.900578234398022 0.2415573893329297 33.41876631665977
    endloop
  endfacet
  facet normal -0.7071067811865474 0.7071067811865477 -6.978581145039841e-15
    outer loop
      vertex -17.003740371931364 -2.8616047482004134 33.737098936159704
      vertex -14.142135623730953 -1.4378056085975666e-15 34.21365426403915
      vertex -14.127262753682361 0.014872870048590059 34.15354421879224
    endloop
  endfacet
  facet normal -0.5689365462006506 -0.5689365462006506 -0.5938201855735035
    outer loop
      vertex -9.187383813854465 -7.066063470294823 28.90469991267661
      vertex -7.527653719132271 -9.648974062691913 29.78919514646475
      vertex -9.648974062691913 -7.527653719132271 29.78919514646475
    endloop
  endfacet
  facet normal -0.5987244230690699 -0.5987244230690699 -0.5320320765153347
    outer loop
      vertex -10.062534976508 -7.941214632948357 30.71999999999999
      vertex -9.648974062691913 -7.527653719132271 29.78919514646475
      vertex -7.941214632948357 -10.062534976508 30.71999999999999
    endloop
  endfacet
  facet normal -0.5359669453838027 -0.5359669453838026 -0.6522874112781202
    outer loop
      vertex -14.690753269991198 -0.5486176462602481 28.07146075476748
      vertex -10.801665973465187 -4.43770494278626 28.07146075476748
      vertex -11.308704157414109 -4.94474312673518 28.90469991267661
    endloop
  endfacet
  facet normal -0.5000000000000001 -0.5 -0.7071067811865475
    outer loop
      vertex -10.801665973465187 -4.43770494278626 28.07146075476748
      vertex -14.141102714129213 0.0010329096017382966 27.294137484101547
      vertex -10.252015417603202 -3.888054386924273 27.294137484101547
    endloop
  endfacet
  facet normal -0.4612368517973778 -0.46123685179737745 -0.7579717231454534
    outer loop
      vertex -10.252015417603202 -3.888054386924273 27.294137484101547
      vertex -13.551913655221497 0.5902219685094536 26.57707720771996
      vertex -9.950444163156558 -3.586483132477629 26.927116468023712
    endloop
  endfacet
  facet normal -0.5689365462006505 -0.5689365462006505 -0.5938201855735035
    outer loop
      vertex -15.19779145394012 -1.0556558302091688 28.90469991267661
      vertex -11.308704157414109 -4.94474312673518 28.90469991267661
      vertex -11.770294406251557 -5.406333375572627 29.78919514646475
    endloop
  endfacet
  facet normal -0.46123685179737706 -0.461236851797377 -0.757971723145454
    outer loop
      vertex -10.252015417603202 -3.888054386924273 27.294137484101547
      vertex -14.141102714129213 0.0010329096017382966 27.294137484101547
      vertex -13.551913655221497 0.5902219685094536 26.57707720771996
    endloop
  endfacet
  facet normal -0.46123685179737367 -0.4612368517973742 -0.7579717231454579
    outer loop
      vertex -10.113782576440514 -3.1196887659650097 26.742459093279535
      vertex -9.950444163156558 -3.586483132477629 26.927116468023712
      vertex -13.551913655221497 0.5902219685094536 26.57707720771996
    endloop
  endfacet
  facet normal -0.46123685179737806 -0.46123685179737806 -0.7579717231454529
    outer loop
      vertex -10.113782576440514 -3.1196887659650097 26.742459093279535
      vertex -13.551913655221497 0.5902219685094536 26.57707720771996
      vertex -10.213260834656115 -2.748430852055929 26.57707720771996
    endloop
  endfacet
  facet normal -0.706612304800373 -0.706612304800373 -0.037391194276326145
    outer loop
      vertex -13.576450198781714 -7.212489168102785 38.06999999999999
      vertex -17.465537495307725 -3.323401871576774 38.06999999999999
      vertex -17.436472449878746 -3.294336826147795 36.97146762427956
    endloop
  endfacet
  facet normal -0.706612304800373 -0.706612304800373 0.037391194276326076
    outer loop
      vertex -17.465537495307725 -3.323401871576774 38.06999999999999
      vertex -13.547385153352735 -7.183424122673806 39.168532375720424
      vertex -17.436472449878746 -3.294336826147795 39.168532375720424
    endloop
  endfacet
  facet normal -0.7026606421633816 -0.7026606421633819 0.11196447610330679
    outer loop
      vertex -13.460352560589714 -7.096391529910784 40.26092131278976
      vertex -17.349439857115726 -3.2073042333847734 40.26092131278976
      vertex -17.436472449878746 -3.294336826147795 39.168532375720424
    endloop
  endfacet
  facet normal -0.6947794161898083 -0.6947794161898087 0.18591160716291416
    outer loop
      vertex -13.315839142055077 -6.951878111376148 41.34105772915782
      vertex -17.20492643858109 -3.0627908148501373 41.34105772915782
      vertex -17.349439857115726 -3.2073042333847734 40.26092131278976
    endloop
  endfacet
  facet normal -0.706612304800373 -0.706612304800373 -0.037391194276326076
    outer loop
      vertex -13.547385153352735 -7.183424122673806 36.97146762427956
      vertex -13.576450198781714 -7.212489168102785 38.06999999999999
      vertex -17.436472449878746 -3.294336826147795 36.97146762427956
    endloop
  endfacet
  facet normal -0.706612304800373 -0.706612304800373 0.037391194276326076
    outer loop
      vertex -13.576450198781714 -7.212489168102785 38.06999999999999
      vertex -13.547385153352735 -7.183424122673806 39.168532375720424
      vertex -17.465537495307725 -3.323401871576774 38.06999999999999
    endloop
  endfacet
  facet normal -0.7026606421633818 -0.7026606421633818 0.1119644761033078
    outer loop
      vertex -13.547385153352735 -7.183424122673806 39.168532375720424
      vertex -13.460352560589714 -7.096391529910784 40.26092131278976
      vertex -17.436472449878746 -3.294336826147795 39.168532375720424
    endloop
  endfacet
  facet normal -0.6947794161898083 -0.6947794161898087 0.18591160716291422
    outer loop
      vertex -13.460352560589714 -7.096391529910784 40.26092131278976
      vertex -13.315839142055077 -6.951878111376148 41.34105772915782
      vertex -17.349439857115726 -3.2073042333847734 40.26092131278976
    endloop
  endfacet
  facet normal -0.6830127018922192 -0.6830127018922195 0.2588190451025209
    outer loop
      vertex -13.315839142055077 -6.951878111376148 41.34105772915782
      vertex -13.114653075405354 -6.750692044726424 42.40290106384028
      vertex -17.20492643858109 -3.0627908148501373 41.34105772915782
    endloop
  endfacet
  facet normal -0.6674263035099887 -0.6674263035099887 0.33027906195516693
    outer loop
      vertex -13.114653075405354 -6.750692044726424 42.40290106384028
      vertex -12.857919474733887 -6.493958444054957 43.440513058186
      vertex -16.747006771259898 -2.6048711475289466 43.440513058186
    endloop
  endfacet
  facet normal -0.6481073865052994 -0.6481073865052994 0.3998920243197418
    outer loop
      vertex -16.747006771259898 -2.6048711475289466 43.440513058186
      vertex -12.857919474733887 -6.493958444054957 43.440513058186
      vertex -12.547074098476443 -6.183113067797514 44.4480909650281
    endloop
  endfacet
  facet normal -0.6251639900985222 -0.6251639900985222 0.4672686282730628
    outer loop
      vertex -16.436161395002454 -2.294025771271503 44.4480909650281
      vertex -12.547074098476443 -6.183113067797514 44.4480909650281
      vertex -12.183855320067643 -5.819894289388714 45.419999999999995
    endloop
  endfacet
  facet normal -0.5987244230690699 -0.5987244230690699 0.5320320765153346
    outer loop
      vertex -16.072942616593654 -1.9308069928627027 45.419999999999995
      vertex -12.183855320067643 -5.819894289388714 45.419999999999995
      vertex -11.770294406251557 -5.406333375572627 46.35080485353524
    endloop
  endfacet
  facet normal -0.7071067811865476 0.7071067811865476 4.68138110917091e-18
    outer loop
      vertex -17.465537495307725 -3.323401871576774 38.06999999999999
      vertex -17.436472449878746 -3.294336826147795 39.168532375720424
      vertex -14.849242404917499 -0.7071067811865476 34.21365426403915
    endloop
  endfacet
  facet normal -0.7071067811865486 0.7071067811865466 -1.0578480291096843e-15
    outer loop
      vertex -14.849242404917499 -0.7071067811865476 34.21365426403915
      vertex -17.436472449878746 -3.294336826147795 39.168532375720424
      vertex -17.349439857115726 -3.2073042333847734 40.26092131278976
    endloop
  endfacet
  facet normal -0.7071067811865477 0.7071067811865475 4.871956428712589e-18
    outer loop
      vertex -14.849242404917499 -0.7071067811865476 34.21365426403915
      vertex -17.349439857115726 -3.2073042333847734 40.26092131278976
      vertex -17.20492643858109 -3.0627908148501373 41.34105772915782
    endloop
  endfacet
  facet normal -0.7071067811865462 0.7071067811865488 6.59731993516048e-16
    outer loop
      vertex -14.849242404917499 -0.7071067811865476 34.21365426403915
      vertex -17.20492643858109 -3.0627908148501373 41.34105772915782
      vertex -17.003740371931364 -2.8616047482004134 42.40290106384028
    endloop
  endfacet
  facet normal -0.7071067811865476 0.7071067811865474 0
    outer loop
      vertex -14.849242404917499 -0.7071067811865476 34.21365426403915
      vertex -17.003740371931364 -2.8616047482004134 42.40290106384028
      vertex -14.849242404917499 -0.7071067811865476 41.92634573596084
    endloop
  endfacet
  facet normal -0.7071067811865476 0.7071067811865476 4.3232067065271614e-15
    outer loop
      vertex -14.849242404917499 -0.7071067811865476 41.92634573596084
      vertex -14.127262753682361 0.014872870048590059 41.986455781207745
      vertex -14.142135623730953 -1.4378056085975666e-15 41.92634573596084
    endloop
  endfacet
  facet normal -0.6830127018922191 -0.6830127018922191 0.2588190451025219
    outer loop
      vertex -13.114653075405354 -6.750692044726424 42.40290106384028
      vertex -17.003740371931364 -2.8616047482004134 42.40290106384028
      vertex -17.20492643858109 -3.0627908148501373 41.34105772915782
    endloop
  endfacet
  facet normal -0.6674263035099888 -0.6674263035099888 0.3302790619551669
    outer loop
      vertex -13.114653075405354 -6.750692044726424 42.40290106384028
      vertex -16.747006771259898 -2.6048711475289466 43.440513058186
      vertex -17.003740371931364 -2.8616047482004134 42.40290106384028
    endloop
  endfacet
  facet normal -0.7071067811865475 0.7071067811865475 -6.589361508839415e-18
    outer loop
      vertex -17.003740371931364 -2.8616047482004134 42.40290106384028
      vertex -16.747006771259898 -2.6048711475289466 43.440513058186
      vertex -14.127262753682361 0.014872870048590059 41.986455781207745
    endloop
  endfacet
  facet normal -0.7071067811865474 0.7071067811865477 1.5365322958159436e-15
    outer loop
      vertex -17.003740371931364 -2.8616047482004134 42.40290106384028
      vertex -14.127262753682361 0.014872870048590059 41.986455781207745
      vertex -14.849242404917499 -0.7071067811865476 41.92634573596084
    endloop
  endfacet
  facet normal -0.7071067811865475 0.7071067811865477 -6.699018784556314e-17
    outer loop
      vertex -16.747006771259898 -2.6048711475289466 43.440513058186
      vertex -16.436161395002454 -2.294025771271503 44.4480909650281
      vertex -13.635700322524393 0.5064353012065572 43.42999999999999
    endloop
  endfacet
  facet normal -0.7071067811865476 0.7071067811865474 6.956090806627171e-17
    outer loop
      vertex -16.436161395002454 -2.294025771271503 44.4480909650281
      vertex -16.072942616593654 -1.9308069928627027 45.419999999999995
      vertex -13.435028842544405 0.707106781186547 43.88165290357816
    endloop
  endfacet
  facet normal -0.6481073865052993 -0.6481073865052993 0.39989202431974186
    outer loop
      vertex -16.747006771259898 -2.6048711475289466 43.440513058186
      vertex -12.547074098476443 -6.183113067797514 44.4480909650281
      vertex -16.436161395002454 -2.294025771271503 44.4480909650281
    endloop
  endfacet
  facet normal -0.6251639900985222 -0.6251639900985222 0.46726862827306287
    outer loop
      vertex -16.436161395002454 -2.294025771271503 44.4480909650281
      vertex -12.183855320067643 -5.819894289388714 45.419999999999995
      vertex -16.072942616593654 -1.9308069928627027 45.419999999999995
    endloop
  endfacet
  facet normal -0.5987244230690698 -0.5987244230690698 0.5320320765153347
    outer loop
      vertex -16.072942616593654 -1.9308069928627027 45.419999999999995
      vertex -11.770294406251557 -5.406333375572627 46.35080485353524
      vertex -15.659381702777567 -1.5172460790466165 46.35080485353524
    endloop
  endfacet
  facet normal -0.5689365462006513 -0.5689365462006513 0.5938201855735018
    outer loop
      vertex -15.659381702777567 -1.5172460790466165 46.35080485353524
      vertex -11.308704157414109 -4.94474312673518 47.23530008732338
      vertex -15.19779145394012 -1.0556558302091688 47.23530008732338
    endloop
  endfacet
  facet normal -0.5359669453838012 -0.5359669453838012 0.6522874112781228
    outer loop
      vertex -15.19779145394012 -1.0556558302091688 47.23530008732338
      vertex -11.308704157414109 -4.94474312673518 47.23530008732338
      vertex -15.176676050829581 -1.03454042709863 47.269999999999996
    endloop
  endfacet
  facet normal -0.7071067811865477 0.7071067811865472 -7.69635068276714e-16
    outer loop
      vertex -16.747006771259898 -2.6048711475289466 43.440513058186
      vertex -13.900578234398022 0.2415573893329297 42.721233683340216
      vertex -14.127262753682361 0.014872870048590059 41.986455781207745
    endloop
  endfacet
  facet normal -0.7071067811865474 0.7071067811865476 1.8290363688195964e-15
    outer loop
      vertex -16.747006771259898 -2.6048711475289466 43.440513058186
      vertex -13.635700322524393 0.5064353012065572 43.42999999999999
      vertex -13.900578234398022 0.2415573893329297 42.721233683340216
    endloop
  endfacet
  facet normal -0.7071067811865479 0.7071067811865472 -2.454800428510525e-15
    outer loop
      vertex -16.436161395002454 -2.294025771271503 44.4480909650281
      vertex -13.435028842544405 0.707106781186547 43.88165290357816
      vertex -13.635700322524393 0.5064353012065572 43.42999999999999
    endloop
  endfacet
  facet normal -0.7071067811865476 0.7071067811865475 8.000826992180633e-17
    outer loop
      vertex -16.072942616593654 -1.9308069928627027 45.419999999999995
      vertex -15.659381702777567 -1.5172460790466165 46.35080485353524
      vertex -13.435028842544405 0.707106781186547 43.88165290357816
    endloop
  endfacet
  facet normal -0.7071067811865477 0.7071067811865475 1.085606466557734e-16
    outer loop
      vertex -15.659381702777567 -1.5172460790466165 46.35080485353524
      vertex -15.19779145394012 -1.0556558302091688 47.23530008732338
      vertex -13.435028842544405 0.707106781186547 43.88165290357816
    endloop
  endfacet
  facet normal -0.7071067811865477 0.7071067811865472 2.1196424401274962e-16
    outer loop
      vertex -15.19779145394012 -1.0556558302091688 47.23530008732338
      vertex -15.176676050829581 -1.03454042709863 47.269999999999996
      vertex -13.435028842544405 0.707106781186547 47.269999999999996
    endloop
  endfacet
  facet normal -0.5987244230690698 -0.5987244230690699 0.5320320765153347
    outer loop
      vertex -10.062534976508 -7.941214632948357 45.419999999999995
      vertex -7.527653719132271 -9.648974062691913 46.35080485353524
      vertex -9.648974062691913 -7.527653719132271 46.35080485353524
    endloop
  endfacet
  facet normal -0.5689365462006515 -0.5689365462006515 0.5938201855735017
    outer loop
      vertex -15.659381702777567 -1.5172460790466165 46.35080485353524
      vertex -11.770294406251557 -5.406333375572627 46.35080485353524
      vertex -11.308704157414109 -4.94474312673518 47.23530008732338
    endloop
  endfacet
  facet normal -0.5359669453838012 -0.5359669453838012 0.6522874112781228
    outer loop
      vertex -11.308704157414109 -4.94474312673518 47.23530008732338
      vertex -11.28758875430357 -4.923627723624641 47.269999999999996
      vertex -15.176676050829581 -1.03454042709863 47.269999999999996
    endloop
  endfacet
  facet normal -0.6251639900985222 -0.6251639900985222 -0.4672686282730628
    outer loop
      vertex -5.819894289388714 -12.183855320067643 30.71999999999999
      vertex -2.294025771271503 -16.436161395002454 31.691909034971886
      vertex -6.183113067797514 -12.547074098476443 31.691909034971886
    endloop
  endfacet
  facet normal -0.5987244230690698 -0.5987244230690698 -0.5320320765153347
    outer loop
      vertex -5.819894289388714 -12.183855320067643 30.71999999999999
      vertex -5.406333375572627 -11.770294406251557 29.78919514646475
      vertex -1.9308069928627027 -16.072942616593654 30.71999999999999
    endloop
  endfacet
  facet normal -0.6947794161898088 -0.6947794161898084 -0.18591160716291408
    outer loop
      vertex -6.951878111376148 -13.315839142055077 34.79894227084217
      vertex -3.0627908148501373 -17.20492643858109 34.79894227084217
      vertex -3.2073042333847734 -17.349439857115726 35.879078687210225
    endloop
  endfacet
  facet normal -0.7026606421633819 -0.7026606421633816 -0.11196447610330675
    outer loop
      vertex -7.096391529910784 -13.460352560589714 35.879078687210225
      vertex -3.2073042333847734 -17.349439857115726 35.879078687210225
      vertex -3.294336826147795 -17.436472449878746 36.97146762427956
    endloop
  endfacet
  facet normal -0.6674263035099887 -0.6674263035099887 -0.33027906195516693
    outer loop
      vertex -6.750692044726424 -13.114653075405354 33.737098936159704
      vertex -6.493958444054957 -12.857919474733887 32.69948694181399
      vertex -2.6048711475289466 -16.747006771259898 32.69948694181399
    endloop
  endfacet
  facet normal -0.6481073865052993 -0.6481073865052993 -0.39989202431974186
    outer loop
      vertex -6.183113067797514 -12.547074098476443 31.691909034971886
      vertex -2.6048711475289466 -16.747006771259898 32.69948694181399
      vertex -6.493958444054957 -12.857919474733887 32.69948694181399
    endloop
  endfacet
  facet normal -0.6830127018922195 -0.6830127018922192 -0.2588190451025209
    outer loop
      vertex -6.750692044726424 -13.114653075405354 33.737098936159704
      vertex -3.0627908148501373 -17.20492643858109 34.79894227084217
      vertex -6.951878111376148 -13.315839142055077 34.79894227084217
    endloop
  endfacet
  facet normal -0.6947794161898087 -0.6947794161898083 -0.18591160716291422
    outer loop
      vertex -6.951878111376148 -13.315839142055077 34.79894227084217
      vertex -3.2073042333847734 -17.349439857115726 35.879078687210225
      vertex -7.096391529910784 -13.460352560589714 35.879078687210225
    endloop
  endfacet
  facet normal -0.7026606421633818 -0.7026606421633815 -0.1119644761033078
    outer loop
      vertex -7.096391529910784 -13.460352560589714 35.879078687210225
      vertex -3.294336826147795 -17.436472449878746 36.97146762427956
      vertex -7.183424122673806 -13.547385153352735 36.97146762427956
    endloop
  endfacet
  facet normal -0.5987244230690698 -0.5987244230690698 -0.5320320765153347
    outer loop
      vertex -9.648974062691913 -7.527653719132271 29.78919514646475
      vertex -7.527653719132271 -9.648974062691913 29.78919514646475
      vertex -7.941214632948357 -10.062534976508 30.71999999999999
    endloop
  endfacet
  facet normal -0.6251639900985222 -0.6251639900985222 -0.4672686282730628
    outer loop
      vertex -5.819894289388714 -12.183855320067643 30.71999999999999
      vertex -1.9308069928627027 -16.072942616593654 30.71999999999999
      vertex -2.294025771271503 -16.436161395002454 31.691909034971886
    endloop
  endfacet
  facet normal -0.5987244230690698 -0.5987244230690698 -0.5320320765153348
    outer loop
      vertex -5.406333375572627 -11.770294406251557 29.78919514646475
      vertex -1.5172460790466165 -15.659381702777567 29.78919514646475
      vertex -1.9308069928627027 -16.072942616593654 30.71999999999999
    endloop
  endfacet
  facet normal -0.5689365462006505 -0.5689365462006505 -0.5938201855735035
    outer loop
      vertex -4.94474312673518 -11.308704157414109 28.90469991267661
      vertex -1.0556558302091688 -15.19779145394012 28.90469991267661
      vertex -1.5172460790466165 -15.659381702777567 29.78919514646475
    endloop
  endfacet
  facet normal -0.5359669453838025 -0.5359669453838026 -0.6522874112781206
    outer loop
      vertex -4.43770494278626 -10.801665973465187 28.07146075476748
      vertex -0.5486176462602481 -14.690753269991198 28.07146075476748
      vertex -1.0556558302091688 -15.19779145394012 28.90469991267661
    endloop
  endfacet
  facet normal 0.7071067811865477 -0.7071067811865475 7.667542992049558e-17
    outer loop
      vertex -2.294025771271503 -16.436161395002454 31.691909034971886
      vertex -1.9308069928627027 -16.072942616593654 30.71999999999999
      vertex 0.8080253009418277 -13.334110322789122 32.03120897755797
    endloop
  endfacet
  facet normal 0.7071067811865476 -0.7071067811865476 -6.3644198839609945e-18
    outer loop
      vertex -1.5172460790466165 -15.659381702777567 29.78919514646475
      vertex -1.0556558302091688 -15.19779145394012 28.90469991267661
      vertex 1.9152328355207633 -12.226902788210188 30.211683933984254
    endloop
  endfacet
  facet normal 0.7071067811865476 -0.7071067811865476 -1.9095731320279143e-17
    outer loop
      vertex -1.9308069928627027 -16.072942616593654 30.71999999999999
      vertex -1.5172460790466165 -15.659381702777567 29.78919514646475
      vertex 1.514399232878553 -12.627736390852398 30.778548251095735
    endloop
  endfacet
  facet normal -0.6674263035099888 -0.6674263035099888 -0.3302790619551669
    outer loop
      vertex -6.750692044726424 -13.114653075405354 33.737098936159704
      vertex -2.6048711475289466 -16.747006771259898 32.69948694181399
      vertex -2.8616047482004134 -17.003740371931364 33.737098936159704
    endloop
  endfacet
  facet normal -0.6830127018922191 -0.6830127018922191 -0.2588190451025219
    outer loop
      vertex -6.750692044726424 -13.114653075405354 33.737098936159704
      vertex -2.8616047482004134 -17.003740371931364 33.737098936159704
      vertex -3.0627908148501373 -17.20492643858109 34.79894227084217
    endloop
  endfacet
  facet normal 0.7071067811865489 -0.7071067811865462 -6.836943314856442e-16
    outer loop
      vertex -2.8616047482004134 -17.003740371931364 33.737098936159704
      vertex -0.7071067811865478 -14.849242404917499 41.926345735960844
      vertex -3.0627908148501373 -17.20492643858109 34.79894227084217
    endloop
  endfacet
  facet normal -0.6481073865052994 -0.6481073865052994 -0.3998920243197418
    outer loop
      vertex -6.183113067797514 -12.547074098476443 31.691909034971886
      vertex -2.294025771271503 -16.436161395002454 31.691909034971886
      vertex -2.6048711475289466 -16.747006771259898 32.69948694181399
    endloop
  endfacet
  facet normal 0.7071067811865476 -0.7071067811865474 5.656204301234834e-17
    outer loop
      vertex -2.294025771271503 -16.436161395002454 31.691909034971886
      vertex 0.5064353012065572 -13.635700322524393 32.709999999999994
      vertex -2.6048711475289466 -16.747006771259898 32.69948694181399
    endloop
  endfacet
  facet normal 0.7071067811865475 -0.7071067811865475 -6.589361508839415e-18
    outer loop
      vertex -2.8616047482004134 -17.003740371931364 33.737098936159704
      vertex -2.6048711475289466 -16.747006771259898 32.69948694181399
      vertex 0.014872870048590059 -14.127262753682361 34.15354421879224
    endloop
  endfacet
  facet normal 0.7071067811865475 -0.7071067811865475 -1.696999043309289e-15
    outer loop
      vertex -2.8616047482004134 -17.003740371931364 33.737098936159704
      vertex 0.014872870048590059 -14.127262753682361 34.15354421879224
      vertex -0.7071067811865475 -14.849242404917499 34.21365426403914
    endloop
  endfacet
  facet normal 0.7071067811865475 -0.7071067811865476 2.5955952757807354e-17
    outer loop
      vertex -2.8616047482004134 -17.003740371931364 33.737098936159704
      vertex -0.7071067811865475 -14.849242404917499 34.21365426403914
      vertex -0.7071067811865478 -14.849242404917499 41.926345735960844
    endloop
  endfacet
  facet normal 0.7071067811865477 -0.7071067811865476 2.9247317886543916e-16
    outer loop
      vertex -2.294025771271503 -16.436161395002454 31.691909034971886
      vertex 0.8080253009418277 -13.334110322789122 32.03120897755797
      vertex 0.5064353012065572 -13.635700322524393 32.709999999999994
    endloop
  endfacet
  facet normal 0.7071067811865478 -0.7071067811865475 -1.57222659375772e-15
    outer loop
      vertex -2.6048711475289466 -16.747006771259898 32.69948694181399
      vertex 0.5064353012065572 -13.635700322524393 32.709999999999994
      vertex 0.2415573893329297 -13.900578234398022 33.41876631665977
    endloop
  endfacet
  facet normal 0.7071067811865472 -0.7071067811865478 7.958299483520827e-16
    outer loop
      vertex -2.6048711475289466 -16.747006771259898 32.69948694181399
      vertex 0.2415573893329297 -13.900578234398022 33.41876631665977
      vertex 0.014872870048590059 -14.127262753682361 34.15354421879224
    endloop
  endfacet
  facet normal 0.7071067811865476 -0.7071067811865474 -1.7289036922139228e-15
    outer loop
      vertex -0.7071067811865475 -14.849242404917499 34.21365426403914
      vertex 0.014872870048590059 -14.127262753682361 34.15354421879224
      vertex 1.809021632499236e-16 -14.142135623730951 34.21365426403914
    endloop
  endfacet
  facet normal -0.5359669453838026 -0.5359669453838026 -0.6522874112781202
    outer loop
      vertex -4.94474312673518 -11.308704157414109 28.90469991267661
      vertex -4.43770494278626 -10.801665973465187 28.07146075476748
      vertex -1.0556558302091688 -15.19779145394012 28.90469991267661
    endloop
  endfacet
  facet normal -0.46123685179737556 -0.46123685179737567 -0.7579717231454558
    outer loop
      vertex -3.888054386924273 -10.252015417603202 27.294137484101547
      vertex -3.636038969321071 -10 26.98742736743036
      vertex 0.0010329096017382966 -14.141102714129213 27.294137484101547
    endloop
  endfacet
  facet normal -0.46123685179737917 -0.4612368517973782 -0.757971723145452
    outer loop
      vertex -3.1196887659650097 -10.113782576440514 26.742459093279535
      vertex 0.0010329096017382966 -14.141102714129213 27.294137484101547
      vertex -3.4448606873879823 -10 26.87109259372017
    endloop
  endfacet
  facet normal -0.4612368517973756 -0.46123685179737567 -0.7579717231454558
    outer loop
      vertex -3.636038969321071 -10 26.98742736743036
      vertex -3.4448606873879823 -10 26.87109259372017
      vertex 0.0010329096017382966 -14.141102714129213 27.294137484101547
    endloop
  endfacet
  facet normal -0.5 -0.5000000000000001 -0.7071067811865475
    outer loop
      vertex -4.43770494278626 -10.801665973465187 28.07146075476748
      vertex -3.888054386924273 -10.252015417603202 27.294137484101547
      vertex -0.5486176462602481 -14.690753269991198 28.07146075476748
    endloop
  endfacet
  facet normal -0.5689365462006505 -0.5689365462006505 -0.5938201855735034
    outer loop
      vertex -4.94474312673518 -11.308704157414109 28.90469991267661
      vertex -1.5172460790466165 -15.659381702777567 29.78919514646475
      vertex -5.406333375572627 -11.770294406251557 29.78919514646475
    endloop
  endfacet
  facet normal -0.5000000000000001 -0.5000000000000002 -0.7071067811865474
    outer loop
      vertex -0.5486176462602481 -14.690753269991198 28.07146075476748
      vertex -3.888054386924273 -10.252015417603202 27.294137484101547
      vertex 0.0010329096017382966 -14.141102714129213 27.294137484101547
    endloop
  endfacet
  facet normal -0.4612368517973789 -0.46123685179737806 -0.7579717231454524
    outer loop
      vertex -3.1196887659650097 -10.113782576440514 26.742459093279535
      vertex -2.7484308520559297 -10.213260834656115 26.57707720771996
      vertex 0.0010329096017382966 -14.141102714129213 27.294137484101547
    endloop
  endfacet
  facet normal -0.4198942800244741 -0.41989428002447426 -0.8045977797666712
    outer loop
      vertex -2.355161564993627 -10.318637022532423 26.426834852288934
      vertex -1.5172346012319724 -11 26.345129031124753
      vertex 0.5902219685094536 -13.551913655221497 26.57707720771996
    endloop
  endfacet
  facet normal -0.4198942800244749 -0.419894280024475 -0.8045977797666705
    outer loop
      vertex -2.7484308520559297 -10.213260834656115 26.57707720771996
      vertex -2.355161564993627 -10.318637022532423 26.426834852288934
      vertex 0.5902219685094536 -13.551913655221497 26.57707720771996
    endloop
  endfacet
  facet normal -0.4612368517973769 -0.461236851797377 -0.7579717231454542
    outer loop
      vertex -2.7484308520559297 -10.213260834656115 26.57707720771996
      vertex 0.5902219685094536 -13.551913655221497 26.57707720771996
      vertex 0.0010329096017382966 -14.141102714129213 27.294137484101547
    endloop
  endfacet
  facet normal -0.706612304800373 -0.706612304800373 -0.037391194276326145
    outer loop
      vertex -7.183424122673806 -13.547385153352735 36.97146762427956
      vertex -3.294336826147795 -17.436472449878746 36.97146762427956
      vertex -3.323401871576774 -17.465537495307725 38.06999999999999
    endloop
  endfacet
  facet normal -0.706612304800373 -0.706612304800373 0.03739119427632613
    outer loop
      vertex -7.212489168102785 -13.576450198781714 38.06999999999999
      vertex -3.323401871576774 -17.465537495307725 38.06999999999999
      vertex -3.294336826147795 -17.436472449878746 39.168532375720424
    endloop
  endfacet
  facet normal -0.7026606421633818 -0.7026606421633818 0.11196447610330679
    outer loop
      vertex -7.183424122673806 -13.547385153352735 39.168532375720424
      vertex -3.294336826147795 -17.436472449878746 39.168532375720424
      vertex -3.2073042333847734 -17.349439857115726 40.26092131278976
    endloop
  endfacet
  facet normal -0.6947794161898088 -0.6947794161898084 0.18591160716291413
    outer loop
      vertex -7.096391529910784 -13.460352560589714 40.26092131278976
      vertex -3.2073042333847734 -17.349439857115726 40.26092131278976
      vertex -3.0627908148501373 -17.20492643858109 41.34105772915782
    endloop
  endfacet
  facet normal -0.706612304800373 -0.7066123048003728 -0.037391194276326076
    outer loop
      vertex -7.183424122673806 -13.547385153352735 36.97146762427956
      vertex -3.323401871576774 -17.465537495307725 38.06999999999999
      vertex -7.212489168102785 -13.576450198781714 38.06999999999999
    endloop
  endfacet
  facet normal -0.706612304800373 -0.706612304800373 0.037391194276326076
    outer loop
      vertex -7.212489168102785 -13.576450198781714 38.06999999999999
      vertex -3.294336826147795 -17.436472449878746 39.168532375720424
      vertex -7.183424122673806 -13.547385153352735 39.168532375720424
    endloop
  endfacet
  facet normal -0.7026606421633819 -0.7026606421633815 0.11196447610330779
    outer loop
      vertex -7.183424122673806 -13.547385153352735 39.168532375720424
      vertex -3.2073042333847734 -17.349439857115726 40.26092131278976
      vertex -7.096391529910784 -13.460352560589714 40.26092131278976
    endloop
  endfacet
  facet normal -0.6947794161898085 -0.6947794161898083 0.1859116071629142
    outer loop
      vertex -7.096391529910784 -13.460352560589714 40.26092131278976
      vertex -3.0627908148501373 -17.20492643858109 41.34105772915782
      vertex -6.951878111376148 -13.315839142055077 41.34105772915782
    endloop
  endfacet
  facet normal -0.6830127018922193 -0.6830127018922193 0.2588190451025209
    outer loop
      vertex -6.951878111376148 -13.315839142055077 41.34105772915782
      vertex -2.8616047482004134 -17.003740371931364 42.40290106384028
      vertex -6.750692044726424 -13.114653075405354 42.40290106384028
    endloop
  endfacet
  facet normal -0.6674263035099887 -0.6674263035099887 0.33027906195516693
    outer loop
      vertex -6.750692044726424 -13.114653075405354 42.40290106384028
      vertex -2.6048711475289466 -16.747006771259898 43.440513058186
      vertex -6.493958444054957 -12.857919474733887 43.440513058186
    endloop
  endfacet
  facet normal -0.6481073865052993 -0.6481073865052993 0.39989202431974186
    outer loop
      vertex -6.493958444054957 -12.857919474733887 43.440513058186
      vertex -2.294025771271503 -16.436161395002454 44.4480909650281
      vertex -6.183113067797514 -12.547074098476443 44.4480909650281
    endloop
  endfacet
  facet normal -0.6251639900985222 -0.6251639900985222 0.46726862827306287
    outer loop
      vertex -6.183113067797514 -12.547074098476443 44.4480909650281
      vertex -1.9308069928627027 -16.072942616593654 45.419999999999995
      vertex -5.819894289388714 -12.183855320067643 45.419999999999995
    endloop
  endfacet
  facet normal -0.5987244230690699 -0.5987244230690699 0.5320320765153347
    outer loop
      vertex -10.062534976508 -7.941214632948357 45.419999999999995
      vertex -7.941214632948357 -10.062534976508 45.419999999999995
      vertex -7.527653719132271 -9.648974062691913 46.35080485353524
    endloop
  endfacet
  facet normal -0.5689365462006513 -0.5689365462006513 0.5938201855735019
    outer loop
      vertex -9.648974062691913 -7.527653719132271 46.35080485353524
      vertex -7.527653719132271 -9.648974062691913 46.35080485353524
      vertex -7.066063470294823 -9.187383813854465 47.23530008732338
    endloop
  endfacet
  facet normal 0.7071067811865477 -0.7071067811865474 4.9575738156195264e-17
    outer loop
      vertex -3.0627908148501373 -17.20492643858109 34.79894227084217
      vertex -0.7071067811865478 -14.849242404917499 41.926345735960844
      vertex -3.2073042333847734 -17.349439857115726 35.879078687210225
    endloop
  endfacet
  facet normal 0.7071067811865466 -0.7071067811865485 9.96529564896121e-16
    outer loop
      vertex -3.294336826147795 -17.436472449878746 36.97146762427956
      vertex -3.2073042333847734 -17.349439857115726 35.879078687210225
      vertex -0.7071067811865478 -14.849242404917499 41.926345735960844
    endloop
  endfacet
  facet normal 0.7071067811865476 -0.7071067811865476 5.952847414095869e-19
    outer loop
      vertex -3.294336826147795 -17.436472449878746 36.97146762427956
      vertex -0.7071067811865478 -14.849242404917499 41.926345735960844
      vertex -3.323401871576774 -17.465537495307725 38.06999999999999
    endloop
  endfacet
  facet normal -0.6830127018922193 -0.683012701892219 0.25881904510252185
    outer loop
      vertex -6.951878111376148 -13.315839142055077 41.34105772915782
      vertex -3.0627908148501373 -17.20492643858109 41.34105772915782
      vertex -2.8616047482004134 -17.003740371931364 42.40290106384028
    endloop
  endfacet
  facet normal 0.7071067811865476 -0.7071067811865475 1.7568561975053894e-18
    outer loop
      vertex -3.323401871576774 -17.465537495307725 38.06999999999999
      vertex -0.7071067811865478 -14.849242404917499 41.926345735960844
      vertex -3.294336826147795 -17.436472449878746 39.168532375720424
    endloop
  endfacet
  facet normal 0.7071067811865482 -0.7071067811865469 -1.2535082867644746e-15
    outer loop
      vertex -3.294336826147795 -17.436472449878746 39.168532375720424
      vertex -0.7071067811865478 -14.849242404917499 41.926345735960844
      vertex -3.2073042333847734 -17.349439857115726 40.26092131278976
    endloop
  endfacet
  facet normal 0.7071067811865478 -0.7071067811865472 -7.214864644529083e-17
    outer loop
      vertex -3.2073042333847734 -17.349439857115726 40.26092131278976
      vertex -0.7071067811865478 -14.849242404917499 41.926345735960844
      vertex -3.0627908148501373 -17.20492643858109 41.34105772915782
    endloop
  endfacet
  facet normal 0.7071067811865477 -0.7071067811865475 1.1297330141445793e-15
    outer loop
      vertex -3.0627908148501373 -17.20492643858109 41.34105772915782
      vertex -0.7071067811865478 -14.849242404917499 41.926345735960844
      vertex -2.8616047482004134 -17.003740371931364 42.40290106384028
    endloop
  endfacet
  facet normal -0.6674263035099888 -0.6674263035099888 0.3302790619551669
    outer loop
      vertex -6.750692044726424 -13.114653075405354 42.40290106384028
      vertex -2.8616047482004134 -17.003740371931364 42.40290106384028
      vertex -2.6048711475289466 -16.747006771259898 43.440513058186
    endloop
  endfacet
  facet normal -0.6481073865052994 -0.6481073865052994 0.3998920243197418
    outer loop
      vertex -6.493958444054957 -12.857919474733887 43.440513058186
      vertex -2.6048711475289466 -16.747006771259898 43.440513058186
      vertex -2.294025771271503 -16.436161395002454 44.4480909650281
    endloop
  endfacet
  facet normal -0.6251639900985222 -0.6251639900985222 0.4672686282730628
    outer loop
      vertex -6.183113067797514 -12.547074098476443 44.4480909650281
      vertex -2.294025771271503 -16.436161395002454 44.4480909650281
      vertex -1.9308069928627027 -16.072942616593654 45.419999999999995
    endloop
  endfacet
  facet normal -0.5987244230690698 -0.5987244230690698 0.5320320765153347
    outer loop
      vertex -5.819894289388714 -12.183855320067643 45.419999999999995
      vertex -1.5172460790466165 -15.659381702777567 46.35080485353524
      vertex -5.406333375572627 -11.770294406251557 46.35080485353524
    endloop
  endfacet
  facet normal -0.5987244230690699 -0.5987244230690699 0.5320320765153346
    outer loop
      vertex -5.819894289388714 -12.183855320067643 45.419999999999995
      vertex -1.9308069928627027 -16.072942616593654 45.419999999999995
      vertex -1.5172460790466165 -15.659381702777567 46.35080485353524
    endloop
  endfacet
  facet normal -0.5689365462006515 -0.5689365462006515 0.5938201855735017
    outer loop
      vertex -5.406333375572627 -11.770294406251557 46.35080485353524
      vertex -1.5172460790466165 -15.659381702777567 46.35080485353524
      vertex -1.0556558302091688 -15.19779145394012 47.23530008732338
    endloop
  endfacet
  facet normal -0.5359669453838012 -0.5359669453838012 0.6522874112781228
    outer loop
      vertex -1.0556558302091688 -15.19779145394012 47.23530008732338
      vertex -1.03454042709863 -15.176676050829581 47.269999999999996
      vertex -4.923627723624641 -11.28758875430357 47.269999999999996
    endloop
  endfacet
  facet normal 0.7071067811865474 -0.7071067811865476 4.596128650472792e-17
    outer loop
      vertex -2.8616047482004134 -17.003740371931364 42.40290106384028
      vertex 0.2415573893329297 -13.900578234398022 42.721233683340216
      vertex -2.6048711475289466 -16.747006771259898 43.440513058186
    endloop
  endfacet
  facet normal 0.7071067811865474 -0.7071067811865477 3.083358186246157e-16
    outer loop
      vertex -2.8616047482004134 -17.003740371931364 42.40290106384028
      vertex -0.7071067811865478 -14.849242404917499 41.926345735960844
      vertex 1.809021632499236e-16 -14.142135623730951 41.926345735960844
    endloop
  endfacet
  facet normal 0.7071067811865474 -0.7071067811865476 4.1481140805719075e-17
    outer loop
      vertex -2.6048711475289466 -16.747006771259898 43.440513058186
      vertex 0.707106781186547 -13.435028842544405 43.88165290357816
      vertex -2.294025771271503 -16.436161395002454 44.4480909650281
    endloop
  endfacet
  facet normal 0.7071067811865474 -0.7071067811865476 6.956090806627171e-17
    outer loop
      vertex -2.294025771271503 -16.436161395002454 44.4480909650281
      vertex 0.707106781186547 -13.435028842544405 43.88165290357816
      vertex -1.9308069928627027 -16.072942616593654 45.419999999999995
    endloop
  endfacet
  facet normal 0.707106781186543 -0.707106781186552 -6.247799573808769e-16
    outer loop
      vertex -1.5172460790466165 -15.659381702777567 46.35080485353524
      vertex -1.03454042709863 -15.176676050829581 47.269999999999996
      vertex -1.0556558302091688 -15.19779145394012 47.23530008732338
    endloop
  endfacet
  facet normal 0.7071067811865477 -0.7071067811865475 -8.315836178833764e-16
    outer loop
      vertex -2.8616047482004134 -17.003740371931364 42.40290106384028
      vertex 1.809021632499236e-16 -14.142135623730951 41.926345735960844
      vertex 0.014872870048590059 -14.127262753682361 41.986455781207745
    endloop
  endfacet
  facet normal 0.7071067811865475 -0.7071067811865476 -8.228336213113345e-16
    outer loop
      vertex -2.8616047482004134 -17.003740371931364 42.40290106384028
      vertex 0.014872870048590059 -14.127262753682361 41.986455781207745
      vertex 0.2415573893329297 -13.900578234398022 42.721233683340216
    endloop
  endfacet
  facet normal 0.7071067811865476 -0.7071067811865474 1.8290363688195964e-15
    outer loop
      vertex -2.6048711475289466 -16.747006771259898 43.440513058186
      vertex 0.2415573893329297 -13.900578234398022 42.721233683340216
      vertex 0.5064353012065572 -13.635700322524393 43.42999999999999
    endloop
  endfacet
  facet normal 0.7071067811865476 -0.7071067811865474 -2.6773351477524327e-15
    outer loop
      vertex -2.6048711475289466 -16.747006771259898 43.440513058186
      vertex 0.5064353012065572 -13.635700322524393 43.42999999999999
      vertex 0.707106781186547 -13.435028842544405 43.88165290357816
    endloop
  endfacet
  facet normal 0.7071067811865475 -0.7071067811865476 8.000826992180633e-17
    outer loop
      vertex -1.9308069928627027 -16.072942616593654 45.419999999999995
      vertex 0.707106781186547 -13.435028842544405 43.88165290357816
      vertex -1.5172460790466165 -15.659381702777567 46.35080485353524
    endloop
  endfacet
  facet normal 0.7071067811865472 -0.7071067811865477 2.31852669658388e-16
    outer loop
      vertex -1.5172460790466165 -15.659381702777567 46.35080485353524
      vertex 0.707106781186547 -13.435028842544405 47.269999999999996
      vertex -1.03454042709863 -15.176676050829581 47.269999999999996
    endloop
  endfacet
  facet normal 0.7071067811865474 -0.7071067811865477 9.266538184071014e-18
    outer loop
      vertex -1.5172460790466165 -15.659381702777567 46.35080485353524
      vertex 0.707106781186547 -13.435028842544405 43.88165290357816
      vertex 0.707106781186547 -13.435028842544405 47.269999999999996
    endloop
  endfacet
  facet normal -0.5689365462006513 -0.5689365462006513 0.5938201855735018
    outer loop
      vertex -5.406333375572627 -11.770294406251557 46.35080485353524
      vertex -1.0556558302091688 -15.19779145394012 47.23530008732338
      vertex -4.94474312673518 -11.308704157414109 47.23530008732338
    endloop
  endfacet
  facet normal -0.5359669453838012 -0.5359669453838012 0.6522874112781228
    outer loop
      vertex -4.94474312673518 -11.308704157414109 47.23530008732338
      vertex -1.0556558302091688 -15.19779145394012 47.23530008732338
      vertex -4.923627723624641 -11.28758875430357 47.269999999999996
    endloop
  endfacet
  facet normal -0.5359669453838026 -0.5359669453838026 -0.6522874112781207
    outer loop
      vertex -9.187383813854465 -7.066063470294823 28.90469991267661
      vertex -6.7175144212722016 -8.838834764831844 28.331913236462704
      vertex -7.066063470294823 -9.187383813854465 28.90469991267661
    endloop
  endfacet
  facet normal -0.5359669453838026 -0.5359669453838026 -0.6522874112781206
    outer loop
      vertex -9.187383813854465 -7.066063470294823 28.90469991267661
      vertex -8.838834764831844 -6.7175144212722016 28.331913236462704
      vertex -6.7175144212722016 -8.838834764831844 28.331913236462704
    endloop
  endfacet
  facet normal -0.5689365462006506 -0.5689365462006506 -0.5938201855735035
    outer loop
      vertex -9.187383813854465 -7.066063470294823 28.90469991267661
      vertex -7.066063470294823 -9.187383813854465 28.90469991267661
      vertex -7.527653719132271 -9.648974062691913 29.78919514646475
    endloop
  endfacet
  facet normal -0.5689365462006513 -0.5689365462006514 0.5938201855735018
    outer loop
      vertex -9.648974062691913 -7.527653719132271 46.35080485353524
      vertex -7.066063470294823 -9.187383813854465 47.23530008732338
      vertex -9.187383813854465 -7.066063470294823 47.23530008732338
    endloop
  endfacet
  facet normal -0.5359669453838012 -0.5359669453838012 0.6522874112781227
    outer loop
      vertex -9.187383813854465 -7.066063470294823 47.23530008732338
      vertex -7.066063470294823 -9.187383813854465 47.23530008732338
      vertex -9.166268410743927 -7.044948067184285 47.269999999999996
    endloop
  endfacet
  facet normal -0.5359669453838012 -0.5359669453838012 0.6522874112781227
    outer loop
      vertex -7.066063470294823 -9.187383813854465 47.23530008732338
      vertex -7.044948067184285 -9.166268410743927 47.269999999999996
      vertex -9.166268410743927 -7.044948067184285 47.269999999999996
    endloop
  endfacet
  facet normal -0.3762034891127536 -0.37620348911275314 -0.8467241992282853
    outer loop
      vertex -10.55440498936561 -0.7909433105187128 25.761906344153296
      vertex -12.926481077482721 1.2156545462482296 25.924290017554867
      vertex -12.2683026535866 1.8738329701443508 25.339426564368747
    endloop
  endfacet
  facet normal -0.3762034891127527 -0.3762034891127527 -0.8467241992282859
    outer loop
      vertex -10.55440498936561 -0.7909433105187128 25.761906344153296
      vertex -12.2683026535866 1.8738329701443508 25.339426564368747
      vertex -10.584 0 25.423635763121606
    endloop
  endfacet
  facet normal -0.37620348911275364 -0.37620348911275353 -0.846724199228285
    outer loop
      vertex -12.2683026535866 1.8738329701443508 25.339426564368747
      vertex -10.577164058777678 0.1826943753354276 25.339426564368747
      vertex -10.584 0 25.423635763121606
    endloop
  endfacet
  facet normal -0.33040881568761765 -0.3304088156876175 -0.8841153935046103
    outer loop
      vertex -12.2683026535866 1.8738329701443508 25.339426564368747
      vertex -11.5810591842615 2.561076439469451 24.825757641834436
      vertex -10.577164058777678 0.1826943753354276 25.339426564368747
    endloop
  endfacet
  facet normal -0.7071067811865476 0.7071067811865475 -1.9201943691080355e-16
    outer loop
      vertex -13.551913655221497 0.5902219685094536 26.57707720771996
      vertex -9.520098695077284 4.622036928653668 25.887593901623703
      vertex -12.926481077482721 1.2156545462482296 25.924290017554867
    endloop
  endfacet
  facet normal -0.28276636213890544 -0.28276636213890544 -0.9165622558699756
    outer loop
      vertex -11.5810591842615 2.561076439469451 24.825757641834436
      vertex -10.868594013759703 3.273541609971249 24.38615589493019
      vertex -10.519982744792049 1.5 24.825757641834436
    endloop
  endfacet
  facet normal -0.7071067811865475 0.7071067811865475 -7.35697567119854e-17
    outer loop
      vertex -12.2683026535866 1.8738329701443508 25.339426564368747
      vertex -9.642135623730951 4.5 24.70168644971941
      vertex -11.5810591842615 2.561076439469451 24.825757641834436
    endloop
  endfacet
  facet normal -0.7071067811865475 0.7071067811865475 1.1162627725740573e-17
    outer loop
      vertex -12.2683026535866 1.8738329701443508 25.339426564368747
      vertex -12.926481077482721 1.2156545462482296 25.924290017554867
      vertex -9.642135623730951 4.5 24.70168644971941
    endloop
  endfacet
  facet normal -0.33040881568761593 -0.33040881568761704 -0.8841153935046112
    outer loop
      vertex -11.5810591842615 2.561076439469451 24.825757641834436
      vertex -10.51525997553224 1.1383649174109607 24.959141785598725
      vertex -10.55440498936561 0.7909433105187128 25.103608243570932
    endloop
  endfacet
  facet normal -0.2827663621388737 -0.2827663621389437 -0.9165622558699736
    outer loop
      vertex -10.519982744792049 1.5 24.825757641834436
      vertex -10.46578546476676 1.5774633452086324 24.7851393469004
      vertex -10.474513487605915 1.5 24.811730033386304
    endloop
  endfacet
  facet normal -0.33040881568761465 -0.33040881568761615 -0.8841153935046119
    outer loop
      vertex -11.5810591842615 2.561076439469451 24.825757641834436
      vertex -10.61364205671678 1.5 24.860759704414185
      vertex -10.51525997553224 1.1383649174109607 24.959141785598725
    endloop
  endfacet
  facet normal -0.3304088156876278 -0.3304088156876278 -0.8841153935046027
    outer loop
      vertex -11.5810591842615 2.561076439469451 24.825757641834436
      vertex -10.519982744792049 1.5 24.825757641834436
      vertex -10.61364205671678 1.5 24.860759704414185
    endloop
  endfacet
  facet normal -0.28276636213892276 -0.28276636213890743 -0.9165622558699699
    outer loop
      vertex -10.519982744792049 1.5 24.825757641834436
      vertex -10.868594013759703 3.273541609971249 24.38615589493019
      vertex -10.46578546476676 1.5774633452086324 24.7851393469004
    endloop
  endfacet
  facet normal -0.33040881568761576 -0.330408815687617 -0.8841153935046112
    outer loop
      vertex -11.5810591842615 2.561076439469451 24.825757641834436
      vertex -10.55440498936561 0.7909433105187128 25.103608243570932
      vertex -10.577164058777678 0.1826943753354276 25.339426564368747
    endloop
  endfacet
  facet normal -0.2827663621389024 -0.2827663621389042 -0.916562255869977
    outer loop
      vertex -10.46578546476676 1.5774633452086324 24.7851393469004
      vertex -10.868594013759703 3.273541609971249 24.38615589493019
      vertex -10.318637022532421 2.355161564993632 24.499817183042264
    endloop
  endfacet
  facet normal -0.2827663621389078 -0.2827663621389072 -0.9165622558699745
    outer loop
      vertex -10.868594013759703 3.273541609971249 24.38615589493019
      vertex -10.240780070286464 2.6457276664980087 24.38615589493019
      vertex -10.318637022532421 2.355161564993632 24.499817183042264
    endloop
  endfacet
  facet normal -0.23354256439242962 -0.23354256439242913 -0.9438833303083681
    outer loop
      vertex -10.868594013759703 3.273541609971249 24.38615589493019
      vertex -10.113782576440514 3.1196887659650097 24.237462294281347
      vertex -10.240780070286464 2.6457276664980087 24.38615589493019
    endloop
  endfacet
  facet normal -0.23354256439243692 -0.2335425643924786 -0.943883330308354
    outer loop
      vertex -10.868594013759703 3.273541609971249 24.38615589493019
      vertex -10.109984844234313 3.130542061057913 24.23383722921605
      vertex -10.113782576440514 3.1196887659650097 24.237462294281347
    endloop
  endfacet
  facet normal -0.23354256439243098 -0.23354256439243334 -0.9438833303083668
    outer loop
      vertex -10.868594013759703 3.273541609971249 24.38615589493019
      vertex -10.189421018434585 3.5310266952944347 24.15440105501578
      vertex -10.109984844234313 3.130542061057913 24.23383722921605
    endloop
  endfacet
  facet normal -0.23354256439243026 -0.23354256439243515 -0.9438833303083666
    outer loop
      vertex -10.868594013759703 3.273541609971249 24.38615589493019
      vertex -10.252393226379153 3.8897423973517986 24.081226021831416
      vertex -10.189421018434585 3.5310266952944347 24.15440105501578
    endloop
  endfacet
  facet normal -0.707106781186546 0.7071067811865489 6.185754298212705e-15
    outer loop
      vertex -10.868594013759703 3.273541609971249 24.38615589493019
      vertex -10.189421018434585 3.952714605296366 24.15440105501578
      vertex -10.252393226379153 3.8897423973517986 24.081226021831416
    endloop
  endfacet
  facet normal -0.7071067811865476 0.7071067811865476 7.784280283846402e-16
    outer loop
      vertex -11.5810591842615 2.561076439469451 24.825757641834436
      vertex -9.642135623730951 4.5 24.70168644971941
      vertex -10.868594013759703 3.273541609971249 24.38615589493019
    endloop
  endfacet
  facet normal -0.7071067811865474 0.7071067811865477 -3.206668192179756e-16
    outer loop
      vertex -10.868594013759703 3.273541609971249 24.38615589493019
      vertex -9.642135623730951 4.5 24.70168644971941
      vertex -10.189421018434585 3.952714605296366 24.15440105501578
    endloop
  endfacet
  facet normal -0.7071067811865476 0.7071067811865476 -7.75971816634901e-17
    outer loop
      vertex -12.926481077482721 1.2156545462482296 25.924290017554867
      vertex -9.642135623730951 4.5 25.782572632569636
      vertex -9.642135623730951 4.5 24.70168644971941
    endloop
  endfacet
  facet normal -0.7071067811865476 0.7071067811865474 -4.1504416501104746e-15
    outer loop
      vertex -12.926481077482721 1.2156545462482296 25.924290017554867
      vertex -9.520098695077284 4.622036928653668 25.887593901623703
      vertex -9.642135623730951 4.5 25.782572632569636
    endloop
  endfacet
  facet normal 0.28276636213890677 0.28276636213890677 -0.9165622558699748
    outer loop
      vertex -3.1421356237309515 11 24.467235368701832
      vertex -2.561076439469451 11.5810591842615 24.825757641834436
      vertex -1.980017255207951 11 24.825757641834436
    endloop
  endfacet
  facet normal -0.7071067811865472 0.7071067811865477 2.030090089986863e-16
    outer loop
      vertex -3.1421356237309515 11 24.467235368701832
      vertex -3.142135623730951 11 26.01405584374187
      vertex -2.561076439469451 11.5810591842615 24.825757641834436
    endloop
  endfacet
  facet normal -0.7071067811865475 0.7071067811865475 1.4843193723283406e-18
    outer loop
      vertex -2.561076439469451 11.5810591842615 24.825757641834436
      vertex -3.142135623730951 11 26.01405584374187
      vertex -1.8738329701443508 12.2683026535866 25.339426564368747
    endloop
  endfacet
  facet normal 0.33040881568761754 0.33040881568761754 -0.8841153935046103
    outer loop
      vertex -2.561076439469451 11.5810591842615 24.825757641834436
      vertex -1.8738329701443508 12.2683026535866 25.339426564368747
      vertex -1.980017255207951 11 24.825757641834436
    endloop
  endfacet
  facet normal 0.33040881568761765 0.33040881568761754 -0.8841153935046102
    outer loop
      vertex -1.980017255207951 11 24.825757641834436
      vertex -1.8738329701443508 12.2683026535866 25.339426564368747
      vertex -0.6055303165577511 11 25.339426564368747
    endloop
  endfacet
  facet normal 0.3762034891127534 0.3762034891127533 -0.8467241992282852
    outer loop
      vertex -1.8738329701443508 12.2683026535866 25.339426564368747
      vertex -1.2156545462482296 12.926481077482721 25.924290017554867
      vertex -0.6055303165577511 11 25.339426564368747
    endloop
  endfacet
  facet normal 0.3762034891127532 0.37620348911275325 -0.8467241992282855
    outer loop
      vertex -1.2156545462482296 12.926481077482721 25.924290017554867
      vertex 0.7108265312344922 11 25.924290017554867
      vertex -0.6055303165577511 11 25.339426564368747
    endloop
  endfacet
  facet normal 0.419894280024477 0.41989428002447715 -0.8045977797666682
    outer loop
      vertex -1.2156545462482296 12.926481077482721 25.924290017554867
      vertex -0.5902219685094563 13.551913655221494 26.577077207719952
      vertex 0.7108265312344922 11 25.924290017554867
    endloop
  endfacet
  facet normal -0.7071067811865476 0.7071067811865475 -7.762773623274919e-16
    outer loop
      vertex -14.690753269991198 -0.5486176462602481 28.07146075476748
      vertex -15.19779145394012 -1.0556558302091688 28.90469991267661
      vertex -10.359986690238632 3.7821489334923193 28.41161373608606
    endloop
  endfacet
  facet normal -0.7071067811865475 0.7071067811865475 1.853928378351808e-18
    outer loop
      vertex -15.659381702777567 -1.5172460790466165 29.78919514646475
      vertex -11.341137894002678 2.800997729728273 29.212720339332527
      vertex -15.19779145394012 -1.0556558302091688 28.90469991267661
    endloop
  endfacet
  facet normal -0.7071067811865476 0.7071067811865475 -1.6626342725950701e-16
    outer loop
      vertex -15.659381702777567 -1.5172460790466165 29.78919514646475
      vertex -12.226902788210188 1.9152328355207633 30.211683933984254
      vertex -11.797235664979528 2.344899958751423 29.688766507942717
    endloop
  endfacet
  facet normal -0.7071067811865475 0.7071067811865477 1.9351557447952964e-16
    outer loop
      vertex -16.072942616593654 -1.9308069928627027 30.71999999999999
      vertex -12.997494848806985 1.1446407749239658 31.386189324074365
      vertex -12.627736390852398 1.514399232878553 30.778548251095735
    endloop
  endfacet
  facet normal -0.7071067811865476 0.7071067811865476 1.8394715920677633e-16
    outer loop
      vertex -16.072942616593654 -1.9308069928627027 30.71999999999999
      vertex -12.627736390852398 1.514399232878553 30.778548251095735
      vertex -12.226902788210188 1.9152328355207633 30.211683933984254
    endloop
  endfacet
  facet normal -0.7071067811865476 0.7071067811865477 8.570248715490594e-16
    outer loop
      vertex -14.690753269991198 -0.5486176462602481 28.07146075476748
      vertex -9.520098695077284 4.622036928653668 25.887593901623703
      vertex -14.141102714129213 0.0010329096017382966 27.294137484101547
    endloop
  endfacet
  facet normal -0.7071067811865477 0.7071067811865475 -1.8278320052790278e-16
    outer loop
      vertex -13.551913655221497 0.5902219685094536 26.57707720771996
      vertex -14.141102714129213 0.0010329096017382966 27.294137484101547
      vertex -9.520098695077284 4.622036928653668 25.887593901623703
    endloop
  endfacet
  facet normal -0.7071067811865476 0.7071067811865476 -1.0191119183834635e-16
    outer loop
      vertex -15.19779145394012 -1.0556558302091688 28.90469991267661
      vertex -11.341137894002678 2.800997729728273 29.212720339332527
      vertex -10.86116015902537 3.2809754647055804 28.78620767143081
    endloop
  endfacet
  facet normal -0.7071067811865475 0.7071067811865475 3.9365531111770554e-16
    outer loop
      vertex -15.19779145394012 -1.0556558302091688 28.90469991267661
      vertex -10.86116015902537 3.2809754647055804 28.78620767143081
      vertex -10.359986690238632 3.7821489334923193 28.41161373608606
    endloop
  endfacet
  facet normal -0.7071067811865476 0.7071067811865475 5.309779908909386e-16
    outer loop
      vertex -15.659381702777567 -1.5172460790466165 29.78919514646475
      vertex -11.797235664979528 2.344899958751423 29.688766507942717
      vertex -11.341137894002678 2.800997729728273 29.212720339332527
    endloop
  endfacet
  facet normal -0.7071067811865475 0.7071067811865475 5.418724763362305e-16
    outer loop
      vertex -14.690753269991198 -0.5486176462602481 28.07146075476748
      vertex -9.840420252974734 4.301715370756216 28.091033414534124
      vertex -9.520098695077284 4.622036928653668 25.887593901623703
    endloop
  endfacet
  facet normal -0.7071067811865476 0.7071067811865476 -1.990464558058008e-15
    outer loop
      vertex -14.690753269991198 -0.5486176462602481 28.07146075476748
      vertex -10.359986690238632 3.7821489334923193 28.41161373608606
      vertex -9.840420252974734 4.301715370756216 28.091033414534124
    endloop
  endfacet
  facet normal -0.7071067811865496 0.7071067811865456 0
    outer loop
      vertex -9.520098695077284 4.622036928653668 25.887593901623703
      vertex -9.840420252974734 4.301715370756216 28.091033414534124
      vertex -9.520098695077284 4.622036928653668 27.93252077709384
    endloop
  endfacet
  facet normal -0.7071067811865477 0.7071067811865474 -1.5449909006505086e-17
    outer loop
      vertex -15.19779145394012 -1.0556558302091688 47.23530008732338
      vertex -13.435028842544405 0.707106781186547 47.269999999999996
      vertex -13.435028842544405 0.707106781186547 43.88165290357816
    endloop
  endfacet
  facet normal -0.7071067811865476 0.7071067811865475 2.513127787382466e-16
    outer loop
      vertex -4.142135623730951 10 25.69047125832558
      vertex -4.14213562373095 10 28.189496523282912
      vertex -3.463373299328124 10.678762324402827 25.927980467987155
    endloop
  endfacet
  facet normal -0.7071067811865475 0.7071067811865475 2.529871267324323e-16
    outer loop
      vertex -3.463373299328124 10.678762324402827 25.927980467987155
      vertex -4.14213562373095 10 28.189496523282912
      vertex -3.142135623730951 11 26.01405584374187
    endloop
  endfacet
  facet normal -0.7071067811865474 0.7071067811865476 3.8212789334742993e-16
    outer loop
      vertex -3.142135623730951 11 26.01405584374187
      vertex -4.14213562373095 10 28.189496523282912
      vertex -1.8738329701443508 12.2683026535866 25.339426564368747
    endloop
  endfacet
  facet normal -0.7071067811865476 0.7071067811865475 1.408431769981874e-16
    outer loop
      vertex -1.8738329701443508 12.2683026535866 25.339426564368747
      vertex -4.14213562373095 10 28.189496523282912
      vertex -1.2156545462482296 12.926481077482721 25.924290017554867
    endloop
  endfacet
  facet normal -0.7071067811865477 0.7071067811865475 -2.5628911462247092e-15
    outer loop
      vertex -4.14213562373095 10 28.189496523282912
      vertex -3.7821489334923193 10.359986690238632 28.41161373608606
      vertex 0.548617646260249 14.6907532699912 28.071460754767482
    endloop
  endfacet
  facet normal -0.7071067811865475 0.7071067811865475 -5.655934408829153e-17
    outer loop
      vertex -3.7821489334923193 10.359986690238632 28.41161373608606
      vertex -3.2809754647055804 10.86116015902537 28.78620767143081
      vertex 0.548617646260249 14.6907532699912 28.071460754767482
    endloop
  endfacet
  facet normal -0.7071067811865474 0.7071067811865476 6.608473048833246e-16
    outer loop
      vertex -1.2156545462482296 12.926481077482721 25.924290017554867
      vertex -4.14213562373095 10 28.189496523282912
      vertex -0.5902219685094563 13.551913655221494 26.577077207719952
    endloop
  endfacet
  facet normal -0.7071067811865477 0.7071067811865474 -6.731376571309815e-16
    outer loop
      vertex -0.5902219685094563 13.551913655221494 26.577077207719952
      vertex -4.14213562373095 10 28.189496523282912
      vertex -0.0010329096017418493 14.14110271412921 27.294137484101544
    endloop
  endfacet
  facet normal -0.7071067811865475 0.7071067811865476 1.6766353876671477e-18
    outer loop
      vertex -3.2809754647055804 10.86116015902537 28.78620767143081
      vertex -2.800997729728273 11.341137894002678 29.212720339332527
      vertex 0.548617646260249 14.6907532699912 28.071460754767482
    endloop
  endfacet
  facet normal -0.7071067811865476 0.7071067811865476 -1.4511796038187078e-16
    outer loop
      vertex -4.14213562373095 10 28.189496523282912
      vertex 0.548617646260249 14.6907532699912 28.071460754767482
      vertex -0.0010329096017418493 14.14110271412921 27.294137484101544
    endloop
  endfacet
  facet normal -0.7071067811865475 0.7071067811865476 1.263763954361387e-15
    outer loop
      vertex -2.800997729728273 11.341137894002678 29.212720339332527
      vertex -2.3448999587514257 11.797235664979524 29.68876650794271
      vertex 1.0556558302091705 15.197791453940122 28.904699912676612
    endloop
  endfacet
  facet normal -0.7071067811865478 0.7071067811865472 -1.8548289451981264e-15
    outer loop
      vertex -2.3448999587514257 11.797235664979524 29.68876650794271
      vertex -1.915232835520766 12.226902788210186 30.21168393398425
      vertex 1.0556558302091705 15.197791453940122 28.904699912676612
    endloop
  endfacet
  facet normal -0.7071067811865476 0.7071067811865476 6.927934269364516e-17
    outer loop
      vertex -2.800997729728273 11.341137894002678 29.212720339332527
      vertex 1.0556558302091705 15.197791453940122 28.904699912676612
      vertex 0.548617646260249 14.6907532699912 28.071460754767482
    endloop
  endfacet
  facet normal -0.7071067811865472 0.7071067811865477 8.794863112973818e-16
    outer loop
      vertex -1.915232835520766 12.226902788210186 30.21168393398425
      vertex -1.5143992328785512 12.6277363908524 30.77854825109574
      vertex 1.5172460790466165 15.659381702777567 29.78919514646475
    endloop
  endfacet
  facet normal -0.7071067811865476 0.7071067811865476 1.0589152945009363e-15
    outer loop
      vertex -1.5143992328785512 12.6277363908524 30.77854825109574
      vertex -1.144640774923963 12.997494848806987 31.386189324074373
      vertex 1.9308069928627027 16.072942616593654 30.71999999999999
    endloop
  endfacet
  facet normal -0.7071067811865476 0.7071067811865475 6.191628092685736e-17
    outer loop
      vertex -1.144640774923963 12.997494848806987 31.386189324074373
      vertex -0.8080253009418277 13.334110322789122 32.03120897755797
      vertex 1.9308069928627027 16.072942616593654 30.71999999999999
    endloop
  endfacet
  facet normal -0.7071067811865475 0.7071067811865476 0
    outer loop
      vertex -0.707106781186547 13.435028842544405 43.88165290357816
      vertex -0.707106781186547 13.435028842544405 47.269999999999996
      vertex 1.0345404270986276 15.17667605082958 47.269999999999996
    endloop
  endfacet
  facet normal -0.41989428002447876 -0.41989428002447865 -0.8045977797666666
    outer loop
      vertex -0.7108265312344917 -11 25.924290017554867
      vertex 1.2156545462482296 -12.926481077482721 25.924290017554867
      vertex 0.5902219685094536 -13.551913655221497 26.57707720771996
    endloop
  endfacet
  facet normal -0.3762034891127533 -0.3762034891127532 -0.8467241992282853
    outer loop
      vertex -0.7108265312344917 -11 25.924290017554867
      vertex 0.6055303165577514 -11 25.339426564368747
      vertex 1.2156545462482296 -12.926481077482721 25.924290017554867
    endloop
  endfacet
  facet normal -0.37620348911275353 -0.37620348911275325 -0.8467241992282851
    outer loop
      vertex 0.6055303165577514 -11 25.339426564368747
      vertex 1.8738329701443508 -12.2683026535866 25.339426564368747
      vertex 1.2156545462482296 -12.926481077482721 25.924290017554867
    endloop
  endfacet
  facet normal -0.3304088156876173 -0.33040881568761776 -0.8841153935046104
    outer loop
      vertex 1.8738329701443508 -12.2683026535866 25.339426564368747
      vertex 1.9800172552079502 -11 24.825757641834436
      vertex 2.561076439469451 -11.5810591842615 24.825757641834436
    endloop
  endfacet
  facet normal -0.3304088156876178 -0.3304088156876176 -0.8841153935046102
    outer loop
      vertex 0.6055303165577514 -11 25.339426564368747
      vertex 1.9800172552079502 -11 24.825757641834436
      vertex 1.8738329701443508 -12.2683026535866 25.339426564368747
    endloop
  endfacet
  facet normal -0.28276636213890427 -0.28276636213890455 -0.9165622558699763
    outer loop
      vertex 1.9800172552079502 -11 24.825757641834436
      vertex 3.1421356237309515 -11 24.467235368701836
      vertex 2.561076439469451 -11.5810591842615 24.825757641834436
    endloop
  endfacet
  facet normal 0.7071067811865475 -0.7071067811865475 -5.379240888135762e-18
    outer loop
      vertex 1.8738329701443508 -12.2683026535866 25.339426564368747
      vertex 2.561076439469451 -11.5810591842615 24.825757641834436
      vertex 3.142135623730951 -11 26.01405584374187
    endloop
  endfacet
  facet normal 0.7071067811865474 -0.7071067811865477 2.091052916239619e-16
    outer loop
      vertex 2.561076439469451 -11.5810591842615 24.825757641834436
      vertex 3.1421356237309515 -11 24.467235368701836
      vertex 3.142135623730951 -11 26.01405584374187
    endloop
  endfacet
  facet normal 0.7071067811865472 -0.7071067811865478 -1.081794500565948e-15
    outer loop
      vertex 9.642135623730951 -4.5 24.701686449719414
      vertex 10.189421018434588 -3.952714605296362 24.154401055015775
      vertex 10.868594013759708 -3.2735416099712435 24.38615589493019
    endloop
  endfacet
  facet normal 0.7071067811865478 -0.7071067811865474 -3.894958077049175e-15
    outer loop
      vertex 10.189421018434588 -3.952714605296362 24.154401055015775
      vertex 10.25239322637915 -3.8897423973518004 24.08122602183142
      vertex 10.868594013759708 -3.2735416099712435 24.38615589493019
    endloop
  endfacet
  facet normal 0.23354256439242568 0.23354256439242946 -0.943883330308369
    outer loop
      vertex 10.25239322637915 -3.8897423973518004 24.08122602183142
      vertex 10.189421018434588 -3.531026695294464 24.154401055015775
      vertex 10.868594013759708 -3.2735416099712435 24.38615589493019
    endloop
  endfacet
  facet normal 0.2335425643924266 0.23354256439242713 -0.9438833303083692
    outer loop
      vertex 10.189421018434588 -3.531026695294464 24.154401055015775
      vertex 10.109984844234313 -3.1305420610579144 24.23383722921605
      vertex 10.868594013759708 -3.2735416099712435 24.38615589493019
    endloop
  endfacet
  facet normal 0.7071067811865475 -0.7071067811865475 7.401322588365695e-16
    outer loop
      vertex 9.642135623730951 -4.5 24.701686449719414
      vertex 10.868594013759708 -3.2735416099712435 24.38615589493019
      vertex 11.5810591842615 -2.561076439469451 24.825757641834436
    endloop
  endfacet
  facet normal 0.7071067811865475 -0.7071067811865475 0
    outer loop
      vertex 9.642135623730951 -4.5 24.701686449719414
      vertex 12.926481077482721 -1.2156545462482296 25.924290017554867
      vertex 9.642135623730951 -4.5 25.782572632569632
    endloop
  endfacet
  facet normal 0.7071067811865477 -0.7071067811865475 -5.6956349822912715e-15
    outer loop
      vertex 9.520098695077284 -4.622036928653668 25.8875939016237
      vertex 9.642135623730951 -4.5 25.782572632569632
      vertex 12.926481077482721 -1.2156545462482296 25.924290017554867
    endloop
  endfacet
  facet normal 0.23354256439241 0.23354256439230156 -0.9438833303084044
    outer loop
      vertex 10.109984844234313 -3.1305420610579144 24.23383722921605
      vertex 10.113782576440512 -3.119688765965014 24.237462294281343
      vertex 10.868594013759708 -3.2735416099712435 24.38615589493019
    endloop
  endfacet
  facet normal 0.2335425643924289 0.23354256439242907 -0.9438833303083684
    outer loop
      vertex 10.113782576440512 -3.119688765965014 24.237462294281343
      vertex 10.240780070286466 -2.6457276664980016 24.38615589493019
      vertex 10.868594013759708 -3.2735416099712435 24.38615589493019
    endloop
  endfacet
  facet normal 0.2827663621389009 0.28276636213890105 -0.9165622558699783
    outer loop
      vertex 10.240780070286466 -2.6457276664980016 24.38615589493019
      vertex 10.318637022532423 -2.355161564993627 24.49981718304226
      vertex 10.868594013759708 -3.2735416099712435 24.38615589493019
    endloop
  endfacet
  facet normal 0.28276636213891543 0.28276636213890893 -0.9165622558699716
    outer loop
      vertex 10.318637022532423 -2.355161564993627 24.49981718304226
      vertex 10.46578546476676 -1.5774633452086273 24.785139346900404
      vertex 10.868594013759708 -3.2735416099712435 24.38615589493019
    endloop
  endfacet
  facet normal 0.28276636213889705 0.28276636213890616 -0.9165622558699782
    outer loop
      vertex 10.868594013759708 -3.2735416099712435 24.38615589493019
      vertex 10.46578546476676 -1.5774633452086273 24.785139346900404
      vertex 10.519982744792049 -1.5 24.825757641834436
    endloop
  endfacet
  facet normal 0.33040881568761143 0.33040881568761143 -0.8841153935046149
    outer loop
      vertex 10.519982744792049 -1.5 24.825757641834436
      vertex 10.613642056716776 -1.5 24.860759704414182
      vertex 11.5810591842615 -2.561076439469451 24.825757641834436
    endloop
  endfacet
  facet normal 0.33040881568762503 0.3304088156876235 -0.8841153935046054
    outer loop
      vertex 10.613642056716776 -1.5 24.860759704414182
      vertex 10.515259975532238 -1.1383649174109693 24.95914178559872
      vertex 11.5810591842615 -2.561076439469451 24.825757641834436
    endloop
  endfacet
  facet normal 0.2827663621388648 0.28276636213893014 -0.9165622558699805
    outer loop
      vertex 10.46578546476676 -1.5774633452086273 24.785139346900404
      vertex 10.474513487605913 -1.5 24.811730033386304
      vertex 10.519982744792049 -1.5 24.825757641834436
    endloop
  endfacet
  facet normal 0.33040881568761465 0.3304088156876163 -0.8841153935046118
    outer loop
      vertex 10.515259975532238 -1.1383649174109693 24.95914178559872
      vertex 10.55440498936561 -0.7909433105187128 25.103608243570932
      vertex 11.5810591842615 -2.561076439469451 24.825757641834436
    endloop
  endfacet
  facet normal 0.3304088156876157 0.33040881568761693 -0.8841153935046113
    outer loop
      vertex 10.55440498936561 -0.7909433105187128 25.103608243570932
      vertex 10.577164058777678 -0.1826943753354275 25.339426564368747
      vertex 11.5810591842615 -2.561076439469451 24.825757641834436
    endloop
  endfacet
  facet normal 0.7071067811865476 -0.7071067811865476 1.3406836252752326e-17
    outer loop
      vertex 9.642135623730951 -4.5 24.701686449719414
      vertex 11.5810591842615 -2.561076439469451 24.825757641834436
      vertex 12.2683026535866 -1.8738329701443508 25.339426564368747
    endloop
  endfacet
  facet normal 0.28276636213890727 0.2827663621389072 -0.9165622558699745
    outer loop
      vertex 10.868594013759708 -3.2735416099712435 24.38615589493019
      vertex 10.519982744792049 -1.5 24.825757641834436
      vertex 11.5810591842615 -2.561076439469451 24.825757641834436
    endloop
  endfacet
  facet normal 0.7071067811865476 -0.7071067811865476 -2.0091270281529198e-16
    outer loop
      vertex 9.642135623730951 -4.5 24.701686449719414
      vertex 12.2683026535866 -1.8738329701443508 25.339426564368747
      vertex 12.926481077482721 -1.2156545462482296 25.924290017554867
    endloop
  endfacet
  facet normal 0.7071067811865476 -0.7071067811865475 9.882547496345045e-16
    outer loop
      vertex 9.520098695077284 -4.622036928653668 25.8875939016237
      vertex 12.926481077482721 -1.2156545462482296 25.924290017554867
      vertex 13.551913655221494 -0.5902219685094563 26.577077207719952
    endloop
  endfacet
  facet normal 0.3304088156876176 0.33040881568761743 -0.8841153935046103
    outer loop
      vertex 10.577164058777678 -0.1826943753354275 25.339426564368747
      vertex 12.2683026535866 -1.8738329701443508 25.339426564368747
      vertex 11.5810591842615 -2.561076439469451 24.825757641834436
    endloop
  endfacet
  facet normal 0.37620348911275375 0.37620348911275364 -0.846724199228285
    outer loop
      vertex 10.577164058777678 -0.1826943753354275 25.339426564368747
      vertex 10.584 0 25.423635763121606
      vertex 12.2683026535866 -1.8738329701443508 25.339426564368747
    endloop
  endfacet
  facet normal 0.3762034891127522 0.37620348911275225 -0.8467241992282863
    outer loop
      vertex 12.2683026535866 -1.8738329701443508 25.339426564368747
      vertex 10.584 0 25.423635763121606
      vertex 10.55440498936561 0.7909433105187142 25.761906344153296
    endloop
  endfacet
  facet normal 0.3762034891127537 0.376203489112753 -0.8467241992282852
    outer loop
      vertex 12.2683026535866 -1.8738329701443508 25.339426564368747
      vertex 10.55440498936561 0.7909433105187142 25.761906344153296
      vertex 12.926481077482721 -1.2156545462482296 25.924290017554867
    endloop
  endfacet
  facet normal 0.7071067811865476 -0.7071067811865476 -7.152760124755884e-16
    outer loop
      vertex -0.5486176462602481 -14.690753269991198 28.07146075476748
      vertex 2.800997729728273 -11.341137894002678 29.212720339332527
      vertex -1.0556558302091688 -15.19779145394012 28.90469991267661
    endloop
  endfacet
  facet normal 0.7071067811865476 -0.7071067811865475 -2.0980482968417827e-16
    outer loop
      vertex -1.5172460790466165 -15.659381702777567 29.78919514646475
      vertex 1.9152328355207633 -12.226902788210188 30.211683933984254
      vertex 1.514399232878553 -12.627736390852398 30.778548251095735
    endloop
  endfacet
  facet normal 0.7071067811865475 -0.7071067811865477 1.1057567020411228e-15
    outer loop
      vertex -1.9308069928627027 -16.072942616593654 30.71999999999999
      vertex 1.1446407749239658 -12.997494848806985 31.386189324074365
      vertex 0.8080253009418277 -13.334110322789122 32.03120897755797
    endloop
  endfacet
  facet normal 0.7071067811865477 -0.7071067811865475 1.9351557447952964e-16
    outer loop
      vertex -1.9308069928627027 -16.072942616593654 30.71999999999999
      vertex 1.514399232878553 -12.627736390852398 30.778548251095735
      vertex 1.1446407749239658 -12.997494848806985 31.386189324074365
    endloop
  endfacet
  facet normal 0.7071067811865476 -0.7071067811865475 8.698753123910748e-17
    outer loop
      vertex 0.5902219685094536 -13.551913655221497 26.57707720771996
      vertex 4.14213562373095 -10 28.189496523282912
      vertex 0.0010329096017382966 -14.141102714129213 27.294137484101547
    endloop
  endfacet
  facet normal 0.7071067811865476 -0.7071067811865475 1.2149347282945323e-16
    outer loop
      vertex 0.5902219685094536 -13.551913655221497 26.57707720771996
      vertex 1.2156545462482296 -12.926481077482721 25.924290017554867
      vertex 4.14213562373095 -10 28.189496523282912
    endloop
  endfacet
  facet normal 0.7071067811865476 -0.7071067811865475 7.831091449373595e-16
    outer loop
      vertex -0.5486176462602481 -14.690753269991198 28.07146075476748
      vertex 0.0010329096017382966 -14.141102714129213 27.294137484101547
      vertex 4.14213562373095 -10 28.189496523282912
    endloop
  endfacet
  facet normal 0.7071067811865475 -0.7071067811865476 -9.497672101217496e-17
    outer loop
      vertex -0.5486176462602481 -14.690753269991198 28.07146075476748
      vertex 3.2809754647055804 -10.86116015902537 28.78620767143081
      vertex 2.800997729728273 -11.341137894002678 29.212720339332527
    endloop
  endfacet
  facet normal 0.7071067811865475 -0.7071067811865476 -8.347185931894179e-16
    outer loop
      vertex -0.5486176462602481 -14.690753269991198 28.07146075476748
      vertex 3.7821489334923193 -10.359986690238632 28.41161373608606
      vertex 3.2809754647055804 -10.86116015902537 28.78620767143081
    endloop
  endfacet
  facet normal 0.7071067811865475 -0.7071067811865476 2.80654719680821e-16
    outer loop
      vertex -1.0556558302091688 -15.19779145394012 28.90469991267661
      vertex 2.344899958751423 -11.797235664979528 29.688766507942717
      vertex 1.9152328355207633 -12.226902788210188 30.211683933984254
    endloop
  endfacet
  facet normal 0.7071067811865475 -0.7071067811865475 2.1953657332215714e-16
    outer loop
      vertex -1.0556558302091688 -15.19779145394012 28.90469991267661
      vertex 2.800997729728273 -11.341137894002678 29.212720339332527
      vertex 2.344899958751423 -11.797235664979528 29.688766507942717
    endloop
  endfacet
  facet normal 0.7071067811865476 -0.7071067811865475 1.408431769981874e-16
    outer loop
      vertex 1.8738329701443508 -12.2683026535866 25.339426564368747
      vertex 4.14213562373095 -10 28.189496523282912
      vertex 1.2156545462482296 -12.926481077482721 25.924290017554867
    endloop
  endfacet
  facet normal 0.7071067811865474 -0.7071067811865476 4.3206235727069873e-16
    outer loop
      vertex 1.8738329701443508 -12.2683026535866 25.339426564368747
      vertex 3.142135623730951 -11 26.01405584374187
      vertex 4.14213562373095 -10 28.189496523282912
    endloop
  endfacet
  facet normal 0.7071067811865476 -0.7071067811865475 -2.8057665378691487e-15
    outer loop
      vertex -0.5486176462602481 -14.690753269991198 28.07146075476748
      vertex 4.14213562373095 -10 28.189496523282912
      vertex 3.7821489334923193 -10.359986690238632 28.41161373608606
    endloop
  endfacet
  facet normal 0.7071067811865476 -0.7071067811865475 2.5004374593498707e-16
    outer loop
      vertex 3.142135623730951 -11 26.01405584374187
      vertex 3.463373299328124 -10.678762324402827 25.927980467987155
      vertex 4.14213562373095 -10 28.189496523282912
    endloop
  endfacet
  facet normal 0.707106781186547 -0.7071067811865479 5.039875581467999e-16
    outer loop
      vertex 3.463373299328124 -10.678762324402827 25.927980467987155
      vertex 4.142135623730952 -10 25.69047125832558
      vertex 4.14213562373095 -10 28.189496523282912
    endloop
  endfacet
  facet normal 0.7071067811865474 -0.7071067811865476 6.142390625377459e-16
    outer loop
      vertex 9.520098695077284 -4.622036928653668 25.8875939016237
      vertex 9.840420252974738 -4.301715370756212 28.091033414534124
      vertex 9.520098695077284 -4.622036928653666 27.93252077709384
    endloop
  endfacet
  facet normal 0.7071067811865475 -0.7071067811865477 5.87489163152527e-16
    outer loop
      vertex 9.520098695077284 -4.622036928653668 25.8875939016237
      vertex 14.6907532699912 0.548617646260249 28.071460754767482
      vertex 9.840420252974738 -4.301715370756212 28.091033414534124
    endloop
  endfacet
  facet normal 0.7071067811865474 -0.7071067811865476 -1.8019354782818403e-15
    outer loop
      vertex 9.840420252974738 -4.301715370756212 28.091033414534124
      vertex 14.6907532699912 0.548617646260249 28.071460754767482
      vertex 10.359986690238632 -3.7821489334923193 28.41161373608606
    endloop
  endfacet
  facet normal 0.7071067811865479 -0.7071067811865472 -1.47672379370968e-15
    outer loop
      vertex 9.520098695077284 -4.622036928653668 25.8875939016237
      vertex 13.551913655221494 -0.5902219685094563 26.577077207719952
      vertex 14.14110271412921 -0.0010329096017418493 27.294137484101544
    endloop
  endfacet
  facet normal 0.7071067811865477 -0.7071067811865474 3.0498921597917665e-16
    outer loop
      vertex 9.520098695077284 -4.622036928653668 25.8875939016237
      vertex 14.14110271412921 -0.0010329096017418493 27.294137484101544
      vertex 14.6907532699912 0.548617646260249 28.071460754767482
    endloop
  endfacet
  facet normal 0.7071067811865476 -0.7071067811865475 5.5982003727724005e-18
    outer loop
      vertex 10.359986690238632 -3.7821489334923193 28.41161373608606
      vertex 15.197791453940122 1.0556558302091705 28.904699912676612
      vertex 10.86116015902537 -3.2809754647055804 28.78620767143081
    endloop
  endfacet
  facet normal 0.7071067811865476 -0.7071067811865476 5.801565176524542e-17
    outer loop
      vertex 10.86116015902537 -3.2809754647055804 28.78620767143081
      vertex 15.197791453940122 1.0556558302091705 28.904699912676612
      vertex 11.341137894002678 -2.800997729728273 29.212720339332527
    endloop
  endfacet
  facet normal 0.7071067811865475 -0.7071067811865477 1.4964955682556938e-15
    outer loop
      vertex 11.341137894002678 -2.800997729728273 29.212720339332527
      vertex 15.659381702777567 1.5172460790466165 29.78919514646475
      vertex 11.797235664979524 -2.3448999587514257 29.68876650794271
    endloop
  endfacet
  facet normal 0.7071067811865475 -0.7071067811865475 1.0422567767284452e-16
    outer loop
      vertex 10.359986690238632 -3.7821489334923193 28.41161373608606
      vertex 14.6907532699912 0.548617646260249 28.071460754767482
      vertex 15.197791453940122 1.0556558302091705 28.904699912676612
    endloop
  endfacet
  facet normal 0.7071067811865474 -0.7071067811865476 -2.352869540646959e-15
    outer loop
      vertex 11.797235664979524 -2.3448999587514257 29.68876650794271
      vertex 15.659381702777567 1.5172460790466165 29.78919514646475
      vertex 12.226902788210186 -1.915232835520766 30.21168393398425
    endloop
  endfacet
  facet normal 0.7071067811865476 -0.7071067811865476 -1.1166205957750052e-16
    outer loop
      vertex 11.341137894002678 -2.800997729728273 29.212720339332527
      vertex 15.197791453940122 1.0556558302091705 28.904699912676612
      vertex 15.659381702777567 1.5172460790466165 29.78919514646475
    endloop
  endfacet
  facet normal 0.7071067811865476 -0.7071067811865476 1.0931833699562813e-15
    outer loop
      vertex 12.226902788210186 -1.915232835520766 30.21168393398425
      vertex 16.072942616593654 1.9308069928627027 30.71999999999999
      vertex 12.6277363908524 -1.5143992328785512 30.77854825109574
    endloop
  endfacet
  facet normal 0.7071067811865476 -0.7071067811865476 1.0589152945009363e-15
    outer loop
      vertex 12.6277363908524 -1.5143992328785512 30.77854825109574
      vertex 16.072942616593654 1.9308069928627027 30.71999999999999
      vertex 12.997494848806987 -1.144640774923963 31.386189324074373
    endloop
  endfacet
  facet normal 0.7071067811865478 -0.7071067811865475 0
    outer loop
      vertex 13.435028842544405 -0.707106781186547 43.88165290357816
      vertex 15.197791453940122 1.0556558302091705 47.235300087323374
      vertex 13.435028842544405 -0.707106781186547 47.269999999999996
    endloop
  endfacet
  facet normal 0.4198942800244691 0.4198942800244651 -0.8045977797666788
    outer loop
      vertex 1.7512466275700493 10.715464096014529 26.31876220814526
      vertex 1.5172346012319795 11 26.34512903112475
      vertex 2.355161564993632 10.318637022532421 26.42683485228893
    endloop
  endfacet
  facet normal 0.4198942800244737 0.419894280024474 -0.8045977797666716
    outer loop
      vertex 1.7512466275700493 10.715464096014529 26.31876220814526
      vertex 2.355161564993632 10.318637022532421 26.42683485228893
      vertex 1.992060996162818 10.387339356829429 26.27319767127919
    endloop
  endfacet
  facet normal 0.4198942800244761 0.41989428002447676 -0.8045977797666689
    outer loop
      vertex -0.5902219685094563 13.551913655221494 26.577077207719952
      vertex 1.5172346012319795 11 26.34512903112475
      vertex 0.7108265312344922 11 25.924290017554867
    endloop
  endfacet
  facet normal 0.3762034891127561 0.37620348911275603 -0.8467241992282828
    outer loop
      vertex 12.926481077482721 -1.2156545462482296 25.924290017554867
      vertex 10.55440498936561 0.7909433105187142 25.761906344153296
      vertex 10.507996501844582 1.2028300293899101 25.924290017554867
    endloop
  endfacet
  facet normal 0.4198942800244749 0.4198942800244748 -0.8045977797666706
    outer loop
      vertex 12.926481077482721 -1.2156545462482296 25.924290017554867
      vertex 10.507996501844582 1.2028300293899101 25.924290017554867
      vertex 10.46578546476676 1.5774633452086302 26.097770751539098
    endloop
  endfacet
  facet normal 0.41989428002447904 0.4198942800244782 -0.8045977797666666
    outer loop
      vertex 12.926481077482721 -1.2156545462482296 25.924290017554867
      vertex 10.46578546476676 1.5774633452086302 26.097770751539098
      vertex 10.318637022532421 2.3551615649936313 26.42683485228893
    endloop
  endfacet
  facet normal 0.41989428002447676 0.4198942800244768 -0.8045977797666686
    outer loop
      vertex 12.926481077482721 -1.2156545462482296 25.924290017554867
      vertex 10.318637022532421 2.3551615649936313 26.42683485228893
      vertex 10.213260834656117 2.7484308520559217 26.577077207719952
    endloop
  endfacet
  facet normal 0.41989428002447715 0.4198942800244771 -0.8045977797666684
    outer loop
      vertex 12.926481077482721 -1.2156545462482296 25.924290017554867
      vertex 10.213260834656117 2.7484308520559217 26.577077207719952
      vertex 13.551913655221494 -0.5902219685094563 26.577077207719952
    endloop
  endfacet
  facet normal 0.5359669453838017 0.5359669453838017 -0.6522874112781221
    outer loop
      vertex 6.717514421272202 8.838834764831844 28.331913236462707
      vertex 9.187383813854467 7.066063470294825 28.904699912676612
      vertex 8.838834764831844 6.717514421272202 28.331913236462707
    endloop
  endfacet
  facet normal 0.5359669453838017 0.5359669453838017 -0.6522874112781221
    outer loop
      vertex 6.717514421272202 8.838834764831844 28.331913236462707
      vertex 7.066063470294825 9.187383813854467 28.904699912676612
      vertex 9.187383813854467 7.066063470294825 28.904699912676612
    endloop
  endfacet
  facet normal 0.5689365462006505 0.5689365462006505 -0.5938201855735035
    outer loop
      vertex 7.066063470294825 9.187383813854467 28.904699912676612
      vertex 7.527653719132271 9.648974062691913 29.78919514646475
      vertex 9.187383813854467 7.066063470294825 28.904699912676612
    endloop
  endfacet
  facet normal 0.5359669453838047 0.5359669453838047 0.6522874112781171
    outer loop
      vertex 7.066063470294825 9.187383813854467 47.235300087323374
      vertex 7.044948067184282 9.166268410743925 47.269999999999996
      vertex 9.166268410743925 7.044948067184282 47.269999999999996
    endloop
  endfacet
  facet normal 0.5359669453838043 0.5359669453838043 0.6522874112781178
    outer loop
      vertex 7.066063470294825 9.187383813854467 47.235300087323374
      vertex 9.166268410743925 7.044948067184282 47.269999999999996
      vertex 9.187383813854467 7.066063470294825 47.235300087323374
    endloop
  endfacet
  facet normal 0.5689365462006505 0.5689365462006505 0.5938201855735036
    outer loop
      vertex 7.066063470294825 9.187383813854467 47.235300087323374
      vertex 9.187383813854467 7.066063470294825 47.235300087323374
      vertex 9.648974062691913 7.527653719132271 46.35080485353524
    endloop
  endfacet
  facet normal 0.46123685179737844 0.46123685179737844 -0.7579717231454524
    outer loop
      vertex -0.5902219685094563 13.551913655221494 26.577077207719952
      vertex -0.0010329096017418493 14.14110271412921 27.294137484101544
      vertex 2.748430852055921 10.213260834656117 26.577077207719952
    endloop
  endfacet
  facet normal 0.4198942800244786 0.4198942800244786 -0.8045977797666667
    outer loop
      vertex -0.5902219685094563 13.551913655221494 26.577077207719952
      vertex 2.748430852055921 10.213260834656117 26.577077207719952
      vertex 2.355161564993632 10.318637022532421 26.42683485228893
    endloop
  endfacet
  facet normal 0.4198942800244795 0.41989428002447937 -0.8045977797666658
    outer loop
      vertex -0.5902219685094563 13.551913655221494 26.577077207719952
      vertex 2.355161564993632 10.318637022532421 26.42683485228893
      vertex 1.5172346012319795 11 26.34512903112475
    endloop
  endfacet
  facet normal 0.46123685179737767 0.4612368517973781 -0.757971723145453
    outer loop
      vertex -0.0010329096017418493 14.14110271412921 27.294137484101544
      vertex 3.1196887659650097 10.113782576440514 26.742459093279532
      vertex 2.748430852055921 10.213260834656117 26.577077207719952
    endloop
  endfacet
  facet normal 0.5000000000000001 0.5000000000000002 -0.7071067811865472
    outer loop
      vertex -0.0010329096017418493 14.14110271412921 27.294137484101544
      vertex 0.548617646260249 14.6907532699912 28.071460754767482
      vertex 3.8880543869242694 10.252015417603198 27.294137484101544
    endloop
  endfacet
  facet normal 0.461236851797379 0.4612368517973789 -0.7579717231454517
    outer loop
      vertex -0.0010329096017418493 14.14110271412921 27.294137484101544
      vertex 3.444860687387983 10 26.871092593720167
      vertex 3.1196887659650097 10.113782576440514 26.742459093279532
    endloop
  endfacet
  facet normal 0.4612368517973753 0.4612368517973762 -0.7579717231454555
    outer loop
      vertex -0.0010329096017418493 14.14110271412921 27.294137484101544
      vertex 3.6360389693210715 10 26.987427367430357
      vertex 3.444860687387983 10 26.871092593720167
    endloop
  endfacet
  facet normal 0.46123685179737955 0.4612368517973796 -0.7579717231454509
    outer loop
      vertex -0.0010329096017418493 14.14110271412921 27.294137484101544
      vertex 3.8880543869242694 10.252015417603198 27.294137484101544
      vertex 3.6360389693210715 10 26.987427367430357
    endloop
  endfacet
  facet normal 0.5000000000000003 0.5000000000000003 -0.7071067811865471
    outer loop
      vertex 3.8880543869242694 10.252015417603198 27.294137484101544
      vertex 0.548617646260249 14.6907532699912 28.071460754767482
      vertex 4.43770494278626 10.80166597346519 28.071460754767482
    endloop
  endfacet
  facet normal 0.5359669453838024 0.5359669453838024 -0.652287411278121
    outer loop
      vertex 1.0556558302091705 15.197791453940122 28.904699912676612
      vertex 4.944743126735181 11.30870415741411 28.904699912676612
      vertex 4.43770494278626 10.80166597346519 28.071460754767482
    endloop
  endfacet
  facet normal 0.5689365462006505 0.5689365462006505 -0.5938201855735035
    outer loop
      vertex 1.5172460790466165 15.659381702777567 29.78919514646475
      vertex 5.406333375572627 11.770294406251557 29.78919514646475
      vertex 4.944743126735181 11.30870415741411 28.904699912676612
    endloop
  endfacet
  facet normal 0.5359669453838024 0.5359669453838024 -0.652287411278121
    outer loop
      vertex 0.548617646260249 14.6907532699912 28.071460754767482
      vertex 1.0556558302091705 15.197791453940122 28.904699912676612
      vertex 4.43770494278626 10.80166597346519 28.071460754767482
    endloop
  endfacet
  facet normal -0.7071067811865474 0.7071067811865476 -1.0367864727548028e-16
    outer loop
      vertex -1.915232835520766 12.226902788210186 30.21168393398425
      vertex 1.5172460790466165 15.659381702777567 29.78919514646475
      vertex 1.0556558302091705 15.197791453940122 28.904699912676612
    endloop
  endfacet
  facet normal -0.7071067811865475 0.7071067811865475 -1.1530934607717935e-16
    outer loop
      vertex -1.5143992328785512 12.6277363908524 30.77854825109574
      vertex 1.9308069928627027 16.072942616593654 30.71999999999999
      vertex 1.5172460790466165 15.659381702777567 29.78919514646475
    endloop
  endfacet
  facet normal -0.7071067811865476 0.7071067811865475 -3.497289161740741e-17
    outer loop
      vertex -0.8080253009418277 13.334110322789122 32.03120897755797
      vertex 2.294025771271503 16.436161395002454 31.691909034971886
      vertex 1.9308069928627027 16.072942616593654 30.71999999999999
    endloop
  endfacet
  facet normal 0.5689365462006505 0.5689365462006505 -0.5938201855735035
    outer loop
      vertex 1.0556558302091705 15.197791453940122 28.904699912676612
      vertex 1.5172460790466165 15.659381702777567 29.78919514646475
      vertex 4.944743126735181 11.30870415741411 28.904699912676612
    endloop
  endfacet
  facet normal 0.5987244230690698 0.5987244230690698 -0.5320320765153347
    outer loop
      vertex 1.5172460790466165 15.659381702777567 29.78919514646475
      vertex 1.9308069928627027 16.072942616593654 30.71999999999999
      vertex 5.406333375572627 11.770294406251557 29.78919514646475
    endloop
  endfacet
  facet normal 0.6251639900985222 0.6251639900985222 -0.4672686282730628
    outer loop
      vertex 1.9308069928627027 16.072942616593654 30.71999999999999
      vertex 2.294025771271503 16.436161395002454 31.691909034971886
      vertex 5.819894289388714 12.183855320067643 30.71999999999999
    endloop
  endfacet
  facet normal -0.7071067811865477 0.7071067811865475 6.926359009432884e-17
    outer loop
      vertex -0.8080253009418277 13.334110322789122 32.03120897755797
      vertex -0.5064353012065572 13.635700322524393 32.709999999999994
      vertex 2.294025771271503 16.436161395002454 31.691909034971886
    endloop
  endfacet
  facet normal -0.7071067811865466 0.7071067811865485 -7.147301989482679e-15
    outer loop
      vertex -0.014872870048590947 14.12726275368236 34.153544218792234
      vertex 2.0951805699548454e-15 14.142135623730953 34.21365426403915
      vertex 0.7071067811865482 14.849242404917497 34.21365426403915
    endloop
  endfacet
  facet normal -0.7071067811865477 0.7071067811865471 -1.5361760270705713e-15
    outer loop
      vertex -0.5064353012065572 13.635700322524393 32.709999999999994
      vertex -0.2415573893329297 13.900578234398022 33.41876631665977
      vertex 2.6048711475289448 16.747006771259898 32.69948694181398
    endloop
  endfacet
  facet normal -0.7071067811865475 0.7071067811865478 1.636934409371566e-15
    outer loop
      vertex -0.2415573893329297 13.900578234398022 33.41876631665977
      vertex -0.014872870048590947 14.12726275368236 34.153544218792234
      vertex 2.6048711475289448 16.747006771259898 32.69948694181398
    endloop
  endfacet
  facet normal -0.7071067811865478 0.7071067811865471 -1.2481254557846206e-15
    outer loop
      vertex -0.5064353012065572 13.635700322524393 32.709999999999994
      vertex 2.6048711475289448 16.747006771259898 32.69948694181398
      vertex 2.294025771271503 16.436161395002454 31.691909034971886
    endloop
  endfacet
  facet normal -0.7071067811865471 0.7071067811865479 6.004421907136647e-15
    outer loop
      vertex -0.014872870048590947 14.12726275368236 34.153544218792234
      vertex 0.7071067811865482 14.849242404917497 34.21365426403915
      vertex 2.86160474820041 17.00374037193136 33.7370989361597
    endloop
  endfacet
  facet normal -0.7071067811865475 0.7071067811865474 1.125005611473269e-15
    outer loop
      vertex -0.014872870048590947 14.12726275368236 34.153544218792234
      vertex 2.86160474820041 17.00374037193136 33.7370989361597
      vertex 2.6048711475289448 16.747006771259898 32.69948694181398
    endloop
  endfacet
  facet normal -0.7071067811865479 0.7071067811865472 -2.4428708930983423e-16
    outer loop
      vertex 0.7071067811865482 14.849242404917497 34.21365426403915
      vertex 0.7071067811865474 14.849242404917499 41.92634573596084
      vertex 2.86160474820041 17.00374037193136 33.7370989361597
    endloop
  endfacet
  facet normal 0.6481073865052989 0.6481073865052989 -0.39989202431974324
    outer loop
      vertex 2.294025771271503 16.436161395002454 31.691909034971886
      vertex 2.6048711475289448 16.747006771259898 32.69948694181398
      vertex 6.183113067797514 12.547074098476443 31.691909034971886
    endloop
  endfacet
  facet normal 0.6674263035099894 0.6674263035099894 -0.3302790619551639
    outer loop
      vertex 2.6048711475289448 16.747006771259898 32.69948694181398
      vertex 2.86160474820041 17.00374037193136 33.7370989361597
      vertex 6.750692044726421 13.11465307540535 33.7370989361597
    endloop
  endfacet
  facet normal 0.6830127018922187 0.6830127018922187 -0.2588190451025241
    outer loop
      vertex 2.86160474820041 17.00374037193136 33.7370989361597
      vertex 3.062790814850139 17.20492643858109 34.798942270842176
      vertex 6.750692044726421 13.11465307540535 33.7370989361597
    endloop
  endfacet
  facet normal -0.7071067811865475 0.7071067811865475 -1.1633062928121143e-17
    outer loop
      vertex 2.86160474820041 17.00374037193136 33.7370989361597
      vertex 0.7071067811865474 14.849242404917499 41.92634573596084
      vertex 3.062790814850139 17.20492643858109 34.798942270842176
    endloop
  endfacet
  facet normal 0.5987244230690699 0.5987244230690699 -0.5320320765153347
    outer loop
      vertex 7.527653719132271 9.648974062691913 29.78919514646475
      vertex 7.941214632948357 10.062534976508 30.71999999999999
      vertex 9.648974062691913 7.527653719132271 29.78919514646475
    endloop
  endfacet
  facet normal 0.5987244230690698 0.5987244230690698 -0.5320320765153348
    outer loop
      vertex 1.9308069928627027 16.072942616593654 30.71999999999999
      vertex 5.819894289388714 12.183855320067643 30.71999999999999
      vertex 5.406333375572627 11.770294406251557 29.78919514646475
    endloop
  endfacet
  facet normal 0.6251639900985222 0.6251639900985222 -0.4672686282730628
    outer loop
      vertex 2.294025771271503 16.436161395002454 31.691909034971886
      vertex 6.183113067797514 12.547074098476443 31.691909034971886
      vertex 5.819894289388714 12.183855320067643 30.71999999999999
    endloop
  endfacet
  facet normal 0.6481073865052993 0.6481073865052991 -0.3998920243197423
    outer loop
      vertex 2.6048711475289448 16.747006771259898 32.69948694181398
      vertex 6.493958444054956 12.857919474733885 32.69948694181398
      vertex 6.183113067797514 12.547074098476443 31.691909034971886
    endloop
  endfacet
  facet normal 0.6674263035099893 0.667426303509989 -0.33027906195516504
    outer loop
      vertex 2.6048711475289448 16.747006771259898 32.69948694181398
      vertex 6.750692044726421 13.11465307540535 33.7370989361597
      vertex 6.493958444054956 12.857919474733885 32.69948694181398
    endloop
  endfacet
  facet normal 0.6830127018922187 0.6830127018922187 -0.2588190451025241
    outer loop
      vertex 3.062790814850139 17.20492643858109 34.798942270842176
      vertex 6.95187811137615 13.31583914205508 34.798942270842176
      vertex 6.750692044726421 13.11465307540535 33.7370989361597
    endloop
  endfacet
  facet normal 0.6947794161898085 0.6947794161898085 -0.18591160716291416
    outer loop
      vertex 3.207304233384775 17.349439857115726 35.87907868721023
      vertex 7.096391529910786 13.460352560589715 35.87907868721023
      vertex 6.95187811137615 13.31583914205508 34.798942270842176
    endloop
  endfacet
  facet normal 0.7026606421633819 0.7026606421633819 -0.11196447610330634
    outer loop
      vertex 3.294336826147795 17.436472449878746 36.97146762427956
      vertex 7.183424122673806 13.547385153352735 36.97146762427956
      vertex 7.096391529910786 13.460352560589715 35.87907868721023
    endloop
  endfacet
  facet normal 0.6947794161898084 0.6947794161898084 -0.1859116071629142
    outer loop
      vertex 3.062790814850139 17.20492643858109 34.798942270842176
      vertex 3.207304233384775 17.349439857115726 35.87907868721023
      vertex 6.95187811137615 13.31583914205508 34.798942270842176
    endloop
  endfacet
  facet normal 0.7026606421633819 0.7026606421633819 -0.11196447610330625
    outer loop
      vertex 3.207304233384775 17.349439857115726 35.87907868721023
      vertex 3.294336826147795 17.436472449878746 36.97146762427956
      vertex 7.096391529910786 13.460352560589715 35.87907868721023
    endloop
  endfacet
  facet normal 0.5689365462006506 0.5689365462006506 0.5938201855735034
    outer loop
      vertex 1.0556558302091705 15.197791453940122 47.235300087323374
      vertex 4.944743126735181 11.30870415741411 47.235300087323374
      vertex 5.406333375572627 11.770294406251557 46.35080485353524
    endloop
  endfacet
  facet normal 0.5359669453838046 0.5359669453838046 0.6522874112781172
    outer loop
      vertex 1.0556558302091705 15.197791453940122 47.235300087323374
      vertex 4.923627723624638 11.287588754303568 47.269999999999996
      vertex 4.944743126735181 11.30870415741411 47.235300087323374
    endloop
  endfacet
  facet normal -0.7071067811865476 0.7071067811865476 -1.3902123199837685e-17
    outer loop
      vertex 3.062790814850139 17.20492643858109 34.798942270842176
      vertex 0.7071067811865474 14.849242404917499 41.92634573596084
      vertex 3.207304233384775 17.349439857115726 35.87907868721023
    endloop
  endfacet
  facet normal -0.7071067811865475 0.7071067811865476 -5.41019159773012e-18
    outer loop
      vertex 3.207304233384775 17.349439857115726 35.87907868721023
      vertex 0.7071067811865474 14.849242404917499 41.92634573596084
      vertex 3.294336826147795 17.436472449878746 36.97146762427956
    endloop
  endfacet
  facet normal -0.7071067811865475 0.7071067811865476 -2.461126168771327e-18
    outer loop
      vertex 3.294336826147795 17.436472449878746 36.97146762427956
      vertex 0.7071067811865474 14.849242404917499 41.92634573596084
      vertex 3.323401871576774 17.465537495307725 38.06999999999999
    endloop
  endfacet
  facet normal -0.7071067811865477 0.7071067811865474 -1.521507835526551e-16
    outer loop
      vertex 0.7071067811865474 14.849242404917499 41.92634573596084
      vertex 2.8616047482004117 17.003740371931364 42.40290106384028
      vertex 3.0627908148501373 17.20492643858109 41.34105772915782
    endloop
  endfacet
  facet normal -0.7071067811865475 0.7071067811865476 5.061331844512273e-18
    outer loop
      vertex 3.323401871576774 17.465537495307725 38.06999999999999
      vertex 0.7071067811865474 14.849242404917499 41.92634573596084
      vertex 3.294336826147795 17.436472449878746 39.16853237572043
    endloop
  endfacet
  facet normal -0.7071067811865481 0.7071067811865469 -1.3324110406086649e-15
    outer loop
      vertex 0.7071067811865474 14.849242404917499 41.92634573596084
      vertex 3.2073042333847734 17.349439857115726 40.260921312789755
      vertex 3.294336826147795 17.436472449878746 39.16853237572043
    endloop
  endfacet
  facet normal -0.7071067811865477 0.7071067811865472 7.07947281487702e-18
    outer loop
      vertex 0.7071067811865474 14.849242404917499 41.92634573596084
      vertex 3.0627908148501373 17.20492643858109 41.34105772915782
      vertex 3.2073042333847734 17.349439857115726 40.260921312789755
    endloop
  endfacet
  facet normal 0.6830127018922191 0.6830127018922187 0.25881904510252307
    outer loop
      vertex 3.0627908148501373 17.20492643858109 41.34105772915782
      vertex 2.8616047482004117 17.003740371931364 42.40290106384028
      vertex 6.951878111376148 13.315839142055077 41.34105772915782
    endloop
  endfacet
  facet normal -0.7071067811865482 0.707106781186547 4.4967406129323124e-15
    outer loop
      vertex -0.014872870048590947 14.12726275368236 41.986455781207745
      vertex 2.8616047482004117 17.003740371931364 42.40290106384028
      vertex 4.790710449321582e-16 14.142135623730951 41.92634573596084
    endloop
  endfacet
  facet normal -0.7071067811865479 0.7071067811865472 -1.016097466685076e-15
    outer loop
      vertex -0.014872870048590947 14.12726275368236 41.986455781207745
      vertex -0.2415573893329288 13.900578234398022 42.721233683340216
      vertex 2.8616047482004117 17.003740371931364 42.40290106384028
    endloop
  endfacet
  facet normal -0.7071067811865476 0.7071067811865474 7.9843542290611215e-16
    outer loop
      vertex -0.5064353012065572 13.635700322524393 43.42999999999999
      vertex 2.6048711475289466 16.747006771259898 43.440513058186
      vertex -0.2415573893329288 13.900578234398022 42.721233683340216
    endloop
  endfacet
  facet normal -0.7071067811865476 0.7071067811865474 -2.866584957419066e-15
    outer loop
      vertex -0.707106781186547 13.435028842544405 43.88165290357816
      vertex 2.6048711475289466 16.747006771259898 43.440513058186
      vertex -0.5064353012065572 13.635700322524393 43.42999999999999
    endloop
  endfacet
  facet normal -0.7071067811865474 0.7071067811865476 6.632237958136964e-17
    outer loop
      vertex -0.707106781186547 13.435028842544405 43.88165290357816
      vertex 1.5172460790466165 15.659381702777567 46.35080485353524
      vertex 1.9308069928627027 16.072942616593654 45.419999999999995
    endloop
  endfacet
  facet normal -0.7071067811865475 0.7071067811865476 4.7379227889242893e-17
    outer loop
      vertex -0.707106781186547 13.435028842544405 43.88165290357816
      vertex 1.0556558302091705 15.197791453940122 47.235300087323374
      vertex 1.5172460790466165 15.659381702777567 46.35080485353524
    endloop
  endfacet
  facet normal -0.7071067811865406 0.7071067811865546 -6.221269759693313e-15
    outer loop
      vertex -0.707106781186547 13.435028842544405 43.88165290357816
      vertex 1.0345404270986276 15.17667605082958 47.269999999999996
      vertex 1.0556558302091705 15.197791453940122 47.235300087323374
    endloop
  endfacet
  facet normal -0.707106781186548 0.7071067811865469 2.600778476367975e-15
    outer loop
      vertex 4.790710449321582e-16 14.142135623730951 41.92634573596084
      vertex 2.8616047482004117 17.003740371931364 42.40290106384028
      vertex 0.7071067811865474 14.849242404917499 41.92634573596084
    endloop
  endfacet
  facet normal -0.7071067811865478 0.7071067811865475 1.0788841815938226e-15
    outer loop
      vertex -0.2415573893329288 13.900578234398022 42.721233683340216
      vertex 2.6048711475289466 16.747006771259898 43.440513058186
      vertex 2.8616047482004117 17.003740371931364 42.40290106384028
    endloop
  endfacet
  facet normal -0.7071067811865476 0.7071067811865476 -1.1091685980516856e-15
    outer loop
      vertex -0.707106781186547 13.435028842544405 43.88165290357816
      vertex 2.294025771271505 16.436161395002458 44.4480909650281
      vertex 2.6048711475289466 16.747006771259898 43.440513058186
    endloop
  endfacet
  facet normal -0.7071067811865477 0.7071067811865474 1.0871411685694078e-15
    outer loop
      vertex -0.707106781186547 13.435028842544405 43.88165290357816
      vertex 1.9308069928627027 16.072942616593654 45.419999999999995
      vertex 2.294025771271505 16.436161395002458 44.4480909650281
    endloop
  endfacet
  facet normal 0.5359669453838058 0.5359669453838058 0.652287411278115
    outer loop
      vertex 1.0556558302091705 15.197791453940122 47.235300087323374
      vertex 1.0345404270986276 15.17667605082958 47.269999999999996
      vertex 4.923627723624638 11.287588754303568 47.269999999999996
    endloop
  endfacet
  facet normal 0.5987244230690698 0.5987244230690698 0.5320320765153347
    outer loop
      vertex 1.5172460790466165 15.659381702777567 46.35080485353524
      vertex 5.819894289388714 12.183855320067643 45.419999999999995
      vertex 1.9308069928627027 16.072942616593654 45.419999999999995
    endloop
  endfacet
  facet normal 0.5689365462006505 0.5689365462006505 0.5938201855735035
    outer loop
      vertex 1.0556558302091705 15.197791453940122 47.235300087323374
      vertex 5.406333375572627 11.770294406251557 46.35080485353524
      vertex 1.5172460790466165 15.659381702777567 46.35080485353524
    endloop
  endfacet
  facet normal 0.5987244230690699 0.5987244230690699 0.5320320765153346
    outer loop
      vertex 1.5172460790466165 15.659381702777567 46.35080485353524
      vertex 5.406333375572627 11.770294406251557 46.35080485353524
      vertex 5.819894289388714 12.183855320067643 45.419999999999995
    endloop
  endfacet
  facet normal 0.6251639900985213 0.625163990098521 0.4672686282730655
    outer loop
      vertex 1.9308069928627027 16.072942616593654 45.419999999999995
      vertex 6.183113067797516 12.547074098476445 44.4480909650281
      vertex 2.294025771271505 16.436161395002458 44.4480909650281
    endloop
  endfacet
  facet normal 0.667426303509989 0.6674263035099888 0.33027906195516593
    outer loop
      vertex 2.8616047482004117 17.003740371931364 42.40290106384028
      vertex 2.6048711475289466 16.747006771259898 43.440513058186
      vertex 6.7506920447264225 13.114653075405352 42.40290106384028
    endloop
  endfacet
  facet normal 0.6481073865053003 0.6481073865053003 0.399892024319739
    outer loop
      vertex 2.6048711475289466 16.747006771259898 43.440513058186
      vertex 2.294025771271505 16.436161395002458 44.4480909650281
      vertex 6.493958444054957 12.857919474733887 43.440513058186
    endloop
  endfacet
  facet normal 0.5987244230690698 0.5987244230690699 0.5320320765153347
    outer loop
      vertex 7.527653719132271 9.648974062691913 46.35080485353524
      vertex 10.062534976508 7.941214632948357 45.419999999999995
      vertex 7.941214632948357 10.062534976508 45.419999999999995
    endloop
  endfacet
  facet normal 0.5689365462006505 0.5689365462006505 0.5938201855735035
    outer loop
      vertex 7.527653719132271 9.648974062691913 46.35080485353524
      vertex 7.066063470294825 9.187383813854467 47.235300087323374
      vertex 9.648974062691913 7.527653719132271 46.35080485353524
    endloop
  endfacet
  facet normal 0.706612304800373 0.706612304800373 -0.037391194276326145
    outer loop
      vertex 3.323401871576774 17.465537495307725 38.06999999999999
      vertex 7.212489168102785 13.576450198781714 38.06999999999999
      vertex 7.183424122673806 13.547385153352735 36.97146762427956
    endloop
  endfacet
  facet normal 0.706612304800373 0.7066123048003727 0.03739119427632583
    outer loop
      vertex 7.212489168102785 13.576450198781714 38.06999999999999
      vertex 3.294336826147795 17.436472449878746 39.16853237572043
      vertex 7.183424122673806 13.547385153352735 39.16853237572043
    endloop
  endfacet
  facet normal 0.7026606421633818 0.7026606421633815 0.11196447610330937
    outer loop
      vertex 3.2073042333847734 17.349439857115726 40.260921312789755
      vertex 7.096391529910784 13.460352560589714 40.260921312789755
      vertex 7.183424122673806 13.547385153352735 39.16853237572043
    endloop
  endfacet
  facet normal 0.6947794161898089 0.6947794161898085 0.1859116071629129
    outer loop
      vertex 3.0627908148501373 17.20492643858109 41.34105772915782
      vertex 6.951878111376148 13.315839142055077 41.34105772915782
      vertex 7.096391529910784 13.460352560589714 40.260921312789755
    endloop
  endfacet
  facet normal 0.706612304800373 0.706612304800373 -0.037391194276326076
    outer loop
      vertex 3.294336826147795 17.436472449878746 36.97146762427956
      vertex 3.323401871576774 17.465537495307725 38.06999999999999
      vertex 7.183424122673806 13.547385153352735 36.97146762427956
    endloop
  endfacet
  facet normal 0.7066123048003728 0.7066123048003728 0.037391194276325826
    outer loop
      vertex 3.323401871576774 17.465537495307725 38.06999999999999
      vertex 3.294336826147795 17.436472449878746 39.16853237572043
      vertex 7.212489168102785 13.576450198781714 38.06999999999999
    endloop
  endfacet
  facet normal 0.7026606421633818 0.7026606421633818 0.1119644761033081
    outer loop
      vertex 3.2073042333847734 17.349439857115726 40.260921312789755
      vertex 7.183424122673806 13.547385153352735 39.16853237572043
      vertex 3.294336826147795 17.436472449878746 39.16853237572043
    endloop
  endfacet
  facet normal 0.6947794161898089 0.6947794161898084 0.185911607162913
    outer loop
      vertex 3.2073042333847734 17.349439857115726 40.260921312789755
      vertex 3.0627908148501373 17.20492643858109 41.34105772915782
      vertex 7.096391529910784 13.460352560589714 40.260921312789755
    endloop
  endfacet
  facet normal 0.6481073865053002 0.6481073865052999 0.3998920243197398
    outer loop
      vertex 2.294025771271505 16.436161395002458 44.4480909650281
      vertex 6.183113067797516 12.547074098476445 44.4480909650281
      vertex 6.493958444054957 12.857919474733887 43.440513058186
    endloop
  endfacet
  facet normal 0.6674263035099892 0.6674263035099892 0.3302790619551648
    outer loop
      vertex 2.6048711475289466 16.747006771259898 43.440513058186
      vertex 6.493958444054957 12.857919474733887 43.440513058186
      vertex 6.7506920447264225 13.114653075405352 42.40290106384028
    endloop
  endfacet
  facet normal 0.6830127018922191 0.6830127018922187 0.25881904510252296
    outer loop
      vertex 2.8616047482004117 17.003740371931364 42.40290106384028
      vertex 6.7506920447264225 13.114653075405352 42.40290106384028
      vertex 6.951878111376148 13.315839142055077 41.34105772915782
    endloop
  endfacet
  facet normal 0.6251639900985215 0.6251639900985215 0.4672686282730646
    outer loop
      vertex 1.9308069928627027 16.072942616593654 45.419999999999995
      vertex 5.819894289388714 12.183855320067643 45.419999999999995
      vertex 6.183113067797516 12.547074098476445 44.4480909650281
    endloop
  endfacet
  facet normal 0.46123685179738 0.4612368517973799 -0.7579717231454506
    outer loop
      vertex 13.551913655221494 -0.5902219685094563 26.577077207719952
      vertex 10.213260834656117 2.7484308520559217 26.577077207719952
      vertex 10.113782576440512 3.11968876596501 26.742459093279532
    endloop
  endfacet
  facet normal 0.4612368517973779 0.46123685179737806 -0.757971723145453
    outer loop
      vertex 13.551913655221494 -0.5902219685094563 26.577077207719952
      vertex 10.113782576440512 3.11968876596501 26.742459093279532
      vertex 9.950444163156558 3.586483132477629 26.927116468023712
    endloop
  endfacet
  facet normal 0.46123685179737856 0.4612368517973784 -0.7579717231454525
    outer loop
      vertex 13.551913655221494 -0.5902219685094563 26.577077207719952
      vertex 10.252015417603198 3.8880543869242694 27.294137484101544
      vertex 14.14110271412921 -0.0010329096017418493 27.294137484101544
    endloop
  endfacet
  facet normal 0.4612368517973779 0.46123685179737806 -0.7579717231454528
    outer loop
      vertex 13.551913655221494 -0.5902219685094563 26.577077207719952
      vertex 9.950444163156558 3.586483132477629 26.927116468023712
      vertex 10.252015417603198 3.8880543869242694 27.294137484101544
    endloop
  endfacet
  facet normal 0.5000000000000003 0.5000000000000002 -0.7071067811865472
    outer loop
      vertex 14.14110271412921 -0.0010329096017418493 27.294137484101544
      vertex 10.252015417603198 3.8880543869242694 27.294137484101544
      vertex 10.80166597346519 4.43770494278626 28.071460754767482
    endloop
  endfacet
  facet normal 0.5359669453838024 0.5359669453838024 -0.652287411278121
    outer loop
      vertex 10.80166597346519 4.43770494278626 28.071460754767482
      vertex 11.30870415741411 4.944743126735181 28.904699912676612
      vertex 14.6907532699912 0.548617646260249 28.071460754767482
    endloop
  endfacet
  facet normal 0.5689365462006505 0.5689365462006505 -0.5938201855735035
    outer loop
      vertex 11.30870415741411 4.944743126735181 28.904699912676612
      vertex 11.770294406251557 5.406333375572627 29.78919514646475
      vertex 15.197791453940122 1.0556558302091705 28.904699912676612
    endloop
  endfacet
  facet normal 0.5689365462006506 0.5689365462006506 -0.5938201855735035
    outer loop
      vertex 7.527653719132271 9.648974062691913 29.78919514646475
      vertex 9.648974062691913 7.527653719132271 29.78919514646475
      vertex 9.187383813854467 7.066063470294825 28.904699912676612
    endloop
  endfacet
  facet normal 0.5987244230690698 0.5987244230690698 -0.5320320765153347
    outer loop
      vertex 7.941214632948357 10.062534976508 30.71999999999999
      vertex 10.062534976508 7.941214632948357 30.71999999999999
      vertex 9.648974062691913 7.527653719132271 29.78919514646475
    endloop
  endfacet
  facet normal 0.5000000000000001 0.5000000000000001 -0.7071067811865472
    outer loop
      vertex 14.14110271412921 -0.0010329096017418493 27.294137484101544
      vertex 10.80166597346519 4.43770494278626 28.071460754767482
      vertex 14.6907532699912 0.548617646260249 28.071460754767482
    endloop
  endfacet
  facet normal 0.5359669453838024 0.5359669453838024 -0.652287411278121
    outer loop
      vertex 11.30870415741411 4.944743126735181 28.904699912676612
      vertex 15.197791453940122 1.0556558302091705 28.904699912676612
      vertex 14.6907532699912 0.548617646260249 28.071460754767482
    endloop
  endfacet
  facet normal 0.7071067811865476 -0.7071067811865475 -1.0912371942716035e-16
    outer loop
      vertex 12.226902788210186 -1.915232835520766 30.21168393398425
      vertex 15.659381702777567 1.5172460790466165 29.78919514646475
      vertex 16.072942616593654 1.9308069928627027 30.71999999999999
    endloop
  endfacet
  facet normal 0.7071067811865474 -0.7071067811865476 8.341432480301097e-17
    outer loop
      vertex 12.997494848806987 -1.144640774923963 31.386189324074373
      vertex 16.072942616593654 1.9308069928627027 30.71999999999999
      vertex 16.436161395002454 2.294025771271503 31.691909034971886
    endloop
  endfacet
  facet normal 0.5987244230690698 0.5987244230690698 -0.5320320765153347
    outer loop
      vertex 11.770294406251557 5.406333375572627 29.78919514646475
      vertex 12.183855320067643 5.819894289388714 30.71999999999999
      vertex 15.659381702777567 1.5172460790466165 29.78919514646475
    endloop
  endfacet
  facet normal 0.5689365462006505 0.5689365462006505 -0.5938201855735035
    outer loop
      vertex 11.770294406251557 5.406333375572627 29.78919514646475
      vertex 15.659381702777567 1.5172460790466165 29.78919514646475
      vertex 15.197791453940122 1.0556558302091705 28.904699912676612
    endloop
  endfacet
  facet normal 0.5987244230690698 0.5987244230690698 -0.5320320765153348
    outer loop
      vertex 12.183855320067643 5.819894289388714 30.71999999999999
      vertex 16.072942616593654 1.9308069928627027 30.71999999999999
      vertex 15.659381702777567 1.5172460790466165 29.78919514646475
    endloop
  endfacet
  facet normal 0.6251639900985222 0.6251639900985222 -0.4672686282730628
    outer loop
      vertex 12.547074098476443 6.183113067797514 31.691909034971886
      vertex 16.436161395002454 2.294025771271503 31.691909034971886
      vertex 16.072942616593654 1.9308069928627027 30.71999999999999
    endloop
  endfacet
  facet normal 0.7071067811865475 -0.7071067811865476 7.741102961316647e-17
    outer loop
      vertex 12.997494848806987 -1.144640774923963 31.386189324074373
      vertex 16.436161395002454 2.294025771271503 31.691909034971886
      vertex 13.334110322789122 -0.8080253009418277 32.03120897755797
    endloop
  endfacet
  facet normal 0.7071067811865472 -0.7071067811865478 2.5345996778213747e-16
    outer loop
      vertex 13.334110322789122 -0.8080253009418277 32.03120897755797
      vertex 16.747006771259898 2.6048711475289448 32.69948694181398
      vertex 13.635700322524393 -0.5064353012065572 32.709999999999994
    endloop
  endfacet
  facet normal 0.7071067811865471 -0.7071067811865477 -1.5361760270705713e-15
    outer loop
      vertex 13.635700322524393 -0.5064353012065572 32.709999999999994
      vertex 16.747006771259898 2.6048711475289448 32.69948694181398
      vertex 13.900578234398022 -0.2415573893329297 33.41876631665977
    endloop
  endfacet
  facet normal 0.7071067811865475 -0.7071067811865475 1.699511326537629e-15
    outer loop
      vertex 13.900578234398022 -0.2415573893329297 33.41876631665977
      vertex 17.00374037193136 2.86160474820041 33.7370989361597
      vertex 14.12726275368236 -0.014872870048590947 34.153544218792234
    endloop
  endfacet
  facet normal 0.7071067811865469 -0.707106781186548 -6.183868510911474e-15
    outer loop
      vertex 14.12726275368236 -0.014872870048590947 34.153544218792234
      vertex 17.00374037193136 2.86160474820041 33.7370989361597
      vertex 14.142135623730951 3.3876571639321105e-16 34.21365426403914
    endloop
  endfacet
  facet normal 0.7071067811865475 -0.7071067811865477 -1.3063353560672455e-15
    outer loop
      vertex 13.334110322789122 -0.8080253009418277 32.03120897755797
      vertex 16.436161395002454 2.294025771271503 31.691909034971886
      vertex 16.747006771259898 2.6048711475289448 32.69948694181398
    endloop
  endfacet
  facet normal 0.7071067811865475 -0.7071067811865477 -7.093500201390865e-16
    outer loop
      vertex 14.142135623730951 3.3876571639321105e-16 34.21365426403914
      vertex 17.00374037193136 2.86160474820041 33.7370989361597
      vertex 14.849242404917499 0.707106781186548 34.21365426403914
    endloop
  endfacet
  facet normal 0.7071067811865475 -0.7071067811865475 1.3712163513473368e-15
    outer loop
      vertex 13.900578234398022 -0.2415573893329297 33.41876631665977
      vertex 16.747006771259898 2.6048711475289448 32.69948694181398
      vertex 17.00374037193136 2.86160474820041 33.7370989361597
    endloop
  endfacet
  facet normal 0.6481073865052988 0.6481073865052991 -0.3998920243197434
    outer loop
      vertex 12.857919474733885 6.493958444054956 32.69948694181398
      vertex 16.747006771259898 2.6048711475289448 32.69948694181398
      vertex 16.436161395002454 2.294025771271503 31.691909034971886
    endloop
  endfacet
  facet normal 0.6674263035099894 0.6674263035099894 -0.3302790619551639
    outer loop
      vertex 16.747006771259898 2.6048711475289448 32.69948694181398
      vertex 13.11465307540535 6.750692044726421 33.7370989361597
      vertex 17.00374037193136 2.86160474820041 33.7370989361597
    endloop
  endfacet
  facet normal 0.7071067811865476 -0.7071067811865476 -1.2295976608835054e-16
    outer loop
      vertex 14.849242404917499 0.707106781186548 34.21365426403914
      vertex 17.00374037193136 2.86160474820041 33.7370989361597
      vertex 17.20492643858109 3.062790814850139 34.798942270842176
    endloop
  endfacet
  facet normal 0.6830127018922187 0.6830127018922187 -0.2588190451025241
    outer loop
      vertex 17.00374037193136 2.86160474820041 33.7370989361597
      vertex 13.31583914205508 6.95187811137615 34.798942270842176
      vertex 17.20492643858109 3.062790814850139 34.798942270842176
    endloop
  endfacet
  facet normal 0.7071067811865476 -0.7071067811865476 -5.66729677731505e-17
    outer loop
      vertex 14.849242404917499 0.707106781186548 34.21365426403914
      vertex 17.20492643858109 3.062790814850139 34.798942270842176
      vertex 17.349439857115726 3.207304233384775 35.87907868721023
    endloop
  endfacet
  facet normal 0.7071067811865475 -0.7071067811865475 9.567977100936067e-17
    outer loop
      vertex 14.849242404917499 0.707106781186548 34.21365426403914
      vertex 17.349439857115726 3.207304233384775 35.87907868721023
      vertex 17.436472449878746 3.294336826147795 36.97146762427956
    endloop
  endfacet
  facet normal 0.7071067811865475 -0.7071067811865476 -6.156254060821425e-17
    outer loop
      vertex 14.849242404917499 0.707106781186548 34.21365426403914
      vertex 17.436472449878746 3.294336826147795 36.97146762427956
      vertex 17.465537495307725 3.323401871576774 38.06999999999999
    endloop
  endfacet
  facet normal 0.6251639900985222 0.6251639900985222 -0.4672686282730628
    outer loop
      vertex 12.183855320067643 5.819894289388714 30.71999999999999
      vertex 12.547074098476443 6.183113067797514 31.691909034971886
      vertex 16.072942616593654 1.9308069928627027 30.71999999999999
    endloop
  endfacet
  facet normal 0.6481073865052992 0.6481073865052992 -0.39989202431974236
    outer loop
      vertex 12.547074098476443 6.183113067797514 31.691909034971886
      vertex 12.857919474733885 6.493958444054956 32.69948694181398
      vertex 16.436161395002454 2.294025771271503 31.691909034971886
    endloop
  endfacet
  facet normal 0.667426303509989 0.6674263035099893 -0.33027906195516493
    outer loop
      vertex 12.857919474733885 6.493958444054956 32.69948694181398
      vertex 13.11465307540535 6.750692044726421 33.7370989361597
      vertex 16.747006771259898 2.6048711475289448 32.69948694181398
    endloop
  endfacet
  facet normal 0.6830127018922187 0.6830127018922187 -0.2588190451025241
    outer loop
      vertex 17.00374037193136 2.86160474820041 33.7370989361597
      vertex 13.11465307540535 6.750692044726421 33.7370989361597
      vertex 13.31583914205508 6.95187811137615 34.798942270842176
    endloop
  endfacet
  facet normal 0.6947794161898085 0.6947794161898085 -0.18591160716291416
    outer loop
      vertex 17.20492643858109 3.062790814850139 34.798942270842176
      vertex 13.31583914205508 6.95187811137615 34.798942270842176
      vertex 13.460352560589715 7.096391529910786 35.87907868721023
    endloop
  endfacet
  facet normal 0.7026606421633819 0.7026606421633819 -0.11196447610330634
    outer loop
      vertex 17.349439857115726 3.207304233384775 35.87907868721023
      vertex 13.460352560589715 7.096391529910786 35.87907868721023
      vertex 13.547385153352735 7.183424122673806 36.97146762427956
    endloop
  endfacet
  facet normal 0.6947794161898084 0.6947794161898084 -0.1859116071629142
    outer loop
      vertex 17.20492643858109 3.062790814850139 34.798942270842176
      vertex 13.460352560589715 7.096391529910786 35.87907868721023
      vertex 17.349439857115726 3.207304233384775 35.87907868721023
    endloop
  endfacet
  facet normal 0.7026606421633819 0.7026606421633819 -0.11196447610330626
    outer loop
      vertex 17.349439857115726 3.207304233384775 35.87907868721023
      vertex 13.547385153352735 7.183424122673806 36.97146762427956
      vertex 17.436472449878746 3.294336826147795 36.97146762427956
    endloop
  endfacet
  facet normal 0.5359669453838046 0.5359669453838046 0.652287411278117
    outer loop
      vertex 11.30870415741411 4.944743126735181 47.235300087323374
      vertex 11.287588754303568 4.923627723624638 47.269999999999996
      vertex 15.17667605082958 1.0345404270986276 47.269999999999996
    endloop
  endfacet
  facet normal 0.5689365462006505 0.5689365462006505 0.5938201855735035
    outer loop
      vertex 11.770294406251557 5.406333375572627 46.35080485353524
      vertex 11.30870415741411 4.944743126735181 47.235300087323374
      vertex 15.659381702777567 1.5172460790466165 46.35080485353524
    endloop
  endfacet
  facet normal 0.5987244230690699 0.5987244230690699 0.5320320765153347
    outer loop
      vertex 7.527653719132271 9.648974062691913 46.35080485353524
      vertex 9.648974062691913 7.527653719132271 46.35080485353524
      vertex 10.062534976508 7.941214632948357 45.419999999999995
    endloop
  endfacet
  facet normal 0.7071067811865474 -0.7071067811865478 4.477440650764687e-15
    outer loop
      vertex 14.12726275368236 -0.014872870048590947 41.986455781207745
      vertex 14.14213562373095 -1.2799420554542715e-15 41.926345735960844
      vertex 14.849242404917499 0.7071067811865479 41.926345735960844
    endloop
  endfacet
  facet normal 0.7071067811865472 -0.7071067811865478 -1.0178628721243079e-17
    outer loop
      vertex 14.849242404917499 0.707106781186548 34.21365426403914
      vertex 17.003740371931364 2.8616047482004117 42.40290106384028
      vertex 14.849242404917499 0.7071067811865479 41.926345735960844
    endloop
  endfacet
  facet normal 0.7071067811865474 -0.7071067811865476 -1.205397669267098e-16
    outer loop
      vertex 14.849242404917499 0.707106781186548 34.21365426403914
      vertex 17.20492643858109 3.0627908148501373 41.34105772915782
      vertex 17.003740371931364 2.8616047482004117 42.40290106384028
    endloop
  endfacet
  facet normal 0.7071067811865474 -0.7071067811865476 -5.694108260226694e-17
    outer loop
      vertex 14.849242404917499 0.707106781186548 34.21365426403914
      vertex 17.465537495307725 3.323401871576774 38.06999999999999
      vertex 17.436472449878746 3.294336826147795 39.16853237572043
    endloop
  endfacet
  facet normal 0.7071067811865485 -0.7071067811865466 -9.21658850614103e-16
    outer loop
      vertex 14.849242404917499 0.707106781186548 34.21365426403914
      vertex 17.436472449878746 3.294336826147795 39.16853237572043
      vertex 17.349439857115726 3.2073042333847734 40.260921312789755
    endloop
  endfacet
  facet normal 0.7071067811865475 -0.7071067811865476 -3.907062667981702e-17
    outer loop
      vertex 14.849242404917499 0.707106781186548 34.21365426403914
      vertex 17.349439857115726 3.2073042333847734 40.260921312789755
      vertex 17.20492643858109 3.0627908148501373 41.34105772915782
    endloop
  endfacet
  facet normal 0.7071067811865476 -0.7071067811865474 -7.865680985170499e-16
    outer loop
      vertex 14.12726275368236 -0.014872870048590947 41.986455781207745
      vertex 16.747006771259898 2.6048711475289466 43.440513058186
      vertex 13.900578234398022 -0.2415573893329288 42.721233683340216
    endloop
  endfacet
  facet normal 0.7071067811865474 -0.7071067811865476 7.9843542290611215e-16
    outer loop
      vertex 13.635700322524393 -0.5064353012065572 43.42999999999999
      vertex 13.900578234398022 -0.2415573893329288 42.721233683340216
      vertex 16.747006771259898 2.6048711475289466 43.440513058186
    endloop
  endfacet
  facet normal 0.7071067811865478 -0.7071067811865475 -2.6489880917954616e-15
    outer loop
      vertex 13.435028842544405 -0.707106781186547 43.88165290357816
      vertex 13.635700322524393 -0.5064353012065572 43.42999999999999
      vertex 16.436161395002458 2.294025771271505 44.4480909650281
    endloop
  endfacet
  facet normal 0.7071067811865476 -0.7071067811865474 6.632237958136964e-17
    outer loop
      vertex 13.435028842544405 -0.707106781186547 43.88165290357816
      vertex 16.072942616593654 1.9308069928627027 45.419999999999995
      vertex 15.659381702777567 1.5172460790466165 46.35080485353524
    endloop
  endfacet
  facet normal 0.7071067811865476 -0.7071067811865475 4.7379227889242893e-17
    outer loop
      vertex 13.435028842544405 -0.707106781186547 43.88165290357816
      vertex 15.659381702777567 1.5172460790466165 46.35080485353524
      vertex 15.197791453940122 1.0556558302091705 47.235300087323374
    endloop
  endfacet
  facet normal 0.7071067811865476 -0.7071067811865475 -1.3513515825981505e-14
    outer loop
      vertex 15.197791453940122 1.0556558302091705 47.235300087323374
      vertex 15.17667605082958 1.0345404270986276 47.269999999999996
      vertex 13.435028842544405 -0.707106781186547 47.269999999999996
    endloop
  endfacet
  facet normal 0.6481073865053002 0.6481073865053005 0.39989202431973886
    outer loop
      vertex 12.547074098476445 6.183113067797516 44.4480909650281
      vertex 16.436161395002458 2.294025771271505 44.4480909650281
      vertex 16.747006771259898 2.6048711475289466 43.440513058186
    endloop
  endfacet
  facet normal 0.5359669453838045 0.5359669453838045 0.6522874112781174
    outer loop
      vertex 11.30870415741411 4.944743126735181 47.235300087323374
      vertex 15.17667605082958 1.0345404270986276 47.269999999999996
      vertex 15.197791453940122 1.0556558302091705 47.235300087323374
    endloop
  endfacet
  facet normal 0.5689365462006506 0.5689365462006506 0.5938201855735034
    outer loop
      vertex 11.30870415741411 4.944743126735181 47.235300087323374
      vertex 15.197791453940122 1.0556558302091705 47.235300087323374
      vertex 15.659381702777567 1.5172460790466165 46.35080485353524
    endloop
  endfacet
  facet normal 0.5987244230690699 0.5987244230690699 0.5320320765153346
    outer loop
      vertex 11.770294406251557 5.406333375572627 46.35080485353524
      vertex 15.659381702777567 1.5172460790466165 46.35080485353524
      vertex 16.072942616593654 1.9308069928627027 45.419999999999995
    endloop
  endfacet
  facet normal 0.6251639900985212 0.6251639900985212 0.46726862827306553
    outer loop
      vertex 12.183855320067643 5.819894289388714 45.419999999999995
      vertex 16.072942616593654 1.9308069928627027 45.419999999999995
      vertex 16.436161395002458 2.294025771271505 44.4480909650281
    endloop
  endfacet
  facet normal 0.7071067811865471 -0.7071067811865479 7.259512341216479e-16
    outer loop
      vertex 14.12726275368236 -0.014872870048590947 41.986455781207745
      vertex 14.849242404917499 0.7071067811865479 41.926345735960844
      vertex 17.003740371931364 2.8616047482004117 42.40290106384028
    endloop
  endfacet
  facet normal 0.7071067811865471 -0.707106781186548 9.67008732339254e-16
    outer loop
      vertex 14.12726275368236 -0.014872870048590947 41.986455781207745
      vertex 17.003740371931364 2.8616047482004117 42.40290106384028
      vertex 16.747006771259898 2.6048711475289466 43.440513058186
    endloop
  endfacet
  facet normal 0.7071067811865474 -0.7071067811865476 -1.3456506723938893e-15
    outer loop
      vertex 13.635700322524393 -0.5064353012065572 43.42999999999999
      vertex 16.747006771259898 2.6048711475289466 43.440513058186
      vertex 16.436161395002458 2.294025771271505 44.4480909650281
    endloop
  endfacet
  facet normal 0.7071067811865474 -0.7071067811865477 1.0871411685694078e-15
    outer loop
      vertex 13.435028842544405 -0.707106781186547 43.88165290357816
      vertex 16.436161395002458 2.294025771271505 44.4480909650281
      vertex 16.072942616593654 1.9308069928627027 45.419999999999995
    endloop
  endfacet
  facet normal 0.6830127018922187 0.6830127018922192 0.258819045102523
    outer loop
      vertex 17.20492643858109 3.0627908148501373 41.34105772915782
      vertex 13.114653075405352 6.7506920447264225 42.40290106384028
      vertex 17.003740371931364 2.8616047482004117 42.40290106384028
    endloop
  endfacet
  facet normal 0.6674263035099888 0.667426303509989 0.33027906195516593
    outer loop
      vertex 17.003740371931364 2.8616047482004117 42.40290106384028
      vertex 13.114653075405352 6.7506920447264225 42.40290106384028
      vertex 16.747006771259898 2.6048711475289466 43.440513058186
    endloop
  endfacet
  facet normal 0.706612304800373 0.706612304800373 -0.037391194276326145
    outer loop
      vertex 17.436472449878746 3.294336826147795 36.97146762427956
      vertex 13.547385153352735 7.183424122673806 36.97146762427956
      vertex 13.576450198781714 7.212489168102785 38.06999999999999
    endloop
  endfacet
  facet normal 0.7066123048003728 0.7066123048003728 0.03739119427632589
    outer loop
      vertex 17.465537495307725 3.323401871576774 38.06999999999999
      vertex 13.576450198781714 7.212489168102785 38.06999999999999
      vertex 13.547385153352735 7.183424122673806 39.16853237572043
    endloop
  endfacet
  facet normal 0.6947794161898084 0.6947794161898089 0.18591160716291297
    outer loop
      vertex 17.349439857115726 3.2073042333847734 40.260921312789755
      vertex 13.460352560589714 7.096391529910784 40.260921312789755
      vertex 13.315839142055077 6.951878111376148 41.34105772915782
    endloop
  endfacet
  facet normal 0.7026606421633816 0.7026606421633816 0.11196447610330935
    outer loop
      vertex 17.436472449878746 3.294336826147795 39.16853237572043
      vertex 13.547385153352735 7.183424122673806 39.16853237572043
      vertex 13.460352560589714 7.096391529910784 40.260921312789755
    endloop
  endfacet
  facet normal 0.6830127018922187 0.6830127018922191 0.258819045102523
    outer loop
      vertex 17.20492643858109 3.0627908148501373 41.34105772915782
      vertex 13.315839142055077 6.951878111376148 41.34105772915782
      vertex 13.114653075405352 6.7506920447264225 42.40290106384028
    endloop
  endfacet
  facet normal 0.706612304800373 0.7066123048003728 -0.037391194276326076
    outer loop
      vertex 17.436472449878746 3.294336826147795 36.97146762427956
      vertex 13.576450198781714 7.212489168102785 38.06999999999999
      vertex 17.465537495307725 3.323401871576774 38.06999999999999
    endloop
  endfacet
  facet normal 0.706612304800373 0.7066123048003727 0.03739119427632583
    outer loop
      vertex 17.465537495307725 3.323401871576774 38.06999999999999
      vertex 13.547385153352735 7.183424122673806 39.16853237572043
      vertex 17.436472449878746 3.294336826147795 39.16853237572043
    endloop
  endfacet
  facet normal 0.7026606421633815 0.7026606421633818 0.11196447610330809
    outer loop
      vertex 17.349439857115726 3.2073042333847734 40.260921312789755
      vertex 17.436472449878746 3.294336826147795 39.16853237572043
      vertex 13.460352560589714 7.096391529910784 40.260921312789755
    endloop
  endfacet
  facet normal 0.6947794161898085 0.6947794161898088 0.18591160716291302
    outer loop
      vertex 17.349439857115726 3.2073042333847734 40.260921312789755
      vertex 13.315839142055077 6.951878111376148 41.34105772915782
      vertex 17.20492643858109 3.0627908148501373 41.34105772915782
    endloop
  endfacet
  facet normal 0.6481073865052999 0.6481073865052999 0.39989202431973997
    outer loop
      vertex 12.857919474733887 6.493958444054957 43.440513058186
      vertex 12.547074098476445 6.183113067797516 44.4480909650281
      vertex 16.747006771259898 2.6048711475289466 43.440513058186
    endloop
  endfacet
  facet normal 0.6674263035099892 0.6674263035099892 0.33027906195516493
    outer loop
      vertex 12.857919474733887 6.493958444054957 43.440513058186
      vertex 16.747006771259898 2.6048711475289466 43.440513058186
      vertex 13.114653075405352 6.7506920447264225 42.40290106384028
    endloop
  endfacet
  facet normal 0.5987244230690698 0.5987244230690698 0.5320320765153347
    outer loop
      vertex 11.770294406251557 5.406333375572627 46.35080485353524
      vertex 16.072942616593654 1.9308069928627027 45.419999999999995
      vertex 12.183855320067643 5.819894289388714 45.419999999999995
    endloop
  endfacet
  facet normal 0.6251639900985214 0.6251639900985216 0.46726862827306465
    outer loop
      vertex 12.547074098476445 6.183113067797516 44.4480909650281
      vertex 12.183855320067643 5.819894289388714 45.419999999999995
      vertex 16.436161395002458 2.294025771271505 44.4480909650281
    endloop
  endfacet
  facet normal 0.6251639900985222 0.6251639900985222 -0.4672686282730628
    outer loop
      vertex 7.941214632948357 10.062534976508 30.71999999999999
      vertex 8.304433411357158 10.4257537549168 31.691909034971886
      vertex 10.062534976508 7.941214632948357 30.71999999999999
    endloop
  endfacet
  facet normal 0.6251639900985222 0.6251639900985222 -0.46726862827306287
    outer loop
      vertex 8.304433411357158 10.4257537549168 31.691909034971886
      vertex 10.4257537549168 8.304433411357158 31.691909034971886
      vertex 10.062534976508 7.941214632948357 30.71999999999999
    endloop
  endfacet
  facet normal 0.6481073865052992 0.6481073865052992 -0.3998920243197423
    outer loop
      vertex 8.304433411357158 10.4257537549168 31.691909034971886
      vertex 8.6152787876146 10.736599131174241 32.69948694181398
      vertex 10.4257537549168 8.304433411357158 31.691909034971886
    endloop
  endfacet
  facet normal 0.6674263035099891 0.6674263035099891 -0.3302790619551649
    outer loop
      vertex 8.6152787876146 10.736599131174241 32.69948694181398
      vertex 8.872012388286064 10.993332731845706 33.7370989361597
      vertex 10.993332731845706 8.872012388286064 33.7370989361597
    endloop
  endfacet
  facet normal 0.6830127018922187 0.6830127018922187 -0.25881904510252407
    outer loop
      vertex 8.872012388286064 10.993332731845706 33.7370989361597
      vertex 9.073198454935794 11.194518798495436 34.798942270842176
      vertex 10.993332731845706 8.872012388286064 33.7370989361597
    endloop
  endfacet
  facet normal 0.6481073865052992 0.6481073865052992 -0.3998920243197423
    outer loop
      vertex 8.6152787876146 10.736599131174241 32.69948694181398
      vertex 10.736599131174241 8.6152787876146 32.69948694181398
      vertex 10.4257537549168 8.304433411357158 31.691909034971886
    endloop
  endfacet
  facet normal 0.6674263035099891 0.6674263035099891 -0.3302790619551649
    outer loop
      vertex 8.6152787876146 10.736599131174241 32.69948694181398
      vertex 10.993332731845706 8.872012388286064 33.7370989361597
      vertex 10.736599131174241 8.6152787876146 32.69948694181398
    endloop
  endfacet
  facet normal 0.6830127018922187 0.6830127018922187 -0.25881904510252407
    outer loop
      vertex 9.073198454935794 11.194518798495436 34.798942270842176
      vertex 11.194518798495436 9.073198454935794 34.798942270842176
      vertex 10.993332731845706 8.872012388286064 33.7370989361597
    endloop
  endfacet
  facet normal 0.6947794161898084 0.6947794161898084 -0.18591160716291413
    outer loop
      vertex 9.073198454935794 11.194518798495436 34.798942270842176
      vertex 9.21771187347043 11.339032217030072 35.87907868721023
      vertex 11.194518798495436 9.073198454935794 34.798942270842176
    endloop
  endfacet
  facet normal 0.6947794161898084 0.6947794161898084 -0.18591160716291405
    outer loop
      vertex 9.21771187347043 11.339032217030072 35.87907868721023
      vertex 11.339032217030072 9.21771187347043 35.87907868721023
      vertex 11.194518798495436 9.073198454935794 34.798942270842176
    endloop
  endfacet
  facet normal 0.7026606421633818 0.7026606421633818 -0.11196447610330626
    outer loop
      vertex 9.21771187347043 11.339032217030072 35.87907868721023
      vertex 9.30474446623345 11.426064809793091 36.97146762427956
      vertex 11.339032217030072 9.21771187347043 35.87907868721023
    endloop
  endfacet
  facet normal 0.7026606421633818 0.7026606421633818 -0.11196447610330623
    outer loop
      vertex 9.30474446623345 11.426064809793091 36.97146762427956
      vertex 11.426064809793091 9.30474446623345 36.97146762427956
      vertex 11.339032217030072 9.21771187347043 35.87907868721023
    endloop
  endfacet
  facet normal 0.7066123048003728 0.7066123048003728 -0.03739119427632607
    outer loop
      vertex 9.30474446623345 11.426064809793091 36.97146762427956
      vertex 9.333809511662428 11.45512985522207 38.06999999999999
      vertex 11.426064809793091 9.30474446623345 36.97146762427956
    endloop
  endfacet
  facet normal 0.7066123048003728 0.7066123048003728 -0.037391194276325965
    outer loop
      vertex 9.333809511662428 11.45512985522207 38.06999999999999
      vertex 11.45512985522207 9.333809511662428 38.06999999999999
      vertex 11.426064809793091 9.30474446623345 36.97146762427956
    endloop
  endfacet
  facet normal 0.7066123048003728 0.7066123048003728 0.037391194276325826
    outer loop
      vertex 9.333809511662428 11.45512985522207 38.06999999999999
      vertex 9.30474446623345 11.426064809793091 39.16853237572043
      vertex 11.45512985522207 9.333809511662428 38.06999999999999
    endloop
  endfacet
  facet normal 0.7066123048003728 0.7066123048003728 0.037391194276325826
    outer loop
      vertex 11.45512985522207 9.333809511662428 38.06999999999999
      vertex 9.30474446623345 11.426064809793091 39.16853237572043
      vertex 11.426064809793091 9.30474446623345 39.16853237572043
    endloop
  endfacet
  facet normal 0.6830127018922189 0.6830127018922189 0.258819045102523
    outer loop
      vertex 9.073198454935792 11.194518798495434 41.34105772915782
      vertex 8.872012388286066 10.993332731845708 42.40290106384028
      vertex 11.194518798495434 9.073198454935792 41.34105772915782
    endloop
  endfacet
  facet normal 0.7026606421633815 0.7026606421633815 0.11196447610330923
    outer loop
      vertex 9.30474446623345 11.426064809793091 39.16853237572043
      vertex 9.217711873470428 11.33903221703007 40.260921312789755
      vertex 11.426064809793091 9.30474446623345 39.16853237572043
    endloop
  endfacet
  facet normal 0.6947794161898087 0.6947794161898087 0.185911607162913
    outer loop
      vertex 9.217711873470428 11.33903221703007 40.260921312789755
      vertex 9.073198454935792 11.194518798495434 41.34105772915782
      vertex 11.33903221703007 9.217711873470428 40.260921312789755
    endloop
  endfacet
  facet normal 0.7026606421633815 0.7026606421633815 0.11196447610330917
    outer loop
      vertex 9.217711873470428 11.33903221703007 40.260921312789755
      vertex 11.33903221703007 9.217711873470428 40.260921312789755
      vertex 11.426064809793091 9.30474446623345 39.16853237572043
    endloop
  endfacet
  facet normal 0.6947794161898087 0.6947794161898087 0.18591160716291288
    outer loop
      vertex 9.073198454935792 11.194518798495434 41.34105772915782
      vertex 11.194518798495434 9.073198454935792 41.34105772915782
      vertex 11.33903221703007 9.217711873470428 40.260921312789755
    endloop
  endfacet
  facet normal 0.6481073865052999 0.6481073865052999 0.39989202431974
    outer loop
      vertex 8.30443341135716 10.425753754916801 44.4480909650281
      vertex 10.425753754916801 8.30443341135716 44.4480909650281
      vertex 10.736599131174243 8.615278787614601 43.440513058186
    endloop
  endfacet
  facet normal 0.6674263035099891 0.6674263035099891 0.3302790619551649
    outer loop
      vertex 8.615278787614601 10.736599131174243 43.440513058186
      vertex 10.736599131174243 8.615278787614601 43.440513058186
      vertex 8.872012388286066 10.993332731845708 42.40290106384028
    endloop
  endfacet
  facet normal 0.6481073865053 0.6481073865053 0.3998920243197399
    outer loop
      vertex 8.615278787614601 10.736599131174243 43.440513058186
      vertex 8.30443341135716 10.425753754916801 44.4480909650281
      vertex 10.736599131174243 8.615278787614601 43.440513058186
    endloop
  endfacet
  facet normal 0.683012701892219 0.683012701892219 0.2588190451025229
    outer loop
      vertex 8.872012388286066 10.993332731845708 42.40290106384028
      vertex 10.993332731845708 8.872012388286066 42.40290106384028
      vertex 11.194518798495434 9.073198454935792 41.34105772915782
    endloop
  endfacet
  facet normal 0.6674263035099892 0.6674263035099892 0.3302790619551648
    outer loop
      vertex 10.736599131174243 8.615278787614601 43.440513058186
      vertex 10.993332731845708 8.872012388286066 42.40290106384028
      vertex 8.872012388286066 10.993332731845708 42.40290106384028
    endloop
  endfacet
  facet normal 0.6251639900985215 0.6251639900985215 0.4672686282730646
    outer loop
      vertex 8.30443341135716 10.425753754916801 44.4480909650281
      vertex 7.941214632948357 10.062534976508 45.419999999999995
      vertex 10.425753754916801 8.30443341135716 44.4480909650281
    endloop
  endfacet
  facet normal 0.6251639900985214 0.6251639900985214 0.46726862827306465
    outer loop
      vertex 7.941214632948357 10.062534976508 45.419999999999995
      vertex 10.062534976508 7.941214632948357 45.419999999999995
      vertex 10.425753754916801 8.30443341135716 44.4480909650281
    endloop
  endfacet
  facet normal 0.5987244230690686 0.5987244230690687 0.5320320765153373
    outer loop
      vertex -13.334110322789122 0.8080253009418277 32.03120897755797
      vertex -13.635700322524393 0.5064353012065572 32.709999999999994
      vertex -12.526085021847296 1.1324694730933645e-15 32.03120897755797
    endloop
  endfacet
  facet normal 0.6674263035099814 0.667426303509993 0.33027906195517287
    outer loop
      vertex -14.127262753682361 0.014872870048590059 34.15354421879224
      vertex -14.142135623730953 -1.4378056085975666e-15 34.21365426403915
      vertex -14.11238988363377 -1.5187002994201813e-15 34.15354421879224
    endloop
  endfacet
  facet normal 0.6481073865052952 0.6481073865053061 0.39989202431973797
    outer loop
      vertex -13.659020845065093 6.803448712809545e-16 33.41876631665977
      vertex -14.127262753682361 0.014872870048590059 34.15354421879224
      vertex -14.11238988363377 -1.5187002994201813e-15 34.15354421879224
    endloop
  endfacet
  facet normal 0.6481073865052998 0.6481073865052992 0.3998920243197411
    outer loop
      vertex -13.900578234398022 0.2415573893329297 33.41876631665977
      vertex -14.127262753682361 0.014872870048590059 34.15354421879224
      vertex -13.659020845065093 6.803448712809545e-16 33.41876631665977
    endloop
  endfacet
  facet normal 0.6251639900985223 0.6251639900985217 0.46726862827306304
    outer loop
      vertex -13.900578234398022 0.2415573893329297 33.41876631665977
      vertex -13.659020845065093 6.803448712809545e-16 33.41876631665977
      vertex -13.129265021317835 -1.9074081495250332e-16 32.709999999999994
    endloop
  endfacet
  facet normal 0.625163990098522 0.6251639900985227 0.4672686282730623
    outer loop
      vertex -13.900578234398022 0.2415573893329297 33.41876631665977
      vertex -13.129265021317835 -1.9074081495250332e-16 32.709999999999994
      vertex -13.635700322524393 0.5064353012065572 32.709999999999994
    endloop
  endfacet
  facet normal 0.5689365462006528 0.5689365462006526 0.5938201855734991
    outer loop
      vertex -13.334110322789122 0.8080253009418277 32.03120897755797
      vertex -11.85285407388302 -5.58495490753434e-16 31.386189324074365
      vertex -12.997494848806985 1.1446407749239658 31.386189324074365
    endloop
  endfacet
  facet normal 0.5359669453838024 0.5359669453838024 0.6522874112781207
    outer loop
      vertex -12.627736390852398 1.514399232878553 30.778548251095735
      vertex -12.997494848806985 1.1446407749239658 31.386189324074365
      vertex -11.113337157973845 -5.425793441439364e-17 30.778548251095735
    endloop
  endfacet
  facet normal 0.46123685179737767 0.4612368517973775 0.7579717231454535
    outer loop
      vertex -12.226902788210188 1.9152328355207633 30.211683933984254
      vertex -10.574177654792656 0.262507702103231 30.211683933984254
      vertex -10.55440498936561 0.7909433105187128 29.878091201385864
    endloop
  endfacet
  facet normal 0.5359669453838022 0.535966945383802 0.6522874112781213
    outer loop
      vertex -12.997494848806985 1.1446407749239658 31.386189324074365
      vertex -11.85285407388302 -5.58495490753434e-16 31.386189324074365
      vertex -11.113337157973845 -5.425793441439364e-17 30.778548251095735
    endloop
  endfacet
  facet normal 0.5 0.5 0.7071067811865474
    outer loop
      vertex -12.627736390852398 1.514399232878553 30.778548251095735
      vertex -11.113337157973845 -5.425793441439364e-17 30.778548251095735
      vertex -10.584 0 30.404250357158414
    endloop
  endfacet
  facet normal 0.49999999999999956 0.4999999999999993 0.7071067811865483
    outer loop
      vertex -12.627736390852398 1.514399232878553 30.778548251095735
      vertex -10.584 0 30.404250357158414
      vertex -10.574177654792656 0.262507702103231 30.211683933984254
    endloop
  endfacet
  facet normal 0.4612368517973769 0.4612368517973768 0.7579717231454545
    outer loop
      vertex -12.226902788210188 1.9152328355207633 30.211683933984254
      vertex -10.522899344933036 1.0705636387049302 29.688766507942717
      vertex -11.797235664979528 2.344899958751423 29.688766507942717
    endloop
  endfacet
  facet normal 0.4612368517973764 0.4612368517973749 0.7579717231454559
    outer loop
      vertex -12.226902788210188 1.9152328355207633 30.211683933984254
      vertex -10.55440498936561 0.7909433105187128 29.878091201385864
      vertex -10.522899344933036 1.0705636387049302 29.688766507942717
    endloop
  endfacet
  facet normal 0.4198942800244783 0.4198942800244782 0.8045977797666671
    outer loop
      vertex -11.797235664979528 2.344899958751423 29.688766507942717
      vertex -10.522899344933036 1.0705636387049302 29.688766507942717
      vertex -10.46578546476676 1.5774633452086324 29.39442555292853
    endloop
  endfacet
  facet normal 0.4999999999999997 0.4999999999999994 0.7071067811865482
    outer loop
      vertex -12.627736390852398 1.514399232878553 30.778548251095735
      vertex -10.574177654792656 0.262507702103231 30.211683933984254
      vertex -12.226902788210188 1.9152328355207633 30.211683933984254
    endloop
  endfacet
  facet normal 0.41989428002447754 0.41989428002447743 0.8045977797666679
    outer loop
      vertex -11.341137894002678 2.800997729728273 29.212720339332527
      vertex -11.797235664979528 2.344899958751423 29.688766507942717
      vertex -10.41038770594019 1.8702475416657849 29.212720339332527
    endloop
  endfacet
  facet normal 0.41989428002447726 0.4198942800244756 0.8045977797666689
    outer loop
      vertex -11.797235664979528 2.344899958751423 29.688766507942717
      vertex -10.46578546476676 1.5774633452086324 29.39442555292853
      vertex -10.41038770594019 1.8702475416657849 29.212720339332527
    endloop
  endfacet
  facet normal 0.3762034891127558 0.37620348911275764 0.8467241992282823
    outer loop
      vertex -11.341137894002678 2.800997729728273 29.212720339332527
      vertex -10.318637022532421 2.355161564993632 28.9565055353623
      vertex -10.237638153584115 2.6574534592643246 28.78620767143081
    endloop
  endfacet
  facet normal 0.37620348911275586 0.37620348911275586 0.8467241992282831
    outer loop
      vertex -11.341137894002678 2.800997729728273 29.212720339332527
      vertex -10.237638153584115 2.6574534592643246 28.78620767143081
      vertex -10.86116015902537 3.2809754647055804 28.78620767143081
    endloop
  endfacet
  facet normal 0.33040881568761754 0.33040881568761754 0.8841153935046103
    outer loop
      vertex -10.237638153584115 2.6574534592643246 28.78620767143081
      vertex -10.113782576440514 3.1196887659650097 28.567175635297293
      vertex -10.86116015902537 3.2809754647055804 28.78620767143081
    endloop
  endfacet
  facet normal 0.330408815687617 0.3304088156876175 0.8841153935046105
    outer loop
      vertex -10.86116015902537 3.2809754647055804 28.78620767143081
      vertex -10.005883724776398 3.428045968030086 28.41161373608606
      vertex -10.359986690238632 3.7821489334923193 28.41161373608606
    endloop
  endfacet
  facet normal 0.3304088156876174 0.33040881568761615 0.8841153935046108
    outer loop
      vertex -10.113782576440514 3.1196887659650097 28.567175635297293
      vertex -10.005883724776398 3.428045968030086 28.41161373608606
      vertex -10.86116015902537 3.2809754647055804 28.78620767143081
    endloop
  endfacet
  facet normal 0.2827663621389051 0.2827663621389055 0.9165622558699758
    outer loop
      vertex -9.852367755650258 3.8667694018939227 28.22890341780022
      vertex -10.359986690238632 3.7821489334923193 28.41161373608606
      vertex -10.005883724776398 3.428045968030086 28.41161373608606
    endloop
  endfacet
  facet normal 0.28276636213890644 0.2827663621389002 0.916562255869977
    outer loop
      vertex -9.852367755650258 3.8667694018939227 28.22890341780022
      vertex -9.840420252974734 4.301715370756216 28.091033414534124
      vertex -10.359986690238632 3.7821489334923193 28.41161373608606
    endloop
  endfacet
  facet normal 0.2827663621389026 0.2827663621389006 0.916562255869978
    outer loop
      vertex -9.852367755650258 3.8667694018939227 28.22890341780022
      vertex -9.71661740132517 4.17791251910665 28.091033414534124
      vertex -9.840420252974734 4.301715370756216 28.091033414534124
    endloop
  endfacet
  facet normal 0.23354256439243284 0.23354256439243115 0.9438833303083668
    outer loop
      vertex -9.840420252974734 4.301715370756216 28.091033414534124
      vertex -9.71661740132517 4.17791251910665 28.091033414534124
      vertex -9.535854497879203 4.592225494820236 27.943795358341735
    endloop
  endfacet
  facet normal 0.376203489112755 0.37620348911275486 0.8467241992282839
    outer loop
      vertex -11.341137894002678 2.800997729728273 29.212720339332527
      vertex -10.41038770594019 1.8702475416657849 29.212720339332527
      vertex -10.318637022532421 2.355161564993632 28.9565055353623
    endloop
  endfacet
  facet normal 0.5689365462006529 0.568936546200653 0.5938201855734989
    outer loop
      vertex -13.334110322789122 0.8080253009418277 32.03120897755797
      vertex -12.526085021847296 1.1324694730933645e-15 32.03120897755797
      vertex -11.85285407388302 -5.58495490753434e-16 31.386189324074365
    endloop
  endfacet
  facet normal 0.5987244230690685 0.5987244230690694 0.5320320765153369
    outer loop
      vertex -13.635700322524393 0.5064353012065572 32.709999999999994
      vertex -13.129265021317835 -1.9074081495250332e-16 32.709999999999994
      vertex -12.526085021847296 1.1324694730933645e-15 32.03120897755797
    endloop
  endfacet
  facet normal 0.23354256439244309 0.23354256439242102 0.9438833303083668
    outer loop
      vertex -9.840420252974734 4.301715370756216 28.091033414534124
      vertex -9.535854497879203 4.592225494820236 27.943795358341735
      vertex -9.520098695077284 4.622036928653668 27.93252077709384
    endloop
  endfacet
  facet normal 0.6674263035099814 0.667426303509993 -0.33027906195517287
    outer loop
      vertex -14.142135623730953 -1.4378056085975666e-15 41.92634573596084
      vertex -14.127262753682361 0.014872870048590059 41.986455781207745
      vertex -14.11238988363377 -1.518252435703155e-15 41.986455781207745
    endloop
  endfacet
  facet normal 0.648107386505294 0.6481073865053053 -0.39989202431974114
    outer loop
      vertex -14.127262753682361 0.014872870048590059 41.986455781207745
      vertex -13.900578234398022 0.2415573893329297 42.721233683340216
      vertex -14.11238988363377 -1.518252435703155e-15 41.986455781207745
    endloop
  endfacet
  facet normal 0.6481073865053 0.6481073865052992 -0.39989202431974086
    outer loop
      vertex -14.11238988363377 -1.518252435703155e-15 41.986455781207745
      vertex -13.900578234398022 0.2415573893329297 42.721233683340216
      vertex -13.659020845065093 6.425926760217721e-16 42.721233683340216
    endloop
  endfacet
  facet normal 0.6251639900985226 0.625163990098522 -0.4672686282730623
    outer loop
      vertex -13.900578234398022 0.2415573893329297 42.721233683340216
      vertex -13.635700322524393 0.5064353012065572 43.42999999999999
      vertex -13.659020845065093 6.425926760217721e-16 42.721233683340216
    endloop
  endfacet
  facet normal 0.6251639900985217 0.6251639900985227 -0.4672686282730627
    outer loop
      vertex -13.659020845065093 6.425926760217721e-16 42.721233683340216
      vertex -13.635700322524393 0.5064353012065572 43.42999999999999
      vertex -13.129265021317835 -1.9653593723358922e-16 43.42999999999999
    endloop
  endfacet
  facet normal 0.5987244230690704 0.598724423069071 -0.5320320765153329
    outer loop
      vertex -12.727922061357855 -2.7203199648856085e-15 43.88165290357816
      vertex -13.129265021317835 -1.9653593723358922e-16 43.42999999999999
      vertex -13.635700322524393 0.5064353012065572 43.42999999999999
    endloop
  endfacet
  facet normal 0.5987244230690703 0.5987244230690701 -0.5320320765153338
    outer loop
      vertex -12.727922061357855 -2.7203199648856085e-15 43.88165290357816
      vertex -13.635700322524393 0.5064353012065572 43.42999999999999
      vertex -13.435028842544405 0.707106781186547 43.88165290357816
    endloop
  endfacet
  facet normal -0.282766362138907 -0.2827663621389027 0.9165622558699761
    outer loop
      vertex -4.14213562373095 10 28.189496523282912
      vertex -3.4448606873879797 10 28.404611095040174
      vertex -3.7821489334923193 10.359986690238632 28.41161373608606
    endloop
  endfacet
  facet normal -0.2827663621388547 -0.28276636213885425 0.9165622558700071
    outer loop
      vertex -3.7821489334923193 10.359986690238632 28.41161373608606
      vertex -3.4448606873879797 10 28.404611095040174
      vertex -3.428045968030086 10.005883724776398 28.41161373608606
    endloop
  endfacet
  facet normal -0.3304088156876167 -0.3304088156876163 0.8841153935046111
    outer loop
      vertex -3.7821489334923193 10.359986690238632 28.41161373608606
      vertex -3.428045968030086 10.005883724776398 28.41161373608606
      vertex -3.1196887659650097 10.113782576440514 28.567175635297293
    endloop
  endfacet
  facet normal -0.33040881568761693 -0.33040881568761743 0.8841153935046104
    outer loop
      vertex -3.7821489334923193 10.359986690238632 28.41161373608606
      vertex -3.1196887659650097 10.113782576440514 28.567175635297293
      vertex -3.2809754647055804 10.86116015902537 28.78620767143081
    endloop
  endfacet
  facet normal -0.3304088156876178 -0.33040881568761754 0.8841153935046103
    outer loop
      vertex -3.2809754647055804 10.86116015902537 28.78620767143081
      vertex -3.1196887659650097 10.113782576440514 28.567175635297293
      vertex -2.657453459264325 10.237638153584115 28.78620767143081
    endloop
  endfacet
  facet normal -0.3762034891127568 -0.37620348911275653 0.8467241992282822
    outer loop
      vertex -3.2809754647055804 10.86116015902537 28.78620767143081
      vertex -2.657453459264325 10.237638153584115 28.78620767143081
      vertex -2.355161564993632 10.318637022532421 28.9565055353623
    endloop
  endfacet
  facet normal -0.37620348911275625 -0.3762034891127555 0.8467241992282831
    outer loop
      vertex -3.2809754647055804 10.86116015902537 28.78620767143081
      vertex -2.355161564993632 10.318637022532421 28.9565055353623
      vertex -2.800997729728273 11.341137894002678 29.212720339332527
    endloop
  endfacet
  facet normal -0.3762034891127552 -0.3762034891127551 0.8467241992282838
    outer loop
      vertex -2.355161564993632 10.318637022532421 28.9565055353623
      vertex -1.8702475416657853 10.41038770594019 29.212720339332527
      vertex -2.800997729728273 11.341137894002678 29.212720339332527
    endloop
  endfacet
  facet normal -0.419894280024475 -0.41989428002447554 0.8045977797666701
    outer loop
      vertex -2.800997729728273 11.341137894002678 29.212720339332527
      vertex -1.57746334520863 10.46578546476676 29.39442555292853
      vertex -2.3448999587514257 11.797235664979524 29.68876650794271
    endloop
  endfacet
  facet normal -0.419894280024474 -0.4198942800244738 0.8045977797666717
    outer loop
      vertex -2.800997729728273 11.341137894002678 29.212720339332527
      vertex -1.8702475416657853 10.41038770594019 29.212720339332527
      vertex -1.57746334520863 10.46578546476676 29.39442555292853
    endloop
  endfacet
  facet normal -0.41989428002447676 -0.4198942800244763 0.8045977797666689
    outer loop
      vertex -2.3448999587514257 11.797235664979524 29.68876650794271
      vertex -1.57746334520863 10.46578546476676 29.39442555292853
      vertex -1.0705636387049364 10.522899344933034 29.68876650794271
    endloop
  endfacet
  facet normal -0.46123685179737833 -0.4612368517973779 0.7579717231454529
    outer loop
      vertex -2.3448999587514257 11.797235664979524 29.68876650794271
      vertex -1.0705636387049364 10.522899344933034 29.68876650794271
      vertex -1.915232835520766 12.226902788210186 30.21168393398425
    endloop
  endfacet
  facet normal -0.4612368517973748 -0.46123685179737695 0.7579717231454555
    outer loop
      vertex -1.0705636387049364 10.522899344933034 29.68876650794271
      vertex -0.7909433105187152 10.55440498936561 29.87809120138586
      vertex -1.915232835520766 12.226902788210186 30.21168393398425
    endloop
  endfacet
  facet normal -0.5000000000000001 -0.5000000000000002 0.7071067811865472
    outer loop
      vertex -0.2625077021032357 10.574177654792656 30.21168393398425
      vertex -1.5143992328785512 12.6277363908524 30.77854825109574
      vertex -1.915232835520766 12.226902788210186 30.21168393398425
    endloop
  endfacet
  facet normal -0.46123685179737856 -0.4612368517973787 0.7579717231454521
    outer loop
      vertex -0.7909433105187152 10.55440498936561 29.87809120138586
      vertex -0.2625077021032357 10.574177654792656 30.21168393398425
      vertex -1.915232835520766 12.226902788210186 30.21168393398425
    endloop
  endfacet
  facet normal -0.4999999999999995 -0.5 0.7071067811865478
    outer loop
      vertex -0.2625077021032357 10.574177654792656 30.21168393398425
      vertex 0 10.584 30.404250357158414
      vertex -1.5143992328785512 12.6277363908524 30.77854825109574
    endloop
  endfacet
  facet normal -0.5000000000000008 -0.5000000000000008 0.7071067811865465
    outer loop
      vertex -1.5143992328785512 12.6277363908524 30.77854825109574
      vertex 0 10.584 30.404250357158414
      vertex 3.595829960157978e-17 11.113337157973849 30.77854825109574
    endloop
  endfacet
  facet normal -0.5359669453838038 -0.5359669453838038 0.6522874112781185
    outer loop
      vertex -1.5143992328785512 12.6277363908524 30.77854825109574
      vertex 3.595829960157978e-17 11.113337157973849 30.77854825109574
      vertex -1.991150358181868e-15 11.852854073883025 31.386189324074373
    endloop
  endfacet
  facet normal -0.5359669453838037 -0.5359669453838033 0.6522874112781191
    outer loop
      vertex -1.5143992328785512 12.6277363908524 30.77854825109574
      vertex -1.991150358181868e-15 11.852854073883025 31.386189324074373
      vertex -1.144640774923963 12.997494848806987 31.386189324074373
    endloop
  endfacet
  facet normal -0.5689365462006519 -0.5689365462006514 0.5938201855735015
    outer loop
      vertex -1.144640774923963 12.997494848806987 31.386189324074373
      vertex -1.991150358181868e-15 11.852854073883025 31.386189324074373
      vertex -8.704765284035922e-16 12.526085021847296 32.03120897755797
    endloop
  endfacet
  facet normal -0.5689365462006518 -0.5689365462006517 0.593820185573501
    outer loop
      vertex -1.144640774923963 12.997494848806987 31.386189324074373
      vertex -8.704765284035922e-16 12.526085021847296 32.03120897755797
      vertex -0.8080253009418277 13.334110322789122 32.03120897755797
    endloop
  endfacet
  facet normal -0.5987244230690688 -0.5987244230690688 0.5320320765153369
    outer loop
      vertex -0.8080253009418277 13.334110322789122 32.03120897755797
      vertex -8.704765284035922e-16 12.526085021847296 32.03120897755797
      vertex 1.191748736207023e-16 13.129265021317835 32.709999999999994
    endloop
  endfacet
  facet normal -0.5987244230690691 -0.5987244230690683 0.5320320765153373
    outer loop
      vertex -0.8080253009418277 13.334110322789122 32.03120897755797
      vertex 1.191748736207023e-16 13.129265021317835 32.709999999999994
      vertex -0.5064353012065572 13.635700322524393 32.709999999999994
    endloop
  endfacet
  facet normal -0.6251639900985227 -0.6251639900985217 0.4672686282730626
    outer loop
      vertex -0.5064353012065572 13.635700322524393 32.709999999999994
      vertex 1.191748736207023e-16 13.129265021317835 32.709999999999994
      vertex -7.949982232779329e-16 13.659020845065093 33.41876631665977
    endloop
  endfacet
  facet normal -0.6251639900985223 -0.6251639900985225 0.46726862827306226
    outer loop
      vertex -0.5064353012065572 13.635700322524393 32.709999999999994
      vertex -7.949982232779329e-16 13.659020845065093 33.41876631665977
      vertex -0.2415573893329297 13.900578234398022 33.41876631665977
    endloop
  endfacet
  facet normal -0.6481073865052991 -0.6481073865052993 0.3998920243197424
    outer loop
      vertex -0.2415573893329297 13.900578234398022 33.41876631665977
      vertex -7.949982232779329e-16 13.659020845065093 33.41876631665977
      vertex 1.765400647298663e-15 14.112389883633771 34.15354421879224
    endloop
  endfacet
  facet normal -0.6481073865052976 -0.648107386505301 0.39989202431974225
    outer loop
      vertex -0.2415573893329297 13.900578234398022 33.41876631665977
      vertex 1.765400647298663e-15 14.112389883633771 34.15354421879224
      vertex -0.014872870048590947 14.12726275368236 34.153544218792234
    endloop
  endfacet
  facet normal -0.6674263035099671 -0.6674263035100082 0.3302790619551709
    outer loop
      vertex -0.014872870048590947 14.12726275368236 34.153544218792234
      vertex 1.765400647298663e-15 14.112389883633771 34.15354421879224
      vertex 2.0951805699548454e-15 14.142135623730953 34.21365426403915
    endloop
  endfacet
  facet normal -0.5987244230690706 -0.598724423069071 -0.5320320765153328
    outer loop
      vertex -0.707106781186547 13.435028842544405 43.88165290357816
      vertex 1.191748736207023e-16 13.129265021317835 43.42999999999999
      vertex 1.4351161941195636e-15 12.727922061357857 43.88165290357816
    endloop
  endfacet
  facet normal -0.6674263035099672 -0.6674263035100075 -0.33027906195517215
    outer loop
      vertex -0.014872870048590947 14.12726275368236 41.986455781207745
      vertex 4.790710449321582e-16 14.142135623730951 41.92634573596084
      vertex 7.323485758278088e-18 14.11238988363377 41.986455781207745
    endloop
  endfacet
  facet normal -0.6251639900985226 -0.6251639900985216 -0.4672686282730631
    outer loop
      vertex -0.5064353012065572 13.635700322524393 43.42999999999999
      vertex -8.707704942303805e-17 13.659020845065093 42.721233683340216
      vertex 1.191748736207023e-16 13.129265021317835 43.42999999999999
    endloop
  endfacet
  facet normal -0.6481073865053004 -0.6481073865053002 -0.3998920243197392
    outer loop
      vertex -0.2415573893329288 13.900578234398022 42.721233683340216
      vertex 7.323485758278088e-18 14.11238988363377 41.986455781207745
      vertex -8.707704942303805e-17 13.659020845065093 42.721233683340216
    endloop
  endfacet
  facet normal -0.6481073865052809 -0.64810738650532 -0.3998920243197385
    outer loop
      vertex -0.014872870048590947 14.12726275368236 41.986455781207745
      vertex 7.323485758278088e-18 14.11238988363377 41.986455781207745
      vertex -0.2415573893329288 13.900578234398022 42.721233683340216
    endloop
  endfacet
  facet normal -0.6251639900985223 -0.625163990098522 -0.46726862827306287
    outer loop
      vertex -0.5064353012065572 13.635700322524393 43.42999999999999
      vertex -0.2415573893329288 13.900578234398022 42.721233683340216
      vertex -8.707704942303805e-17 13.659020845065093 42.721233683340216
    endloop
  endfacet
  facet normal -0.5987244230690707 -0.5987244230690698 -0.5320320765153338
    outer loop
      vertex -0.707106781186547 13.435028842544405 43.88165290357816
      vertex -0.5064353012065572 13.635700322524393 43.42999999999999
      vertex 1.191748736207023e-16 13.129265021317835 43.42999999999999
    endloop
  endfacet
  facet normal 0.5987244230690691 0.5987244230690683 0.5320320765153373
    outer loop
      vertex 0.8080253009418277 -13.334110322789122 32.03120897755797
      vertex -1.191748736207023e-16 -13.129265021317835 32.709999999999994
      vertex 0.5064353012065572 -13.635700322524393 32.709999999999994
    endloop
  endfacet
  facet normal 0.6251639900985213 0.6251639900985235 0.4672686282730623
    outer loop
      vertex -3.952197551277136e-18 -13.659020845065093 33.41876631665977
      vertex 0.2415573893329297 -13.900578234398022 33.41876631665977
      vertex 0.5064353012065572 -13.635700322524393 32.709999999999994
    endloop
  endfacet
  facet normal 0.6674263035099868 0.6674263035099871 0.33027906195517404
    outer loop
      vertex 0.014872870048590059 -14.127262753682361 34.15354421879224
      vertex -6.592807576964696e-18 -14.112389883633771 34.15354421879224
      vertex 1.809021632499236e-16 -14.142135623730951 34.21365426403914
    endloop
  endfacet
  facet normal 0.6481073865052996 0.6481073865052993 0.3998920243197414
    outer loop
      vertex 0.2415573893329297 -13.900578234398022 33.41876631665977
      vertex -6.592807576964696e-18 -14.112389883633771 34.15354421879224
      vertex 0.014872870048590059 -14.127262753682361 34.15354421879224
    endloop
  endfacet
  facet normal 0.6481073865052984 0.6481073865053008 0.3998920243197411
    outer loop
      vertex -3.952197551277136e-18 -13.659020845065093 33.41876631665977
      vertex -6.592807576964696e-18 -14.112389883633771 34.15354421879224
      vertex 0.2415573893329297 -13.900578234398022 33.41876631665977
    endloop
  endfacet
  facet normal 0.6251639900985226 0.6251639900985215 0.4672686282730632
    outer loop
      vertex -3.952197551277136e-18 -13.659020845065093 33.41876631665977
      vertex 0.5064353012065572 -13.635700322524393 32.709999999999994
      vertex -1.191748736207023e-16 -13.129265021317835 32.709999999999994
    endloop
  endfacet
  facet normal 0.5689365462006527 0.5689365462006527 0.5938201855734991
    outer loop
      vertex 8.704765284035922e-16 -12.526085021847296 32.03120897755797
      vertex 1.1446407749239658 -12.997494848806985 31.386189324074365
      vertex -3.739822695456105e-16 -11.852854073883027 31.386189324074373
    endloop
  endfacet
  facet normal 0.5359669453838027 0.5359669453838022 0.6522874112781207
    outer loop
      vertex -3.739822695456105e-16 -11.852854073883027 31.386189324074373
      vertex 1.1446407749239658 -12.997494848806985 31.386189324074365
      vertex 1.514399232878553 -12.627736390852398 30.778548251095735
    endloop
  endfacet
  facet normal 0.4612368517973775 0.46123685179737767 0.7579717231454535
    outer loop
      vertex 1.9152328355207633 -12.226902788210188 30.211683933984254
      vertex 0.7909433105187128 -10.55440498936561 29.878091201385864
      vertex 0.2625077021032309 -10.574177654792656 30.211683933984254
    endloop
  endfacet
  facet normal 0.5359669453838027 0.5359669453838026 0.6522874112781203
    outer loop
      vertex -5.033269271326069e-16 -11.113337157973849 30.77854825109574
      vertex -3.739822695456105e-16 -11.852854073883027 31.386189324074373
      vertex 1.514399232878553 -12.627736390852398 30.778548251095735
    endloop
  endfacet
  facet normal 0.5000000000000008 0.5000000000000004 0.7071067811865468
    outer loop
      vertex -5.033269271326069e-16 -11.113337157973849 30.77854825109574
      vertex 1.514399232878553 -12.627736390852398 30.778548251095735
      vertex 0 -10.584 30.404250357158414
    endloop
  endfacet
  facet normal 0.4999999999999993 0.49999999999999956 0.7071067811865483
    outer loop
      vertex 1.514399232878553 -12.627736390852398 30.778548251095735
      vertex 0.2625077021032309 -10.574177654792656 30.211683933984254
      vertex 0 -10.584 30.404250357158414
    endloop
  endfacet
  facet normal 0.4612368517973755 0.46123685179737667 0.7579717231454552
    outer loop
      vertex 1.9152328355207633 -12.226902788210188 30.211683933984254
      vertex 1.0705636387049295 -10.522899344933036 29.688766507942717
      vertex 0.7909433105187128 -10.55440498936561 29.878091201385864
    endloop
  endfacet
  facet normal 0.46123685179737667 0.46123685179737706 0.7579717231454544
    outer loop
      vertex 1.9152328355207633 -12.226902788210188 30.211683933984254
      vertex 2.344899958751423 -11.797235664979528 29.688766507942717
      vertex 1.0705636387049295 -10.522899344933036 29.688766507942717
    endloop
  endfacet
  facet normal 0.41989428002447704 0.4198942800244773 0.8045977797666682
    outer loop
      vertex 1.5774633452086273 -10.46578546476676 29.394425552928535
      vertex 1.0705636387049295 -10.522899344933036 29.688766507942717
      vertex 2.344899958751423 -11.797235664979528 29.688766507942717
    endloop
  endfacet
  facet normal 0.4999999999999994 0.4999999999999997 0.7071067811865482
    outer loop
      vertex 1.514399232878553 -12.627736390852398 30.778548251095735
      vertex 1.9152328355207633 -12.226902788210188 30.211683933984254
      vertex 0.2625077021032309 -10.574177654792656 30.211683933984254
    endloop
  endfacet
  facet normal 0.41989428002447743 0.4198942800244775 0.804597779766668
    outer loop
      vertex 1.5774633452086273 -10.46578546476676 29.394425552928535
      vertex 2.800997729728273 -11.341137894002678 29.212720339332527
      vertex 1.8702475416657849 -10.41038770594019 29.212720339332527
    endloop
  endfacet
  facet normal 0.4198942800244774 0.4198942800244775 0.8045977797666678
    outer loop
      vertex 1.5774633452086273 -10.46578546476676 29.394425552928535
      vertex 2.344899958751423 -11.797235664979528 29.688766507942717
      vertex 2.800997729728273 -11.341137894002678 29.212720339332527
    endloop
  endfacet
  facet normal 0.3762034891127565 0.37620348911275514 0.846724199228283
    outer loop
      vertex 2.800997729728273 -11.341137894002678 29.212720339332527
      vertex 3.2809754647055804 -10.86116015902537 28.78620767143081
      vertex 2.355161564993627 -10.318637022532423 28.956505535362304
    endloop
  endfacet
  facet normal 0.3762034891127577 0.3762034891127577 0.8467241992282815
    outer loop
      vertex 2.6574534592643246 -10.237638153584115 28.78620767143081
      vertex 2.355161564993627 -10.318637022532423 28.956505535362304
      vertex 3.2809754647055804 -10.86116015902537 28.78620767143081
    endloop
  endfacet
  facet normal 0.3304088156876147 0.3304088156876147 0.8841153935046123
    outer loop
      vertex 2.6574534592643246 -10.237638153584115 28.78620767143081
      vertex 3.2809754647055804 -10.86116015902537 28.78620767143081
      vertex 3.119688765965014 -10.113782576440512 28.567175635297293
    endloop
  endfacet
  facet normal 0.33040881568761926 0.3304088156876152 0.8841153935046105
    outer loop
      vertex 3.119688765965014 -10.113782576440512 28.567175635297293
      vertex 3.2809754647055804 -10.86116015902537 28.78620767143081
      vertex 3.7821489334923193 -10.359986690238632 28.41161373608606
    endloop
  endfacet
  facet normal 0.282766362138907 0.2827663621389027 0.9165622558699761
    outer loop
      vertex 4.14213562373095 -10 28.189496523282912
      vertex 3.4448606873879797 -10 28.404611095040174
      vertex 3.7821489334923193 -10.359986690238632 28.41161373608606
    endloop
  endfacet
  facet normal 0.33040881568762054 0.33040881568762015 0.8841153935046083
    outer loop
      vertex 3.119688765965014 -10.113782576440512 28.567175635297293
      vertex 3.7821489334923193 -10.359986690238632 28.41161373608606
      vertex 3.428045968030086 -10.005883724776398 28.41161373608606
    endloop
  endfacet
  facet normal 0.2827663621388547 0.2827663621388543 0.9165622558700071
    outer loop
      vertex 3.4448606873879797 -10 28.404611095040174
      vertex 3.428045968030086 -10.005883724776398 28.41161373608606
      vertex 3.7821489334923193 -10.359986690238632 28.41161373608606
    endloop
  endfacet
  facet normal 0.3762034891127545 0.3762034891127546 0.8467241992282841
    outer loop
      vertex 1.8702475416657849 -10.41038770594019 29.212720339332527
      vertex 2.800997729728273 -11.341137894002678 29.212720339332527
      vertex 2.355161564993627 -10.318637022532423 28.956505535362304
    endloop
  endfacet
  facet normal 0.5987244230690688 0.5987244230690688 0.5320320765153369
    outer loop
      vertex 0.8080253009418277 -13.334110322789122 32.03120897755797
      vertex 8.704765284035922e-16 -12.526085021847296 32.03120897755797
      vertex -1.191748736207023e-16 -13.129265021317835 32.709999999999994
    endloop
  endfacet
  facet normal 0.5689365462006527 0.5689365462006527 0.5938201855734994
    outer loop
      vertex 0.8080253009418277 -13.334110322789122 32.03120897755797
      vertex 1.1446407749239658 -12.997494848806985 31.386189324074365
      vertex 8.704765284035922e-16 -12.526085021847296 32.03120897755797
    endloop
  endfacet
  facet normal 0.6674263035099869 0.6674263035099868 -0.33027906195517404
    outer loop
      vertex 1.809021632499236e-16 -14.142135623730951 41.926345735960844
      vertex 3.177522239180028e-18 -14.112389883633771 41.986455781207745
      vertex 0.014872870048590059 -14.127262753682361 41.986455781207745
    endloop
  endfacet
  facet normal 0.6481073865052996 0.6481073865052995 -0.3998920243197411
    outer loop
      vertex 0.014872870048590059 -14.127262753682361 41.986455781207745
      vertex 3.177522239180028e-18 -14.112389883633771 41.986455781207745
      vertex 0.2415573893329297 -13.900578234398022 42.721233683340216
    endloop
  endfacet
  facet normal 0.6481073865052983 0.6481073865053008 -0.399892024319741
    outer loop
      vertex 3.177522239180028e-18 -14.112389883633771 41.986455781207745
      vertex -3.952197551277136e-18 -13.659020845065093 42.721233683340216
      vertex 0.2415573893329297 -13.900578234398022 42.721233683340216
    endloop
  endfacet
  facet normal 0.6251639900985213 0.6251639900985235 -0.4672686282730623
    outer loop
      vertex -3.952197551277136e-18 -13.659020845065093 42.721233683340216
      vertex 0.5064353012065572 -13.635700322524393 43.42999999999999
      vertex 0.2415573893329297 -13.900578234398022 42.721233683340216
    endloop
  endfacet
  facet normal 0.6251639900985226 0.6251639900985216 -0.4672686282730632
    outer loop
      vertex -3.952197551277136e-18 -13.659020845065093 42.721233683340216
      vertex -1.191748736207023e-16 -13.129265021317835 43.42999999999999
      vertex 0.5064353012065572 -13.635700322524393 43.42999999999999
    endloop
  endfacet
  facet normal 0.5987244230690707 0.5987244230690698 -0.5320320765153338
    outer loop
      vertex -1.191748736207023e-16 -13.129265021317835 43.42999999999999
      vertex 0.707106781186547 -13.435028842544405 43.88165290357816
      vertex 0.5064353012065572 -13.635700322524393 43.42999999999999
    endloop
  endfacet
  facet normal 0.5987244230690706 0.5987244230690701 -0.5320320765153334
    outer loop
      vertex -1.191748736207023e-16 -13.129265021317835 43.42999999999999
      vertex -3.926265969126867e-16 -12.727922061357857 43.88165290357816
      vertex 0.707106781186547 -13.435028842544405 43.88165290357816
    endloop
  endfacet
  facet normal -0.23354256439240514 -0.23354256439245497 0.9438833303083679
    outer loop
      vertex 9.520098695077284 -4.622036928653666 27.93252077709384
      vertex 9.840420252974738 -4.301715370756212 28.091033414534124
      vertex 9.535854497879203 -4.592225494820236 27.943795358341735
    endloop
  endfacet
  facet normal -0.23354256439242954 -0.23354256439242946 0.9438833303083679
    outer loop
      vertex 9.535854497879203 -4.592225494820236 27.943795358341735
      vertex 9.840420252974738 -4.301715370756212 28.091033414534124
      vertex 9.716617401325172 -4.177912519106646 28.091033414534124
    endloop
  endfacet
  facet normal -0.28276636213890227 -0.28276636213890227 0.9165622558699776
    outer loop
      vertex 9.716617401325172 -4.177912519106646 28.091033414534124
      vertex 9.840420252974738 -4.301715370756212 28.091033414534124
      vertex 9.852367755650256 -3.866769401893928 28.228903417800215
    endloop
  endfacet
  facet normal -0.28276636213890827 -0.2827663621389016 0.916562255869976
    outer loop
      vertex 9.840420252974738 -4.301715370756212 28.091033414534124
      vertex 10.359986690238632 -3.7821489334923193 28.41161373608606
      vertex 9.852367755650256 -3.866769401893928 28.228903417800215
    endloop
  endfacet
  facet normal -0.2827663621389069 -0.28276636213890727 0.9165622558699746
    outer loop
      vertex 9.852367755650256 -3.866769401893928 28.228903417800215
      vertex 10.359986690238632 -3.7821489334923193 28.41161373608606
      vertex 10.005883724776398 -3.428045968030086 28.41161373608606
    endloop
  endfacet
  facet normal -0.3304088156876155 -0.3304088156876227 0.8841153935046092
    outer loop
      vertex 10.005883724776398 -3.428045968030086 28.41161373608606
      vertex 10.86116015902537 -3.2809754647055804 28.78620767143081
      vertex 10.113782576440512 -3.119688765965014 28.567175635297293
    endloop
  endfacet
  facet normal -0.33040881568761704 -0.33040881568761743 0.8841153935046105
    outer loop
      vertex 10.005883724776398 -3.428045968030086 28.41161373608606
      vertex 10.359986690238632 -3.7821489334923193 28.41161373608606
      vertex 10.86116015902537 -3.2809754647055804 28.78620767143081
    endloop
  endfacet
  facet normal -0.3304088156876147 -0.3304088156876147 0.8841153935046123
    outer loop
      vertex 10.86116015902537 -3.2809754647055804 28.78620767143081
      vertex 10.237638153584115 -2.6574534592643246 28.78620767143081
      vertex 10.113782576440512 -3.119688765965014 28.567175635297293
    endloop
  endfacet
  facet normal -0.37620348911275586 -0.37620348911275586 0.8467241992282829
    outer loop
      vertex 10.86116015902537 -3.2809754647055804 28.78620767143081
      vertex 11.341137894002678 -2.800997729728273 29.212720339332527
      vertex 10.237638153584115 -2.6574534592643246 28.78620767143081
    endloop
  endfacet
  facet normal -0.37620348911275575 -0.3762034891127585 0.8467241992282819
    outer loop
      vertex 10.237638153584115 -2.6574534592643246 28.78620767143081
      vertex 11.341137894002678 -2.800997729728273 29.212720339332527
      vertex 10.318637022532423 -2.355161564993627 28.956505535362304
    endloop
  endfacet
  facet normal -0.37620348911275453 -0.37620348911275436 0.8467241992282842
    outer loop
      vertex 10.318637022532423 -2.355161564993627 28.956505535362304
      vertex 11.341137894002678 -2.800997729728273 29.212720339332527
      vertex 10.41038770594019 -1.8702475416657847 29.212720339332527
    endloop
  endfacet
  facet normal -0.41989428002447576 -0.41989428002447826 0.8045977797666682
    outer loop
      vertex 10.41038770594019 -1.8702475416657847 29.212720339332527
      vertex 11.797235664979524 -2.3448999587514257 29.68876650794271
      vertex 10.46578546476676 -1.5774633452086273 29.394425552928535
    endloop
  endfacet
  facet normal -0.4198942800244753 -0.41989428002447515 0.8045977797666702
    outer loop
      vertex 10.41038770594019 -1.8702475416657847 29.212720339332527
      vertex 11.341137894002678 -2.800997729728273 29.212720339332527
      vertex 11.797235664979524 -2.3448999587514257 29.68876650794271
    endloop
  endfacet
  facet normal -0.4198942800244741 -0.41989428002447426 0.8045977797666714
    outer loop
      vertex 10.46578546476676 -1.5774633452086273 29.394425552928535
      vertex 11.797235664979524 -2.3448999587514257 29.68876650794271
      vertex 10.522899344933034 -1.0705636387049355 29.68876650794271
    endloop
  endfacet
  facet normal -0.46123685179737833 -0.46123685179737933 0.757971723145452
    outer loop
      vertex 10.522899344933034 -1.0705636387049355 29.68876650794271
      vertex 12.226902788210186 -1.915232835520766 30.21168393398425
      vertex 10.55440498936561 -0.7909433105187128 29.878091201385864
    endloop
  endfacet
  facet normal -0.46123685179737806 -0.46123685179737817 0.7579717231454528
    outer loop
      vertex 10.522899344933034 -1.0705636387049355 29.68876650794271
      vertex 11.797235664979524 -2.3448999587514257 29.68876650794271
      vertex 12.226902788210186 -1.915232835520766 30.21168393398425
    endloop
  endfacet
  facet normal -0.5000000000000001 -0.5000000000000003 0.7071067811865472
    outer loop
      vertex 10.574177654792654 -0.2625077021032355 30.21168393398425
      vertex 12.226902788210186 -1.915232835520766 30.21168393398425
      vertex 12.6277363908524 -1.5143992328785512 30.77854825109574
    endloop
  endfacet
  facet normal -0.46123685179737745 -0.4612368517973778 0.7579717231454532
    outer loop
      vertex 10.55440498936561 -0.7909433105187128 29.878091201385864
      vertex 12.226902788210186 -1.915232835520766 30.21168393398425
      vertex 10.574177654792654 -0.2625077021032355 30.21168393398425
    endloop
  endfacet
  facet normal -0.4999999999999993 -0.4999999999999979 0.7071067811865497
    outer loop
      vertex 10.574177654792654 -0.2625077021032355 30.21168393398425
      vertex 12.6277363908524 -1.5143992328785512 30.77854825109574
      vertex 10.584 0 30.404250357158414
    endloop
  endfacet
  facet normal -0.5000000000000006 -0.5000000000000006 0.7071067811865467
    outer loop
      vertex 12.6277363908524 -1.5143992328785512 30.77854825109574
      vertex 11.113337157973849 1.8333548044825104e-16 30.77854825109574
      vertex 10.584 0 30.404250357158414
    endloop
  endfacet
  facet normal -0.5359669453838036 -0.5359669453838037 0.6522874112781187
    outer loop
      vertex 12.997494848806987 -1.144640774923963 31.386189324074373
      vertex 11.852854073883025 -1.0479509543178182e-15 31.386189324074373
      vertex 11.113337157973849 1.8333548044825104e-16 30.77854825109574
    endloop
  endfacet
  facet normal -0.5359669453838035 -0.5359669453838035 0.6522874112781191
    outer loop
      vertex 12.6277363908524 -1.5143992328785512 30.77854825109574
      vertex 12.997494848806987 -1.144640774923963 31.386189324074373
      vertex 11.113337157973849 1.8333548044825104e-16 30.77854825109574
    endloop
  endfacet
  facet normal -0.5689365462006518 -0.5689365462006519 0.593820185573501
    outer loop
      vertex 12.997494848806987 -1.144640774923963 31.386189324074373
      vertex 13.334110322789122 -0.8080253009418277 32.03120897755797
      vertex 11.852854073883025 -1.0479509543178182e-15 31.386189324074373
    endloop
  endfacet
  facet normal -0.5689365462006518 -0.568936546200652 0.5938201855735008
    outer loop
      vertex 13.334110322789122 -0.8080253009418277 32.03120897755797
      vertex 12.526085021847296 -1.1775742721989436e-15 32.03120897755797
      vertex 11.852854073883025 -1.0479509543178182e-15 31.386189324074373
    endloop
  endfacet
  facet normal -0.5987244230690684 -0.5987244230690693 0.5320320765153369
    outer loop
      vertex 13.635700322524393 -0.5064353012065572 32.709999999999994
      vertex 13.129265021317835 2.234437305092758e-16 32.709999999999994
      vertex 12.526085021847296 -1.1775742721989436e-15 32.03120897755797
    endloop
  endfacet
  facet normal -0.5987244230690685 -0.5987244230690687 0.5320320765153373
    outer loop
      vertex 13.334110322789122 -0.8080253009418277 32.03120897755797
      vertex 13.635700322524393 -0.5064353012065572 32.709999999999994
      vertex 12.526085021847296 -1.1775742721989436e-15 32.03120897755797
    endloop
  endfacet
  facet normal -0.625163990098522 -0.6251639900985229 0.4672686282730623
    outer loop
      vertex 13.635700322524393 -0.5064353012065572 32.709999999999994
      vertex 13.900578234398022 -0.2415573893329297 33.41876631665977
      vertex 13.129265021317835 2.234437305092758e-16 32.709999999999994
    endloop
  endfacet
  facet normal -0.6251639900985227 -0.6251639900985207 0.46726862827306387
    outer loop
      vertex 13.900578234398022 -0.2415573893329297 33.41876631665977
      vertex 13.659020845065093 -7.21421405268032e-17 33.41876631665977
      vertex 13.129265021317835 2.234437305092758e-16 32.709999999999994
    endloop
  endfacet
  facet normal -0.6481073865053003 -0.6481073865052982 0.3998920243197424
    outer loop
      vertex 13.900578234398022 -0.2415573893329297 33.41876631665977
      vertex 14.12726275368236 -0.014872870048590947 34.153544218792234
      vertex 13.659020845065093 -7.21421405268032e-17 33.41876631665977
    endloop
  endfacet
  facet normal -0.6481073865052861 -0.648107386505318 0.3998920243197329
    outer loop
      vertex 14.12726275368236 -0.014872870048590947 34.153544218792234
      vertex 14.112389883633767 1.5552347624259992e-16 34.153544218792234
      vertex 13.659020845065093 -7.21421405268032e-17 33.41876631665977
    endloop
  endfacet
  facet normal -0.6674263035099712 -0.6674263035100041 0.33027906195517076
    outer loop
      vertex 14.12726275368236 -0.014872870048590947 34.153544218792234
      vertex 14.142135623730951 3.3876571639321105e-16 34.21365426403914
      vertex 14.112389883633767 1.5552347624259992e-16 34.153544218792234
    endloop
  endfacet
  facet normal -0.6674263035099766 -0.6674263035099983 -0.3302790619551719
    outer loop
      vertex 14.12726275368236 -0.014872870048590947 41.986455781207745
      vertex 14.11238988363377 -1.3729212878389313e-15 41.986455781207745
      vertex 14.14213562373095 -1.2799420554542715e-15 41.926345735960844
    endloop
  endfacet
  facet normal -0.6251639900985216 -0.6251639900985224 -0.46726862827306337
    outer loop
      vertex 13.635700322524393 -0.5064353012065572 43.42999999999999
      vertex 13.129265021317835 1.9653593723358922e-16 43.42999999999999
      vertex 13.659020845065093 3.5661862994202357e-16 42.721233683340216
    endloop
  endfacet
  facet normal -0.6481073865053011 -0.6481073865053 -0.3998920243197381
    outer loop
      vertex 13.900578234398022 -0.2415573893329288 42.721233683340216
      vertex 13.659020845065093 3.5661862994202357e-16 42.721233683340216
      vertex 14.11238988363377 -1.3729212878389313e-15 41.986455781207745
    endloop
  endfacet
  facet normal -0.6481073865052899 -0.648107386505311 -0.39989202431973847
    outer loop
      vertex 14.12726275368236 -0.014872870048590947 41.986455781207745
      vertex 13.900578234398022 -0.2415573893329288 42.721233683340216
      vertex 14.11238988363377 -1.3729212878389313e-15 41.986455781207745
    endloop
  endfacet
  facet normal -0.6251639900985226 -0.6251639900985217 -0.4672686282730629
    outer loop
      vertex 13.635700322524393 -0.5064353012065572 43.42999999999999
      vertex 13.659020845065093 3.5661862994202357e-16 42.721233683340216
      vertex 13.900578234398022 -0.2415573893329288 42.721233683340216
    endloop
  endfacet
  facet normal -0.5987244230690705 -0.5987244230690698 -0.5320320765153338
    outer loop
      vertex 13.435028842544405 -0.707106781186547 43.88165290357816
      vertex 12.727922061357857 1.6702715553252278e-15 43.88165290357816
      vertex 13.635700322524393 -0.5064353012065572 43.42999999999999
    endloop
  endfacet
  facet normal -0.5987244230690706 -0.5987244230690714 -0.5320320765153322
    outer loop
      vertex 13.635700322524393 -0.5064353012065572 43.42999999999999
      vertex 12.727922061357857 1.6702715553252278e-15 43.88165290357816
      vertex 13.129265021317835 1.9653593723358922e-16 43.42999999999999
    endloop
  endfacet
  facet normal 0.7071067811865472 0.7071067811865477 1.9086417611043827e-17
    outer loop
      vertex -11.09012888379298 -1.6377931775648764 46.45123349205727
      vertex -13.435028842544405 0.707106781186547 43.88165290357816
      vertex -13.435028842544405 0.707106781186547 47.269999999999996
    endloop
  endfacet
  facet normal 0.7071067811865556 0.7071067811865395 -1.4985934893757625e-14
    outer loop
      vertex -11.519796007023642 -1.2081260543342163 45.92831606601573
      vertex -13.435028842544405 0.707106781186547 43.88165290357816
      vertex -11.09012888379298 -1.6377931775648764 46.45123349205727
    endloop
  endfacet
  facet normal 0.707106781186548 0.707106781186547 -1.129011344288054e-15
    outer loop
      vertex -11.519796007023642 -1.2081260543342163 45.92831606601573
      vertex -11.920629609665852 -0.8072924516920061 45.36145174890425
      vertex -13.435028842544405 0.707106781186547 43.88165290357816
    endloop
  endfacet
  facet normal 0.7071067811865479 0.7071067811865472 -6.02022150543542e-16
    outer loop
      vertex -12.29038806762044 -0.4375339937374191 44.75381067592562
      vertex -13.435028842544405 0.707106781186547 43.88165290357816
      vertex -11.920629609665852 -0.8072924516920061 45.36145174890425
    endloop
  endfacet
  facet normal 0.7071067811865475 0.7071067811865477 -1.6450634402302927e-15
    outer loop
      vertex -10.634031112816132 -2.093890948541726 46.92727966066746
      vertex -13.435028842544405 0.707106781186547 47.269999999999996
      vertex -10.248349409590869 -2.479572651766988 47.269999999999996
    endloop
  endfacet
  facet normal 0.7071067811865475 0.7071067811865475 1.7260356771771217e-15
    outer loop
      vertex -11.09012888379298 -1.6377931775648764 46.45123349205727
      vertex -13.435028842544405 0.707106781186547 47.269999999999996
      vertex -10.634031112816132 -2.093890948541726 46.92727966066746
    endloop
  endfacet
  facet normal 0.7071067811865475 0.7071067811865476 2.466843757604653e-15
    outer loop
      vertex -2.0938909485417256 -10.634031112816132 46.92727966066746
      vertex -2.479572651766988 -10.24834940959087 47.269999999999996
      vertex 0.707106781186547 -13.435028842544405 47.269999999999996
    endloop
  endfacet
  facet normal 0.7071067811865472 0.7071067811865477 -5.372065101338589e-16
    outer loop
      vertex -1.2081260543342163 -11.519796007023642 45.92831606601573
      vertex 0.707106781186547 -13.435028842544405 43.88165290357816
      vertex -0.807292451692006 -11.920629609665852 45.36145174890425
    endloop
  endfacet
  facet normal 0.7071067811865476 0.7071067811865474 7.496763055388314e-17
    outer loop
      vertex -0.4375339937374188 -12.29038806762044 44.75381067592562
      vertex -0.807292451692006 -11.920629609665852 45.36145174890425
      vertex 0.707106781186547 -13.435028842544405 43.88165290357816
    endloop
  endfacet
  facet normal 0.7071067811865479 0.7071067811865471 -1.1340181247565427e-15
    outer loop
      vertex -1.6377931775648764 -11.09012888379298 46.45123349205727
      vertex 0.707106781186547 -13.435028842544405 47.269999999999996
      vertex -1.2081260543342163 -11.519796007023642 45.92831606601573
    endloop
  endfacet
  facet normal 0.7071067811865476 0.7071067811865476 1.2317529744105046e-15
    outer loop
      vertex -1.6377931775648764 -11.09012888379298 46.45123349205727
      vertex -2.0938909485417256 -10.634031112816132 46.92727966066746
      vertex 0.707106781186547 -13.435028842544405 47.269999999999996
    endloop
  endfacet
  facet normal 0.7071067811865476 0.7071067811865475 1.4521758297545805e-15
    outer loop
      vertex -12.727922061357855 -2.7203199648856085e-15 43.88165290357816
      vertex -13.435028842544405 0.707106781186547 43.88165290357816
      vertex -12.627003541602576 -0.10091851975528209 44.10879102244202
    endloop
  endfacet
  facet normal 0.7071067811865478 0.7071067811865472 -5.987109253974459e-16
    outer loop
      vertex -12.627003541602576 -0.10091851975528209 44.10879102244202
      vertex -13.435028842544405 0.707106781186547 43.88165290357816
      vertex -12.29038806762044 -0.4375339937374191 44.75381067592562
    endloop
  endfacet
  facet normal -0.7071067811865474 -0.7071067811865478 -5.884311717239185e-15
    outer loop
      vertex -0.707106781186547 13.435028842544405 43.88165290357816
      vertex 1.4351161941195636e-15 12.727922061357857 43.88165290357816
      vertex 0.1009185197552821 12.627003541602575 44.10879102244202
    endloop
  endfacet
  facet normal -0.7071067811865485 -0.7071067811865467 2.3051439235575914e-15
    outer loop
      vertex -0.707106781186547 13.435028842544405 43.88165290357816
      vertex 0.1009185197552821 12.627003541602575 44.10879102244202
      vertex 0.4375339937374188 12.29038806762044 44.75381067592562
    endloop
  endfacet
  facet normal -0.7071067811865476 -0.7071067811865476 0
    outer loop
      vertex -0.707106781186547 13.435028842544405 43.88165290357816
      vertex 1.2081260543342163 11.519796007023642 45.92831606601573
      vertex -0.707106781186547 13.435028842544405 47.269999999999996
    endloop
  endfacet
  facet normal 0.7071067811865478 0.7071067811865472 4.546612739958642e-15
    outer loop
      vertex -0.10091851975528066 -12.627003541602578 44.10879102244202
      vertex 0.707106781186547 -13.435028842544405 43.88165290357816
      vertex -3.926265969126867e-16 -12.727922061357857 43.88165290357816
    endloop
  endfacet
  facet normal 0.7071067811865469 0.7071067811865482 -1.5522003321527223e-15
    outer loop
      vertex -0.10091851975528066 -12.627003541602578 44.10879102244202
      vertex -0.4375339937374188 -12.29038806762044 44.75381067592562
      vertex 0.707106781186547 -13.435028842544405 43.88165290357816
    endloop
  endfacet
  facet normal 0.7071067811865476 0.7071067811865476 5.001118095261199e-18
    outer loop
      vertex -1.2081260543342163 -11.519796007023642 45.92831606601573
      vertex 0.707106781186547 -13.435028842544405 47.269999999999996
      vertex 0.707106781186547 -13.435028842544405 43.88165290357816
    endloop
  endfacet
  facet normal -0.7071067811865479 -0.7071067811865471 -5.020920498985892e-16
    outer loop
      vertex 13.435028842544405 -0.707106781186547 43.88165290357816
      vertex 12.627003541602578 0.10091851975528045 44.10879102244202
      vertex 12.727922061357857 1.6702715553252278e-15 43.88165290357816
    endloop
  endfacet
  facet normal -0.7071067811865479 -0.7071067811865471 -6.657629801117091e-16
    outer loop
      vertex 13.435028842544405 -0.707106781186547 43.88165290357816
      vertex 12.29038806762044 0.4375339937374191 44.75381067592562
      vertex 12.627003541602578 0.10091851975528045 44.10879102244202
    endloop
  endfacet
  facet normal -0.7071067811865475 -0.7071067811865476 1.2272804229657086e-15
    outer loop
      vertex 2.0938909485417256 10.634031112816132 46.92727966066746
      vertex -0.707106781186547 13.435028842544405 47.269999999999996
      vertex 1.6377931775648764 11.09012888379298 46.45123349205727
    endloop
  endfacet
  facet normal -0.7071067811865474 -0.7071067811865475 1.4711163336860204e-16
    outer loop
      vertex -0.707106781186547 13.435028842544405 43.88165290357816
      vertex 0.4375339937374188 12.29038806762044 44.75381067592562
      vertex 0.807292451692006 11.920629609665852 45.36145174890425
    endloop
  endfacet
  facet normal -0.7071067811865477 -0.7071067811865475 -2.28171618187503e-16
    outer loop
      vertex -0.707106781186547 13.435028842544405 43.88165290357816
      vertex 0.807292451692006 11.920629609665852 45.36145174890425
      vertex 1.2081260543342163 11.519796007023642 45.92831606601573
    endloop
  endfacet
  facet normal -0.7071067811865479 -0.7071067811865471 -1.1598033546402134e-15
    outer loop
      vertex 1.2081260543342163 11.519796007023642 45.92831606601573
      vertex 1.6377931775648764 11.09012888379298 46.45123349205727
      vertex -0.707106781186547 13.435028842544405 47.269999999999996
    endloop
  endfacet
  facet normal -0.7071067811865475 -0.7071067811865476 2.466843757604653e-15
    outer loop
      vertex 2.0938909485417256 10.634031112816132 46.92727966066746
      vertex 2.479572651766988 10.24834940959087 47.269999999999996
      vertex -0.707106781186547 13.435028842544405 47.269999999999996
    endloop
  endfacet
  facet normal -0.7071067811865476 -0.7071067811865474 1.7635109195558955e-15
    outer loop
      vertex 10.634031112816132 2.093890948541726 46.92727966066746
      vertex 11.09012888379298 1.6377931775648764 46.45123349205727
      vertex 13.435028842544405 -0.707106781186547 47.269999999999996
    endloop
  endfacet
  facet normal -0.7071067811865475 -0.7071067811865477 -1.6450634402302927e-15
    outer loop
      vertex 10.634031112816132 2.093890948541726 46.92727966066746
      vertex 13.435028842544405 -0.707106781186547 47.269999999999996
      vertex 10.248349409590869 2.479572651766988 47.269999999999996
    endloop
  endfacet
  facet normal -0.707106781186548 -0.707106781186547 -7.067847986324723e-16
    outer loop
      vertex 13.435028842544405 -0.707106781186547 43.88165290357816
      vertex 11.920629609665852 0.8072924516920061 45.36145174890425
      vertex 12.29038806762044 0.4375339937374191 44.75381067592562
    endloop
  endfacet
  facet normal -0.7071067811865481 -0.7071067811865471 -1.3616156687795385e-15
    outer loop
      vertex 13.435028842544405 -0.707106781186547 43.88165290357816
      vertex 11.519796007023642 1.2081260543342163 45.92831606601573
      vertex 11.920629609665852 0.8072924516920061 45.36145174890425
    endloop
  endfacet
  facet normal -0.7071067811865553 -0.7071067811865397 -1.6878414714918734e-14
    outer loop
      vertex 13.435028842544405 -0.707106781186547 43.88165290357816
      vertex 11.09012888379298 1.6377931775648764 46.45123349205727
      vertex 11.519796007023642 1.2081260543342163 45.92831606601573
    endloop
  endfacet
  facet normal -0.7071067811865474 -0.7071067811865477 0
    outer loop
      vertex 13.435028842544405 -0.707106781186547 43.88165290357816
      vertex 13.435028842544405 -0.707106781186547 47.269999999999996
      vertex 11.09012888379298 1.6377931775648764 46.45123349205727
    endloop
  endfacet
  facet normal -0.9438833303083674 -0.33027906195516754 5.26834777177055e-17
    outer loop
      vertex -9.852367755650258 -3.8667694018939227 24.491454317800105
      vertex -9.950444163156558 -3.586483132477629 26.927116468023712
      vertex -10.113782576440514 -3.1196887659650097 24.230039497009848
    endloop
  endfacet
  facet normal -0.9438833303083672 -0.3302790619551678 0
    outer loop
      vertex -10.113782576440514 -3.1196887659650097 24.230039497009848
      vertex -9.950444163156558 -3.586483132477629 26.927116468023712
      vertex -10.113782576440514 -3.1196887659650097 26.742459093279535
    endloop
  endfacet
  facet normal -0.9659258262890682 -0.258819045102521 1.200189085673562e-16
    outer loop
      vertex -10.113782576440514 -3.1196887659650097 24.230039497009848
      vertex -10.213260834656115 -2.748430852055929 26.57707720771996
      vertex -10.189421018434585 -2.837402257437785 24.15440105501578
    endloop
  endfacet
  facet normal -0.9659258262890683 -0.258819045102521 1.1851374075876435e-16
    outer loop
      vertex -10.189421018434585 -2.837402257437785 24.15440105501578
      vertex -10.213260834656115 -2.748430852055929 26.57707720771996
      vertex -10.318637022532421 -2.355161564993632 24.00424933417834
    endloop
  endfacet
  facet normal -0.9659258262890684 -0.2588190451025203 0
    outer loop
      vertex -10.113782576440514 -3.1196887659650097 24.230039497009848
      vertex -10.113782576440514 -3.1196887659650097 26.742459093279535
      vertex -10.213260834656115 -2.748430852055929 26.57707720771996
    endloop
  endfacet
  facet normal -0.965925826289068 -0.25881904510252174 0
    outer loop
      vertex -10.318637022532421 -2.355161564993632 24.00424933417834
      vertex -10.213260834656115 -2.748430852055929 26.57707720771996
      vertex -10.318637022532421 -2.355161564993632 26.426834852288934
    endloop
  endfacet
  facet normal -0.9165622558699767 -0.3998920243197394 0
    outer loop
      vertex -9.57609206993867 -4.5 24.767730003511694
      vertex -9.57609206993867 -4.5 25.839407706252864
      vertex -9.852367755650258 -3.8667694018939227 28.127072842677453
    endloop
  endfacet
  facet normal -0.9165622558699769 -0.3998920243197394 1.7823232715032254e-18
    outer loop
      vertex -9.57609206993867 -4.5 24.767730003511694
      vertex -9.852367755650258 -3.8667694018939227 28.127072842677453
      vertex -9.852367755650258 -3.8667694018939227 24.491454317800105
    endloop
  endfacet
  facet normal -0.9937122098932419 -0.11196447610331288 5.804454416421033e-19
    outer loop
      vertex -10.46578546476676 -1.5774633452086324 23.833259742182406
      vertex -10.474513487605915 -1.5 24.99988827352505
      vertex -10.474513487605915 -1.5 23.823117595642916
    endloop
  endfacet
  facet normal -0.993712209893242 -0.1119644761033129 0
    outer loop
      vertex -10.46578546476676 -1.5774633452086324 23.833259742182406
      vertex -10.46578546476676 -1.5774633452086324 26.0977707515391
      vertex -10.474513487605915 -1.5 24.99988827352505
    endloop
  endfacet
  facet normal -0.9825664732332882 -0.18591160716291488 0
    outer loop
      vertex -10.318637022532421 -2.355161564993632 24.00424933417834
      vertex -10.318637022532421 -2.355161564993632 26.426834852288934
      vertex -10.46578546476676 -1.5774633452086324 23.833259742182406
    endloop
  endfacet
  facet normal -0.9825664732332882 -0.18591160716291488 2.2927779782798923e-18
    outer loop
      vertex -10.318637022532421 -2.355161564993632 26.426834852288934
      vertex -10.46578546476676 -1.5774633452086324 26.0977707515391
      vertex -10.46578546476676 -1.5774633452086324 23.833259742182406
    endloop
  endfacet
  facet normal -0.9937122098932428 -0.11196447610330625 4.779788214539073e-16
    outer loop
      vertex -10.474513487605915 -1.5 24.99988827352505
      vertex -10.46578546476676 -1.5774633452086324 26.0977707515391
      vertex -10.507996501844582 -1.20283002938991 25.924290017554867
    endloop
  endfacet
  facet normal -0.9937122098932429 -0.11196447610330545 2.3195974339989364e-16
    outer loop
      vertex -10.474513487605915 -1.5 24.99988827352505
      vertex -10.507996501844582 -1.20283002938991 25.924290017554867
      vertex -10.55440498936561 -0.7909433105187128 24.919996771765355
    endloop
  endfacet
  facet normal -0.9937122098932428 -0.11196447610330604 -7.780530356622552e-19
    outer loop
      vertex -10.507996501844582 -1.20283002938991 25.924290017554867
      vertex -10.55440498936561 -0.7909433105187128 25.761906344153296
      vertex -10.55440498936561 -0.7909433105187128 24.919996771765355
    endloop
  endfacet
  facet normal -0.9993007047883985 -0.037391194276326374 0
    outer loop
      vertex -10.55440498936561 -0.7909433105187128 24.919996771765355
      vertex -10.55440498936561 -0.7909433105187128 25.761906344153296
      vertex -10.584 0 24.890401761130963
    endloop
  endfacet
  facet normal -0.9993007047883985 -0.037391194276326374 -6.269232844775342e-20
    outer loop
      vertex -10.55440498936561 -0.7909433105187128 25.761906344153296
      vertex -10.584 0 25.423635763121606
      vertex -10.584 0 24.890401761130963
    endloop
  endfacet
  facet normal -0.330279061955168 -0.9438833303083672 -7.817145659567695e-16
    outer loop
      vertex -3.44486068738798 -10 25.93294090740631
      vertex -3.1196887659650097 -10.113782576440514 26.02007046115287
      vertex -3.4448606873879823 -10 26.87109259372017
    endloop
  endfacet
  facet normal -0.2588190451025197 -0.9659258262890685 -8.724199716577701e-16
    outer loop
      vertex -3.1196887659650097 -10.113782576440514 26.02007046115287
      vertex -2.6146209739866952 -10.249115083424073 26.15540296813643
      vertex -2.7484308520559297 -10.213260834656115 26.57707720771996
    endloop
  endfacet
  facet normal -0.2588190451025245 -0.9659258262890672 -2.9616186638576786e-18
    outer loop
      vertex -2.6146209739866952 -10.249115083424073 26.15540296813643
      vertex -2.355161564993627 -10.318637022532423 26.204495336982184
      vertex -2.355161564993627 -10.318637022532423 26.426834852288934
    endloop
  endfacet
  facet normal -0.18591160716291058 -0.982566473233289 0
    outer loop
      vertex -2.355161564993627 -10.318637022532423 26.204495336982184
      vertex -1.9920609961628124 -10.387339356829429 26.27319767127919
      vertex -2.355161564993627 -10.318637022532423 26.426834852288934
    endloop
  endfacet
  facet normal -0.8467241992282842 -0.5320320765153366 -7.82353433089198e-17
    outer loop
      vertex -8.74491118736049 -5.962179494545374 26.503183920096472
      vertex -8.972875663927674 -5.599376108444876 27.618772781410843
      vertex -9.165300087323384 -5.293134392947482 26.192922792280037
    endloop
  endfacet
  facet normal -0.846724199228284 -0.5320320765153368 0
    outer loop
      vertex -8.74491118736049 -5.962179494545374 26.503183920096472
      vertex -8.74491118736049 -5.962179494545374 27.53973287302448
      vertex -8.972875663927674 -5.599376108444876 27.618772781410843
    endloop
  endfacet
  facet normal -0.8841153935046095 -0.4672686282730622 -2.1012521920862512e-16
    outer loop
      vertex -9.535854497879203 -4.592225494820236 25.874034936944092
      vertex -9.166012873654498 -5.292 26.19230939004283
      vertex -9.371602591819551 -4.903005268537358 27.826259521972567
    endloop
  endfacet
  facet normal -0.9165622558699767 -0.3998920243197399 0
    outer loop
      vertex -9.535854497879203 -4.592225494820236 25.874034936944092
      vertex -9.535854497879203 -4.592225494820236 27.943795358341738
      vertex -9.71661740132517 -4.177912519106648 28.091033414534124
    endloop
  endfacet
  facet normal -0.8841153935046101 -0.4672686282730612 0
    outer loop
      vertex -9.535854497879203 -4.592225494820236 25.874034936944092
      vertex -9.371602591819551 -4.903005268537358 27.826259521972567
      vertex -9.535854497879203 -4.592225494820236 27.943795358341738
    endloop
  endfacet
  facet normal -0.8467241992282187 -0.5320320765154406 -5.460007279376512e-21
    outer loop
      vertex -9.165300087323384 -5.293134392947482 26.192922792280037
      vertex -9.166012873654498 -5.292 27.713604384623647
      vertex -9.166012873654498 -5.292 26.19230939004283
    endloop
  endfacet
  facet normal -0.846724199228284 -0.5320320765153367 -1.0816400316649592e-16
    outer loop
      vertex -9.165300087323384 -5.293134392947482 26.192922792280037
      vertex -8.972875663927674 -5.599376108444876 27.618772781410843
      vertex -9.166012873654498 -5.292 27.713604384623647
    endloop
  endfacet
  facet normal -0.8841153935046092 -0.467268628273063 0
    outer loop
      vertex -9.166012873654498 -5.292 26.19230939004283
      vertex -9.166012873654498 -5.292 27.713604384623647
      vertex -9.371602591819551 -4.903005268537358 27.826259521972567
    endloop
  endfacet
  facet normal -0.9438833303083676 -0.3302790619551672 1.8277652408825568e-18
    outer loop
      vertex -9.852367755650258 -3.8667694018939227 24.491454317800105
      vertex -9.950444163156558 -3.586483132477629 27.99823101372183
      vertex -9.950444163156558 -3.586483132477629 26.927116468023712
    endloop
  endfacet
  facet normal -0.9438833303083675 -0.3302790619551671 0
    outer loop
      vertex -9.852367755650258 -3.8667694018939227 24.491454317800105
      vertex -9.852367755650258 -3.8667694018939227 28.127072842677453
      vertex -9.950444163156558 -3.586483132477629 27.99823101372183
    endloop
  endfacet
  facet normal -0.9165622558699739 -0.3998920243197464 2.2596255385746124e-15
    outer loop
      vertex -9.57609206993867 -4.5 25.839407706252864
      vertex -9.535854497879203 -4.592225494820236 25.874034936944092
      vertex -9.852367755650258 -3.8667694018939227 28.127072842677453
    endloop
  endfacet
  facet normal -0.9165622558699754 -0.3998920243197428 9.544107240889719e-16
    outer loop
      vertex -9.535854497879203 -4.592225494820236 25.874034936944092
      vertex -9.79958428949682 -3.987750391431109 28.17529577392223
      vertex -9.852367755650258 -3.8667694018939227 28.127072842677453
    endloop
  endfacet
  facet normal -0.9165622558699765 -0.39989202431973986 4.226167433056674e-17
    outer loop
      vertex -9.535854497879203 -4.592225494820236 25.874034936944092
      vertex -9.71661740132517 -4.177912519106648 28.091033414534124
      vertex -9.79958428949682 -3.987750391431109 28.17529577392223
    endloop
  endfacet
  facet normal -0.33027906195516615 -0.9438833303083678 0
    outer loop
      vertex -3.1196887659650097 -10.113782576440514 26.02007046115287
      vertex -3.1196887659650097 -10.113782576440514 26.742459093279535
      vertex -3.4448606873879823 -10 26.87109259372017
    endloop
  endfacet
  facet normal -0.25881904510252085 -0.9659258262890682 0
    outer loop
      vertex -3.1196887659650097 -10.113782576440514 26.02007046115287
      vertex -2.7484308520559297 -10.213260834656115 26.57707720771996
      vertex -3.1196887659650097 -10.113782576440514 26.742459093279535
    endloop
  endfacet
  facet normal -0.2588190451025227 -0.9659258262890678 -1.8941699567680434e-15
    outer loop
      vertex -2.7484308520559297 -10.213260834656115 26.57707720771996
      vertex -2.6146209739866952 -10.249115083424073 26.15540296813643
      vertex -2.355161564993627 -10.318637022532423 26.426834852288934
    endloop
  endfacet
  facet normal -0.7579717231454537 -0.6522874112781202 0
    outer loop
      vertex -8.274904410441627 -6.599016062872837 26.84941747656696
      vertex -8.02377248162729 -6.890836658409492 27.379975294217743
      vertex -8.274904410441627 -6.599016062872837 27.423233299071097
    endloop
  endfacet
  facet normal -0.7579717231454516 -0.6522874112781228 0
    outer loop
      vertex -7.758621011446881 -7.198948256567411 27.173819836967095
      vertex -7.758621011446881 -7.198948256567411 27.36480786038305
      vertex -8.02377248162729 -6.890836658409492 27.379975294217743
    endloop
  endfacet
  facet normal -0.7071067811865475 -0.7071067811865475 0
    outer loop
      vertex -7.758621011446881 -7.198948256567411 27.173819836967095
      vertex -7.478784634007146 -7.478784634007146 27.349999999999994
      vertex -7.758621011446881 -7.198948256567411 27.36480786038305
    endloop
  endfacet
  facet normal -0.7579717231454521 -0.6522874112781221 -1.8155571412037733e-15
    outer loop
      vertex -8.274904410441627 -6.599016062872837 26.84941747656696
      vertex -7.758621011446881 -7.198948256567411 27.173819836967095
      vertex -8.02377248162729 -6.890836658409492 27.379975294217743
    endloop
  endfacet
  facet normal -0.7071067811865687 -0.7071067811865264 4.1886551361200307e-14
    outer loop
      vertex -7.758621011446881 -7.198948256567411 27.173819836967095
      vertex -7.4781810577068155 -7.479388210307477 27.350031938926833
      vertex -7.478784634007146 -7.478784634007146 27.349999999999994
    endloop
  endfacet
  facet normal -0.8045977797666691 -0.5938201855735005 5.892788679949236e-16
    outer loop
      vertex -8.74491118736049 -5.962179494545374 26.503183920096472
      vertex -8.280804853535242 -6.591021246381078 26.845709982445122
      vertex -8.522742791306596 -6.263206981555848 27.469733542866614
    endloop
  endfacet
  facet normal -0.8045977797666682 -0.5938201855735017 0
    outer loop
      vertex -8.74491118736049 -5.962179494545374 26.503183920096472
      vertex -8.522742791306596 -6.263206981555848 27.469733542866614
      vertex -8.74491118736049 -5.962179494545374 27.53973287302448
    endloop
  endfacet
  facet normal -0.8045977797666731 -0.593820185573495 -3.8347769764391214e-15
    outer loop
      vertex -8.280804853535242 -6.591021246381078 26.845709982445122
      vertex -8.274904410441627 -6.599016062872837 26.84941747656696
      vertex -8.522742791306596 -6.263206981555848 27.469733542866614
    endloop
  endfacet
  facet normal -0.8045977797666698 -0.5938201855734996 0
    outer loop
      vertex -8.274904410441627 -6.599016062872837 26.84941747656696
      vertex -8.274904410441627 -6.599016062872837 27.423233299071097
      vertex -8.522742791306596 -6.263206981555848 27.469733542866614
    endloop
  endfacet
  facet normal -0.9993007047883986 0.03739119427632643 -1.3908672823733767e-15
    outer loop
      vertex -10.584 0 24.890401761130963
      vertex -10.577164058777678 0.1826943753354276 25.339426564368747
      vertex -10.55440498936561 0.7909433105187128 24.919996771765355
    endloop
  endfacet
  facet normal -0.9937122098932429 0.11196447610330586 0
    outer loop
      vertex -10.55440498936561 0.7909433105187128 24.919996771765355
      vertex -10.55440498936561 0.7909433105187128 25.103608243570932
      vertex -10.51525997553224 1.1383649174109607 24.959141785598725
    endloop
  endfacet
  facet normal -0.9993007047883986 0.03739119427632301 0
    outer loop
      vertex -10.584 0 24.890401761130963
      vertex -10.584 0 25.423635763121606
      vertex -10.577164058777678 0.1826943753354276 25.339426564368747
    endloop
  endfacet
  facet normal -0.9993007047883986 0.03739119427632738 -2.682072788124954e-19
    outer loop
      vertex -10.577164058777678 0.1826943753354276 25.339426564368747
      vertex -10.55440498936561 0.7909433105187128 25.103608243570932
      vertex -10.55440498936561 0.7909433105187128 24.919996771765355
    endloop
  endfacet
  facet normal -0.9937122098932422 0.11196447610331292 -7.175814803145545e-19
    outer loop
      vertex -10.474513487605915 1.5 23.823117595642916
      vertex -10.46578546476676 1.5774633452086324 24.7851393469004
      vertex -10.46578546476676 1.5774633452086324 23.833259742182406
    endloop
  endfacet
  facet normal -0.993712209893242 0.11196447610331292 0
    outer loop
      vertex -10.474513487605915 1.5 23.823117595642916
      vertex -10.474513487605915 1.5 24.811730033386304
      vertex -10.46578546476676 1.5774633452086324 24.7851393469004
    endloop
  endfacet
  facet normal -0.9825664732332883 0.18591160716291488 0
    outer loop
      vertex -10.46578546476676 1.5774633452086324 23.833259742182406
      vertex -10.46578546476676 1.5774633452086324 24.7851393469004
      vertex -10.318637022532421 2.355161564993632 24.00424933417834
    endloop
  endfacet
  facet normal -0.9825664732332882 0.1859116071629149 -1.047691246663392e-17
    outer loop
      vertex -10.46578546476676 1.5774633452086324 24.7851393469004
      vertex -10.318637022532421 2.355161564993632 24.499817183042264
      vertex -10.318637022532421 2.355161564993632 24.00424933417834
    endloop
  endfacet
  facet normal -0.9659258262890683 0.2588190451025208 0
    outer loop
      vertex -10.318637022532421 2.355161564993632 24.00424933417834
      vertex -10.318637022532421 2.355161564993632 24.499817183042264
      vertex -10.240780070286464 2.6457276664980087 24.38615589493019
    endloop
  endfacet
  facet normal -0.9659258262890681 0.25881904510252113 -2.4444729105213904e-16
    outer loop
      vertex -10.318637022532421 2.355161564993632 24.00424933417834
      vertex -10.240780070286464 2.6457276664980087 24.38615589493019
      vertex -10.189421018434585 2.837402257437785 24.15440105501578
    endloop
  endfacet
  facet normal -0.9659258262890682 0.25881904510252113 -2.7858308613773057e-16
    outer loop
      vertex -10.240780070286464 2.6457276664980087 24.38615589493019
      vertex -10.113782576440514 3.1196887659650097 24.237462294281347
      vertex -10.189421018434585 2.837402257437785 24.15440105501578
    endloop
  endfacet
  facet normal -0.9659258262890683 0.258819045102521 -3.395667747168341e-16
    outer loop
      vertex -10.189421018434585 2.837402257437785 24.15440105501578
      vertex -10.113782576440514 3.1196887659650097 24.237462294281347
      vertex -10.113782576440514 3.1196887659650097 24.23003949700985
    endloop
  endfacet
  facet normal -0.9438833303083449 0.33027906195523177 -3.566375469322213e-18
    outer loop
      vertex -10.109984844234313 3.130542061057913 24.23383722921605
      vertex -10.113782576440514 3.1196887659650097 24.23003949700985
      vertex -10.113782576440514 3.1196887659650097 24.237462294281347
    endloop
  endfacet
  facet normal -0.9993007047883985 0.03739119427632765 -1.7965518593133863e-16
    outer loop
      vertex -10.574177654792656 0.262507702103231 30.211683933984254
      vertex -10.56342368975961 0.5499134682142356 30.778548251095735
      vertex -10.55440498936561 0.7909433105187128 29.878091201385864
    endloop
  endfacet
  facet normal -0.9993007047883986 0.03739119427632458 1.3787236570070451e-15
    outer loop
      vertex -10.574177654792656 0.262507702103231 30.211683933984254
      vertex -10.584 0 30.404250357158414
      vertex -10.56342368975961 0.5499134682142356 30.778548251095735
    endloop
  endfacet
  facet normal -0.9993007047883983 0.03739119427632831 0
    outer loop
      vertex -10.55440498936561 0.7909433105187128 29.878091201385864
      vertex -10.56342368975961 0.5499134682142356 30.778548251095735
      vertex -10.55440498936561 0.7909433105187128 30.96918553900707
    endloop
  endfacet
  facet normal -0.9937122098932428 0.11196447610330466 2.9823433919846167e-17
    outer loop
      vertex -10.55440498936561 0.7909433105187128 29.878091201385864
      vertex -10.48996182050037 1.3628922533826526 31.38618932407437
      vertex -10.522899344933036 1.0705636387049302 29.688766507942717
    endloop
  endfacet
  facet normal -0.9937122098932428 0.11196447610330476 0
    outer loop
      vertex -10.55440498936561 0.7909433105187128 29.878091201385864
      vertex -10.55440498936561 0.7909433105187128 30.96918553900707
      vertex -10.48996182050037 1.3628922533826526 31.38618932407437
    endloop
  endfacet
  facet normal -0.9937122098932426 0.11196447610330687 -3.5345667560119187e-16
    outer loop
      vertex -10.46578546476676 1.5774633452086324 29.39442555292853
      vertex -10.522899344933036 1.0705636387049302 29.688766507942717
      vertex -10.48996182050037 1.3628922533826526 31.38618932407437
    endloop
  endfacet
  facet normal -0.9825664732332882 0.18591160716291472 2.054748549607085e-16
    outer loop
      vertex -10.46578546476676 1.5774633452086324 29.39442555292853
      vertex -10.353108244092343 2.1729767777549527 32.03120897755797
      vertex -10.41038770594019 1.8702475416657849 29.212720339332527
    endloop
  endfacet
  facet normal -0.982566473233288 0.18591160716291516 1.6054491120171042e-16
    outer loop
      vertex -10.41038770594019 1.8702475416657849 29.212720339332527
      vertex -10.353108244092343 2.1729767777549527 32.03120897755797
      vertex -10.318637022532421 2.355161564993632 28.9565055353623
    endloop
  endfacet
  facet normal -0.9937122098932423 0.1119644761033101 0
    outer loop
      vertex -10.46578546476676 1.5774633452086324 29.39442555292853
      vertex -10.48996182050037 1.3628922533826526 31.38618932407437
      vertex -10.46578546476676 1.5774633452086324 31.568605695559892
    endloop
  endfacet
  facet normal -0.9825664732332882 0.18591160716291563 0
    outer loop
      vertex -10.46578546476676 1.5774633452086324 29.39442555292853
      vertex -10.46578546476676 1.5774633452086324 31.568605695559892
      vertex -10.353108244092343 2.1729767777549527 32.03120897755797
    endloop
  endfacet
  facet normal -0.9659258262890684 0.2588190451025207 1.8305633875499547e-16
    outer loop
      vertex -10.237638153584115 2.6574534592643246 28.78620767143081
      vertex -10.318637022532421 2.355161564993632 28.9565055353623
      vertex -10.151924737193525 2.9773402841243097 32.709999999999994
    endloop
  endfacet
  facet normal -0.9659258262890682 0.25881904510252146 1.211904369475106e-16
    outer loop
      vertex -10.237638153584115 2.6574534592643246 28.78620767143081
      vertex -10.151924737193525 2.9773402841243097 32.709999999999994
      vertex -10.113782576440514 3.1196887659650097 28.567175635297293
    endloop
  endfacet
  facet normal -0.9825664732332885 0.18591160716291252 7.036298830981084e-19
    outer loop
      vertex -10.353108244092343 2.1729767777549527 32.03120897755797
      vertex -10.318637022532421 2.355161564993632 32.197439028891985
      vertex -10.318637022532421 2.355161564993632 28.9565055353623
    endloop
  endfacet
  facet normal -0.9659258262890682 0.2588190451025218 0
    outer loop
      vertex -10.318637022532421 2.355161564993632 28.9565055353623
      vertex -10.318637022532421 2.355161564993632 32.197439028891985
      vertex -10.151924737193525 2.9773402841243097 32.709999999999994
    endloop
  endfacet
  facet normal -0.9659258262890689 0.25881904510251813 0
    outer loop
      vertex -10.113782576440514 3.1196887659650097 28.567175635297293
      vertex -10.151924737193525 2.9773402841243097 32.709999999999994
      vertex -10.113782576440514 3.1196887659650097 32.8494188172346
    endloop
  endfacet
  facet normal -0.9438833303083668 0.3302790619551693 -2.362365580530323e-16
    outer loop
      vertex -10.113782576440514 3.1196887659650097 28.567175635297293
      vertex -9.88472600398364 3.774294841081453 33.41876631665977
      vertex -10.005883724776398 3.428045968030086 28.41161373608606
    endloop
  endfacet
  facet normal -0.9438833303083678 0.33027906195516626 3.99288375758743e-18
    outer loop
      vertex -9.852367755650258 3.8667694018939227 28.22890341780022
      vertex -10.005883724776398 3.428045968030086 28.41161373608606
      vertex -9.88472600398364 3.774294841081453 33.41876631665977
    endloop
  endfacet
  facet normal -0.9165622558699769 0.3998920243197393 1.9663494219357664e-17
    outer loop
      vertex -9.852367755650258 3.8667694018939227 28.22890341780022
      vertex -9.54799831630134 4.564391567332428 34.15354421879224
      vertex -9.71661740132517 4.17791251910665 28.091033414534124
    endloop
  endfacet
  facet normal -0.9438833303083674 0.33027906195516776 0
    outer loop
      vertex -10.113782576440514 3.1196887659650097 28.567175635297293
      vertex -10.113782576440514 3.1196887659650097 32.8494188172346
      vertex -9.88472600398364 3.774294841081453 33.41876631665977
    endloop
  endfacet
  facet normal -0.9438833303083679 0.3302790619551661 0
    outer loop
      vertex -9.852367755650258 3.8667694018939227 28.22890341780022
      vertex -9.88472600398364 3.774294841081453 33.41876631665977
      vertex -9.852367755650258 3.8667694018939227 33.5161971824877
    endloop
  endfacet
  facet normal -0.9165622558699767 0.3998920243197394 0
    outer loop
      vertex -9.852367755650258 3.8667694018939227 28.22890341780022
      vertex -9.852367755650258 3.8667694018939227 33.5161971824877
      vertex -9.54799831630134 4.564391567332428 34.15354421879224
    endloop
  endfacet
  facet normal -0.8841153935046092 0.46726862827306304 -1.1855108241427184e-18
    outer loop
      vertex -9.520098695077284 4.622036928653668 25.887593901623703
      vertex -9.166012873654498 5.292 34.85197745664889
      vertex -9.166012873654498 5.292 26.19230939004283
    endloop
  endfacet
  facet normal -0.8841153935046092 0.46726862827306304 0
    outer loop
      vertex -9.520098695077284 4.622036928653668 25.887593901623703
      vertex -9.520098695077284 4.622036928653668 27.93252077709384
      vertex -9.166012873654498 5.292 34.85197745664889
    endloop
  endfacet
  facet normal -0.916562255869976 0.39989202431974125 -1.257858709060976e-16
    outer loop
      vertex -9.71661740132517 4.17791251910665 28.091033414534124
      vertex -9.54799831630134 4.564391567332428 34.15354421879224
      vertex -9.535854497879203 4.592225494820236 27.943795358341735
    endloop
  endfacet
  facet normal -0.8841153935046192 0.4672686282730441 2.345713048889877e-15
    outer loop
      vertex -9.535854497879203 4.592225494820236 27.943795358341735
      vertex -9.166012873654498 5.292 34.85197745664889
      vertex -9.520098695077284 4.622036928653668 27.93252077709384
    endloop
  endfacet
  facet normal -0.8467241992282187 0.5320320765154406 9.59191701183271e-22
    outer loop
      vertex -9.165300087323384 5.293134392947482 26.192922792280037
      vertex -9.166012873654498 5.292 26.19230939004283
      vertex -9.166012873654498 5.292 34.85197745664889
    endloop
  endfacet
  facet normal -0.8467241992282842 0.5320320765153366 -2.5670094236249244e-17
    outer loop
      vertex -9.165300087323384 5.293134392947482 26.192922792280037
      vertex -9.117282046804188 5.369554666652456 34.9102245303151
      vertex -8.74491118736049 5.962179494545374 26.503183920096472
    endloop
  endfacet
  facet normal -0.9165622558699658 0.39989202431976484 0
    outer loop
      vertex -9.535854497879203 4.592225494820236 27.943795358341735
      vertex -9.54799831630134 4.564391567332428 34.15354421879224
      vertex -9.535854497879203 4.592225494820236 34.1852507140008
    endloop
  endfacet
  facet normal -0.8841153935046098 0.4672686282730622 0
    outer loop
      vertex -9.535854497879203 4.592225494820236 27.943795358341735
      vertex -9.535854497879203 4.592225494820236 34.1852507140008
      vertex -9.166012873654498 5.292 34.85197745664889
    endloop
  endfacet
  facet normal -0.8467241992282845 0.5320320765153361 -1.909960052986108e-17
    outer loop
      vertex -9.165300087323384 5.293134392947482 26.192922792280037
      vertex -9.166012873654498 5.292 34.85197745664889
      vertex -9.117282046804188 5.369554666652456 34.9102245303151
    endloop
  endfacet
  facet normal -0.846724199228284 0.5320320765153368 0
    outer loop
      vertex -8.74491118736049 5.962179494545374 26.503183920096472
      vertex -9.117282046804188 5.369554666652456 34.9102245303151
      vertex -8.74491118736049 5.962179494545374 35.49146559792431
    endloop
  endfacet
  facet normal -0.804597779766669 0.5938201855735007 0
    outer loop
      vertex -8.74491118736049 5.962179494545374 26.503183920096472
      vertex -8.74491118736049 5.962179494545374 35.49146559792431
      vertex -8.280804853535242 6.591021246381078 26.845709982445122
    endloop
  endfacet
  facet normal -0.804597779766674 0.5938201855734939 1.947119222062171e-20
    outer loop
      vertex -8.280804853535242 6.591021246381078 26.845709982445122
      vertex -8.274904410441627 6.599016062872837 36.034571560628955
      vertex -8.274904410441627 6.599016062872837 26.84941747656696
    endloop
  endfacet
  facet normal -0.7579717231454526 0.6522874112781216 0
    outer loop
      vertex -8.274904410441627 6.599016062872837 26.84941747656696
      vertex -8.274904410441627 6.599016062872837 36.034571560628955
      vertex -7.758621011446881 7.198948256567411 27.1738198369671
    endloop
  endfacet
  facet normal -0.7071067811865475 0.7071067811865475 0
    outer loop
      vertex -7.758621011446881 7.198948256567411 27.1738198369671
      vertex -7.758621011446881 7.198948256567411 36.34717958781685
      vertex -7.349999999999999 7.607569268014294 27.430573435631246
    endloop
  endfacet
  facet normal -0.7071067811865476 0.7071067811865476 8.293517953743697e-19
    outer loop
      vertex -7.349999999999999 7.607569268014294 27.430573435631246
      vertex -7.198948256567411 7.758621011446881 36.34717958781685
      vertex -7.198948256567411 7.758621011446881 27.51040661291845
    endloop
  endfacet
  facet normal -0.6522874112781216 0.7579717231454526 0
    outer loop
      vertex -7.198948256567411 7.758621011446881 27.51040661291845
      vertex -7.198948256567411 7.758621011446881 36.34717958781685
      vertex -6.599016062872837 8.274904410441627 27.827480034854126
    endloop
  endfacet
  facet normal -0.5938201855735005 0.8045977797666691 0
    outer loop
      vertex -6.599016062872837 8.274904410441627 27.827480034854126
      vertex -6.599016062872837 8.274904410441627 36.03457156062897
      vertex -6.378090965028106 8.437954552884285 27.94424235816556
    endloop
  endfacet
  facet normal -0.5938201855735008 0.8045977797666688 -9.19454582154659e-17
    outer loop
      vertex -6.378090965028106 8.437954552884285 27.94424235816556
      vertex -6.241515281356909 8.538751994614708 35.6845755879883
      vertex -5.962179494545377 8.744911187360488 28.12570267774993
    endloop
  endfacet
  facet normal -0.8045977797666705 0.5938201855734987 -2.2662838486279164e-16
    outer loop
      vertex -8.74491118736049 5.962179494545374 35.49146559792431
      vertex -8.538751994614707 6.241515281356912 35.6845755879883
      vertex -8.280804853535242 6.591021246381078 26.845709982445122
    endloop
  endfacet
  facet normal -0.8045977797666679 0.5938201855735022 -1.1160310695664502e-17
    outer loop
      vertex -8.280804853535242 6.591021246381078 26.845709982445122
      vertex -8.538751994614707 6.241515281356912 35.6845755879883
      vertex -8.274904410441627 6.599016062872837 36.034571560628955
    endloop
  endfacet
  facet normal -0.7579717231454526 0.6522874112781216 0
    outer loop
      vertex -7.758621011446881 7.198948256567411 27.1738198369671
      vertex -8.274904410441627 6.599016062872837 36.034571560628955
      vertex -7.758621011446881 7.198948256567411 36.34717958781685
    endloop
  endfacet
  facet normal -0.7071067811865476 0.7071067811865476 -2.4596762481579216e-19
    outer loop
      vertex -7.349999999999999 7.607569268014294 27.430573435631246
      vertex -7.758621011446881 7.198948256567411 36.34717958781685
      vertex -7.198948256567411 7.758621011446881 36.34717958781685
    endloop
  endfacet
  facet normal -0.6522874112781216 0.7579717231454527 0
    outer loop
      vertex -6.599016062872837 8.274904410441627 27.827480034854126
      vertex -7.198948256567411 7.758621011446881 36.34717958781685
      vertex -6.599016062872837 8.274904410441627 36.03457156062897
    endloop
  endfacet
  facet normal -0.5938201855735019 0.8045977797666681 -6.241267981403987e-17
    outer loop
      vertex -6.378090965028106 8.437954552884285 27.94424235816556
      vertex -6.599016062872837 8.274904410441627 36.03457156062897
      vertex -6.241515281356909 8.538751994614708 35.6845755879883
    endloop
  endfacet
  facet normal -0.5938201855734992 0.80459777976667 -7.6282920379136465e-19
    outer loop
      vertex -6.241515281356909 8.538751994614708 35.6845755879883
      vertex -5.962179494545377 8.744911187360488 35.491465597924304
      vertex -5.962179494545377 8.744911187360488 28.12570267774993
    endloop
  endfacet
  facet normal -0.5320320765153378 0.8467241992282836 0
    outer loop
      vertex -5.962179494545377 8.744911187360488 28.12570267774993
      vertex -5.962179494545377 8.744911187360488 35.491465597924304
      vertex -5.370513058186003 9.116679849491094 28.383844105069805
    endloop
  endfacet
  facet normal -0.53203207651533 0.8467241992282883 1.466174130852956e-17
    outer loop
      vertex -5.370513058186003 9.116679849491094 28.383844105069805
      vertex -5.369554666652454 9.11728204680419 34.9102245303151
      vertex -5.292 9.166012873654498 28.411317012341545
    endloop
  endfacet
  facet normal -0.46726862827306076 0.8841153935046104 2.409622223223876e-18
    outer loop
      vertex -5.292 9.166012873654498 28.411317012341545
      vertex -4.592225494820234 9.535854497879203 34.185250714000794
      vertex -4.592225494820234 9.535854497879203 28.6561787020542
    endloop
  endfacet
  facet normal -0.5320320765153377 0.8467241992282836 1.6221411353696638e-17
    outer loop
      vertex -5.370513058186003 9.116679849491094 28.383844105069805
      vertex -5.962179494545377 8.744911187360488 35.491465597924304
      vertex -5.369554666652454 9.11728204680419 34.9102245303151
    endloop
  endfacet
  facet normal -0.5320320765153309 0.8467241992282877 0
    outer loop
      vertex -5.292 9.166012873654498 28.411317012341545
      vertex -5.369554666652454 9.11728204680419 34.9102245303151
      vertex -5.292 9.166012873654498 34.85197745664889
    endloop
  endfacet
  facet normal -0.46726862827306087 0.8841153935046103 0
    outer loop
      vertex -5.292 9.166012873654498 28.411317012341545
      vertex -5.292 9.166012873654498 34.85197745664889
      vertex -4.592225494820234 9.535854497879203 34.185250714000794
    endloop
  endfacet
  facet normal -0.39989202431976306 0.9165622558699665 0
    outer loop
      vertex -4.592225494820234 9.535854497879203 28.6561787020542
      vertex -4.592225494820234 9.535854497879203 34.185250714000794
      vertex -4.564391567332433 9.547998316301337 34.15354421879224
    endloop
  endfacet
  facet normal -0.3302790619550713 0.9438833303084011 -2.1794758927996168e-13
    outer loop
      vertex -3.4448606873879797 10 28.404611095040174
      vertex -3.1196887659650097 10.113782576440514 28.567175635297293
      vertex -3.428045968030086 10.005883724776398 28.41161373608606
    endloop
  endfacet
  facet normal -0.3998920243197412 0.9165622558699762 -2.777628248271833e-16
    outer loop
      vertex -4.592225494820234 9.535854497879203 28.6561787020542
      vertex -3.866769401893925 9.852367755650258 33.51619718248771
      vertex -4.332901063840291 9.64899659051502 28.746920245056266
    endloop
  endfacet
  facet normal -0.3998920243197435 0.916562255869975 -1.4415434754405469e-18
    outer loop
      vertex -4.332901063840291 9.64899659051502 28.746920245056266
      vertex -3.866769401893925 9.852367755650258 33.51619718248771
      vertex -3.866769401893925 9.852367755650258 28.871819847441373
    endloop
  endfacet
  facet normal -0.3302790619551672 0.9438833303083676 1.0073613248365525e-16
    outer loop
      vertex -3.866769401893925 9.852367755650258 28.871819847441373
      vertex -3.1196887659650097 10.113782576440514 32.8494188172346
      vertex -3.4448606873879823 10 28.984869946772893
    endloop
  endfacet
  facet normal -0.3302790619551501 0.9438833303083737 -1.5166338321150898e-15
    outer loop
      vertex -3.4448606873879797 10 28.404611095040174
      vertex -3.4448606873879823 10 28.984869946772893
      vertex -3.1196887659650097 10.113782576440514 32.8494188172346
    endloop
  endfacet
  facet normal -0.3302790619551686 0.9438833303083671 1.1160937698990964e-18
    outer loop
      vertex -3.4448606873879797 10 28.404611095040174
      vertex -3.1196887659650097 10.113782576440514 32.8494188172346
      vertex -3.1196887659650097 10.113782576440514 28.567175635297293
    endloop
  endfacet
  facet normal -0.2588190451025216 0.965925826289068 1.0033230139877885e-16
    outer loop
      vertex -3.1196887659650097 10.113782576440514 28.567175635297293
      vertex -2.97734028412431 10.151924737193525 32.709999999999994
      vertex -2.657453459264325 10.237638153584115 28.78620767143081
    endloop
  endfacet
  facet normal -0.2588190451025202 0.9659258262890683 1.3409956738075405e-18
    outer loop
      vertex -2.657453459264325 10.237638153584115 28.78620767143081
      vertex -2.355161564993632 10.318637022532421 32.197439028891985
      vertex -2.355161564993632 10.318637022532421 28.9565055353623
    endloop
  endfacet
  facet normal -0.2588190451025189 0.9659258262890688 0
    outer loop
      vertex -3.1196887659650097 10.113782576440514 28.567175635297293
      vertex -3.1196887659650097 10.113782576440514 32.8494188172346
      vertex -2.97734028412431 10.151924737193525 32.709999999999994
    endloop
  endfacet
  facet normal -0.25881904510252146 0.965925826289068 1.1590917013317342e-16
    outer loop
      vertex -2.657453459264325 10.237638153584115 28.78620767143081
      vertex -2.97734028412431 10.151924737193525 32.709999999999994
      vertex -2.355161564993632 10.318637022532421 32.197439028891985
    endloop
  endfacet
  facet normal -0.1859116071629121 0.9825664732332887 0
    outer loop
      vertex -2.355161564993632 10.318637022532421 28.9565055353623
      vertex -2.355161564993632 10.318637022532421 32.197439028891985
      vertex -2.1729767777549522 10.353108244092343 32.03120897755797
    endloop
  endfacet
  facet normal -0.18591160716291535 0.9825664732332882 1.9786177672318678e-16
    outer loop
      vertex -2.355161564993632 10.318637022532421 28.9565055353623
      vertex -2.1729767777549522 10.353108244092343 32.03120897755797
      vertex -1.8702475416657853 10.41038770594019 29.212720339332527
    endloop
  endfacet
  facet normal -0.18591160716291283 0.9825664732332885 2.5677774551628842e-18
    outer loop
      vertex -1.8702475416657853 10.41038770594019 29.212720339332527
      vertex -1.57746334520863 10.46578546476676 31.56860569555989
      vertex -1.57746334520863 10.46578546476676 29.39442555292853
    endloop
  endfacet
  facet normal -0.1119644761033057 0.9937122098932428 3.0548546745285855e-16
    outer loop
      vertex -1.57746334520863 10.46578546476676 29.39442555292853
      vertex -1.362892253382652 10.489961820500369 31.38618932407437
      vertex -1.0705636387049364 10.522899344933034 29.68876650794271
    endloop
  endfacet
  facet normal -0.1859116071629148 0.9825664732332882 2.539590775411119e-16
    outer loop
      vertex -1.8702475416657853 10.41038770594019 29.212720339332527
      vertex -2.1729767777549522 10.353108244092343 32.03120897755797
      vertex -1.57746334520863 10.46578546476676 31.56860569555989
    endloop
  endfacet
  facet normal -0.1119644761033029 0.9937122098932432 0
    outer loop
      vertex -1.57746334520863 10.46578546476676 29.39442555292853
      vertex -1.57746334520863 10.46578546476676 31.56860569555989
      vertex -1.362892253382652 10.489961820500369 31.38618932407437
    endloop
  endfacet
  facet normal -0.11196447610330938 0.9937122098932424 -1.3077166128807751e-18
    outer loop
      vertex -1.0705636387049364 10.522899344933034 29.68876650794271
      vertex -0.7909433105187152 10.55440498936561 30.96918553900707
      vertex -0.7909433105187152 10.55440498936561 29.87809120138586
    endloop
  endfacet
  facet normal -0.037391194276359015 0.9993007047883973 4.908792242626057e-14
    outer loop
      vertex -0.7909433105187152 10.55440498936561 29.87809120138586
      vertex 0 10.584 30.404250357158414
      vertex -0.2625077021032357 10.574177654792656 30.21168393398425
    endloop
  endfacet
  facet normal -0.11196447610330855 0.9937122098932426 -1.8722413892112497e-16
    outer loop
      vertex -1.362892253382652 10.489961820500369 31.38618932407437
      vertex -0.7909433105187152 10.55440498936561 30.96918553900707
      vertex -1.0705636387049364 10.522899344933034 29.68876650794271
    endloop
  endfacet
  facet normal -0.03739119427632796 0.9993007047883985 0
    outer loop
      vertex -0.7909433105187152 10.55440498936561 29.87809120138586
      vertex -0.7909433105187152 10.55440498936561 30.96918553900707
      vertex -0.5499134682142357 10.56342368975961 30.778548251095735
    endloop
  endfacet
  facet normal -0.03739119427632589 0.9993007047883986 -5.538496037329481e-16
    outer loop
      vertex -0.7909433105187152 10.55440498936561 29.87809120138586
      vertex -0.5499134682142357 10.56342368975961 30.778548251095735
      vertex 0 10.584 30.404250357158414
    endloop
  endfacet
  facet normal -0.39989202431974197 0.9165622558699758 -1.268243896062195e-16
    outer loop
      vertex -4.592225494820234 9.535854497879203 28.6561787020542
      vertex -4.564391567332433 9.547998316301337 34.15354421879224
      vertex -3.866769401893925 9.852367755650258 33.51619718248771
    endloop
  endfacet
  facet normal -0.3302790619551724 0.9438833303083658 0
    outer loop
      vertex -3.866769401893925 9.852367755650258 28.871819847441373
      vertex -3.866769401893925 9.852367755650258 33.51619718248771
      vertex -3.7742948410814523 9.884726003983642 33.41876631665977
    endloop
  endfacet
  facet normal -0.33027906195516593 0.9438833303083678 -1.4450617192697497e-16
    outer loop
      vertex -3.866769401893925 9.852367755650258 28.871819847441373
      vertex -3.7742948410814523 9.884726003983642 33.41876631665977
      vertex -3.1196887659650097 10.113782576440514 32.8494188172346
    endloop
  endfacet
  facet normal 0.9438833303083636 -0.3302790619551784 -3.083244560766747e-17
    outer loop
      vertex 10.109984844234313 -3.1305420610579144 24.23383722921605
      vertex 10.113782576440512 -3.119688765965014 24.23003949700985
      vertex 10.113782576440512 -3.119688765965014 24.237462294281343
    endloop
  endfacet
  facet normal 0.9659258262890679 -0.25881904510252207 0
    outer loop
      vertex 10.113782576440512 -3.119688765965014 24.237462294281343
      vertex 10.113782576440512 -3.119688765965014 24.23003949700985
      vertex 10.189421018434588 -2.8374022574377706 24.154401055015775
    endloop
  endfacet
  facet normal 0.965925826289068 -0.2588190451025221 4.350379655702734e-17
    outer loop
      vertex 10.113782576440512 -3.119688765965014 24.237462294281343
      vertex 10.189421018434588 -2.8374022574377706 24.154401055015775
      vertex 10.240780070286466 -2.6457276664980016 24.38615589493019
    endloop
  endfacet
  facet normal 0.965925826289068 -0.2588190451025222 1.0672281025751157e-16
    outer loop
      vertex 10.189421018434588 -2.8374022574377706 24.154401055015775
      vertex 10.318637022532423 -2.355161564993627 24.00424933417834
      vertex 10.240780070286466 -2.6457276664980016 24.38615589493019
    endloop
  endfacet
  facet normal 0.9659258262890679 -0.25881904510252224 7.847422447709803e-18
    outer loop
      vertex 10.240780070286466 -2.6457276664980016 24.38615589493019
      vertex 10.318637022532423 -2.355161564993627 24.00424933417834
      vertex 10.318637022532423 -2.355161564993627 24.49981718304226
    endloop
  endfacet
  facet normal 0.9825664732332885 -0.18591160716291277 0
    outer loop
      vertex 10.318637022532423 -2.355161564993627 24.00424933417834
      vertex 10.46578546476676 -1.5774633452086273 24.785139346900404
      vertex 10.318637022532423 -2.355161564993627 24.49981718304226
    endloop
  endfacet
  facet normal 0.9825664732332886 -0.18591160716291277 -3.607839341638313e-18
    outer loop
      vertex 10.318637022532423 -2.355161564993627 24.00424933417834
      vertex 10.46578546476676 -1.5774633452086273 23.833259742182406
      vertex 10.46578546476676 -1.5774633452086273 24.785139346900404
    endloop
  endfacet
  facet normal 0.9937122098932436 -0.11196447610329767 0
    outer loop
      vertex 10.46578546476676 -1.5774633452086273 23.833259742182406
      vertex 10.474513487605913 -1.5 23.82311759564292
      vertex 10.46578546476676 -1.5774633452086273 24.785139346900404
    endloop
  endfacet
  facet normal 0.9937122098932437 -0.11196447610329768 0
    outer loop
      vertex 10.474513487605913 -1.5 23.82311759564292
      vertex 10.474513487605913 -1.5 24.811730033386304
      vertex 10.46578546476676 -1.5774633452086273 24.785139346900404
    endloop
  endfacet
  facet normal 0.9937122098932425 -0.11196447610330812 1.3095291374344895e-17
    outer loop
      vertex 10.515259975532238 -1.1383649174109693 24.95914178559872
      vertex 10.55440498936561 -0.7909433105187128 24.919996771765348
      vertex 10.55440498936561 -0.7909433105187128 25.103608243570932
    endloop
  endfacet
  facet normal 0.9993007047883985 -0.03739119427632643 -1.3833021586523974e-15
    outer loop
      vertex 10.55440498936561 -0.7909433105187128 24.919996771765348
      vertex 10.584 0 24.89040176113096
      vertex 10.577164058777678 -0.1826943753354275 25.339426564368747
    endloop
  endfacet
  facet normal 0.9993007047883985 -0.03739119427632738 0
    outer loop
      vertex 10.55440498936561 -0.7909433105187128 24.919996771765348
      vertex 10.577164058777678 -0.1826943753354275 25.339426564368747
      vertex 10.55440498936561 -0.7909433105187128 25.103608243570932
    endloop
  endfacet
  facet normal 0.9993007047883986 -0.03739119427632302 9.540673127057782e-19
    outer loop
      vertex 10.577164058777678 -0.1826943753354275 25.339426564368747
      vertex 10.584 0 24.89040176113096
      vertex 10.584 0 25.423635763121606
    endloop
  endfacet
  facet normal 0.03739119427635345 -0.9993007047883975 4.078599013465507e-14
    outer loop
      vertex 0.2625077021032309 -10.574177654792656 30.211683933984254
      vertex 0.7909433105187128 -10.55440498936561 29.878091201385864
      vertex 0 -10.584 30.404250357158414
    endloop
  endfacet
  facet normal 0.11196447610330493 -0.993712209893243 0
    outer loop
      vertex 0.7909433105187128 -10.55440498936561 29.878091201385864
      vertex 1.0705636387049295 -10.522899344933036 29.688766507942717
      vertex 0.7909433105187128 -10.55440498936561 30.96918553900707
    endloop
  endfacet
  facet normal 0.037391194276325826 -0.9993007047883986 -8.260762471577132e-16
    outer loop
      vertex 0 -10.584 30.404250357158414
      vertex 0.7909433105187128 -10.55440498936561 29.878091201385864
      vertex 0.5499134682142394 -10.56342368975961 30.77854825109574
    endloop
  endfacet
  facet normal 0.0373911942763289 -0.9993007047883985 0
    outer loop
      vertex 0.7909433105187128 -10.55440498936561 29.878091201385864
      vertex 0.7909433105187128 -10.55440498936561 30.96918553900707
      vertex 0.5499134682142394 -10.56342368975961 30.77854825109574
    endloop
  endfacet
  facet normal 0.11196447610330677 -0.9937122098932427 4.1196300726606093e-16
    outer loop
      vertex 1.0705636387049295 -10.522899344933036 29.688766507942717
      vertex 1.3628922533826564 -10.489961820500369 31.386189324074373
      vertex 0.7909433105187128 -10.55440498936561 30.96918553900707
    endloop
  endfacet
  facet normal 0.11196447610330813 -0.9937122098932425 1.7213300699284672e-16
    outer loop
      vertex 1.5774633452086273 -10.46578546476676 29.394425552928535
      vertex 1.3628922533826564 -10.489961820500369 31.386189324074373
      vertex 1.0705636387049295 -10.522899344933036 29.688766507942717
    endloop
  endfacet
  facet normal 0.18591160716291147 -0.9825664732332888 0
    outer loop
      vertex 1.5774633452086273 -10.46578546476676 29.394425552928535
      vertex 1.8702475416657849 -10.41038770594019 29.212720339332527
      vertex 1.5774633452086273 -10.46578546476676 31.56860569555989
    endloop
  endfacet
  facet normal 0.18591160716291344 -0.9825664732332884 -2.4131422676470837e-16
    outer loop
      vertex 1.8702475416657849 -10.41038770594019 29.212720339332527
      vertex 2.355161564993627 -10.318637022532423 28.956505535362304
      vertex 2.1729767777549522 -10.353108244092345 32.03120897755797
    endloop
  endfacet
  facet normal 0.11196447610330656 -0.9937122098932427 0
    outer loop
      vertex 1.5774633452086273 -10.46578546476676 29.394425552928535
      vertex 1.5774633452086273 -10.46578546476676 31.56860569555989
      vertex 1.3628922533826564 -10.489961820500369 31.386189324074373
    endloop
  endfacet
  facet normal 0.18591160716291139 -0.9825664732332888 -1.2151325736445674e-17
    outer loop
      vertex 1.8702475416657849 -10.41038770594019 29.212720339332527
      vertex 2.1729767777549522 -10.353108244092345 32.03120897755797
      vertex 1.5774633452086273 -10.46578546476676 31.56860569555989
    endloop
  endfacet
  facet normal 0.3302790619550756 -0.9438833303083995 -2.081580408718576e-13
    outer loop
      vertex 3.119688765965014 -10.113782576440512 28.567175635297293
      vertex 3.428045968030086 -10.005883724776398 28.41161373608606
      vertex 3.4448606873879797 -10 28.404611095040174
    endloop
  endfacet
  facet normal 0.2588190451025217 -0.965925826289068 7.247924505071787e-19
    outer loop
      vertex 2.6574534592643246 -10.237638153584115 28.78620767143081
      vertex 2.355161564993627 -10.318637022532423 32.197439028891985
      vertex 2.355161564993627 -10.318637022532423 28.956505535362304
    endloop
  endfacet
  facet normal 0.2588190451025225 -0.9659258262890678 2.4614680389126235e-17
    outer loop
      vertex 2.6574534592643246 -10.237638153584115 28.78620767143081
      vertex 3.119688765965014 -10.113782576440512 28.567175635297293
      vertex 2.9773402841243097 -10.151924737193525 32.709999999999994
    endloop
  endfacet
  facet normal 0.330279061955168 -0.9438833303083672 0
    outer loop
      vertex 3.119688765965014 -10.113782576440512 28.567175635297293
      vertex 3.4448606873879797 -10 28.404611095040174
      vertex 3.119688765965014 -10.113782576440512 32.8494188172346
    endloop
  endfacet
  facet normal 0.18591160716291735 -0.9825664732332876 4.987859806178168e-19
    outer loop
      vertex 2.1729767777549522 -10.353108244092345 32.03120897755797
      vertex 2.355161564993627 -10.318637022532423 28.956505535362304
      vertex 2.355161564993627 -10.318637022532423 32.197439028891985
    endloop
  endfacet
  facet normal 0.25881904510252224 -0.965925826289068 5.295303479867059e-17
    outer loop
      vertex 2.6574534592643246 -10.237638153584115 28.78620767143081
      vertex 2.9773402841243097 -10.151924737193525 32.709999999999994
      vertex 2.355161564993627 -10.318637022532423 32.197439028891985
    endloop
  endfacet
  facet normal 0.25881904510252185 -0.9659258262890679 0
    outer loop
      vertex 3.119688765965014 -10.113782576440512 28.567175635297293
      vertex 3.119688765965014 -10.113782576440512 32.8494188172346
      vertex 2.9773402841243097 -10.151924737193525 32.709999999999994
    endloop
  endfacet
  facet normal 0.33027906195515566 -0.9438833303083716 -1.0110892214100768e-15
    outer loop
      vertex 3.4448606873879797 -10 28.404611095040174
      vertex 3.4448606873879815 -10 28.984869946772893
      vertex 3.119688765965014 -10.113782576440512 32.8494188172346
    endloop
  endfacet
  facet normal 0.3302790619551679 -0.9438833303083672 1.4613113303083788e-16
    outer loop
      vertex 3.4448606873879815 -10 28.984869946772893
      vertex 3.866769401893928 -9.852367755650256 28.871819847441373
      vertex 3.119688765965014 -10.113782576440512 32.8494188172346
    endloop
  endfacet
  facet normal 0.39989202431974125 -0.9165622558699761 0
    outer loop
      vertex 3.866769401893928 -9.852367755650256 28.871819847441373
      vertex 4.332901063840297 -9.648996590515019 28.746920245056266
      vertex 3.866769401893928 -9.852367755650256 33.51619718248771
    endloop
  endfacet
  facet normal 0.3998920243197406 -0.9165622558699764 -8.473738573870531e-17
    outer loop
      vertex 4.332901063840297 -9.648996590515019 28.746920245056266
      vertex 4.592225494820236 -9.535854497879203 28.6561787020542
      vertex 3.866769401893928 -9.852367755650256 33.51619718248771
    endloop
  endfacet
  facet normal 0.33027906195516793 -0.9438833303083672 1.5786383770968972e-16
    outer loop
      vertex 3.866769401893928 -9.852367755650256 28.871819847441373
      vertex 3.774294841081452 -9.88472600398364 33.41876631665977
      vertex 3.119688765965014 -10.113782576440512 32.8494188172346
    endloop
  endfacet
  facet normal 0.3302790619551611 -0.9438833303083697 0
    outer loop
      vertex 3.866769401893928 -9.852367755650256 28.871819847441373
      vertex 3.866769401893928 -9.852367755650256 33.51619718248771
      vertex 3.774294841081452 -9.88472600398364 33.41876631665977
    endloop
  endfacet
  facet normal 0.39989202431974114 -0.9165622558699761 2.59960752238167e-17
    outer loop
      vertex 3.866769401893928 -9.852367755650256 33.51619718248771
      vertex 4.592225494820236 -9.535854497879203 28.6561787020542
      vertex 4.56439156733243 -9.547998316301339 34.153544218792234
    endloop
  endfacet
  facet normal 0.4672686282730622 -0.8841153935046095 0
    outer loop
      vertex 4.592225494820236 -9.535854497879203 28.6561787020542
      vertex 5.292 -9.166012873654498 28.41131701234154
      vertex 4.592225494820236 -9.535854497879203 34.185250714000794
    endloop
  endfacet
  facet normal 0.5320320765153367 -0.8467241992282841 3.5766407357158466e-17
    outer loop
      vertex 5.292 -9.166012873654498 28.41131701234154
      vertex 5.3705130581860105 -9.116679849491089 28.383844105069798
      vertex 5.36955466665245 -9.117282046804192 34.9102245303151
    endloop
  endfacet
  facet normal 0.5320320765153368 -0.846724199228284 1.9832766868410336e-18
    outer loop
      vertex 5.3705130581860105 -9.116679849491089 28.383844105069798
      vertex 5.962179494545374 -8.74491118736049 28.12570267774993
      vertex 5.962179494545374 -8.74491118736049 35.49146559792431
    endloop
  endfacet
  facet normal 0.3998920243197372 -0.9165622558699779 0
    outer loop
      vertex 4.592225494820236 -9.535854497879203 28.6561787020542
      vertex 4.592225494820236 -9.535854497879203 34.185250714000794
      vertex 4.56439156733243 -9.547998316301339 34.153544218792234
    endloop
  endfacet
  facet normal 0.4672686282730623 -0.8841153935046098 0
    outer loop
      vertex 5.292 -9.166012873654498 28.41131701234154
      vertex 5.292 -9.166012873654498 34.85197745664889
      vertex 4.592225494820236 -9.535854497879203 34.185250714000794
    endloop
  endfacet
  facet normal 0.5320320765153388 -0.8467241992282827 0
    outer loop
      vertex 5.292 -9.166012873654498 28.41131701234154
      vertex 5.36955466665245 -9.117282046804192 34.9102245303151
      vertex 5.292 -9.166012873654498 34.85197745664889
    endloop
  endfacet
  facet normal 0.5320320765153365 -0.8467241992282843 3.539258269491743e-17
    outer loop
      vertex 5.3705130581860105 -9.116679849491089 28.383844105069798
      vertex 5.962179494545374 -8.74491118736049 35.49146559792431
      vertex 5.36955466665245 -9.117282046804192 34.9102245303151
    endloop
  endfacet
  facet normal 0.5938201855735008 -0.8045977797666689 7.483720766878947e-17
    outer loop
      vertex 5.962179494545374 -8.74491118736049 28.12570267774993
      vertex 6.378090965028106 -8.437954552884285 27.94424235816556
      vertex 6.241515281356919 -8.5387519946147 35.684575587988306
    endloop
  endfacet
  facet normal 0.5938201855735026 -0.8045977797666677 -4.072595098942409e-19
    outer loop
      vertex 6.378090965028106 -8.437954552884285 27.94424235816556
      vertex 6.599016062872834 -8.274904410441628 27.82748003485413
      vertex 6.599016062872834 -8.274904410441628 36.034571560628955
    endloop
  endfacet
  facet normal 0.652287411278121 -0.7579717231454531 -3.8226118738184244e-18
    outer loop
      vertex 6.599016062872834 -8.274904410441628 27.82748003485413
      vertex 7.198948256567408 -7.758621011446884 27.51040661291845
      vertex 7.198948256567408 -7.758621011446884 36.347179587816846
    endloop
  endfacet
  facet normal 0.7071067811865476 -0.7071067811865476 0
    outer loop
      vertex 7.198948256567408 -7.758621011446884 27.51040661291845
      vertex 7.349999999999999 -7.607569268014293 27.430573435631246
      vertex 7.198948256567408 -7.758621011446884 36.347179587816846
    endloop
  endfacet
  facet normal 0.7071067811865475 -0.7071067811865476 1.6492834269848175e-19
    outer loop
      vertex 7.349999999999999 -7.607569268014293 27.430573435631246
      vertex 7.758621011446884 -7.198948256567408 27.173819836967095
      vertex 7.758621011446884 -7.198948256567408 36.347179587816846
    endloop
  endfacet
  facet normal 0.7579717231454531 -0.652287411278121 -3.677625110143593e-18
    outer loop
      vertex 7.758621011446884 -7.198948256567408 27.173819836967095
      vertex 8.274904410441628 -6.599016062872834 26.84941747656696
      vertex 8.274904410441628 -6.599016062872834 36.034571560628955
    endloop
  endfacet
  facet normal 0.8045977797666648 -0.5938201855735064 2.3791881387329738e-20
    outer loop
      vertex 8.280804853535242 -6.591021246381077 26.845709982445122
      vertex 8.274904410441628 -6.599016062872834 36.034571560628955
      vertex 8.274904410441628 -6.599016062872834 26.84941747656696
    endloop
  endfacet
  facet normal 0.8045977797666686 -0.5938201855735012 0
    outer loop
      vertex 8.74491118736049 -5.962179494545374 26.50318392009647
      vertex 8.74491118736049 -5.962179494545374 35.49146559792431
      vertex 8.280804853535242 -6.591021246381077 26.845709982445122
    endloop
  endfacet
  facet normal 0.593820185573502 -0.804597779766668 0
    outer loop
      vertex 5.962179494545374 -8.74491118736049 28.12570267774993
      vertex 6.241515281356919 -8.5387519946147 35.684575587988306
      vertex 5.962179494545374 -8.74491118736049 35.49146559792431
    endloop
  endfacet
  facet normal 0.5938201855735007 -0.8045977797666689 7.620684691786952e-17
    outer loop
      vertex 6.378090965028106 -8.437954552884285 27.94424235816556
      vertex 6.599016062872834 -8.274904410441628 36.034571560628955
      vertex 6.241515281356919 -8.5387519946147 35.684575587988306
    endloop
  endfacet
  facet normal 0.652287411278121 -0.7579717231454531 0
    outer loop
      vertex 6.599016062872834 -8.274904410441628 27.82748003485413
      vertex 7.198948256567408 -7.758621011446884 36.347179587816846
      vertex 6.599016062872834 -8.274904410441628 36.034571560628955
    endloop
  endfacet
  facet normal 0.7071067811865476 -0.7071067811865476 -4.601352817116318e-19
    outer loop
      vertex 7.349999999999999 -7.607569268014293 27.430573435631246
      vertex 7.758621011446884 -7.198948256567408 36.347179587816846
      vertex 7.198948256567408 -7.758621011446884 36.347179587816846
    endloop
  endfacet
  facet normal 0.7579717231454531 -0.652287411278121 0
    outer loop
      vertex 7.758621011446884 -7.198948256567408 27.173819836967095
      vertex 8.274904410441628 -6.599016062872834 36.034571560628955
      vertex 7.758621011446884 -7.198948256567408 36.347179587816846
    endloop
  endfacet
  facet normal 0.8045977797666684 -0.5938201855735014 6.600899440135008e-18
    outer loop
      vertex 8.280804853535242 -6.591021246381077 26.845709982445122
      vertex 8.538751994614701 -6.241515281356917 35.684575587988306
      vertex 8.274904410441628 -6.599016062872834 36.034571560628955
    endloop
  endfacet
  facet normal 0.8045977797666686 -0.5938201855735014 -8.671123583412633e-18
    outer loop
      vertex 8.280804853535242 -6.591021246381077 26.845709982445122
      vertex 8.74491118736049 -5.962179494545374 35.49146559792431
      vertex 8.538751994614701 -6.241515281356917 35.684575587988306
    endloop
  endfacet
  facet normal 0.8841153935046092 -0.46726862827306304 0
    outer loop
      vertex 9.166012873654498 -5.292 26.192309390042826
      vertex 9.520098695077284 -4.622036928653668 25.8875939016237
      vertex 9.166012873654498 -5.292 34.85197745664889
    endloop
  endfacet
  facet normal 0.846724199228284 -0.5320320765153369 -7.033425942570787e-17
    outer loop
      vertex 8.74491118736049 -5.962179494545374 26.50318392009647
      vertex 9.16530008732338 -5.293134392947488 26.192922792280037
      vertex 9.117282046804192 -5.369554666652451 34.9102245303151
    endloop
  endfacet
  facet normal 0.8467241992283377 -0.5320320765152512 1.0912833418887931e-22
    outer loop
      vertex 9.16530008732338 -5.293134392947488 26.192922792280037
      vertex 9.166012873654498 -5.292 26.192309390042826
      vertex 9.166012873654498 -5.292 34.85197745664889
    endloop
  endfacet
  facet normal 0.8841153935046114 -0.46726862827305876 4.0590000240433617e-16
    outer loop
      vertex 9.520098695077284 -4.622036928653668 25.8875939016237
      vertex 9.520098695077284 -4.622036928653666 27.93252077709384
      vertex 9.166012873654498 -5.292 34.85197745664889
    endloop
  endfacet
  facet normal 0.8841153935046081 -0.4672686282730651 -3.6991171580839746e-16
    outer loop
      vertex 9.520098695077284 -4.622036928653666 27.93252077709384
      vertex 9.535854497879203 -4.592225494820236 27.943795358341735
      vertex 9.166012873654498 -5.292 34.85197745664889
    endloop
  endfacet
  facet normal 0.9165622558699762 -0.39989202431974097 -1.2740668758069208e-16
    outer loop
      vertex 9.535854497879203 -4.592225494820236 27.943795358341735
      vertex 9.716617401325172 -4.177912519106646 28.091033414534124
      vertex 9.54799831630134 -4.564391567332428 34.153544218792234
    endloop
  endfacet
  facet normal 0.8467241992282835 -0.5320320765153377 0
    outer loop
      vertex 8.74491118736049 -5.962179494545374 26.50318392009647
      vertex 9.117282046804192 -5.369554666652451 34.9102245303151
      vertex 8.74491118736049 -5.962179494545374 35.49146559792431
    endloop
  endfacet
  facet normal 0.8467241992282882 -0.53203207651533 1.4405105012238554e-17
    outer loop
      vertex 9.16530008732338 -5.293134392947488 26.192922792280037
      vertex 9.166012873654498 -5.292 34.85197745664889
      vertex 9.117282046804192 -5.369554666652451 34.9102245303151
    endloop
  endfacet
  facet normal 0.9165622558699656 -0.3998920243197647 0
    outer loop
      vertex 9.535854497879203 -4.592225494820236 27.943795358341735
      vertex 9.54799831630134 -4.564391567332428 34.153544218792234
      vertex 9.535854497879203 -4.592225494820236 34.185250714000794
    endloop
  endfacet
  facet normal 0.8841153935046098 -0.46726862827306226 0
    outer loop
      vertex 9.535854497879203 -4.592225494820236 27.943795358341735
      vertex 9.535854497879203 -4.592225494820236 34.185250714000794
      vertex 9.166012873654498 -5.292 34.85197745664889
    endloop
  endfacet
  facet normal 0.9165622558699762 -0.399892024319741 -1.3320099541495108e-16
    outer loop
      vertex 9.54799831630134 -4.564391567332428 34.153544218792234
      vertex 9.716617401325172 -4.177912519106646 28.091033414534124
      vertex 9.852367755650256 -3.866769401893928 28.228903417800215
    endloop
  endfacet
  facet normal 0.9438833303083679 -0.33027906195516615 1.5888704527569354e-16
    outer loop
      vertex 9.852367755650256 -3.866769401893928 28.228903417800215
      vertex 10.005883724776398 -3.428045968030086 28.41161373608606
      vertex 9.88472600398364 -3.774294841081451 33.41876631665977
    endloop
  endfacet
  facet normal 0.9438833303083669 -0.3302790619551688 -4.44854980336726e-17
    outer loop
      vertex 10.005883724776398 -3.428045968030086 28.41161373608606
      vertex 10.113782576440512 -3.119688765965014 28.567175635297293
      vertex 9.88472600398364 -3.774294841081451 33.41876631665977
    endloop
  endfacet
  facet normal 0.9659258262890678 -0.2588190451025225 -3.885307824806957e-18
    outer loop
      vertex 10.113782576440512 -3.119688765965014 28.567175635297293
      vertex 10.237638153584115 -2.6574534592643246 28.78620767143081
      vertex 10.151924737193525 -2.97734028412431 32.709999999999994
    endloop
  endfacet
  facet normal 0.965925826289068 -0.2588190451025217 6.919754753696372e-17
    outer loop
      vertex 10.237638153584115 -2.6574534592643246 28.78620767143081
      vertex 10.318637022532423 -2.355161564993627 28.956505535362304
      vertex 10.151924737193525 -2.97734028412431 32.709999999999994
    endloop
  endfacet
  facet normal 0.9659258262890678 -0.2588190451025226 0
    outer loop
      vertex 10.113782576440512 -3.119688765965014 28.567175635297293
      vertex 10.151924737193525 -2.97734028412431 32.709999999999994
      vertex 10.113782576440512 -3.119688765965014 32.8494188172346
    endloop
  endfacet
  facet normal 0.965925826289068 -0.25881904510252207 0
    outer loop
      vertex 10.318637022532423 -2.355161564993627 28.956505535362304
      vertex 10.318637022532423 -2.355161564993627 32.19743902889198
      vertex 10.151924737193525 -2.97734028412431 32.709999999999994
    endloop
  endfacet
  facet normal 0.9825664732332878 -0.18591160716291735 0
    outer loop
      vertex 10.318637022532423 -2.355161564993627 28.956505535362304
      vertex 10.353108244092345 -2.1729767777549522 32.03120897755797
      vertex 10.318637022532423 -2.355161564993627 32.19743902889198
    endloop
  endfacet
  facet normal 0.9825664732332884 -0.18591160716291336 -2.4636585951444887e-16
    outer loop
      vertex 10.318637022532423 -2.355161564993627 28.956505535362304
      vertex 10.41038770594019 -1.8702475416657847 29.212720339332527
      vertex 10.353108244092345 -2.1729767777549522 32.03120897755797
    endloop
  endfacet
  facet normal 0.9825664732332888 -0.18591160716291158 -5.0460123068998845e-17
    outer loop
      vertex 10.41038770594019 -1.8702475416657847 29.212720339332527
      vertex 10.46578546476676 -1.5774633452086273 29.394425552928535
      vertex 10.353108244092345 -2.1729767777549522 32.03120897755797
    endloop
  endfacet
  facet normal 0.9937122098932428 -0.11196447610330586 -1.016871404463763e-16
    outer loop
      vertex 10.46578546476676 -1.5774633452086273 29.394425552928535
      vertex 10.522899344933034 -1.0705636387049355 29.68876650794271
      vertex 10.489961820500369 -1.3628922533826568 31.386189324074373
    endloop
  endfacet
  facet normal 0.9825664732332888 -0.18591160716291136 0
    outer loop
      vertex 10.46578546476676 -1.5774633452086273 29.394425552928535
      vertex 10.46578546476676 -1.5774633452086273 31.56860569555989
      vertex 10.353108244092345 -2.1729767777549522 32.03120897755797
    endloop
  endfacet
  facet normal 0.9937122098932427 -0.1119644761033068 0
    outer loop
      vertex 10.46578546476676 -1.5774633452086273 29.394425552928535
      vertex 10.489961820500369 -1.3628922533826568 31.386189324074373
      vertex 10.46578546476676 -1.5774633452086273 31.56860569555989
    endloop
  endfacet
  facet normal 0.9993007047883986 -0.03739119427632536 9.969983430673457e-16
    outer loop
      vertex 10.55440498936561 -0.7909433105187128 29.878091201385864
      vertex 10.574177654792654 -0.2625077021032355 30.21168393398425
      vertex 10.563423689759608 -0.5499134682142399 30.77854825109574
    endloop
  endfacet
  facet normal 0.9937122098932426 -0.11196447610330841 -5.499360026403499e-16
    outer loop
      vertex 10.489961820500369 -1.3628922533826568 31.386189324074373
      vertex 10.522899344933034 -1.0705636387049355 29.68876650794271
      vertex 10.55440498936561 -0.7909433105187128 29.878091201385864
    endloop
  endfacet
  facet normal 0.9937122098932427 -0.111964476103307 -3.9578838146243345e-18
    outer loop
      vertex 10.489961820500369 -1.3628922533826568 31.386189324074373
      vertex 10.55440498936561 -0.7909433105187128 29.878091201385864
      vertex 10.55440498936561 -0.7909433105187128 30.96918553900707
    endloop
  endfacet
  facet normal 0.9993007047883987 -0.037391194276321635 0
    outer loop
      vertex 10.55440498936561 -0.7909433105187128 29.878091201385864
      vertex 10.563423689759608 -0.5499134682142399 30.77854825109574
      vertex 10.55440498936561 -0.7909433105187128 30.96918553900707
    endloop
  endfacet
  facet normal 0.9993007047883984 -0.03739119427632904 -8.751967562105334e-16
    outer loop
      vertex 10.563423689759608 -0.5499134682142399 30.77854825109574
      vertex 10.574177654792654 -0.2625077021032355 30.21168393398425
      vertex 10.584 0 30.404250357158414
    endloop
  endfacet
  facet normal 0.9165622558699766 -0.39989202431974014 2.1364941857437015e-18
    outer loop
      vertex 9.54799831630134 -4.564391567332428 34.153544218792234
      vertex 9.852367755650256 -3.866769401893928 28.228903417800215
      vertex 9.852367755650256 -3.866769401893928 33.51619718248771
    endloop
  endfacet
  facet normal 0.9438833303083707 -0.3302790619551582 0
    outer loop
      vertex 9.852367755650256 -3.866769401893928 28.228903417800215
      vertex 9.88472600398364 -3.774294841081451 33.41876631665977
      vertex 9.852367755650256 -3.866769401893928 33.51619718248771
    endloop
  endfacet
  facet normal 0.9438833303083672 -0.33027906195516854 0
    outer loop
      vertex 10.113782576440512 -3.119688765965014 28.567175635297293
      vertex 10.113782576440512 -3.119688765965014 32.8494188172346
      vertex 9.88472600398364 -3.774294841081451 33.41876631665977
    endloop
  endfacet
  facet normal 0.1859116071629153 0.9825664732332882 8.022099654308774e-18
    outer loop
      vertex 1.992060996162818 10.387339356829429 26.27319767127919
      vertex 2.355161564993632 10.318637022532421 26.42683485228893
      vertex 2.355161564993632 10.318637022532421 26.20449533698218
    endloop
  endfacet
  facet normal 0.2588190451025233 0.9659258262890675 0
    outer loop
      vertex 2.355161564993632 10.318637022532421 26.20449533698218
      vertex 2.355161564993632 10.318637022532421 26.42683485228893
      vertex 2.6146209739866952 10.249115083424073 26.15540296813643
    endloop
  endfacet
  facet normal 0.25881904510252 0.9659258262890685 4.0099089962667643e-16
    outer loop
      vertex 2.6146209739866952 10.249115083424073 26.15540296813643
      vertex 2.748430852055921 10.213260834656117 26.577077207719952
      vertex 3.1196887659650097 10.113782576440514 26.02007046115287
    endloop
  endfacet
  facet normal 0.33027906195516793 0.9438833303083672 -9.277386511220783e-16
    outer loop
      vertex 3.1196887659650097 10.113782576440514 26.02007046115287
      vertex 3.444860687387983 10 26.871092593720167
      vertex 3.44486068738798 10 25.93294090740631
    endloop
  endfacet
  facet normal 0.9993007047883985 0.037391194276326305 0
    outer loop
      vertex 10.584 0 24.89040176113096
      vertex 10.55440498936561 0.7909433105187142 25.761906344153296
      vertex 10.584 0 25.423635763121606
    endloop
  endfacet
  facet normal 0.9993007047883985 0.037391194276326305 -1.66165801930919e-18
    outer loop
      vertex 10.584 0 24.89040176113096
      vertex 10.55440498936561 0.7909433105187142 24.919996771765348
      vertex 10.55440498936561 0.7909433105187142 25.761906344153296
    endloop
  endfacet
  facet normal 0.9937122098932427 0.11196447610330634 0
    outer loop
      vertex 10.55440498936561 0.7909433105187142 24.919996771765348
      vertex 10.507996501844582 1.2028300293899101 25.924290017554867
      vertex 10.55440498936561 0.7909433105187142 25.761906344153296
    endloop
  endfacet
  facet normal 0.9825664732332882 0.1859116071629146 1.2294286666624404e-18
    outer loop
      vertex 10.46578546476676 1.5774633452086302 23.833259742182406
      vertex 10.318637022532421 2.3551615649936313 24.004249334178343
      vertex 10.318637022532421 2.3551615649936313 26.42683485228893
    endloop
  endfacet
  facet normal 0.9937122098932417 0.11196447610331607 0
    outer loop
      vertex 10.474513487605915 1.5 23.82311759564292
      vertex 10.46578546476676 1.5774633452086302 23.833259742182406
      vertex 10.474513487605915 1.5 24.999888273525045
    endloop
  endfacet
  facet normal 0.9937122098932416 0.11196447610331606 0
    outer loop
      vertex 10.46578546476676 1.5774633452086302 23.833259742182406
      vertex 10.46578546476676 1.5774633452086302 26.097770751539098
      vertex 10.474513487605915 1.5 24.999888273525045
    endloop
  endfacet
  facet normal 0.9937122098932428 0.11196447610330568 2.7216448289020383e-16
    outer loop
      vertex 10.55440498936561 0.7909433105187142 24.919996771765348
      vertex 10.474513487605915 1.5 24.999888273525045
      vertex 10.507996501844582 1.2028300293899101 25.924290017554867
    endloop
  endfacet
  facet normal 0.9937122098932427 0.11196447610330686 6.58359888370927e-16
    outer loop
      vertex 10.474513487605915 1.5 24.999888273525045
      vertex 10.46578546476676 1.5774633452086302 26.097770751539098
      vertex 10.507996501844582 1.2028300293899101 25.924290017554867
    endloop
  endfacet
  facet normal 0.9825664732332883 0.1859116071629146 0
    outer loop
      vertex 10.46578546476676 1.5774633452086302 23.833259742182406
      vertex 10.318637022532421 2.3551615649936313 26.42683485228893
      vertex 10.46578546476676 1.5774633452086302 26.097770751539098
    endloop
  endfacet
  facet normal 0.9165622558699755 0.39989202431974263 0
    outer loop
      vertex 9.852367755650258 3.8667694018939245 24.491454317800105
      vertex 9.576092069938667 4.5 24.767730003511698
      vertex 9.852367755650258 3.8667694018939245 28.127072842677457
    endloop
  endfacet
  facet normal 0.9165622558699754 0.3998920243197426 0
    outer loop
      vertex 9.576092069938667 4.5 24.767730003511698
      vertex 9.576092069938667 4.5 25.83940770625286
      vertex 9.852367755650258 3.8667694018939245 28.127072842677457
    endloop
  endfacet
  facet normal 0.9659258262890678 0.2588190451025227 -1.9749277508665634e-16
    outer loop
      vertex 10.318637022532421 2.3551615649936313 24.004249334178343
      vertex 10.189421018434588 2.8374022574377675 24.154401055015775
      vertex 10.213260834656117 2.7484308520559217 26.577077207719952
    endloop
  endfacet
  facet normal 0.9659258262890676 0.2588190451025229 -1.8909682395918541e-16
    outer loop
      vertex 10.189421018434588 2.8374022574377675 24.154401055015775
      vertex 10.113782576440512 3.11968876596501 24.23003949700985
      vertex 10.213260834656117 2.7484308520559217 26.577077207719952
    endloop
  endfacet
  facet normal 0.9659258262890681 0.2588190451025215 0
    outer loop
      vertex 10.318637022532421 2.3551615649936313 24.004249334178343
      vertex 10.213260834656117 2.7484308520559217 26.577077207719952
      vertex 10.318637022532421 2.3551615649936313 26.42683485228893
    endloop
  endfacet
  facet normal 0.9659258262890675 0.258819045102524 0
    outer loop
      vertex 10.113782576440512 3.11968876596501 24.23003949700985
      vertex 10.113782576440512 3.11968876596501 26.742459093279532
      vertex 10.213260834656117 2.7484308520559217 26.577077207719952
    endloop
  endfacet
  facet normal 0.9438833303083684 0.33027906195516504 -2.9460245604005306e-17
    outer loop
      vertex 10.113782576440512 3.11968876596501 24.23003949700985
      vertex 9.852367755650258 3.8667694018939245 24.491454317800105
      vertex 9.950444163156558 3.586483132477629 26.927116468023712
    endloop
  endfacet
  facet normal 0.9438833303083682 0.3302790619551649 0
    outer loop
      vertex 10.113782576440512 3.11968876596501 24.23003949700985
      vertex 9.950444163156558 3.586483132477629 26.927116468023712
      vertex 10.113782576440512 3.11968876596501 26.742459093279532
    endloop
  endfacet
  facet normal 0.804597779766667 0.5938201855735034 1.5336928350167583e-16
    outer loop
      vertex 8.74491118736049 5.962179494545376 26.50318392009647
      vertex 8.280804853535242 6.591021246381075 26.845709982445122
      vertex 8.522742791306595 6.263206981555851 27.469733542866614
    endloop
  endfacet
  facet normal 0.8045977797666722 0.5938201855734963 -5.6158041695329315e-15
    outer loop
      vertex 8.522742791306595 6.263206981555851 27.469733542866614
      vertex 8.280804853535242 6.591021246381075 26.845709982445122
      vertex 8.274904410441627 6.599016062872835 26.84941747656696
    endloop
  endfacet
  facet normal 0.8045977797666672 0.593820185573503 1.5966812756518096e-17
    outer loop
      vertex 8.522742791306595 6.263206981555851 27.469733542866614
      vertex 8.274904410441627 6.599016062872835 26.84941747656696
      vertex 8.274904410441627 6.599016062872835 27.423233299071097
    endloop
  endfacet
  facet normal 0.8045977797666668 0.5938201855735036 0
    outer loop
      vertex 8.74491118736049 5.962179494545376 26.50318392009647
      vertex 8.522742791306595 6.263206981555851 27.469733542866614
      vertex 8.74491118736049 5.962179494545376 27.539732873024477
    endloop
  endfacet
  facet normal 0.7071067811865475 0.7071067811865477 -3.801061170919981e-15
    outer loop
      vertex 7.478181057706822 7.479388210307471 27.350031938926833
      vertex 7.478784634007146 7.478784634007146 27.349999999999994
      vertex 7.758621011446881 7.1989482565674106 27.1738198369671
    endloop
  endfacet
  facet normal 0.7579717231454532 0.652287411278121 -1.3522495465546957e-15
    outer loop
      vertex 8.023772481627288 6.890836658409492 27.379975294217743
      vertex 8.274904410441627 6.599016062872835 26.84941747656696
      vertex 7.758621011446881 7.1989482565674106 27.1738198369671
    endloop
  endfacet
  facet normal 0.7071067811865487 0.7071067811865464 -7.590533052078054e-17
    outer loop
      vertex 7.478784634007146 7.478784634007146 27.349999999999994
      vertex 7.758621011446881 7.1989482565674106 27.36480786038305
      vertex 7.758621011446881 7.1989482565674106 27.1738198369671
    endloop
  endfacet
  facet normal 0.7579717231454527 0.6522874112781214 7.559108354584561e-17
    outer loop
      vertex 8.023772481627288 6.890836658409492 27.379975294217743
      vertex 7.758621011446881 7.1989482565674106 27.1738198369671
      vertex 7.758621011446881 7.1989482565674106 27.36480786038305
    endloop
  endfacet
  facet normal 0.7579717231454545 0.6522874112781195 2.2978989848803316e-17
    outer loop
      vertex 8.023772481627288 6.890836658409492 27.379975294217743
      vertex 8.274904410441627 6.599016062872835 27.423233299071097
      vertex 8.274904410441627 6.599016062872835 26.84941747656696
    endloop
  endfacet
  facet normal 0.2588190451025228 0.9659258262890678 -5.4434963075250825e-16
    outer loop
      vertex 2.355161564993632 10.318637022532421 26.42683485228893
      vertex 2.748430852055921 10.213260834656117 26.577077207719952
      vertex 2.6146209739866952 10.249115083424073 26.15540296813643
    endloop
  endfacet
  facet normal 0.25881904510251946 0.9659258262890686 0
    outer loop
      vertex 3.1196887659650097 10.113782576440514 26.02007046115287
      vertex 2.748430852055921 10.213260834656117 26.577077207719952
      vertex 3.1196887659650097 10.113782576440514 26.742459093279532
    endloop
  endfacet
  facet normal 0.33027906195516576 0.943883330308368 0
    outer loop
      vertex 3.1196887659650097 10.113782576440514 26.02007046115287
      vertex 3.1196887659650097 10.113782576440514 26.742459093279532
      vertex 3.444860687387983 10 26.871092593720167
    endloop
  endfacet
  facet normal 0.9165622558699771 0.3998920243197391 -1.1489293750299669e-15
    outer loop
      vertex 9.535854497879203 4.592225494820235 25.87403493694409
      vertex 9.852367755650258 3.8667694018939245 28.127072842677457
      vertex 9.576092069938667 4.5 25.83940770625286
    endloop
  endfacet
  facet normal 0.916562255869973 0.3998920243197486 1.6773217563513044e-15
    outer loop
      vertex 9.535854497879203 4.592225494820235 25.87403493694409
      vertex 9.716617401325172 4.177912519106644 28.091033414534124
      vertex 9.799584289496824 3.987750391431105 28.17529577392223
    endloop
  endfacet
  facet normal 0.9165622558699779 0.3998920243197371 -1.8662531698088934e-15
    outer loop
      vertex 9.535854497879203 4.592225494820235 25.87403493694409
      vertex 9.799584289496824 3.987750391431105 28.17529577392223
      vertex 9.852367755650258 3.8667694018939245 28.127072842677457
    endloop
  endfacet
  facet normal 0.943883330308368 0.3302790619551653 -5.187474923062241e-19
    outer loop
      vertex 9.852367755650258 3.8667694018939245 24.491454317800105
      vertex 9.950444163156558 3.586483132477629 27.998231013721835
      vertex 9.950444163156558 3.586483132477629 26.927116468023712
    endloop
  endfacet
  facet normal 0.9438833303083682 0.3302790619551653 0
    outer loop
      vertex 9.852367755650258 3.8667694018939245 24.491454317800105
      vertex 9.852367755650258 3.8667694018939245 28.127072842677457
      vertex 9.950444163156558 3.586483132477629 27.998231013721835
    endloop
  endfacet
  facet normal 0.8467241992283379 0.5320320765152513 -6.211912575165894e-22
    outer loop
      vertex 9.16530008732338 5.293134392947488 26.192922792280037
      vertex 9.166012873654498 5.292 27.713604384623647
      vertex 9.166012873654498 5.292 26.192309390042826
    endloop
  endfacet
  facet normal 0.8841153935046102 0.46726862827306115 0
    outer loop
      vertex 9.166012873654498 5.292 26.192309390042826
      vertex 9.166012873654498 5.292 27.713604384623647
      vertex 9.371602591819553 4.903005268537353 27.826259521972567
    endloop
  endfacet
  facet normal 0.8467241992282853 0.5320320765153347 8.681880073362216e-17
    outer loop
      vertex 9.16530008732338 5.293134392947488 26.192922792280037
      vertex 8.972875663927672 5.59937610844488 27.61877278141084
      vertex 9.166012873654498 5.292 27.713604384623647
    endloop
  endfacet
  facet normal 0.8841153935046101 0.4672686282730615 0
    outer loop
      vertex 9.535854497879203 4.592225494820235 25.87403493694409
      vertex 9.371602591819553 4.903005268537353 27.826259521972567
      vertex 9.535854497879203 4.592225494820235 27.943795358341735
    endloop
  endfacet
  facet normal 0.9165622558699761 0.399892024319741 0
    outer loop
      vertex 9.535854497879203 4.592225494820235 25.87403493694409
      vertex 9.535854497879203 4.592225494820235 27.943795358341735
      vertex 9.716617401325172 4.177912519106644 28.091033414534124
    endloop
  endfacet
  facet normal 0.8841153935046101 0.46726862827306126 4.9663439663018274e-17
    outer loop
      vertex 9.166012873654498 5.292 26.192309390042826
      vertex 9.371602591819553 4.903005268537353 27.826259521972567
      vertex 9.535854497879203 4.592225494820235 25.87403493694409
    endloop
  endfacet
  facet normal 0.8467241992282846 0.532032076515336 -2.9175595496718567e-16
    outer loop
      vertex 9.16530008732338 5.293134392947488 26.192922792280037
      vertex 8.74491118736049 5.962179494545376 26.50318392009647
      vertex 8.972875663927672 5.59937610844488 27.61877278141084
    endloop
  endfacet
  facet normal 0.8467241992282841 0.5320320765153367 0
    outer loop
      vertex 8.74491118736049 5.962179494545376 26.50318392009647
      vertex 8.74491118736049 5.962179494545376 27.539732873024477
      vertex 8.972875663927672 5.59937610844488 27.61877278141084
    endloop
  endfacet
  facet normal 0.8467241992282847 0 -0.5320320765153356
    outer loop
      vertex -10.113782576440514 -3.1196887659650097 20.673697768139174
      vertex -10.113782576440514 3.1196887659650097 20.673697768139174
      vertex -9.852367755650258 -3.8667694018939227 21.08973707210331
    endloop
  endfacet
  facet normal 0.8841153935046112 8.80336537837744e-19 -0.4672686282730593
    outer loop
      vertex -10.318637022532421 -2.355161564993632 20.304736314815802
      vertex -10.46578546476676 -1.5774633452086324 20.026317874034927
      vertex -10.46578546476676 1.5774633452086324 20.026317874034927
    endloop
  endfacet
  facet normal 0.8841153935046103 2.5386290416954213e-18 -0.4672686282730606
    outer loop
      vertex -10.46578546476676 -1.5774633452086324 20.026317874034927
      vertex -10.55440498936561 -0.7909433105187128 19.858641550134326
      vertex -10.55440498936561 0.7909433105187128 19.858641550134326
    endloop
  endfacet
  facet normal 0.8841153935046091 0 -0.46726862827306354
    outer loop
      vertex -10.175798494467154 -2.8882422090115623 20.575
      vertex -10.318637022532421 -2.355161564993632 20.304736314815802
      vertex -10.175798494467154 2.8882422090115623 20.575
    endloop
  endfacet
  facet normal 0.8467241992282871 1.7673455622891703e-19 -0.5320320765153319
    outer loop
      vertex -10.113782576440514 -3.1196887659650097 20.673697768139174
      vertex -10.175798494467154 -2.8882422090115623 20.575
      vertex -10.175798494467154 2.8882422090115623 20.575
    endloop
  endfacet
  facet normal 0.8045977797666664 -1.2008622271273107e-18 -0.5938201855735042
    outer loop
      vertex -9.535854497879203 -4.592225494820236 21.55267362570718
      vertex -9.70830559821294 -4.196963374206478 21.31901068224756
      vertex -9.70830559821294 4.196963374206478 21.31901068224756
    endloop
  endfacet
  facet normal 0.8467241992282828 -6.790323197785914e-19 -0.5320320765153388
    outer loop
      vertex -9.852367755650258 -3.8667694018939227 21.08973707210331
      vertex -9.70830559821294 4.196963374206478 21.31901068224756
      vertex -9.70830559821294 -4.196963374206478 21.31901068224756
    endloop
  endfacet
  facet normal 0.8045977797666677 -5.851730643237341e-19 -0.5938201855735026
    outer loop
      vertex -9.535854497879203 -4.592225494820236 21.55267362570718
      vertex -9.186519918999348 5.253198776533134 22.02600517184012
      vertex -9.186519918999348 -5.253198776533134 22.02600517184012
    endloop
  endfacet
  facet normal 0.7579717231454528 -3.861396655154764e-19 -0.6522874112781213
    outer loop
      vertex -8.74491118736049 -5.962179494545374 22.539163827808206
      vertex -9.166012873654498 -5.292 22.04983479085147
      vertex -9.166012873654498 5.292 22.04983479085147
    endloop
  endfacet
  facet normal 0.7579717231454655 -7.081541538910702e-20 -0.6522874112781066
    outer loop
      vertex -9.166012873654498 -5.292 22.04983479085147
      vertex -9.186519918999348 -5.253198776533134 22.02600517184012
      vertex -9.186519918999348 5.253198776533134 22.02600517184012
    endloop
  endfacet
  facet normal 0 1 0
    outer loop
      vertex -1.5172346012319724 -11 26.345129031124753
      vertex -0.8780785996404861 -11 26.417144616878865
      vertex -0.7108265312344917 -11 25.924290017554867
    endloop
  endfacet
  facet normal 0 1 0
    outer loop
      vertex -0.7108265312344917 -11 25.924290017554867
      vertex -0.8780785996404861 -11 26.417144616878865
      vertex 0.8780785996404861 -11 26.417144616878865
    endloop
  endfacet
  facet normal 0.11196447610330702 -2.2035749334821795e-15 -0.9937122098932427
    outer loop
      vertex -1.5172346012319724 -11 26.345129031124753
      vertex -1.7512466275700493 -10.715464096014522 26.31876220814526
      vertex -0.8780785996404861 -11 26.417144616878865
    endloop
  endfacet
  facet normal 0.7071067811865493 -4.402167390743099e-19 -0.7071067811865457
    outer loop
      vertex -8.274904410441627 -6.599016062872837 23.030484752367137
      vertex -8.61335949400046 -6.140425709432465 22.692029668808303
      vertex -8.61335949400046 6.140425709432465 22.692029668808303
    endloop
  endfacet
  facet normal 0.7071067811865454 -7.770984206247632e-19 -0.7071067811865498
    outer loop
      vertex -8.274904410441627 -6.599016062872837 23.030484752367137
      vertex -7.9920296688083035 6.927722476093366 23.31335949400046
      vertex -7.9920296688083035 -6.927722476093366 23.31335949400046
    endloop
  endfacet
  facet normal 0.6522874112781204 -8.990780291825693e-17 -0.7579717231454536
    outer loop
      vertex -7.758621011446881 -7.198948256567411 23.514223885416506
      vertex -7.872935772730641 7.066112094021469 23.41584807873176
      vertex -7.326005171840121 -7.631564096174172 23.886519918999348
    endloop
  endfacet
  facet normal 0.6522874112781214 -7.534975924490359e-17 -0.7579717231454528
    outer loop
      vertex -7.758621011446881 -7.198948256567411 23.514223885416506
      vertex -7.9920296688083035 -6.927722476093366 23.31335949400046
      vertex -7.872935772730641 7.066112094021469 23.41584807873176
    endloop
  endfacet
  facet normal 0.5938201855734965 0 -0.804597779766672
    outer loop
      vertex -7.326005171840121 -7.631564096174172 23.886519918999348
      vertex -7.326005171840121 7.631564096174172 23.886519918999348
      vertex -7.198948256567411 -7.758621011446881 23.980292189943864
    endloop
  endfacet
  facet normal 0.5938201855735012 5.97194662512752e-17 -0.8045977797666687
    outer loop
      vertex -7.198948256567411 -7.758621011446881 23.980292189943864
      vertex -7.326005171840121 7.631564096174172 23.886519918999348
      vertex -6.619010682247558 -8.257697649142795 24.408305598212937
    endloop
  endfacet
  facet normal 0.5320320765154375 2.5371707433388365e-20 -0.8467241992282208
    outer loop
      vertex -6.619010682247558 -8.257697649142795 24.408305598212937
      vertex -6.599016062872837 8.274904410441627 24.420869050249344
      vertex -6.599016062872837 -8.274904410441627 24.420869050249344
    endloop
  endfacet
  facet normal 0.7579717231454565 2.3782614175523446e-19 -0.652287411278117
    outer loop
      vertex -8.74491118736049 -5.962179494545374 22.539163827808206
      vertex -8.61335949400046 6.140425709432465 22.692029668808303
      vertex -8.61335949400046 -6.140425709432465 22.692029668808303
    endloop
  endfacet
  facet normal 0.532032076515337 1.270796609124386e-18 -0.8467241992282838
    outer loop
      vertex -5.962179494545374 -8.74491118736049 24.821019987422233
      vertex -6.599016062872837 -8.274904410441627 24.420869050249344
      vertex -6.599016062872837 8.274904410441627 24.420869050249344
    endloop
  endfacet
  facet normal 0.5320320765153346 -1.2558075648962397e-16 -0.8467241992282853
    outer loop
      vertex -5.962179494545374 -8.74491118736049 24.821019987422233
      vertex -6.599016062872837 8.274904410441627 24.420869050249344
      vertex -5.875 -8.799689694405412 24.875798494467155
    endloop
  endfacet
  facet normal 0.46726862827306037 0 -0.8841153935046107
    outer loop
      vertex -5.875 -8.799689694405412 24.875798494467155
      vertex -5.875 8.799689694405412 24.875798494467155
      vertex -5.292 -9.166012873654498 25.18392299075416
    endloop
  endfacet
  facet normal 0.39989202431974935 2.7559099275232064e-16 -0.9165622558699726
    outer loop
      vertex -4.592225494820236 -9.535854497879203 25.50710979376449
      vertex -5.098133934631309 9.268474080753762 25.286384197853423
      vertex -4.292757036305139 -9.666511250684113 25.637766546569402
    endloop
  endfacet
  facet normal 0.46726862827305315 -2.9914880213704806e-16 -0.8841153935046144
    outer loop
      vertex -5.292 -9.166012873654498 25.18392299075416
      vertex -5.875 8.799689694405412 24.875798494467155
      vertex -5.098133934631306 -9.268474080753766 25.286384197853423
    endloop
  endfacet
  facet normal 0.39989202431974247 5.748122017439597e-17 -0.9165622558699755
    outer loop
      vertex -5.098133934631306 -9.268474080753766 25.286384197853423
      vertex -5.098133934631309 9.268474080753762 25.286384197853423
      vertex -4.592225494820236 -9.535854497879203 25.50710979376449
    endloop
  endfacet
  facet normal 0.33027906195516693 -9.787767750524574e-17 -0.9438833303083677
    outer loop
      vertex -3.8667694018939227 -9.852367755650258 25.786826066724156
      vertex -4.292757036305142 9.849378587425809 25.6377665465694
      vertex -3.463373299328124 -9.993522156913256 25.927980467987155
    endloop
  endfacet
  facet normal 0.33027906195516576 -1.2726116781200884e-16 -0.9438833303083681
    outer loop
      vertex -3.8667694018939227 -9.852367755650258 25.786826066724156
      vertex -4.292757036305139 -9.666511250684113 25.637766546569402
      vertex -4.292757036305142 9.849378587425809 25.6377665465694
    endloop
  endfacet
  facet normal 0.25881904510260595 0 -0.9659258262890456
    outer loop
      vertex -3.463373299328124 -9.993522156913256 25.927980467987155
      vertex -3.463373299328124 10.678762324402827 25.927980467987155
      vertex -3.44486068738798 -10 25.93294090740631
    endloop
  endfacet
  facet normal 0.2588190451025185 -8.389111696739783e-17 -0.965925826289069
    outer loop
      vertex -3.44486068738798 -10 25.93294090740631
      vertex -3.463373299328124 10.678762324402827 25.927980467987155
      vertex -3.1196887659650097 -10.113782576440514 26.02007046115287
    endloop
  endfacet
  facet normal 0.25881904510251985 -5.951442151864129e-17 -0.9659258262890684
    outer loop
      vertex -3.1196887659650097 -10.113782576440514 26.02007046115287
      vertex -3.463373299328124 10.678762324402827 25.927980467987155
      vertex -2.6146209739866952 -10.249115083424073 26.15540296813643
    endloop
  endfacet
  facet normal 0.18591160716291655 0 -0.9825664732332877
    outer loop
      vertex -2.6146209739866952 -10.249115083424073 26.15540296813643
      vertex -2.6146209739866952 11 26.15540296813643
      vertex -2.355161564993627 -10.318637022532423 26.204495336982184
    endloop
  endfacet
  facet normal 0.1859116071629059 -1.3487959799074932e-16 -0.9825664732332898
    outer loop
      vertex -2.355161564993627 -10.318637022532423 26.204495336982184
      vertex -2.6146209739866952 11 26.15540296813643
      vertex -1.9920609961628124 -10.387339356829429 26.27319767127919
    endloop
  endfacet
  facet normal 0.18591160716291424 1.171713549759781e-16 -0.9825664732332883
    outer loop
      vertex -1.9920609961628124 -10.387339356829429 26.27319767127919
      vertex -2.6146209739866952 11 26.15540296813643
      vertex -1.7512466275700493 -10.715464096014522 26.31876220814526
    endloop
  endfacet
  facet normal 0.11196447610330772 2.153775729745925e-19 -0.9937122098932426
    outer loop
      vertex -0.8780785996404861 -11 26.417144616878865
      vertex -1.7512466275700493 -10.715464096014522 26.31876220814526
      vertex -1.7512466275700493 11 26.31876220814526
    endloop
  endfacet
  facet normal 0.03739119427632693 0 -0.9993007047883985
    outer loop
      vertex -0.8780785996404861 -11 26.417144616878865
      vertex -0.8780785996404861 11 26.417144616878865
      vertex 0 -11 26.45
    endloop
  endfacet
  facet normal 0.884115393504603 0 -0.4672686282730747
    outer loop
      vertex -10.55440498936561 -0.7909433105187128 19.858641550134326
      vertex -10.584 0 19.802645057133077
      vertex -10.55440498936561 0.7909433105187128 19.858641550134326
    endloop
  endfacet
  facet normal 0.8841153935046104 0 -0.46726862827306065
    outer loop
      vertex -10.46578546476676 -1.5774633452086324 20.026317874034927
      vertex -10.55440498936561 0.7909433105187128 19.858641550134326
      vertex -10.46578546476676 1.5774633452086324 20.026317874034927
    endloop
  endfacet
  facet normal 0.8841153935046112 0 -0.4672686282730593
    outer loop
      vertex -10.318637022532421 -2.355161564993632 20.304736314815802
      vertex -10.46578546476676 1.5774633452086324 20.026317874034927
      vertex -10.318637022532421 2.355161564993632 20.304736314815802
    endloop
  endfacet
  facet normal 0.8841153935046089 0 -0.4672686282730635
    outer loop
      vertex -10.318637022532421 -2.355161564993632 20.304736314815802
      vertex -10.318637022532421 2.355161564993632 20.304736314815802
      vertex -10.175798494467154 2.8882422090115623 20.575
    endloop
  endfacet
  facet normal 0.8467241992282871 0 -0.5320320765153318
    outer loop
      vertex -10.113782576440514 -3.1196887659650097 20.673697768139174
      vertex -10.175798494467154 2.8882422090115623 20.575
      vertex -10.113782576440514 3.1196887659650097 20.673697768139174
    endloop
  endfacet
  facet normal 0.8467241992282848 0 -0.5320320765153357
    outer loop
      vertex -9.852367755650258 -3.8667694018939227 21.08973707210331
      vertex -10.113782576440514 3.1196887659650097 20.673697768139174
      vertex -9.852367755650258 3.8667694018939227 21.08973707210331
    endloop
  endfacet
  facet normal 0.8467241992282828 0 -0.5320320765153388
    outer loop
      vertex -9.852367755650258 -3.8667694018939227 21.08973707210331
      vertex -9.852367755650258 3.8667694018939227 21.08973707210331
      vertex -9.70830559821294 4.196963374206478 21.31901068224756
    endloop
  endfacet
  facet normal 0.8045977797666664 0 -0.5938201855735042
    outer loop
      vertex -9.535854497879203 -4.592225494820236 21.55267362570718
      vertex -9.70830559821294 4.196963374206478 21.31901068224756
      vertex -9.535854497879203 4.592225494820236 21.55267362570718
    endloop
  endfacet
  facet normal 0.8045977797666676 0 -0.5938201855735026
    outer loop
      vertex -9.535854497879203 -4.592225494820236 21.55267362570718
      vertex -9.535854497879203 4.592225494820236 21.55267362570718
      vertex -9.186519918999348 5.253198776533134 22.02600517184012
    endloop
  endfacet
  facet normal 0.7579717231454656 0 -0.6522874112781066
    outer loop
      vertex -9.166012873654498 -5.292 22.04983479085147
      vertex -9.186519918999348 5.253198776533134 22.02600517184012
      vertex -9.166012873654498 5.292 22.04983479085147
    endloop
  endfacet
  facet normal 0.7579717231454527 0 -0.6522874112781214
    outer loop
      vertex -8.74491118736049 -5.962179494545374 22.539163827808206
      vertex -9.166012873654498 5.292 22.04983479085147
      vertex -8.74491118736049 5.962179494545374 22.539163827808206
    endloop
  endfacet
  facet normal 0.7579717231454565 0 -0.652287411278117
    outer loop
      vertex -8.74491118736049 -5.962179494545374 22.539163827808206
      vertex -8.74491118736049 5.962179494545374 22.539163827808206
      vertex -8.61335949400046 6.140425709432465 22.692029668808303
    endloop
  endfacet
  facet normal 0.7071067811865493 0 -0.7071067811865456
    outer loop
      vertex -8.274904410441627 -6.599016062872837 23.030484752367137
      vertex -8.61335949400046 6.140425709432465 22.692029668808303
      vertex -8.274904410441627 6.599016062872837 23.030484752367137
    endloop
  endfacet
  facet normal 0.7071067811865452 0 -0.7071067811865497
    outer loop
      vertex -8.274904410441627 -6.599016062872837 23.030484752367137
      vertex -8.274904410441627 6.599016062872837 23.030484752367137
      vertex -7.9920296688083035 6.927722476093366 23.31335949400046
    endloop
  endfacet
  facet normal 0.6522874112781164 0 -0.757971723145457
    outer loop
      vertex -7.9920296688083035 -6.927722476093366 23.31335949400046
      vertex -7.9920296688083035 6.927722476093366 23.31335949400046
      vertex -7.872935772730641 7.066112094021469 23.41584807873176
    endloop
  endfacet
  facet normal 0.6522874112781218 0 -0.7579717231454526
    outer loop
      vertex -7.326005171840121 -7.631564096174172 23.886519918999348
      vertex -7.872935772730641 7.066112094021469 23.41584807873176
      vertex -7.326005171840121 7.631564096174172 23.886519918999348
    endloop
  endfacet
  facet normal 0.5938201855734965 -2.5786995785603126e-16 -0.8045977797666721
    outer loop
      vertex -6.619010682247558 -8.257697649142795 24.408305598212937
      vertex -7.326005171840121 7.631564096174172 23.886519918999348
      vertex -7.198948256567411 7.758621011446881 23.980292189943864
    endloop
  endfacet
  facet normal 0.5938201855735029 9.580484108608502e-17 -0.8045977797666674
    outer loop
      vertex -6.619010682247558 -8.257697649142795 24.408305598212937
      vertex -7.198948256567411 7.758621011446881 23.980292189943864
      vertex -6.619010682247561 8.257697649142793 24.408305598212937
    endloop
  endfacet
  facet normal 0.5320320765153865 8.58361668760538e-17 -0.8467241992282527
    outer loop
      vertex -6.619010682247558 -8.257697649142795 24.408305598212937
      vertex -6.619010682247561 8.257697649142793 24.408305598212937
      vertex -6.599016062872837 8.274904410441627 24.420869050249344
    endloop
  endfacet
  facet normal 0.5320320765153352 -8.625335137788209e-17 -0.8467241992282849
    outer loop
      vertex -5.875 -8.799689694405412 24.875798494467155
      vertex -6.599016062872837 8.274904410441627 24.420869050249344
      vertex -5.962179494545377 8.744911187360488 24.82101998742223
    endloop
  endfacet
  facet normal 0.5320320765153477 0 -0.8467241992282771
    outer loop
      vertex -5.875 -8.799689694405412 24.875798494467155
      vertex -5.962179494545377 8.744911187360488 24.82101998742223
      vertex -5.875 8.799689694405412 24.875798494467155
    endloop
  endfacet
  facet normal 0.4672686282730603 9.419723553037861e-17 -0.8841153935046107
    outer loop
      vertex -5.098133934631306 -9.268474080753766 25.286384197853423
      vertex -5.875 8.799689694405412 24.875798494467155
      vertex -5.292 9.166012873654498 25.18392299075416
    endloop
  endfacet
  facet normal 0.46726862827305826 6.716605800788816e-17 -0.8841153935046117
    outer loop
      vertex -5.098133934631306 -9.268474080753766 25.286384197853423
      vertex -5.292 9.166012873654498 25.18392299075416
      vertex -5.098133934631309 9.268474080753762 25.286384197853423
    endloop
  endfacet
  facet normal 0.3998920243197392 -2.361403740562609e-16 -0.9165622558699771
    outer loop
      vertex -4.292757036305139 -9.666511250684113 25.637766546569402
      vertex -5.098133934631309 9.268474080753762 25.286384197853423
      vertex -4.622036928653671 9.52009869507728 25.494103198143538
    endloop
  endfacet
  facet normal 0.3998920243197453 -1.1225503338261757e-16 -0.9165622558699743
    outer loop
      vertex -4.292757036305139 -9.666511250684113 25.637766546569402
      vertex -4.622036928653671 9.52009869507728 25.494103198143538
      vertex -4.292757036305142 9.849378587425809 25.6377665465694
    endloop
  endfacet
  facet normal 0.6522874112781213 6.592788522122865e-16 -0.7579717231454528
    outer loop
      vertex -7.872935772730641 7.066112094021469 23.41584807873176
      vertex -7.944481229690194 9.429388610538782 23.35427823452281
      vertex -7.326005171840121 7.631564096174172 23.886519918999348
    endloop
  endfacet
  facet normal 0.33027906195517326 2.0062470074318173e-16 -0.9438833303083654
    outer loop
      vertex -3.463373299328124 -9.993522156913256 25.927980467987155
      vertex -4.292757036305142 9.849378587425809 25.6377665465694
      vertex -4.142135623730951 10 25.69047125832558
    endloop
  endfacet
  facet normal 0.33027906195516804 0 -0.9438833303083672
    outer loop
      vertex -3.463373299328124 -9.993522156913256 25.927980467987155
      vertex -4.142135623730951 10 25.69047125832558
      vertex -3.463373299328124 10.678762324402827 25.927980467987155
    endloop
  endfacet
  facet normal 0.25881904510252146 8.682622057615615e-18 -0.9659258262890681
    outer loop
      vertex -2.6146209739866952 -10.249115083424073 26.15540296813643
      vertex -3.463373299328124 10.678762324402827 25.927980467987155
      vertex -3.142135623730951 11 26.01405584374187
    endloop
  endfacet
  facet normal 0.2588190451025211 0 -0.9659258262890681
    outer loop
      vertex -2.6146209739866952 -10.249115083424073 26.15540296813643
      vertex -3.142135623730951 11 26.01405584374187
      vertex -2.6146209739866952 11 26.15540296813643
    endloop
  endfacet
  facet normal 0.1859116071629114 0 -0.9825664732332888
    outer loop
      vertex -1.7512466275700493 -10.715464096014522 26.31876220814526
      vertex -2.6146209739866952 11 26.15540296813643
      vertex -1.7512466275700493 11 26.31876220814526
    endloop
  endfacet
  facet normal 0.11196447610330772 0 -0.9937122098932427
    outer loop
      vertex -0.8780785996404861 -11 26.417144616878865
      vertex -1.7512466275700493 11 26.31876220814526
      vertex -0.8780785996404861 11 26.417144616878865
    endloop
  endfacet
  facet normal 0.6522874112781203 0 -0.7579717231454537
    outer loop
      vertex -7.326005171840121 7.631564096174172 23.886519918999348
      vertex -7.944481229690194 9.429388610538782 23.35427823452281
      vertex -7.326005171840121 10 23.886519918999348
    endloop
  endfacet
  facet normal 0 -1 0
    outer loop
      vertex -3.1421356237309515 11 24.467235368701832
      vertex -1.980017255207951 11 24.825757641834436
      vertex -3.142135623730951 11 26.01405584374187
    endloop
  endfacet
  facet normal 0 -1 0
    outer loop
      vertex -3.142135623730951 11 26.01405584374187
      vertex -1.980017255207951 11 24.825757641834436
      vertex -0.6055303165577511 11 25.339426564368747
    endloop
  endfacet
  facet normal 0 -1 0
    outer loop
      vertex -3.142135623730951 11 26.01405584374187
      vertex 0.7108265312344922 11 25.924290017554867
      vertex -2.6146209739866952 11 26.15540296813643
    endloop
  endfacet
  facet normal 0 -1 0
    outer loop
      vertex -2.6146209739866952 11 26.15540296813643
      vertex 0.7108265312344922 11 25.924290017554867
      vertex -1.7512466275700493 11 26.31876220814526
    endloop
  endfacet
  facet normal 0 -1 0
    outer loop
      vertex -3.142135623730951 11 26.01405584374187
      vertex -0.6055303165577511 11 25.339426564368747
      vertex 0.7108265312344922 11 25.924290017554867
    endloop
  endfacet
  facet normal 0 -1 0
    outer loop
      vertex -1.7512466275700493 11 26.31876220814526
      vertex 0.7108265312344922 11 25.924290017554867
      vertex -0.8780785996404861 11 26.417144616878865
    endloop
  endfacet
  facet normal 0.03739119427632693 -3.970424365708801e-20 -0.9993007047883985
    outer loop
      vertex -0.8780785996404861 11 26.417144616878865
      vertex 0 11 26.45
      vertex 0 -11 26.45
    endloop
  endfacet
  facet normal 0 1 0
    outer loop
      vertex -0.7108265312344917 -11 25.924290017554867
      vertex 0.8780785996404861 -11 26.417144616878865
      vertex 1.7512466275700493 -11 26.31876220814526
    endloop
  endfacet
  facet normal 0 1 0
    outer loop
      vertex -0.7108265312344917 -11 25.924290017554867
      vertex 3.142135623730951 -11 26.01405584374187
      vertex 0.6055303165577514 -11 25.339426564368747
    endloop
  endfacet
  facet normal 0 1 0
    outer loop
      vertex -0.7108265312344917 -11 25.924290017554867
      vertex 1.7512466275700493 -11 26.31876220814526
      vertex 2.6146209739866952 -11 26.15540296813643
    endloop
  endfacet
  facet normal 0 1 0
    outer loop
      vertex 0.6055303165577514 -11 25.339426564368747
      vertex 3.142135623730951 -11 26.01405584374187
      vertex 1.9800172552079502 -11 24.825757641834436
    endloop
  endfacet
  facet normal 0 1 0
    outer loop
      vertex -0.7108265312344917 -11 25.924290017554867
      vertex 2.6146209739866952 -11 26.15540296813643
      vertex 3.142135623730951 -11 26.01405584374187
    endloop
  endfacet
  facet normal 0 1 0
    outer loop
      vertex 1.9800172552079502 -11 24.825757641834436
      vertex 3.142135623730951 -11 26.01405584374187
      vertex 3.1421356237309515 -11 24.467235368701836
    endloop
  endfacet
  facet normal -0.11196447610330772 0 -0.9937122098932427
    outer loop
      vertex 0.8780785996404861 -11 26.417144616878865
      vertex 0.8780785996404861 11 26.417144616878865
      vertex 1.7512466275700493 -11 26.31876220814526
    endloop
  endfacet
  facet normal -0.18591160716291139 0 -0.9825664732332888
    outer loop
      vertex 1.7512466275700493 -11 26.31876220814526
      vertex 1.7512466275700493 10.715464096014529 26.31876220814526
      vertex 2.6146209739866952 -11 26.15540296813643
    endloop
  endfacet
  facet normal -0.2588190451025211 0 -0.9659258262890681
    outer loop
      vertex 2.6146209739866952 -11 26.15540296813643
      vertex 2.6146209739866952 10.249115083424073 26.15540296813643
      vertex 3.142135623730951 -11 26.01405584374187
    endloop
  endfacet
  facet normal -0.2588190451025214 -8.163096920543852e-18 -0.9659258262890681
    outer loop
      vertex 3.142135623730951 -11 26.01405584374187
      vertex 2.6146209739866952 10.249115083424073 26.15540296813643
      vertex 3.463373299328124 -10.678762324402827 25.927980467987155
    endloop
  endfacet
  facet normal -0.33027906195516754 -7.707260454808677e-17 -0.9438833303083675
    outer loop
      vertex 3.463373299328124 -10.678762324402827 25.927980467987155
      vertex 3.463373299328129 9.993522156913254 25.92798046798715
      vertex 4.142135623730952 -10 25.69047125832558
    endloop
  endfacet
  facet normal -0.330279061955175 -3.595429259305493e-16 -0.9438833303083649
    outer loop
      vertex 4.142135623730952 -10 25.69047125832558
      vertex 3.463373299328129 9.993522156913254 25.92798046798715
      vertex 4.292757036305142 -9.849378587425809 25.6377665465694
    endloop
  endfacet
  facet normal -0.39989202431974613 0 -0.916562255869974
    outer loop
      vertex 4.292757036305142 -9.849378587425809 25.6377665465694
      vertex 4.292757036305142 9.666511250684113 25.6377665465694
      vertex 4.62203692865367 -9.520098695077282 25.494103198143538
    endloop
  endfacet
  facet normal -0.39989202431973847 1.538474541354831e-16 -0.9165622558699772
    outer loop
      vertex 5.098133934631309 -9.268474080753764 25.286384197853423
      vertex 4.62203692865367 -9.520098695077282 25.494103198143538
      vertex 4.292757036305142 9.666511250684113 25.6377665465694
    endloop
  endfacet
  facet normal -0.46726862827305826 -6.716605800788816e-17 -0.8841153935046117
    outer loop
      vertex 5.098133934631309 -9.268474080753764 25.286384197853423
      vertex 5.098133934631306 9.268474080753764 25.286384197853423
      vertex 5.292 -9.166012873654498 25.18392299075416
    endloop
  endfacet
  facet normal -0.4672686282730603 -9.459694847854773e-17 -0.8841153935046107
    outer loop
      vertex 5.292 -9.166012873654498 25.18392299075416
      vertex 5.098133934631306 9.268474080753764 25.286384197853423
      vertex 5.875 -8.799689694405412 24.875798494467155
    endloop
  endfacet
  facet normal -0.5320320765153347 1.548126474476373e-19 -0.8467241992282853
    outer loop
      vertex 5.962179494545374 -8.74491118736049 24.821019987422233
      vertex 5.875 -8.799689694405412 24.875798494467155
      vertex 5.875 8.799689694405414 24.875798494467155
    endloop
  endfacet
  facet normal -0.5320320765153358 -7.386411372812606e-18 -0.8467241992282848
    outer loop
      vertex 5.962179494545374 -8.74491118736049 24.821019987422233
      vertex 5.875 8.799689694405414 24.875798494467155
      vertex 6.599016062872834 -8.274904410441628 24.420869050249348
    endloop
  endfacet
  facet normal -0.6522874112781195 1.3847154267387288e-16 -0.7579717231454545
    outer loop
      vertex 7.3260051718401185 -7.6315640961741735 23.886519918999348
      vertex 7.326005171840118 7.631564096174174 23.88651991899935
      vertex 7.758621011446884 -7.198948256567408 23.514223885416502
    endloop
  endfacet
  facet normal -0.7071067811865464 -9.572208370163341e-17 -0.7071067811865487
    outer loop
      vertex 7.992029668808303 -6.927722476093366 23.31335949400046
      vertex 8.274904410441627 6.599016062872835 23.030484752367133
      vertex 8.274904410441628 -6.599016062872834 23.030484752367133
    endloop
  endfacet
  facet normal -0.5320320765153528 2.855255997597457e-17 -0.8467241992282741
    outer loop
      vertex 6.599016062872834 -8.274904410441628 24.420869050249348
      vertex 6.599016062872835 8.274904410441627 24.420869050249348
      vertex 6.619010682247559 -8.257697649142793 24.40830559821294
    endloop
  endfacet
  facet normal -0.5938201855735041 -3.193494702869508e-17 -0.8045977797666665
    outer loop
      vertex 6.619010682247559 -8.257697649142793 24.40830559821294
      vertex 6.619010682247558 8.257697649142793 24.40830559821294
      vertex 7.198948256567408 -7.758621011446884 23.980292189943867
    endloop
  endfacet
  facet normal -0.5938201855735082 -2.6361516617756646e-16 -0.8045977797666635
    outer loop
      vertex 7.3260051718401185 -7.6315640961741735 23.886519918999348
      vertex 7.198948256567408 -7.758621011446884 23.980292189943867
      vertex 6.619010682247558 8.257697649142793 24.40830559821294
    endloop
  endfacet
  facet normal -0.6522874112781207 7.921429302677871e-17 -0.7579717231454535
    outer loop
      vertex 7.758621011446884 -7.198948256567408 23.514223885416502
      vertex 7.326005171840118 7.631564096174174 23.88651991899935
      vertex 7.992029668808303 -6.927722476093366 23.31335949400046
    endloop
  endfacet
  facet normal -0.7071067811865475 -9.517130697816463e-17 -0.7071067811865476
    outer loop
      vertex 8.274904410441628 -6.599016062872834 23.030484752367133
      vertex 8.274904410441627 6.599016062872835 23.030484752367133
      vertex 8.613359494000463 -6.14042570943246 22.6920296688083
    endloop
  endfacet
  facet normal -0.75797172314545 -1.9465435786780124e-16 -0.6522874112781245
    outer loop
      vertex 8.613359494000463 -6.14042570943246 22.6920296688083
      vertex 8.74491118736049 5.962179494545376 22.539163827808206
      vertex 8.74491118736049 -5.962179494545374 22.53916382780821
    endloop
  endfacet
  facet normal -0.9937122098932429 -3.0184233947907586e-16 -0.11196447610330455
    outer loop
      vertex 11.717144616878867 -10 15.578078599640483
      vertex 11.70372883386974 -10 15.697146967085425
      vertex 11.700747548756599 -6.666666666666636 15.72360660429541
    endloop
  endfacet
  facet normal -0.9165622558699764 7.952372858827824e-18 0.3998920243197407
    outer loop
      vertex 10.698187672444872 -10 9.858122351199745
      vertex 10.9377665465694 -10 10.407242963694856
      vertex 10.682215747503236 4.999999999999987 9.821514310366734
    endloop
  endfacet
  facet normal -0.9165622558699692 5.501111463227277e-17 0.39989202431975696
    outer loop
      vertex 10.698187672444872 -10 9.858122351199745
      vertex 10.682215747503236 4.999999999999987 9.821514310366734
      vertex 10.674229785032418 -5.000000000000013 9.803210289950233
    endloop
  endfacet
  facet normal -0.9438833303083678 4.844342347276527e-19 0.3302790619551667
    outer loop
      vertex 10.9377665465694 -10 10.407242963694856
      vertex 11.227980467987152 -10 11.23662670067187
      vertex 11.227980467987152 9.999999999999877 11.23662670067187
    endloop
  endfacet
  facet normal -0.9659258262890682 -6.664519680928112e-18 0.25881904510252085
    outer loop
      vertex 11.33652302487658 -10 11.641713037766651
      vertex 11.455402968136427 -10 12.085379026013305
      vertex 11.346860411247 10 11.680292688918529
    endloop
  endfacet
  facet normal -0.982566473233288 -3.317600193611468e-17 0.1859116071629155
    outer loop
      vertex 11.455402968136427 -10 12.085379026013305
      vertex 11.618762208145261 -10 12.94875337242995
      vertex 11.618762208145261 10 12.948753372429954
    endloop
  endfacet
  facet normal -0.9937122098932426 -1.9888886289597608e-17 0.11196447610330745
    outer loop
      vertex 11.618762208145261 -10 12.94875337242995
      vertex 11.700933879076171 -10 13.678047123030213
      vertex 11.618762208145261 10 12.948753372429954
    endloop
  endfacet
  facet normal -0.9993007047883986 3.3621570297996247e-18 -0.03739119427632503
    outer loop
      vertex 11.75 -10 14.7
      vertex 11.717144616878867 -10 15.578078599640483
      vertex 11.717144616878867 10 15.578078599640484
    endloop
  endfacet
  facet normal -0.9993007047883982 2.9118914202257914e-21 0.03739119427633489
    outer loop
      vertex 11.748506573494494 -10 14.660087336379977
      vertex 11.75 -10 14.7
      vertex 11.75 10 14.7
    endloop
  endfacet
  facet normal -0.9937122098932422 9.944443144799172e-18 -0.11196447610331159
    outer loop
      vertex 11.717144616878867 -10 15.578078599640483
      vertex 11.700747548756599 -6.666666666666636 15.72360660429541
      vertex 11.717144616878867 10 15.578078599640484
    endloop
  endfacet
  facet normal -0.884115393504609 -1.0230169749678379e-16 -0.4672686282730636
    outer loop
      vertex 10.194461480984712 -10 20.539687906119603
      vertex 10.330705838832925 -2.6997558659736476 20.281900999909062
      vertex 10.586384197853425 -10 19.79813393463131
    endloop
  endfacet
  facet normal -0.8841153935046101 3.5746387638463196e-19 -0.46726862827306126
    outer loop
      vertex 10.194461480984712 -10 20.539687906119603
      vertex 10.175798494467154 -2.888242209011561 20.575
      vertex 10.330705838832925 -2.6997558659736476 20.281900999909062
    endloop
  endfacet
  facet normal -0.9165622558699776 4.50529969097563e-17 -0.39989202431973764
    outer loop
      vertex 10.770061334682229 -10 19.37714146505172
      vertex 10.586384197853425 -10 19.79813393463131
      vertex 10.754089409740594 10 19.41374950588473
    endloop
  endfacet
  facet normal -0.8841153935046092 1.6649451138564674e-17 -0.4672686282730632
    outer loop
      vertex 10.175798494467154 -2.888242209011561 20.575
      vertex 10.318637022532421 2.3551615649936313 20.304736314815802
      vertex 10.318637022532423 -2.355161564993627 20.3047363148158
    endloop
  endfacet
  facet normal -0.8467241992282848 1.933249642500407e-16 -0.5320320765153354
    outer loop
      vertex 10.113782576440512 -3.119688765965014 20.673697768139174
      vertex 9.852367755650256 -3.866769401893928 21.08973707210331
      vertex 9.852367755650258 3.8667694018939245 21.08973707210331
    endloop
  endfacet
  facet normal -0.8467241992282803 0 -0.5320320765153428
    outer loop
      vertex 10.113782576440512 -3.119688765965014 20.673697768139174
      vertex 10.113782576440512 3.11968876596501 20.673697768139174
      vertex 10.175798494467154 -2.888242209011561 20.575
    endloop
  endfacet
  facet normal -0.8841153935046083 0 -0.46726862827306476
    outer loop
      vertex 10.586384197853425 -10 19.79813393463131
      vertex 10.330705838832925 -2.6997558659736476 20.281900999909062
      vertex 10.586384197853425 10 19.79813393463131
    endloop
  endfacet
  facet normal -0.9659258262890693 9.063257125428932e-17 -0.25881904510251696
    outer loop
      vertex 11.346860411247 -10 17.719707311081464
      vertex 11.227980467987154 -10 18.163373299328125
      vertex 11.33652302487658 10 17.75828696223335
    endloop
  endfacet
  facet normal -0.757971723145455 -1.9434087909272558e-16 -0.6522874112781188
    outer loop
      vertex 8.74491118736049 -5.962179494545374 22.53916382780821
      vertex 8.74491118736049 5.962179494545376 22.539163827808206
      vertex 9.166012873654498 -5.292 22.04983479085147
    endloop
  endfacet
  facet normal -0.7579717231454578 9.235601360119692e-17 -0.6522874112781156
    outer loop
      vertex 9.166012873654498 -5.292 22.04983479085147
      vertex 9.18651991899935 5.2531987765331305 22.02600517184012
      vertex 9.186519918999352 -5.253198776533128 22.026005171840115
    endloop
  endfacet
  facet normal -0.8045977797666684 2.2169950528767244e-18 -0.5938201855735015
    outer loop
      vertex 9.186519918999352 -5.253198776533128 22.026005171840115
      vertex 9.535854497879203 4.592225494820235 21.55267362570718
      vertex 9.535854497879203 -4.592225494820236 21.55267362570718
    endloop
  endfacet
  facet normal -0.8045977797666665 0 -0.5938201855735044
    outer loop
      vertex 9.535854497879203 -4.592225494820236 21.55267362570718
      vertex 9.535854497879203 4.592225494820235 21.55267362570718
      vertex 9.70830559821294 -4.1969633742064785 21.31901068224756
    endloop
  endfacet
  facet normal -0.8467241992282858 1.9522551166322547e-16 -0.5320320765153338
    outer loop
      vertex 9.70830559821294 -4.1969633742064785 21.31901068224756
      vertex 9.852367755650258 3.8667694018939245 21.08973707210331
      vertex 9.852367755650256 -3.866769401893928 21.08973707210331
    endloop
  endfacet
  facet normal 0 1 0
    outer loop
      vertex -0.8780785996404861 -11 26.417144616878865
      vertex 0 -11 26.45
      vertex 0.8780785996404861 -11 26.417144616878865
    endloop
  endfacet
  facet normal -0.03739119427632693 0 -0.9993007047883985
    outer loop
      vertex 0 -11 26.45
      vertex 0 11 26.45
      vertex 0.8780785996404861 -11 26.417144616878865
    endloop
  endfacet
  facet normal -0.11196447610330772 0 -0.9937122098932426
    outer loop
      vertex 1.7512466275700493 -11 26.31876220814526
      vertex 0.8780785996404861 11 26.417144616878865
      vertex 1.7512466275700493 10.715464096014529 26.31876220814526
    endloop
  endfacet
  facet normal -0.1859116071629099 6.356378086477554e-17 -0.9825664732332893
    outer loop
      vertex 2.6146209739866952 -11 26.15540296813643
      vertex 1.7512466275700493 10.715464096014529 26.31876220814526
      vertex 1.992060996162818 10.387339356829429 26.27319767127919
    endloop
  endfacet
  facet normal -0.18591160716291533 -1.0097393342823018e-16 -0.9825664732332882
    outer loop
      vertex 2.6146209739866952 -11 26.15540296813643
      vertex 1.992060996162818 10.387339356829429 26.27319767127919
      vertex 2.355161564993632 10.318637022532421 26.20449533698218
    endloop
  endfacet
  facet normal -0.18591160716290728 0 -0.9825664732332896
    outer loop
      vertex 2.6146209739866952 -11 26.15540296813643
      vertex 2.355161564993632 10.318637022532421 26.20449533698218
      vertex 2.6146209739866952 10.249115083424073 26.15540296813643
    endloop
  endfacet
  facet normal -0.25881904510251985 5.936202237315065e-17 -0.9659258262890684
    outer loop
      vertex 3.463373299328124 -10.678762324402827 25.927980467987155
      vertex 2.6146209739866952 10.249115083424073 26.15540296813643
      vertex 3.1196887659650097 10.113782576440514 26.02007046115287
    endloop
  endfacet
  facet normal -0.2588190451025185 8.3891108286026e-17 -0.965925826289069
    outer loop
      vertex 3.463373299328124 -10.678762324402827 25.927980467987155
      vertex 3.1196887659650097 10.113782576440514 26.02007046115287
      vertex 3.44486068738798 10 25.93294090740631
    endloop
  endfacet
  facet normal -0.2588190451027094 -9.928234853835016e-17 -0.9659258262890178
    outer loop
      vertex 3.463373299328124 -10.678762324402827 25.927980467987155
      vertex 3.44486068738798 10 25.93294090740631
      vertex 3.463373299328129 9.993522156913254 25.92798046798715
    endloop
  endfacet
  facet normal -0.33027906195516854 0 -0.9438833303083671
    outer loop
      vertex 4.292757036305142 -9.849378587425809 25.6377665465694
      vertex 3.5018239939440132 9.980067676956383 25.91452598803028
      vertex 4.292757036305142 9.666511250684113 25.6377665465694
    endloop
  endfacet
  facet normal -0.33027906195514267 1.1647301086654227e-15 -0.943883330308376
    outer loop
      vertex 4.292757036305142 -9.849378587425809 25.6377665465694
      vertex 3.463373299328129 9.993522156913254 25.92798046798715
      vertex 3.5018239939440132 9.980067676956383 25.91452598803028
    endloop
  endfacet
  facet normal -0.3998920243197408 -5.748122017439573e-17 -0.9165622558699764
    outer loop
      vertex 5.098133934631309 -9.268474080753764 25.286384197853423
      vertex 4.592225494820234 9.535854497879203 25.50710979376449
      vertex 5.098133934631306 9.268474080753764 25.286384197853423
    endloop
  endfacet
  facet normal -0.4672686282730531 2.9673968513742605e-16 -0.8841153935046144
    outer loop
      vertex 5.875 -8.799689694405412 24.875798494467155
      vertex 5.098133934631306 9.268474080753764 25.286384197853423
      vertex 5.292 9.166012873654498 25.18392299075416
    endloop
  endfacet
  facet normal -0.3998920243197461 -2.3008081362140215e-16 -0.916562255869974
    outer loop
      vertex 5.098133934631309 -9.268474080753764 25.286384197853423
      vertex 4.292757036305142 9.666511250684113 25.6377665465694
      vertex 4.592225494820234 9.535854497879203 25.50710979376449
    endloop
  endfacet
  facet normal -0.46726862827306037 0 -0.8841153935046107
    outer loop
      vertex 5.875 -8.799689694405412 24.875798494467155
      vertex 5.292 9.166012873654498 25.18392299075416
      vertex 5.875 8.799689694405414 24.875798494467155
    endloop
  endfacet
  facet normal -0.5320320765153265 5.239850195494062e-16 -0.8467241992282905
    outer loop
      vertex 6.599016062872834 -8.274904410441628 24.420869050249348
      vertex 5.875 8.799689694405414 24.875798494467155
      vertex 5.962179494545376 8.74491118736049 24.821019987422233
    endloop
  endfacet
  facet normal -0.5320320765153362 2.855255997597368e-17 -0.8467241992282842
    outer loop
      vertex 6.599016062872834 -8.274904410441628 24.420869050249348
      vertex 5.962179494545376 8.74491118736049 24.821019987422233
      vertex 6.599016062872835 8.274904410441627 24.420869050249348
    endloop
  endfacet
  facet normal -0.7579717231454566 -3.0573295580219486e-17 -0.6522874112781171
    outer loop
      vertex 8.613359494000463 -6.14042570943246 22.6920296688083
      vertex 8.61335949400046 6.140425709432465 22.692029668808303
      vertex 8.74491118736049 5.962179494545376 22.539163827808206
    endloop
  endfacet
  facet normal -0.652287411278121 5.652942419801466e-17 -0.7579717231454531
    outer loop
      vertex 7.992029668808303 -6.927722476093366 23.31335949400046
      vertex 7.326005171840118 7.631564096174174 23.88651991899935
      vertex 7.758621011446881 7.1989482565674106 23.514223885416506
    endloop
  endfacet
  facet normal -0.6522874112781205 6.891252542519649e-17 -0.7579717231454535
    outer loop
      vertex 7.992029668808303 -6.927722476093366 23.31335949400046
      vertex 7.758621011446881 7.1989482565674106 23.514223885416506
      vertex 7.9920296688083 6.9277224760933676 23.313359494000462
    endloop
  endfacet
  facet normal -0.7071067811865497 4.532781052075679e-17 -0.7071067811865454
    outer loop
      vertex 7.992029668808303 -6.927722476093366 23.31335949400046
      vertex 7.9920296688083 6.9277224760933676 23.313359494000462
      vertex 8.274904410441627 6.599016062872835 23.030484752367133
    endloop
  endfacet
  facet normal -0.7071067811865457 1.0736084083765988e-30 -0.7071067811865493
    outer loop
      vertex 8.613359494000463 -6.14042570943246 22.6920296688083
      vertex 8.274904410441627 6.599016062872835 23.030484752367133
      vertex 8.61335949400046 6.140425709432465 22.692029668808303
    endloop
  endfacet
  facet normal -0.5320320765153866 -2.861205562535128e-17 -0.8467241992282527
    outer loop
      vertex 6.619010682247559 -8.257697649142793 24.40830559821294
      vertex 6.599016062872835 8.274904410441627 24.420869050249348
      vertex 6.619010682247558 8.257697649142793 24.40830559821294
    endloop
  endfacet
  facet normal -0.593820185573505 -3.921214856782719e-17 -0.8045977797666659
    outer loop
      vertex 7.3260051718401185 -7.6315640961741735 23.886519918999348
      vertex 6.619010682247558 8.257697649142793 24.40830559821294
      vertex 7.1989482565674106 7.758621011446881 23.980292189943864
    endloop
  endfacet
  facet normal -0.5938201855734899 1.5272670416733448e-16 -0.8045977797666769
    outer loop
      vertex 7.3260051718401185 -7.6315640961741735 23.886519918999348
      vertex 7.1989482565674106 7.758621011446881 23.980292189943864
      vertex 7.326005171840118 7.631564096174174 23.88651991899935
    endloop
  endfacet
  facet normal -0.11196447610331124 -1.092437708943901e-14 -0.9937122098932424
    outer loop
      vertex 1.7512466275700493 10.715464096014529 26.31876220814526
      vertex 0.8780785996404861 11 26.417144616878865
      vertex 1.5172346012319795 11 26.34512903112475
    endloop
  endfacet
  facet normal 0 -1 0
    outer loop
      vertex -0.8780785996404861 11 26.417144616878865
      vertex 0.7108265312344922 11 25.924290017554867
      vertex 0.8780785996404861 11 26.417144616878865
    endloop
  endfacet
  facet normal 0 -1 0
    outer loop
      vertex 0.7108265312344922 11 25.924290017554867
      vertex 1.5172346012319795 11 26.34512903112475
      vertex 0.8780785996404861 11 26.417144616878865
    endloop
  endfacet
  facet normal -0.25881904510260595 3.1687174255046895e-13 -0.9659258262890456
    outer loop
      vertex 3.44486068738798 10 25.93294090740631
      vertex 3.463373299328124 10 25.927980467987155
      vertex 3.463373299328129 9.993522156913254 25.92798046798715
    endloop
  endfacet
  facet normal -0.3302790619551658 -1.1813233638815095e-13 -0.9438833303083679
    outer loop
      vertex 3.501599970684378 9.98601005500438 25.914604377159183
      vertex 4.292757036305142 9.999999999999998 25.6377665465694
      vertex 3.5018239939440132 9.980067676956383 25.91452598803028
    endloop
  endfacet
  facet normal -0.3302790619551685 0 -0.9438833303083671
    outer loop
      vertex 4.292757036305142 9.666511250684113 25.6377665465694
      vertex 3.5018239939440132 9.980067676956383 25.91452598803028
      vertex 4.292757036305142 9.999999999999998 25.6377665465694
    endloop
  endfacet
  facet normal -0.9165622558699763 1.0371988355339453e-17 0.39989202431974075
    outer loop
      vertex 10.9377665465694 -10 10.407242963694856
      vertex 10.937766546569401 10 10.40724296369486
      vertex 10.682215747503236 4.999999999999987 9.821514310366734
    endloop
  endfacet
  facet normal -0.9438833303083679 2.516433340798191e-17 0.33027906195516615
    outer loop
      vertex 10.9377665465694 -10 10.407242963694856
      vertex 11.227980467987152 9.999999999999877 11.23662670067187
      vertex 10.937766546569401 10 10.40724296369486
    endloop
  endfacet
  facet normal -0.965925826289068 1.6828200253860198e-17 0.25881904510252196
    outer loop
      vertex 11.455402968136427 -10 12.085379026013305
      vertex 11.455402968136429 10 12.08537902601331
      vertex 11.346860411247 10 11.680292688918529
    endloop
  endfacet
  facet normal -0.9825664732332884 3.773263050850654e-17 0.1859116071629139
    outer loop
      vertex 11.455402968136427 -10 12.085379026013305
      vertex 11.618762208145261 10 12.948753372429954
      vertex 11.455402968136429 10 12.08537902601331
    endloop
  endfacet
  facet normal -0.9937122098932427 -2.816996754398965e-17 0.11196447610330723
    outer loop
      vertex 11.700933879076171 -10 13.678047123030213
      vertex 11.70540580674588 10 13.717736578845193
      vertex 11.618762208145261 10 12.948753372429954
    endloop
  endfacet
  facet normal -0.9993007047883986 -2.0818949633227485e-17 -0.03739119427632447
    outer loop
      vertex 11.75 -10 14.7
      vertex 11.717144616878867 10 15.578078599640484
      vertex 11.748506573494494 10 14.739912663620022
    endloop
  endfacet
  facet normal -0.9165622558699753 -3.1400736540970303e-16 0.399892024319743
    outer loop
      vertex 10.682215747503236 4.999999999999987 9.821514310366734
      vertex 10.937766546569401 10 10.40724296369486
      vertex 10.714159597386505 10 9.89473039203275
    endloop
  endfacet
  facet normal -0.9937122098932442 1.725515645683427e-16 -0.11196447610329321
    outer loop
      vertex 11.700747548756599 -6.666666666666636 15.72360660429541
      vertex 11.712672689209159 10 15.617768055455464
      vertex 11.717144616878867 10 15.578078599640484
    endloop
  endfacet
  facet normal -0.8841153935046089 0 -0.4672686282730635
    outer loop
      vertex 10.175798494467154 -2.888242209011561 20.575
      vertex 10.175798494467154 2.8882422090115574 20.575
      vertex 10.318637022532421 2.3551615649936313 20.304736314815802
    endloop
  endfacet
  facet normal -0.8467241992282803 0 -0.5320320765153427
    outer loop
      vertex 10.175798494467154 -2.888242209011561 20.575
      vertex 10.113782576440512 3.11968876596501 20.673697768139174
      vertex 10.175798494467154 2.8882422090115574 20.575
    endloop
  endfacet
  facet normal -0.8467241992282863 0 -0.532032076515333
    outer loop
      vertex 10.113782576440512 -3.119688765965014 20.673697768139174
      vertex 9.852367755650258 3.8667694018939245 21.08973707210331
      vertex 10.113782576440512 3.11968876596501 20.673697768139174
    endloop
  endfacet
  facet normal -0.8841153935048639 2.3574930750125938e-14 -0.46726862827258114
    outer loop
      vertex 10.330705838832925 -2.6997558659736476 20.281900999909062
      vertex 10.339161450337524 -2.2466873553875675 20.265902202128995
      vertex 10.586384197853425 10 19.79813393463131
    endloop
  endfacet
  facet normal -0.8841153935046082 -7.364781838276123e-17 -0.467268628273065
    outer loop
      vertex 10.318637022532423 -2.355161564993627 20.3047363148158
      vertex 10.586384197853425 10 19.79813393463131
      vertex 10.339161450337524 -2.2466873553875675 20.265902202128995
    endloop
  endfacet
  facet normal -0.9165622558699769 0 -0.3998920243197396
    outer loop
      vertex 10.586384197853425 -10 19.79813393463131
      vertex 10.586384197853425 10 19.79813393463131
      vertex 10.754089409740594 10 19.41374950588473
    endloop
  endfacet
  facet normal -0.8841153935046092 1.9015090641848203e-17 -0.4672686282730632
    outer loop
      vertex 10.318637022532423 -2.355161564993627 20.3047363148158
      vertex 10.318637022532421 2.3551615649936313 20.304736314815802
      vertex 10.586384197853425 10 19.79813393463131
    endloop
  endfacet
  facet normal -0.9659258262890676 -3.981594930060532e-17 -0.258819045102523
    outer loop
      vertex 11.227980467987154 -10 18.163373299328125
      vertex 11.227980467987152 10 18.16337329932813
      vertex 11.33652302487658 10 17.75828696223335
    endloop
  endfacet
  facet normal -0.7579717231454376 0 -0.652287411278139
    outer loop
      vertex 9.166012873654498 -5.292 22.04983479085147
      vertex 9.166012873654498 5.292 22.04983479085147
      vertex 9.18651991899935 5.2531987765331305 22.02600517184012
    endloop
  endfacet
  facet normal -0.7579717231454528 0 -0.6522874112781213
    outer loop
      vertex 9.166012873654498 -5.292 22.04983479085147
      vertex 8.74491118736049 5.962179494545376 22.539163827808206
      vertex 9.166012873654498 5.292 22.04983479085147
    endloop
  endfacet
  facet normal -0.8467241992282828 0 -0.5320320765153388
    outer loop
      vertex 9.70830559821294 -4.1969633742064785 21.31901068224756
      vertex 9.70830559821294 4.1969633742064785 21.31901068224756
      vertex 9.852367755650258 3.8667694018939245 21.08973707210331
    endloop
  endfacet
  facet normal -0.8045977797666662 0 -0.5938201855735042
    outer loop
      vertex 9.70830559821294 -4.1969633742064785 21.31901068224756
      vertex 9.535854497879203 4.592225494820235 21.55267362570718
      vertex 9.70830559821294 4.1969633742064785 21.31901068224756
    endloop
  endfacet
  facet normal -0.8045977797666691 6.47624767236673e-17 -0.5938201855735007
    outer loop
      vertex 9.186519918999352 -5.253198776533128 22.026005171840115
      vertex 9.18651991899935 5.2531987765331305 22.02600517184012
      vertex 9.535854497879203 4.592225494820235 21.55267362570718
    endloop
  endfacet
  facet normal -0.8841153935046091 -3.053597998198049e-18 -0.4672686282730635
    outer loop
      vertex 10.318637022532421 2.3551615649936313 20.304736314815802
      vertex 10.175798494467154 10 20.575
      vertex 10.586384197853425 10 19.79813393463131
    endloop
  endfacet
  facet normal -0.03739119427632693 0 -0.9993007047883985
    outer loop
      vertex 0.8780785996404861 -11 26.417144616878865
      vertex 0 11 26.45
      vertex 0.8780785996404861 11 26.417144616878865
    endloop
  endfacet
  facet normal 0 -1 0
    outer loop
      vertex -0.8780785996404861 11 26.417144616878865
      vertex 0.8780785996404861 11 26.417144616878865
      vertex 0 11 26.45
    endloop
  endfacet
  facet normal 0.6481073865053006 -0.6481073865053005 0.39989202431973786
    outer loop
      vertex -14.60768501558457 -0.9486641705194763 33.41876631665977
      vertex -13.659020845065093 6.803448712809545e-16 33.41876631665977
      vertex -14.834369534868907 -0.7219796512351392 34.15354421879224
    endloop
  endfacet
  facet normal 0.667426303509987 -0.667426303509987 0.33027906195517404
    outer loop
      vertex -14.849242404917499 -0.7071067811865476 34.21365426403915
      vertex -14.834369534868907 -0.7219796512351392 34.15354421879224
      vertex -14.142135623730953 -1.4378056085975666e-15 34.21365426403915
    endloop
  endfacet
  facet normal 0.667426303509986 -0.6674263035099863 0.33027906195517703
    outer loop
      vertex -14.834369534868907 -0.7219796512351392 34.15354421879224
      vertex -14.11238988363377 -1.5187002994201813e-15 34.15354421879224
      vertex -14.142135623730953 -1.4378056085975666e-15 34.21365426403915
    endloop
  endfacet
  facet normal 0.6481073865053006 -0.648107386505301 0.3998920243197374
    outer loop
      vertex -14.834369534868907 -0.7219796512351392 34.15354421879224
      vertex -13.659020845065093 6.803448712809545e-16 33.41876631665977
      vertex -14.11238988363377 -1.5187002994201813e-15 34.15354421879224
    endloop
  endfacet
  facet normal 0.568936546200652 -0.568936546200652 0.5938201855735006
    outer loop
      vertex -13.704601629993535 -1.8517475561105121 31.38618932407437
      vertex -12.526085021847296 1.1324694730933645e-15 32.03120897755797
      vertex -14.041217103975672 -1.5151320821283754 32.03120897755797
    endloop
  endfacet
  facet normal 0.5987244230690694 -0.5987244230690694 0.5320320765153358
    outer loop
      vertex -14.041217103975672 -1.5151320821283754 32.03120897755797
      vertex -12.526085021847296 1.1324694730933645e-15 32.03120897755797
      vertex -14.34280710371094 -1.2135420823931056 32.709999999999994
    endloop
  endfacet
  facet normal 0.5987244230690695 -0.5987244230690698 0.5320320765153354
    outer loop
      vertex -14.34280710371094 -1.2135420823931056 32.709999999999994
      vertex -12.526085021847296 1.1324694730933645e-15 32.03120897755797
      vertex -13.129265021317835 -1.9074081495250332e-16 32.709999999999994
    endloop
  endfacet
  facet normal 0.6251639900985217 -0.6251639900985221 0.46726862827306354
    outer loop
      vertex -14.34280710371094 -1.2135420823931056 32.709999999999994
      vertex -13.129265021317835 -1.9074081495250332e-16 32.709999999999994
      vertex -14.60768501558457 -0.9486641705194763 33.41876631665977
    endloop
  endfacet
  facet normal 0.6251639900985217 -0.6251639900985215 0.46726862827306415
    outer loop
      vertex -14.60768501558457 -0.9486641705194763 33.41876631665977
      vertex -13.129265021317835 -1.9074081495250332e-16 32.709999999999994
      vertex -13.659020845065093 6.803448712809545e-16 33.41876631665977
    endloop
  endfacet
  facet normal 0.7071067811865505 0.7071067811865447 3.7332067572998435e-18
    outer loop
      vertex -11.067093471425178 -4.489255714678869 28.41161373608606
      vertex -10.960155108391488 -4.59619407771256 29.583080320336148
      vertex -10.960155108391488 -4.59619407771256 28.34563115455498
    endloop
  endfacet
  facet normal 0.7071067811865475 0.7071067811865476 -4.374155413653225e-15
    outer loop
      vertex -10.960155108391488 -4.59619407771256 29.583080320336148
      vertex -12.504342446166074 -3.052006739937973 29.688766507942713
      vertex -3.0520067399379736 -12.504342446166072 29.68876650794271
    endloop
  endfacet
  facet normal 0.7071067811865476 0.7071067811865474 1.0629319794692647e-16
    outer loop
      vertex -12.934009569396736 -2.6223396167073116 30.211683933984254
      vertex -2.622339616707314 -12.934009569396734 30.21168393398425
      vertex -12.504342446166074 -3.052006739937973 29.688766507942713
    endloop
  endfacet
  facet normal 0.7071067811865474 0.7071067811865475 -5.976271276880757e-16
    outer loop
      vertex -13.334843172038946 -2.221506014065101 30.778548251095735
      vertex -2.221506014065099 -13.334843172038948 30.77854825109574
      vertex -12.934009569396736 -2.6223396167073116 30.211683933984254
    endloop
  endfacet
  facet normal 0.7071067811865477 0.7071067811865476 2.750200965883204e-16
    outer loop
      vertex -13.334843172038946 -2.221506014065101 30.778548251095735
      vertex -13.704601629993535 -1.8517475561105121 31.38618932407437
      vertex -1.851747556110511 -13.704601629993537 31.386189324074373
    endloop
  endfacet
  facet normal 0.7071067811865476 0.7071067811865475 -1.1229189050772858e-15
    outer loop
      vertex -14.041217103975672 -1.5151320821283754 32.03120897755797
      vertex -14.34280710371094 -1.2135420823931056 32.709999999999994
      vertex -1.2135420823931056 -14.34280710371094 32.709999999999994
    endloop
  endfacet
  facet normal 0.7071067811865476 0.7071067811865476 -5.837274320256398e-18
    outer loop
      vertex -14.34280710371094 -1.2135420823931056 32.709999999999994
      vertex -14.60768501558457 -0.9486641705194763 33.41876631665977
      vertex -0.9486641705194775 -14.60768501558457 33.41876631665977
    endloop
  endfacet
  facet normal 0.7071067811865476 0.7071067811865475 -9.040834906989338e-17
    outer loop
      vertex -14.60768501558457 -0.9486641705194763 33.41876631665977
      vertex -14.834369534868907 -0.7219796512351392 34.15354421879224
      vertex -0.7219796512351392 -14.834369534868907 34.153544218792234
    endloop
  endfacet
  facet normal 0.7071067811865475 0.7071067811865475 4.518872707048228e-16
    outer loop
      vertex -13.704601629993535 -1.8517475561105121 31.38618932407437
      vertex -14.041217103975672 -1.5151320821283754 32.03120897755797
      vertex -1.5151320821283754 -14.041217103975672 32.03120897755797
    endloop
  endfacet
  facet normal 0.7071067811865469 0.7071067811865481 2.301278407203567e-15
    outer loop
      vertex -14.849242404917499 -0.7071067811865476 34.21365426403915
      vertex -0.7071067811865478 -14.849242404917499 41.926345735960844
      vertex -14.834369534868907 -0.7219796512351392 34.15354421879224
    endloop
  endfacet
  facet normal 0.7071067811865477 0.7071067811865472 4.986180999774349e-16
    outer loop
      vertex -11.067093471425178 -4.489255714678869 28.41161373608606
      vertex -11.568266940211918 -3.9880822458921283 28.78620767143081
      vertex -10.960155108391488 -4.59619407771256 29.583080320336148
    endloop
  endfacet
  facet normal 0.7071067811865474 0.7071067811865477 1.0752228394278615e-15
    outer loop
      vertex -10.960155108391488 -4.59619407771256 29.583080320336148
      vertex -11.568266940211918 -3.9880822458921283 28.78620767143081
      vertex -12.048244675189228 -3.50810451091482 29.212720339332527
    endloop
  endfacet
  facet normal 0.7071067811865477 0.7071067811865474 -4.524854604966853e-16
    outer loop
      vertex -10.960155108391488 -4.59619407771256 29.583080320336148
      vertex -12.048244675189228 -3.50810451091482 29.212720339332527
      vertex -12.504342446166074 -3.052006739937973 29.688766507942713
    endloop
  endfacet
  facet normal 0.5359669453838027 -0.5359669453838025 0.6522874112781202
    outer loop
      vertex -13.334843172038946 -2.221506014065101 30.778548251095735
      vertex -11.85285407388302 -5.58495490753434e-16 31.386189324074365
      vertex -13.704601629993535 -1.8517475561105121 31.38618932407437
    endloop
  endfacet
  facet normal 0.4999999999999994 -0.4999999999999994 0.7071067811865485
    outer loop
      vertex -13.334843172038946 -2.221506014065101 30.778548251095735
      vertex -12.934009569396736 -2.6223396167073116 30.211683933984254
      vertex -11.113337157973845 -5.425793441439364e-17 30.778548251095735
    endloop
  endfacet
  facet normal 0.5689365462006518 -0.5689365462006519 0.5938201855735008
    outer loop
      vertex -13.704601629993535 -1.8517475561105121 31.38618932407437
      vertex -11.85285407388302 -5.58495490753434e-16 31.386189324074365
      vertex -12.526085021847296 1.1324694730933645e-15 32.03120897755797
    endloop
  endfacet
  facet normal 0.5359669453838025 -0.5359669453838025 0.6522874112781206
    outer loop
      vertex -13.334843172038946 -2.221506014065101 30.778548251095735
      vertex -11.113337157973845 -5.425793441439364e-17 30.778548251095735
      vertex -11.85285407388302 -5.58495490753434e-16 31.386189324074365
    endloop
  endfacet
  facet normal 0.5000000000000002 -0.4999999999999998 0.7071067811865476
    outer loop
      vertex -12.934009569396736 -2.6223396167073116 30.211683933984254
      vertex -10.584 0 30.404250357158414
      vertex -11.113337157973845 -5.425793441439364e-17 30.778548251095735
    endloop
  endfacet
  facet normal 0.6674263035099867 -0.667426303509987 -0.330279061955174
    outer loop
      vertex -14.849242404917499 -0.7071067811865476 41.92634573596084
      vertex -14.11238988363377 -1.518252435703155e-15 41.986455781207745
      vertex -14.834369534868907 -0.7219796512351392 41.986455781207745
    endloop
  endfacet
  facet normal 0.6674263035099862 -0.6674263035099862 -0.33027906195517653
    outer loop
      vertex -14.849242404917499 -0.7071067811865476 41.92634573596084
      vertex -14.142135623730953 -1.4378056085975666e-15 41.92634573596084
      vertex -14.11238988363377 -1.518252435703155e-15 41.986455781207745
    endloop
  endfacet
  facet normal 0.6481073865053005 -0.6481073865053008 -0.39989202431973797
    outer loop
      vertex -14.834369534868907 -0.7219796512351392 41.986455781207745
      vertex -14.11238988363377 -1.518252435703155e-15 41.986455781207745
      vertex -14.60768501558457 -0.9486641705194763 42.721233683340216
    endloop
  endfacet
  facet normal 0.5689365462006533 -0.5689365462006529 -0.5938201855734985
    outer loop
      vertex -13.704601629993533 -1.8517475561105134 44.75381067592562
      vertex -14.04121710397567 -1.5151320821283767 44.10879102244202
      vertex -12.627003541602576 -0.10091851975528209 44.10879102244202
    endloop
  endfacet
  facet normal 0.6251639900985217 -0.6251639900985221 -0.46726862827306354
    outer loop
      vertex -14.34280710371094 -1.2135420823931056 43.42999999999999
      vertex -14.60768501558457 -0.9486641705194763 42.721233683340216
      vertex -13.129265021317835 -1.9653593723358922e-16 43.42999999999999
    endloop
  endfacet
  facet normal 0.6481073865053008 -0.6481073865053006 -0.3998920243197375
    outer loop
      vertex -14.60768501558457 -0.9486641705194763 42.721233683340216
      vertex -14.11238988363377 -1.518252435703155e-15 41.986455781207745
      vertex -13.659020845065093 6.425926760217721e-16 42.721233683340216
    endloop
  endfacet
  facet normal 0.6251639900985217 -0.6251639900985215 -0.46726862827306426
    outer loop
      vertex -14.60768501558457 -0.9486641705194763 42.721233683340216
      vertex -13.659020845065093 6.425926760217721e-16 42.721233683340216
      vertex -13.129265021317835 -1.9653593723358922e-16 43.42999999999999
    endloop
  endfacet
  facet normal 0.5987244230690686 -0.5987244230690684 -0.5320320765153378
    outer loop
      vertex -14.34280710371094 -1.2135420823931056 43.42999999999999
      vertex -12.627003541602576 -0.10091851975528209 44.10879102244202
      vertex -14.04121710397567 -1.5151320821283767 44.10879102244202
    endloop
  endfacet
  facet normal 0.5987244230690684 -0.5987244230690687 -0.5320320765153377
    outer loop
      vertex -14.34280710371094 -1.2135420823931056 43.42999999999999
      vertex -13.129265021317835 -1.9653593723358922e-16 43.42999999999999
      vertex -12.727922061357855 -2.7203199648856085e-15 43.88165290357816
    endloop
  endfacet
  facet normal 0.598724423069069 -0.5987244230690705 -0.532032076515335
    outer loop
      vertex -14.34280710371094 -1.2135420823931056 43.42999999999999
      vertex -12.727922061357855 -2.7203199648856085e-15 43.88165290357816
      vertex -12.627003541602576 -0.10091851975528209 44.10879102244202
    endloop
  endfacet
  facet normal 0.5359669453838024 -0.5359669453838024 -0.652287411278121
    outer loop
      vertex -13.334843172038946 -2.221506014065101 45.36145174890425
      vertex -13.704601629993533 -1.8517475561105134 44.75381067592562
      vertex -12.29038806762044 -0.4375339937374191 44.75381067592562
    endloop
  endfacet
  facet normal 0.7071067811865476 0.7071067811865476 0
    outer loop
      vertex -14.849242404917499 -0.7071067811865476 34.21365426403915
      vertex -14.849242404917499 -0.7071067811865476 41.92634573596084
      vertex -0.7071067811865478 -14.849242404917499 41.926345735960844
    endloop
  endfacet
  facet normal 0.7071067811865476 0.7071067811865476 -2.6090837495507448e-15
    outer loop
      vertex -14.849242404917499 -0.7071067811865476 41.92634573596084
      vertex -14.834369534868907 -0.7219796512351392 41.986455781207745
      vertex -0.7071067811865478 -14.849242404917499 41.926345735960844
    endloop
  endfacet
  facet normal 0.7071067811865475 0.7071067811865476 2.8501699952588138e-15
    outer loop
      vertex -10.960155108391488 -4.59619407771256 46.556919679663835
      vertex -3.0520067399379713 -12.504342446166076 46.45123349205727
      vertex -12.504342446166076 -3.0520067399379713 46.45123349205727
    endloop
  endfacet
  facet normal 0.7071067811865476 0.7071067811865476 1.0961251444322193e-16
    outer loop
      vertex -14.834369534868907 -0.7219796512351392 41.986455781207745
      vertex -14.60768501558457 -0.9486641705194763 42.721233683340216
      vertex -0.7219796512351379 -14.834369534868909 41.986455781207745
    endloop
  endfacet
  facet normal 0.7071067811865476 0.7071067811865476 -5.837274320256398e-18
    outer loop
      vertex -14.34280710371094 -1.2135420823931056 43.42999999999999
      vertex -0.9486641705194775 -14.60768501558457 42.721233683340216
      vertex -14.60768501558457 -0.9486641705194763 42.721233683340216
    endloop
  endfacet
  facet normal 0.7071067811865476 0.7071067811865476 7.104146492608524e-16
    outer loop
      vertex -14.34280710371094 -1.2135420823931056 43.42999999999999
      vertex -14.04121710397567 -1.5151320821283767 44.10879102244202
      vertex -1.2135420823931056 -14.34280710371094 43.42999999999999
    endloop
  endfacet
  facet normal 0.7071067811865475 0.7071067811865475 -4.628540781901006e-16
    outer loop
      vertex -13.704601629993533 -1.8517475561105134 44.75381067592562
      vertex -1.5151320821283754 -14.041217103975672 44.10879102244202
      vertex -14.04121710397567 -1.5151320821283767 44.10879102244202
    endloop
  endfacet
  facet normal 0.7071067811865476 0.7071067811865476 3.6249980701704885e-17
    outer loop
      vertex -13.334843172038946 -2.221506014065101 45.36145174890425
      vertex -12.934009569396736 -2.622339616707311 45.92831606601573
      vertex -2.221506014065101 -13.334843172038946 45.36145174890425
    endloop
  endfacet
  facet normal 0.7071067811865476 0.7071067811865475 2.2492810835239264e-16
    outer loop
      vertex -13.334843172038946 -2.221506014065101 45.36145174890425
      vertex -1.8517475561105134 -13.704601629993533 44.75381067592562
      vertex -13.704601629993533 -1.8517475561105134 44.75381067592562
    endloop
  endfacet
  facet normal 0.7071067811865476 0.7071067811865476 5.610797277652909e-16
    outer loop
      vertex -12.934009569396736 -2.622339616707311 45.92831606601573
      vertex -12.504342446166076 -3.0520067399379713 46.45123349205727
      vertex -2.622339616707311 -12.934009569396736 45.92831606601573
    endloop
  endfacet
  facet normal 0.4612368517973767 -0.46123685179737645 -0.7579717231454545
    outer loop
      vertex -12.934009569396736 -2.622339616707311 45.92831606601573
      vertex -11.519796007023642 -1.2081260543342163 45.92831606601573
      vertex -12.504342446166076 -3.0520067399379713 46.45123349205727
    endloop
  endfacet
  facet normal 0.707106781186547 0.7071067811865479 3.68506801959072e-15
    outer loop
      vertex -12.048244675189226 -3.5081045109148206 46.92727966066746
      vertex -11.662562971963965 -3.893786214140083 47.269999999999996
      vertex -10.960155108391488 -4.596194077712559 47.269999999999996
    endloop
  endfacet
  facet normal 0.7071067811865477 0.7071067811865474 -1.6959769671743467e-15
    outer loop
      vertex -10.960155108391488 -4.59619407771256 46.556919679663835
      vertex -12.504342446166076 -3.0520067399379713 46.45123349205727
      vertex -12.048244675189226 -3.5081045109148206 46.92727966066746
    endloop
  endfacet
  facet normal 0.7071067811865479 0.7071067811865474 -8.807380677361005e-16
    outer loop
      vertex -10.960155108391488 -4.59619407771256 46.556919679663835
      vertex -12.048244675189226 -3.5081045109148206 46.92727966066746
      vertex -10.960155108391488 -4.596194077712559 47.269999999999996
    endloop
  endfacet
  facet normal 0.4198942800244776 -0.4198942800244779 -0.8045977797666676
    outer loop
      vertex -12.504342446166076 -3.0520067399379713 46.45123349205727
      vertex -11.09012888379298 -1.6377931775648764 46.45123349205727
      vertex -12.048244675189226 -3.5081045109148206 46.92727966066746
    endloop
  endfacet
  facet normal 0.37620348911275603 -0.3762034891127559 -0.8467241992282829
    outer loop
      vertex -12.048244675189226 -3.5081045109148206 46.92727966066746
      vertex -10.634031112816132 -2.093890948541726 46.92727966066746
      vertex -11.662562971963965 -3.893786214140083 47.269999999999996
    endloop
  endfacet
  facet normal 0.4198942800244782 -0.4198942800244781 -0.8045977797666672
    outer loop
      vertex -12.048244675189226 -3.5081045109148206 46.92727966066746
      vertex -11.09012888379298 -1.6377931775648764 46.45123349205727
      vertex -10.634031112816132 -2.093890948541726 46.92727966066746
    endloop
  endfacet
  facet normal 0.568936546200653 -0.5689365462006529 -0.5938201855734987
    outer loop
      vertex -13.704601629993533 -1.8517475561105134 44.75381067592562
      vertex -12.627003541602576 -0.10091851975528209 44.10879102244202
      vertex -12.29038806762044 -0.4375339937374191 44.75381067592562
    endloop
  endfacet
  facet normal 0.4999999999999997 -0.49999999999999944 -0.7071067811865482
    outer loop
      vertex -13.334843172038946 -2.221506014065101 45.36145174890425
      vertex -11.920629609665852 -0.8072924516920061 45.36145174890425
      vertex -12.934009569396736 -2.622339616707311 45.92831606601573
    endloop
  endfacet
  facet normal 0.5359669453838026 -0.5359669453838024 -0.6522874112781206
    outer loop
      vertex -13.334843172038946 -2.221506014065101 45.36145174890425
      vertex -12.29038806762044 -0.4375339937374191 44.75381067592562
      vertex -11.920629609665852 -0.8072924516920061 45.36145174890425
    endloop
  endfacet
  facet normal 0.4999999999999998 -0.49999999999999944 -0.7071067811865481
    outer loop
      vertex -12.934009569396736 -2.622339616707311 45.92831606601573
      vertex -11.920629609665852 -0.8072924516920061 45.36145174890425
      vertex -11.519796007023642 -1.2081260543342163 45.92831606601573
    endloop
  endfacet
  facet normal 0.46123685179737595 -0.4612368517973763 -0.7579717231454551
    outer loop
      vertex -12.504342446166076 -3.0520067399379713 46.45123349205727
      vertex -11.519796007023642 -1.2081260543342163 45.92831606601573
      vertex -11.09012888379298 -1.6377931775648764 46.45123349205727
    endloop
  endfacet
  facet normal 0.3762034891127554 -0.37620348911275564 -0.8467241992282833
    outer loop
      vertex -10.634031112816132 -2.093890948541726 46.92727966066746
      vertex -10.248349409590869 -2.479572651766988 47.269999999999996
      vertex -11.662562971963965 -3.893786214140083 47.269999999999996
    endloop
  endfacet
  facet normal 0.7071067811865471 0.7071067811865478 -5.223632766481096e-16
    outer loop
      vertex -5.556349186104047 -10 28.30276463129816
      vertex -7.211706681443125 -8.344642504660921 27.379975294217743
      vertex -7.35 -8.206349186104047 27.430573435631246
    endloop
  endfacet
  facet normal 0.7071067811865459 0.7071067811865491 3.433820540085642e-15
    outer loop
      vertex -6.648406688176652 -8.907942497927396 27.469733542866614
      vertex -5.556349186104047 -10 28.30276463129816
      vertex -6.091424815310627 -9.464924370793419 27.61877278141084
    endloop
  endfacet
  facet normal 0.7071067811865482 0.7071067811865467 -2.7733130982867325e-15
    outer loop
      vertex -6.648406688176652 -8.907942497927396 27.469733542866614
      vertex -7.211706681443125 -8.344642504660921 27.379975294217743
      vertex -5.556349186104047 -10 28.30276463129816
    endloop
  endfacet
  facet normal 0.7071067811865471 0.7071067811865479 6.065365760423101e-16
    outer loop
      vertex -5.556349186104047 -10 28.30276463129816
      vertex -7.35 -8.206349186104047 27.430573435631246
      vertex -6.378090965028106 -9.178258221075941 27.94424235816556
    endloop
  endfacet
  facet normal 0.7071067811865489 0.707106781186546 -1.3050615621754838e-15
    outer loop
      vertex -5.556349186104048 -10 27.821532939494595
      vertex -6.091424815310627 -9.464924370793419 27.61877278141084
      vertex -5.556349186104047 -10 28.30276463129816
    endloop
  endfacet
  facet normal 0.7071067811865476 0.7071067811865475 -1.5741510614673217e-15
    outer loop
      vertex -13.704601629993535 -1.8517475561105121 31.38618932407437
      vertex -1.5151320821283754 -14.041217103975672 32.03120897755797
      vertex -1.851747556110511 -13.704601629993537 31.386189324074373
    endloop
  endfacet
  facet normal 0.7071067811865475 0.7071067811865475 2.6646017572910714e-15
    outer loop
      vertex -8.838834764831844 -6.7175144212722016 29.583080320336148
      vertex -3.0520067399379736 -12.504342446166072 29.68876650794271
      vertex -6.7175144212722016 -8.838834764831844 29.583080320336148
    endloop
  endfacet
  facet normal 0.7071067811865475 0.7071067811865476 4.911289512606762e-15
    outer loop
      vertex -12.504342446166074 -3.052006739937973 29.688766507942713
      vertex -2.622339616707314 -12.934009569396734 30.21168393398425
      vertex -3.0520067399379736 -12.504342446166072 29.68876650794271
    endloop
  endfacet
  facet normal 0.7071067811865477 0.7071067811865475 -1.6836028797311308e-15
    outer loop
      vertex -12.934009569396736 -2.6223396167073116 30.211683933984254
      vertex -2.221506014065099 -13.334843172038948 30.77854825109574
      vertex -2.622339616707314 -12.934009569396734 30.21168393398425
    endloop
  endfacet
  facet normal 0.7071067811865475 0.7071067811865475 1.700958334973939e-15
    outer loop
      vertex -13.334843172038946 -2.221506014065101 30.778548251095735
      vertex -1.851747556110511 -13.704601629993537 31.386189324074373
      vertex -2.221506014065099 -13.334843172038948 30.77854825109574
    endloop
  endfacet
  facet normal 0.7071067811865478 0.7071067811865472 -2.098542918502603e-14
    outer loop
      vertex -6.7175144212722016 -8.838834764831844 29.583080320336148
      vertex -3.0520067399379736 -12.504342446166072 29.68876650794271
      vertex -4.59619407771256 -10.960155108391488 29.583080320336148
    endloop
  endfacet
  facet normal 0.7071067811865476 0.7071067811865476 1.0282728703410689e-15
    outer loop
      vertex -14.041217103975672 -1.5151320821283754 32.03120897755797
      vertex -1.2135420823931056 -14.34280710371094 32.709999999999994
      vertex -1.5151320821283754 -14.041217103975672 32.03120897755797
    endloop
  endfacet
  facet normal 0.7071067811865476 0.7071067811865476 2.082822420091745e-16
    outer loop
      vertex -14.34280710371094 -1.2135420823931056 32.709999999999994
      vertex -0.9486641705194775 -14.60768501558457 33.41876631665977
      vertex -1.2135420823931056 -14.34280710371094 32.709999999999994
    endloop
  endfacet
  facet normal 0.7071067811865476 0.7071067811865476 -1.802545955771916e-17
    outer loop
      vertex -14.60768501558457 -0.9486641705194763 33.41876631665977
      vertex -0.7219796512351392 -14.834369534868907 34.153544218792234
      vertex -0.9486641705194775 -14.60768501558457 33.41876631665977
    endloop
  endfacet
  facet normal 0.7071067811865475 0.7071067811865475 -1.1542976996358504e-14
    outer loop
      vertex -14.834369534868907 -0.7219796512351392 34.15354421879224
      vertex -0.7071067811865475 -14.849242404917499 34.21365426403914
      vertex -0.7219796512351392 -14.834369534868907 34.153544218792234
    endloop
  endfacet
  facet normal 0.7071067811865476 0.7071067811865476 -7.63279595466678e-17
    outer loop
      vertex -14.834369534868907 -0.7219796512351392 34.15354421879224
      vertex -0.7071067811865478 -14.849242404917499 41.926345735960844
      vertex -0.7071067811865475 -14.849242404917499 34.21365426403914
    endloop
  endfacet
  facet normal -0.5689365462006518 0.5689365462006517 0.5938201855735011
    outer loop
      vertex -1.851747556110511 -13.704601629993537 31.386189324074373
      vertex -1.5151320821283754 -14.041217103975672 32.03120897755797
      vertex 8.704765284035922e-16 -12.526085021847296 32.03120897755797
    endloop
  endfacet
  facet normal -0.625163990098522 0.6251639900985224 0.4672686282730627
    outer loop
      vertex -1.2135420823931056 -14.34280710371094 32.709999999999994
      vertex -0.9486641705194775 -14.60768501558457 33.41876631665977
      vertex -3.952197551277136e-18 -13.659020845065093 33.41876631665977
    endloop
  endfacet
  facet normal -0.6481073865053 0.6481073865052988 0.3998920243197421
    outer loop
      vertex -0.9486641705194775 -14.60768501558457 33.41876631665977
      vertex -0.7219796512351392 -14.834369534868907 34.153544218792234
      vertex -6.592807576964696e-18 -14.112389883633771 34.15354421879224
    endloop
  endfacet
  facet normal -0.6674263035099868 0.6674263035099866 0.3302790619551751
    outer loop
      vertex -0.7219796512351392 -14.834369534868907 34.153544218792234
      vertex -0.7071067811865475 -14.849242404917499 34.21365426403914
      vertex 1.809021632499236e-16 -14.142135623730951 34.21365426403914
    endloop
  endfacet
  facet normal -0.6674263035099862 0.6674263035099858 0.33027906195517814
    outer loop
      vertex -0.7219796512351392 -14.834369534868907 34.153544218792234
      vertex 1.809021632499236e-16 -14.142135623730951 34.21365426403914
      vertex -6.592807576964696e-18 -14.112389883633771 34.15354421879224
    endloop
  endfacet
  facet normal -0.5987244230690695 0.5987244230690693 0.5320320765153358
    outer loop
      vertex -1.5151320821283754 -14.041217103975672 32.03120897755797
      vertex -1.2135420823931056 -14.34280710371094 32.709999999999994
      vertex -1.191748736207023e-16 -13.129265021317835 32.709999999999994
    endloop
  endfacet
  facet normal -0.5987244230690695 0.5987244230690694 0.5320320765153355
    outer loop
      vertex -1.5151320821283754 -14.041217103975672 32.03120897755797
      vertex -1.191748736207023e-16 -13.129265021317835 32.709999999999994
      vertex 8.704765284035922e-16 -12.526085021847296 32.03120897755797
    endloop
  endfacet
  facet normal -0.6251639900985221 0.6251639900985217 0.46726862827306354
    outer loop
      vertex -1.2135420823931056 -14.34280710371094 32.709999999999994
      vertex -3.952197551277136e-18 -13.659020845065093 33.41876631665977
      vertex -1.191748736207023e-16 -13.129265021317835 32.709999999999994
    endloop
  endfacet
  facet normal -0.6481073865052994 0.6481073865053 0.3998920243197406
    outer loop
      vertex -0.9486641705194775 -14.60768501558457 33.41876631665977
      vertex -6.592807576964696e-18 -14.112389883633771 34.15354421879224
      vertex -3.952197551277136e-18 -13.659020845065093 33.41876631665977
    endloop
  endfacet
  facet normal 0.7071067811865457 0.7071067811865493 2.0050389126480614e-15
    outer loop
      vertex -4.59619407771256 -10.960155108391488 28.34563115455498
      vertex -3.5081045109148206 -12.048244675189226 29.212720339332527
      vertex -3.9880822458921283 -11.568266940211918 28.78620767143081
    endloop
  endfacet
  facet normal 0.7071067811865307 0.7071067811865641 4.498851776026428e-14
    outer loop
      vertex -4.59619407771256 -10.960155108391488 28.34563115455498
      vertex -3.9880822458921283 -11.568266940211918 28.78620767143081
      vertex -4.489255714678867 -11.06709347142518 28.41161373608606
    endloop
  endfacet
  facet normal 0.7071067811865471 0.707106781186548 0
    outer loop
      vertex -4.59619407771256 -10.960155108391488 28.34563115455498
      vertex -4.59619407771256 -10.960155108391488 29.583080320336148
      vertex -3.5081045109148206 -12.048244675189226 29.212720339332527
    endloop
  endfacet
  facet normal 0.7071067811865471 0.7071067811865479 1.25738585788831e-16
    outer loop
      vertex -4.59619407771256 -10.960155108391488 29.583080320336148
      vertex -3.0520067399379736 -12.504342446166072 29.68876650794271
      vertex -3.5081045109148206 -12.048244675189226 29.212720339332527
    endloop
  endfacet
  facet normal -0.282766362138899 0.28276636213890305 0.9165622558699783
    outer loop
      vertex -4.59619407771256 -10.960155108391488 28.34563115455498
      vertex -4.489255714678867 -11.06709347142518 28.41161373608606
      vertex -3.8321321278459055 -10.196093158524834 28.345631154554976
    endloop
  endfacet
  facet normal -0.5359669453838029 0.535966945383803 0.65228741127812
    outer loop
      vertex -2.221506014065099 -13.334843172038948 30.77854825109574
      vertex -1.851747556110511 -13.704601629993537 31.386189324074373
      vertex -3.739822695456105e-16 -11.852854073883027 31.386189324074373
    endloop
  endfacet
  facet normal -0.5000000000000002 0.5000000000000001 0.7071067811865471
    outer loop
      vertex -2.221506014065099 -13.334843172038948 30.77854825109574
      vertex -5.033269271326069e-16 -11.113337157973849 30.77854825109574
      vertex -2.622339616707314 -12.934009569396734 30.21168393398425
    endloop
  endfacet
  facet normal -0.5689365462006519 0.5689365462006521 0.5938201855735008
    outer loop
      vertex -1.851747556110511 -13.704601629993537 31.386189324074373
      vertex 8.704765284035922e-16 -12.526085021847296 32.03120897755797
      vertex -3.739822695456105e-16 -11.852854073883027 31.386189324074373
    endloop
  endfacet
  facet normal -0.5359669453838027 0.5359669453838026 0.6522874112781204
    outer loop
      vertex -2.221506014065099 -13.334843172038948 30.77854825109574
      vertex -3.739822695456105e-16 -11.852854073883027 31.386189324074373
      vertex -5.033269271326069e-16 -11.113337157973849 30.77854825109574
    endloop
  endfacet
  facet normal -0.5000000000000008 0.5000000000000011 0.7071067811865462
    outer loop
      vertex -2.622339616707314 -12.934009569396734 30.21168393398425
      vertex -5.033269271326069e-16 -11.113337157973849 30.77854825109574
      vertex 0 -10.584 30.404250357158414
    endloop
  endfacet
  facet normal 0.7071067811865475 0.7071067811865475 -8.77001165378676e-15
    outer loop
      vertex -14.834369534868907 -0.7219796512351392 41.986455781207745
      vertex -0.7219796512351379 -14.834369534868909 41.986455781207745
      vertex -0.7071067811865478 -14.849242404917499 41.926345735960844
    endloop
  endfacet
  facet normal 0.7071067811865476 0.7071067811865476 2.082822420091745e-16
    outer loop
      vertex -14.34280710371094 -1.2135420823931056 43.42999999999999
      vertex -1.2135420823931056 -14.34280710371094 43.42999999999999
      vertex -0.9486641705194775 -14.60768501558457 42.721233683340216
    endloop
  endfacet
  facet normal 0.7071067811865476 0.7071067811865476 4.643498305277718e-17
    outer loop
      vertex -14.04121710397567 -1.5151320821283767 44.10879102244202
      vertex -1.5151320821283754 -14.041217103975672 44.10879102244202
      vertex -1.2135420823931056 -14.34280710371094 43.42999999999999
    endloop
  endfacet
  facet normal 0.7071067811865476 0.7071067811865476 1.1237491281303416e-15
    outer loop
      vertex -13.704601629993533 -1.8517475561105134 44.75381067592562
      vertex -1.8517475561105134 -13.704601629993533 44.75381067592562
      vertex -1.5151320821283754 -14.041217103975672 44.10879102244202
    endloop
  endfacet
  facet normal 0.7071067811865475 0.7071067811865475 2.7495395485757337e-16
    outer loop
      vertex -14.60768501558457 -0.9486641705194763 42.721233683340216
      vertex -0.9486641705194775 -14.60768501558457 42.721233683340216
      vertex -0.7219796512351379 -14.834369534868909 41.986455781207745
    endloop
  endfacet
  facet normal 0.7071067811865475 0.7071067811865475 -4.814809423185502e-17
    outer loop
      vertex -13.334843172038946 -2.221506014065101 45.36145174890425
      vertex -2.221506014065101 -13.334843172038946 45.36145174890425
      vertex -1.8517475561105134 -13.704601629993533 44.75381067592562
    endloop
  endfacet
  facet normal 0.7071067811865476 0.7071067811865476 -5.0652286286556266e-17
    outer loop
      vertex -12.934009569396736 -2.622339616707311 45.92831606601573
      vertex -2.622339616707311 -12.934009569396736 45.92831606601573
      vertex -2.221506014065101 -13.334843172038946 45.36145174890425
    endloop
  endfacet
  facet normal 0.7071067811865475 0.7071067811865475 3.3631983107728747e-16
    outer loop
      vertex -12.504342446166076 -3.0520067399379713 46.45123349205727
      vertex -3.0520067399379713 -12.504342446166076 46.45123349205727
      vertex -2.622339616707311 -12.934009569396736 45.92831606601573
    endloop
  endfacet
  facet normal 0.7071067811865475 0.7071067811865475 -4.297434731648294e-15
    outer loop
      vertex -8.838834764831844 -6.7175144212722016 46.556919679663835
      vertex -6.7175144212722016 -8.838834764831844 46.556919679663835
      vertex -3.0520067399379713 -12.504342446166076 46.45123349205727
    endloop
  endfacet
  facet normal 0.7071067811865478 0.7071067811865471 1.2198110160085636e-14
    outer loop
      vertex -6.7175144212722016 -8.838834764831844 46.556919679663835
      vertex -4.59619407771256 -10.960155108391488 46.556919679663835
      vertex -3.0520067399379713 -12.504342446166076 46.45123349205727
    endloop
  endfacet
  facet normal -0.6674263035099866 0.6674263035099866 -0.3302790619551759
    outer loop
      vertex -0.7219796512351379 -14.834369534868909 41.986455781207745
      vertex 1.809021632499236e-16 -14.142135623730951 41.926345735960844
      vertex -0.7071067811865478 -14.849242404917499 41.926345735960844
    endloop
  endfacet
  facet normal -0.667426303509986 0.6674263035099859 -0.3302790619551781
    outer loop
      vertex -0.7219796512351379 -14.834369534868909 41.986455781207745
      vertex 3.177522239180028e-18 -14.112389883633771 41.986455781207745
      vertex 1.809021632499236e-16 -14.142135623730951 41.926345735960844
    endloop
  endfacet
  facet normal -0.568936546200652 0.5689365462006524 -0.5938201855735002
    outer loop
      vertex -1.8517475561105134 -13.704601629993533 44.75381067592562
      vertex -0.4375339937374188 -12.29038806762044 44.75381067592562
      vertex -1.5151320821283754 -14.041217103975672 44.10879102244202
    endloop
  endfacet
  facet normal -0.6481073865052996 0.6481073865052996 -0.39989202431974114
    outer loop
      vertex -0.7219796512351379 -14.834369534868909 41.986455781207745
      vertex -0.9486641705194775 -14.60768501558457 42.721233683340216
      vertex 3.177522239180028e-18 -14.112389883633771 41.986455781207745
    endloop
  endfacet
  facet normal -0.625163990098522 0.6251639900985224 -0.4672686282730627
    outer loop
      vertex -1.2135420823931056 -14.34280710371094 43.42999999999999
      vertex -3.952197551277136e-18 -13.659020845065093 42.721233683340216
      vertex -0.9486641705194775 -14.60768501558457 42.721233683340216
    endloop
  endfacet
  facet normal -0.6481073865052994 0.6481073865053 -0.3998920243197405
    outer loop
      vertex -0.9486641705194775 -14.60768501558457 42.721233683340216
      vertex -3.952197551277136e-18 -13.659020845065093 42.721233683340216
      vertex 3.177522239180028e-18 -14.112389883633771 41.986455781207745
    endloop
  endfacet
  facet normal -0.6251639900985221 0.6251639900985217 -0.46726862827306354
    outer loop
      vertex -1.2135420823931056 -14.34280710371094 43.42999999999999
      vertex -1.191748736207023e-16 -13.129265021317835 43.42999999999999
      vertex -3.952197551277136e-18 -13.659020845065093 42.721233683340216
    endloop
  endfacet
  facet normal -0.5987244230690695 0.5987244230690691 -0.5320320765153358
    outer loop
      vertex -1.2135420823931056 -14.34280710371094 43.42999999999999
      vertex -1.5151320821283754 -14.041217103975672 44.10879102244202
      vertex -1.191748736207023e-16 -13.129265021317835 43.42999999999999
    endloop
  endfacet
  facet normal -0.5987244230690696 0.5987244230690705 -0.5320320765153344
    outer loop
      vertex -1.5151320821283754 -14.041217103975672 44.10879102244202
      vertex -3.926265969126867e-16 -12.727922061357857 43.88165290357816
      vertex -1.191748736207023e-16 -13.129265021317835 43.42999999999999
    endloop
  endfacet
  facet normal -0.5987244230690687 0.5987244230690689 -0.5320320765153371
    outer loop
      vertex -1.5151320821283754 -14.041217103975672 44.10879102244202
      vertex -0.10091851975528066 -12.627003541602578 44.10879102244202
      vertex -3.926265969126867e-16 -12.727922061357857 43.88165290357816
    endloop
  endfacet
  facet normal 0.7071067811865469 0.7071067811865481 1.3096444486158032e-15
    outer loop
      vertex -4.59619407771256 -10.960155108391488 46.556919679663835
      vertex -3.893786214140083 -11.662562971963965 47.269999999999996
      vertex -3.5081045109148206 -12.048244675189226 46.92727966066746
    endloop
  endfacet
  facet normal 0.7071067811865476 0.7071067811865476 0
    outer loop
      vertex -4.59619407771256 -10.960155108391488 46.556919679663835
      vertex -4.59619407771256 -10.960155108391488 47.269999999999996
      vertex -3.893786214140083 -11.662562971963965 47.269999999999996
    endloop
  endfacet
  facet normal 0.7071067811865474 0.7071067811865477 -1.6959769671743467e-15
    outer loop
      vertex -4.59619407771256 -10.960155108391488 46.556919679663835
      vertex -3.5081045109148206 -12.048244675189226 46.92727966066746
      vertex -3.0520067399379713 -12.504342446166076 46.45123349205727
    endloop
  endfacet
  facet normal -0.37620348911275586 0.3762034891127561 -0.8467241992282829
    outer loop
      vertex -3.5081045109148206 -12.048244675189226 46.92727966066746
      vertex -3.893786214140083 -11.662562971963965 47.269999999999996
      vertex -2.479572651766988 -10.24834940959087 47.269999999999996
    endloop
  endfacet
  facet normal -0.4612368517973768 0.46123685179737645 -0.7579717231454546
    outer loop
      vertex -3.0520067399379713 -12.504342446166076 46.45123349205727
      vertex -1.6377931775648764 -11.09012888379298 46.45123349205727
      vertex -2.622339616707311 -12.934009569396736 45.92831606601573
    endloop
  endfacet
  facet normal -0.41989428002447765 0.4198942800244779 -0.8045977797666676
    outer loop
      vertex -3.0520067399379713 -12.504342446166076 46.45123349205727
      vertex -3.5081045109148206 -12.048244675189226 46.92727966066746
      vertex -2.0938909485417256 -10.634031112816132 46.92727966066746
    endloop
  endfacet
  facet normal -0.41989428002447843 0.41989428002447815 -0.804597779766667
    outer loop
      vertex -3.0520067399379713 -12.504342446166076 46.45123349205727
      vertex -2.0938909485417256 -10.634031112816132 46.92727966066746
      vertex -1.6377931775648764 -11.09012888379298 46.45123349205727
    endloop
  endfacet
  facet normal -0.37620348911275586 0.3762034891127561 -0.8467241992282829
    outer loop
      vertex -3.5081045109148206 -12.048244675189226 46.92727966066746
      vertex -2.479572651766988 -10.24834940959087 47.269999999999996
      vertex -2.0938909485417256 -10.634031112816132 46.92727966066746
    endloop
  endfacet
  facet normal -0.568936546200652 0.5689365462006524 -0.5938201855735001
    outer loop
      vertex -1.5151320821283754 -14.041217103975672 44.10879102244202
      vertex -0.4375339937374188 -12.29038806762044 44.75381067592562
      vertex -0.10091851975528066 -12.627003541602578 44.10879102244202
    endloop
  endfacet
  facet normal -0.49999999999999933 0.49999999999999967 -0.7071067811865482
    outer loop
      vertex -2.221506014065101 -13.334843172038946 45.36145174890425
      vertex -2.622339616707311 -12.934009569396736 45.92831606601573
      vertex -1.2081260543342163 -11.519796007023642 45.92831606601573
    endloop
  endfacet
  facet normal -0.5359669453838022 0.5359669453838025 -0.6522874112781208
    outer loop
      vertex -2.221506014065101 -13.334843172038946 45.36145174890425
      vertex -0.807292451692006 -11.920629609665852 45.36145174890425
      vertex -1.8517475561105134 -13.704601629993533 44.75381067592562
    endloop
  endfacet
  facet normal -0.49999999999999933 0.49999999999999967 -0.7071067811865482
    outer loop
      vertex -2.221506014065101 -13.334843172038946 45.36145174890425
      vertex -1.2081260543342163 -11.519796007023642 45.92831606601573
      vertex -0.807292451692006 -11.920629609665852 45.36145174890425
    endloop
  endfacet
  facet normal -0.46123685179737595 0.4612368517973762 -0.7579717231454552
    outer loop
      vertex -2.622339616707311 -12.934009569396736 45.92831606601573
      vertex -1.6377931775648764 -11.09012888379298 46.45123349205727
      vertex -1.2081260543342163 -11.519796007023642 45.92831606601573
    endloop
  endfacet
  facet normal -0.5359669453838024 0.5359669453838025 -0.6522874112781208
    outer loop
      vertex -1.8517475561105134 -13.704601629993533 44.75381067592562
      vertex -0.807292451692006 -11.920629609665852 45.36145174890425
      vertex -0.4375339937374188 -12.29038806762044 44.75381067592562
    endloop
  endfacet
  facet normal 0.7071067811865476 0.7071067811865475 -3.942621240303044e-18
    outer loop
      vertex -7.35 -8.206349186104047 27.430573435631246
      vertex -7.211706681443125 -8.344642504660921 27.379975294217743
      vertex -7.450649152697917 -8.10570003340613 27.367331381420218
    endloop
  endfacet
  facet normal 0.7071067811865475 0.7071067811865475 -5.27699563198695e-17
    outer loop
      vertex -8.838834764831844 -6.7175144212722016 28.331913236462704
      vertex -6.7175144212722016 -8.838834764831844 29.583080320336148
      vertex -6.7175144212722016 -8.838834764831844 28.331913236462704
    endloop
  endfacet
  facet normal 0.7071067811865475 0.7071067811865475 0
    outer loop
      vertex -8.838834764831844 -6.7175144212722016 28.331913236462704
      vertex -8.838834764831844 -6.7175144212722016 29.583080320336148
      vertex -6.7175144212722016 -8.838834764831844 29.583080320336148
    endloop
  endfacet
  facet normal 0.7071067811865472 0.7071067811865478 3.2257102550176584e-14
    outer loop
      vertex -10.960155108391488 -4.59619407771256 29.583080320336148
      vertex -3.0520067399379736 -12.504342446166072 29.68876650794271
      vertex -8.838834764831844 -6.7175144212722016 29.583080320336148
    endloop
  endfacet
  facet normal -0.1830127018922689 0.1830127018922689 0.9659258262890494
    outer loop
      vertex -5.556349186104048 -10 27.821532939494595
      vertex -5.531402676717801 -10 27.826259521972567
      vertex 9.371602591819553 4.903005268537353 27.826259521972567
    endloop
  endfacet
  facet normal -0.18301270189222163 0.18301270189222146 0.9659258262890674
    outer loop
      vertex -5.556349186104048 -10 27.821532939494595
      vertex 9.166012873654498 5.292 27.713604384623647
      vertex -6.091424815310627 -9.464924370793419 27.61877278141084
    endloop
  endfacet
  facet normal -0.23354256439242901 0.23354256439242901 0.9438833303083682
    outer loop
      vertex -5.531402676717801 -10 27.826259521972567
      vertex -4.461295117781472 -10 28.091033414534124
      vertex 9.716617401325172 4.177912519106644 28.091033414534124
    endloop
  endfacet
  facet normal -0.026439567029456563 0.026439567029456455 0.9993007047883984
    outer loop
      vertex -7.211706681443125 -8.344642504660921 27.379975294217743
      vertex 7.758621011446881 7.1989482565674106 27.36480786038305
      vertex -7.450649152697917 -8.10570003340613 27.367331381420218
    endloop
  endfacet
  facet normal -0.02643956702945216 0.026439567029452073 0.9993007047883987
    outer loop
      vertex -7.450649152697917 -8.10570003340613 27.367331381420218
      vertex 7.758621011446881 7.1989482565674106 27.36480786038305
      vertex -7.4781810577068155 -7.479388210307477 27.350031938926833
    endloop
  endfacet
  facet normal -0.026439567029299026 0.026439567029299022 0.9993007047884067
    outer loop
      vertex -7.4781810577068155 -7.479388210307477 27.350031938926833
      vertex 7.478784634007146 7.478784634007146 27.349999999999994
      vertex -7.478784634007146 -7.478784634007146 27.349999999999994
    endloop
  endfacet
  facet normal 0.026439567029453923 -0.026439567029453933 0.9993007047883985
    outer loop
      vertex -7.758621011446881 -7.198948256567411 27.36480786038305
      vertex -7.478784634007146 -7.478784634007146 27.349999999999994
      vertex 7.478181057706822 7.479388210307471 27.350031938926833
    endloop
  endfacet
  facet normal 0.13145935812619086 -0.13145935812619083 0.9825664732332869
    outer loop
      vertex -8.74491118736049 -5.962179494545374 27.53973287302448
      vertex -8.522742791306596 -6.263206981555848 27.469733542866614
      vertex 6.6484066881766495 8.907942497927397 27.469733542866614
    endloop
  endfacet
  facet normal 0.07917084030464279 -0.07917084030464278 0.9937122098932435
    outer loop
      vertex -8.274904410441627 -6.599016062872837 27.423233299071097
      vertex 6.6484066881766495 8.907942497927397 27.469733542866614
      vertex -8.522742791306596 -6.263206981555848 27.469733542866614
    endloop
  endfacet
  facet normal 0.13145935812618414 -0.13145935812618412 0.9825664732332889
    outer loop
      vertex -8.74491118736049 -5.962179494545374 27.53973287302448
      vertex 6.091424815310624 9.464924370793423 27.618772781410843
      vertex -8.972875663927674 -5.599376108444876 27.618772781410843
    endloop
  endfacet
  facet normal 0.18301270189222163 -0.18301270189222163 0.9659258262890674
    outer loop
      vertex -8.972875663927674 -5.599376108444876 27.618772781410843
      vertex 6.091424815310624 9.464924370793423 27.618772781410843
      vertex -9.166012873654498 -5.292 27.713604384623647
    endloop
  endfacet
  facet normal 0.1830127018922216 -0.18301270189222166 0.9659258262890674
    outer loop
      vertex -9.371602591819551 -4.903005268537358 27.826259521972567
      vertex -9.166012873654498 -5.292 27.713604384623647
      vertex 5.556349186104047 10 27.8215329394946
    endloop
  endfacet
  facet normal 0.07917084030464844 -0.07917084030464842 0.9937122098932425
    outer loop
      vertex -8.274904410441627 -6.599016062872837 27.423233299071097
      vertex -8.02377248162729 -6.890836658409492 27.379975294217743
      vertex 7.2117066814431245 8.344642504660921 27.379975294217743
    endloop
  endfacet
  facet normal 0.026439567029453572 -0.026439567029453572 0.9993007047883985
    outer loop
      vertex -7.758621011446881 -7.198948256567411 27.36480786038305
      vertex 7.2117066814431245 8.344642504660921 27.379975294217743
      vertex -8.02377248162729 -6.890836658409492 27.379975294217743
    endloop
  endfacet
  facet normal -0.07917084030464575 0.07917084030464565 0.993712209893243
    outer loop
      vertex -6.648406688176652 -8.907942497927396 27.469733542866614
      vertex 8.274904410441627 6.599016062872835 27.423233299071097
      vertex -7.211706681443125 -8.344642504660921 27.379975294217743
    endloop
  endfacet
  facet normal -0.13145935812618442 0.13145935812618445 0.9825664732332886
    outer loop
      vertex -6.648406688176652 -8.907942497927396 27.469733542866614
      vertex -6.091424815310627 -9.464924370793419 27.61877278141084
      vertex 8.74491118736049 5.962179494545376 27.539732873024477
    endloop
  endfacet
  facet normal 0.7071067811865476 0.7071067811865476 0
    outer loop
      vertex -8.838834764831844 -6.7175144212722016 46.556919679663835
      vertex -8.838834764831844 -6.7175144212722016 47.269999999999996
      vertex -6.7175144212722016 -8.838834764831844 47.269999999999996
    endloop
  endfacet
  facet normal 0.7071067811865471 0.7071067811865478 -3.513937093061721e-14
    outer loop
      vertex -10.960155108391488 -4.59619407771256 46.556919679663835
      vertex -8.838834764831844 -6.7175144212722016 46.556919679663835
      vertex -3.0520067399379713 -12.504342446166076 46.45123349205727
    endloop
  endfacet
  facet normal 0.7071067811865476 0.7071067811865476 -9.258989553061153e-17
    outer loop
      vertex -8.838834764831844 -6.7175144212722016 46.556919679663835
      vertex -6.7175144212722016 -8.838834764831844 47.269999999999996
      vertex -6.7175144212722016 -8.838834764831844 46.556919679663835
    endloop
  endfacet
  facet normal 0.41989428002447743 -0.4198942800244775 0.804597779766668
    outer loop
      vertex -12.048244675189228 -3.50810451091482 29.212720339332527
      vertex 3.052006739937973 12.504342446166074 29.688766507942713
      vertex -12.504342446166074 -3.052006739937973 29.688766507942713
    endloop
  endfacet
  facet normal 0.37620348911275514 -0.37620348911275514 0.8467241992282837
    outer loop
      vertex -12.048244675189228 -3.50810451091482 29.212720339332527
      vertex -11.568266940211918 -3.9880822458921283 28.78620767143081
      vertex 3.50810451091482 12.048244675189228 29.212720339332527
    endloop
  endfacet
  facet normal 0.49999999999999817 -0.49999999999999817 0.70710678118655
    outer loop
      vertex -12.934009569396736 -2.6223396167073116 30.211683933984254
      vertex 0 10.584 30.404250357158414
      vertex -10.584 0 30.404250357158414
    endloop
  endfacet
  facet normal 0.46123685179737756 -0.46123685179737756 0.7579717231454536
    outer loop
      vertex -12.934009569396736 -2.6223396167073116 30.211683933984254
      vertex -12.504342446166074 -3.052006739937973 29.688766507942713
      vertex 2.6223396167073116 12.934009569396736 30.211683933984254
    endloop
  endfacet
  facet normal 0.5359669453838041 -0.535966945383804 0.6522874112781181
    outer loop
      vertex -10.56342368975961 0.5499134682142356 30.778548251095735
      vertex -0.7909433105187152 10.55440498936561 30.96918553900707
      vertex -10.55440498936561 0.7909433105187128 30.96918553900707
    endloop
  endfacet
  facet normal 0.5359669453838019 -0.5359669453838019 0.6522874112781216
    outer loop
      vertex -10.55440498936561 0.7909433105187128 30.96918553900707
      vertex -0.7909433105187152 10.55440498936561 30.96918553900707
      vertex -10.48996182050037 1.3628922533826526 31.38618932407437
    endloop
  endfacet
  facet normal 0.49999999999999994 -0.49999999999999994 0.7071067811865476
    outer loop
      vertex -10.584 0 30.404250357158414
      vertex 0 10.584 30.404250357158414
      vertex -10.56342368975961 0.5499134682142356 30.778548251095735
    endloop
  endfacet
  facet normal 0.3304088156876164 -0.3304088156876163 0.8841153935046112
    outer loop
      vertex -11.067093471425178 -4.489255714678869 28.41161373608606
      vertex 3.9880822458921283 11.568266940211918 28.78620767143081
      vertex -11.568266940211918 -3.9880822458921283 28.78620767143081
    endloop
  endfacet
  facet normal 0.282766362138905 -0.282766362138905 0.916562255869976
    outer loop
      vertex -11.067093471425178 -4.489255714678869 28.41161373608606
      vertex -10.960155108391488 -4.59619407771256 28.34563115455498
      vertex 4.489255714678869 11.067093471425178 28.41161373608606
    endloop
  endfacet
  facet normal 0.28276636213889356 -0.2827663621388937 0.9165622558699831
    outer loop
      vertex -10.960155108391488 -4.59619407771256 28.34563115455498
      vertex -10.196093158524837 -3.832132127845909 28.34563115455498
      vertex 4.489255714678869 11.067093471425178 28.41161373608606
    endloop
  endfacet
  facet normal 0.2827663621389036 -0.28276636213890377 0.9165622558699767
    outer loop
      vertex -9.71661740132517 -4.177912519106648 28.091033414534124
      vertex 3.909093021319429 10 28.261391922079085
      vertex -9.79958428949682 -3.987750391431109 28.17529577392223
    endloop
  endfacet
  facet normal 0.2827663621389054 -0.2827663621389053 0.9165622558699756
    outer loop
      vertex -10.196093158524837 -3.832132127845909 28.34563115455498
      vertex -9.79958428949682 -3.987750391431109 28.17529577392223
      vertex 4.489255714678869 11.067093471425178 28.41161373608606
    endloop
  endfacet
  facet normal 0.2335425643924328 -0.2335425643924328 0.9438833303083665
    outer loop
      vertex -9.371602591819551 -4.903005268537358 27.826259521972567
      vertex 5.531402676717807 10 27.826259521972567
      vertex -9.535854497879203 -4.592225494820236 27.943795358341738
    endloop
  endfacet
  facet normal 0.23354256439242627 -0.23354256439242596 0.9438833303083697
    outer loop
      vertex -9.535854497879203 -4.592225494820236 27.943795358341738
      vertex 5.531402676717807 10 27.826259521972567
      vertex -9.71661740132517 -4.177912519106648 28.091033414534124
    endloop
  endfacet
  facet normal 0.5689365462006534 -0.5689365462006533 0.5938201855734982
    outer loop
      vertex -10.48996182050037 1.3628922533826526 31.38618932407437
      vertex -1.57746334520863 10.46578546476676 31.56860569555989
      vertex -10.46578546476676 1.5774633452086324 31.568605695559892
    endloop
  endfacet
  facet normal 0.5689365462006494 -0.5689365462006495 0.5938201855735058
    outer loop
      vertex -10.48996182050037 1.3628922533826526 31.38618932407437
      vertex -1.362892253382652 10.489961820500369 31.38618932407437
      vertex -1.57746334520863 10.46578546476676 31.56860569555989
    endloop
  endfacet
  facet normal 0.6251639900985226 -0.6251639900985226 0.4672686282730616
    outer loop
      vertex -10.151924737193525 2.9773402841243097 32.709999999999994
      vertex -2.97734028412431 10.151924737193525 32.709999999999994
      vertex -10.113782576440514 3.1196887659650097 32.8494188172346
    endloop
  endfacet
  facet normal 0.6251639900985216 -0.6251639900985216 0.46726862827306437
    outer loop
      vertex -10.113782576440514 3.1196887659650097 32.8494188172346
      vertex -2.97734028412431 10.151924737193525 32.709999999999994
      vertex -9.88472600398364 3.774294841081453 33.41876631665977
    endloop
  endfacet
  facet normal 0.6481073865052985 -0.6481073865052984 0.3998920243197445
    outer loop
      vertex -9.88472600398364 3.774294841081453 33.41876631665977
      vertex -3.7742948410814523 9.884726003983642 33.41876631665977
      vertex -9.852367755650258 3.8667694018939227 33.5161971824877
    endloop
  endfacet
  facet normal 0.648107386505301 -0.6481073865053009 0.39989202431973714
    outer loop
      vertex -9.852367755650258 3.8667694018939227 33.5161971824877
      vertex -3.7742948410814523 9.884726003983642 33.41876631665977
      vertex -9.54799831630134 4.564391567332428 34.15354421879224
    endloop
  endfacet
  facet normal 0.6674263035099863 -0.6674263035099861 0.3302790619551767
    outer loop
      vertex -9.54799831630134 4.564391567332428 34.15354421879224
      vertex -4.564391567332433 9.547998316301337 34.15354421879224
      vertex -9.535854497879203 4.592225494820236 34.1852507140008
    endloop
  endfacet
  facet normal 0.5689365462006521 -0.568936546200652 0.5938201855735005
    outer loop
      vertex -10.46578546476676 1.5774633452086324 31.568605695559892
      vertex -1.57746334520863 10.46578546476676 31.56860569555989
      vertex -10.353108244092343 2.1729767777549527 32.03120897755797
    endloop
  endfacet
  facet normal 0.5987244230690689 -0.5987244230690689 0.5320320765153369
    outer loop
      vertex -10.353108244092343 2.1729767777549527 32.03120897755797
      vertex -2.1729767777549522 10.353108244092343 32.03120897755797
      vertex -10.318637022532421 2.355161564993632 32.197439028891985
    endloop
  endfacet
  facet normal 0.5987244230690694 -0.5987244230690694 0.5320320765153358
    outer loop
      vertex -10.318637022532421 2.355161564993632 32.197439028891985
      vertex -2.1729767777549522 10.353108244092343 32.03120897755797
      vertex -10.151924737193525 2.9773402841243097 32.709999999999994
    endloop
  endfacet
  facet normal 0.6674263035099882 -0.6674263035099881 0.3302790619551688
    outer loop
      vertex -9.535854497879203 4.592225494820236 34.1852507140008
      vertex -4.564391567332433 9.547998316301337 34.15354421879224
      vertex -9.166012873654498 5.292 34.85197745664889
    endloop
  endfacet
  facet normal 0.667426303509983 -0.667426303509983 0.33027906195518963
    outer loop
      vertex -9.166012873654498 5.292 34.85197745664889
      vertex -5.292 9.166012873654498 34.85197745664889
      vertex -9.117282046804188 5.369554666652456 34.9102245303151
    endloop
  endfacet
  facet normal 0.6830127018922196 -0.6830127018922196 0.2588190451025194
    outer loop
      vertex -9.117282046804188 5.369554666652456 34.9102245303151
      vertex -5.369554666652454 9.11728204680419 34.9102245303151
      vertex -8.74491118736049 5.962179494545374 35.49146559792431
    endloop
  endfacet
  facet normal 0.683012701892218 -0.6830127018922171 0.2588190451025304
    outer loop
      vertex -8.74491118736049 5.962179494545374 35.49146559792431
      vertex -5.962179494545377 8.744911187360488 35.491465597924304
      vertex -8.538751994614707 6.241515281356912 35.6845755879883
    endloop
  endfacet
  facet normal 0.6947794161898085 -0.6947794161898087 0.18591160716291352
    outer loop
      vertex -8.538751994614707 6.241515281356912 35.6845755879883
      vertex -6.241515281356909 8.538751994614708 35.6845755879883
      vertex -8.274904410441627 6.599016062872837 36.034571560628955
    endloop
  endfacet
  facet normal 0.6947794161898087 -0.6947794161898097 0.1859116071629094
    outer loop
      vertex -8.274904410441627 6.599016062872837 36.034571560628955
      vertex -6.241515281356909 8.538751994614708 35.6845755879883
      vertex -7.758621011446881 7.198948256567411 36.34717958781685
    endloop
  endfacet
  facet normal 0.6674263035099827 -0.6674263035099827 0.330279061955191
    outer loop
      vertex -9.117282046804188 5.369554666652456 34.9102245303151
      vertex -5.292 9.166012873654498 34.85197745664889
      vertex -5.369554666652454 9.11728204680419 34.9102245303151
    endloop
  endfacet
  facet normal 0.6830127018922191 -0.6830127018922182 0.2588190451025241
    outer loop
      vertex -8.74491118736049 5.962179494545374 35.49146559792431
      vertex -5.369554666652454 9.11728204680419 34.9102245303151
      vertex -5.962179494545377 8.744911187360488 35.491465597924304
    endloop
  endfacet
  facet normal 0.6947794161898083 -0.6947794161898083 0.18591160716291608
    outer loop
      vertex -7.758621011446881 7.198948256567411 36.34717958781685
      vertex -6.599016062872837 8.274904410441627 36.03457156062897
      vertex -7.198948256567411 7.758621011446881 36.34717958781685
    endloop
  endfacet
  facet normal 0.6830127018922201 -0.6830127018922203 0.2588190451025165
    outer loop
      vertex -8.538751994614707 6.241515281356912 35.6845755879883
      vertex -5.962179494545377 8.744911187360488 35.491465597924304
      vertex -6.241515281356909 8.538751994614708 35.6845755879883
    endloop
  endfacet
  facet normal 0.6947794161898081 -0.6947794161898112 0.18591160716290508
    outer loop
      vertex -7.758621011446881 7.198948256567411 36.34717958781685
      vertex -6.241515281356909 8.538751994614708 35.6845755879883
      vertex -6.599016062872837 8.274904410441627 36.03457156062897
    endloop
  endfacet
  facet normal 0.6251639900985213 -0.6251639900985212 0.4672686282730654
    outer loop
      vertex -9.88472600398364 3.774294841081453 33.41876631665977
      vertex -3.1196887659650097 10.113782576440514 32.8494188172346
      vertex -3.7742948410814523 9.884726003983642 33.41876631665977
    endloop
  endfacet
  facet normal 0.6481073865052998 -0.6481073865052995 0.3998920243197409
    outer loop
      vertex -9.54799831630134 4.564391567332428 34.15354421879224
      vertex -3.866769401893925 9.852367755650258 33.51619718248771
      vertex -4.564391567332433 9.547998316301337 34.15354421879224
    endloop
  endfacet
  facet normal 0.6481073865053036 -0.6481073865053051 0.39989202431972537
    outer loop
      vertex -9.54799831630134 4.564391567332428 34.15354421879224
      vertex -3.7742948410814523 9.884726003983642 33.41876631665977
      vertex -3.866769401893925 9.852367755650258 33.51619718248771
    endloop
  endfacet
  facet normal 0.5987244230690694 -0.5987244230690694 0.5320320765153357
    outer loop
      vertex -10.151924737193525 2.9773402841243097 32.709999999999994
      vertex -2.355161564993632 10.318637022532421 32.197439028891985
      vertex -2.97734028412431 10.151924737193525 32.709999999999994
    endloop
  endfacet
  facet normal 0.5689365462006528 -0.5689365462006528 0.5938201855734991
    outer loop
      vertex -10.353108244092343 2.1729767777549527 32.03120897755797
      vertex -1.57746334520863 10.46578546476676 31.56860569555989
      vertex -2.1729767777549522 10.353108244092343 32.03120897755797
    endloop
  endfacet
  facet normal 0.598724423069068 -0.598724423069068 0.532032076515339
    outer loop
      vertex -10.151924737193525 2.9773402841243097 32.709999999999994
      vertex -2.1729767777549522 10.353108244092343 32.03120897755797
      vertex -2.355161564993632 10.318637022532421 32.197439028891985
    endloop
  endfacet
  facet normal 0.6251639900985229 -0.6251639900985232 0.46726862827306054
    outer loop
      vertex -9.88472600398364 3.774294841081453 33.41876631665977
      vertex -2.97734028412431 10.151924737193525 32.709999999999994
      vertex -3.1196887659650097 10.113782576440514 32.8494188172346
    endloop
  endfacet
  facet normal 0.6674263035099883 -0.6674263035099883 0.330279061955168
    outer loop
      vertex -9.166012873654498 5.292 34.85197745664889
      vertex -4.592225494820234 9.535854497879203 34.185250714000794
      vertex -5.292 9.166012873654498 34.85197745664889
    endloop
  endfacet
  facet normal 0.6674263035099884 -0.6674263035099902 0.3302790619551645
    outer loop
      vertex -9.166012873654498 5.292 34.85197745664889
      vertex -4.564391567332433 9.547998316301337 34.15354421879224
      vertex -4.592225494820234 9.535854497879203 34.185250714000794
    endloop
  endfacet
  facet normal 0.49999999999999933 -0.49999999999999933 0.7071067811865485
    outer loop
      vertex -12.934009569396736 -2.6223396167073116 30.211683933984254
      vertex 2.6223396167073116 12.934009569396736 30.211683933984254
      vertex 0 10.584 30.404250357158414
    endloop
  endfacet
  facet normal 0.5359669453838023 -0.5359669453838023 0.6522874112781211
    outer loop
      vertex -10.56342368975961 0.5499134682142356 30.778548251095735
      vertex -0.5499134682142357 10.56342368975961 30.778548251095735
      vertex -0.7909433105187152 10.55440498936561 30.96918553900707
    endloop
  endfacet
  facet normal 0.5359669453838043 -0.5359669453838044 0.6522874112781177
    outer loop
      vertex -10.48996182050037 1.3628922533826526 31.38618932407437
      vertex -0.7909433105187152 10.55440498936561 30.96918553900707
      vertex -1.362892253382652 10.489961820500369 31.38618932407437
    endloop
  endfacet
  facet normal 0.5000000000000002 -0.5000000000000002 0.7071067811865472
    outer loop
      vertex -10.56342368975961 0.5499134682142356 30.778548251095735
      vertex 0 10.584 30.404250357158414
      vertex -0.5499134682142357 10.56342368975961 30.778548251095735
    endloop
  endfacet
  facet normal 0.4612368517973773 -0.4612368517973773 0.7579717231454539
    outer loop
      vertex -12.504342446166074 -3.052006739937973 29.688766507942713
      vertex 3.052006739937973 12.504342446166074 29.688766507942713
      vertex 2.6223396167073116 12.934009569396736 30.211683933984254
    endloop
  endfacet
  facet normal 0.37620348911275564 -0.37620348911275564 0.8467241992282833
    outer loop
      vertex -11.568266940211918 -3.9880822458921283 28.78620767143081
      vertex 3.9880822458921283 11.568266940211918 28.78620767143081
      vertex 3.50810451091482 12.048244675189228 29.212720339332527
    endloop
  endfacet
  facet normal 0.28276636213889944 -0.2827663621388996 0.9165622558699792
    outer loop
      vertex -9.79958428949682 -3.987750391431109 28.17529577392223
      vertex 3.909093021319429 10 28.261391922079085
      vertex 3.832132127845907 10.196093158524835 28.34563115455498
    endloop
  endfacet
  facet normal 0.2827663621389068 -0.2827663621389068 0.9165622558699748
    outer loop
      vertex -9.71661740132517 -4.177912519106648 28.091033414534124
      vertex 4.461295117781479 10 28.091033414534124
      vertex 3.909093021319429 10 28.261391922079085
    endloop
  endfacet
  facet normal 0.33040881568761565 -0.33040881568761565 0.8841153935046117
    outer loop
      vertex -11.067093471425178 -4.489255714678869 28.41161373608606
      vertex 4.489255714678869 11.067093471425178 28.41161373608606
      vertex 3.9880822458921283 11.568266940211918 28.78620767143081
    endloop
  endfacet
  facet normal 0.28276636213890566 -0.2827663621389056 0.9165622558699755
    outer loop
      vertex -9.79958428949682 -3.987750391431109 28.17529577392223
      vertex 3.832132127845907 10.196093158524835 28.34563115455498
      vertex 4.489255714678869 11.067093471425178 28.41161373608606
    endloop
  endfacet
  facet normal 0.4198942800244778 -0.4198942800244778 0.8045977797666676
    outer loop
      vertex -12.048244675189228 -3.50810451091482 29.212720339332527
      vertex 3.50810451091482 12.048244675189228 29.212720339332527
      vertex 3.052006739937973 12.504342446166074 29.688766507942713
    endloop
  endfacet
  facet normal -0.41989428002447543 0.41989428002447543 0.8045977797666701
    outer loop
      vertex -3.5081045109148206 -12.048244675189226 29.212720339332527
      vertex -3.0520067399379736 -12.504342446166072 29.68876650794271
      vertex 12.048244675189226 3.5081045109148206 29.212720339332527
    endloop
  endfacet
  facet normal -0.2827663621389151 0.2827663621389146 0.9165622558699699
    outer loop
      vertex -4.489255714678867 -11.06709347142518 28.41161373608606
      vertex 9.799584289496824 3.987750391431105 28.17529577392223
      vertex -3.8321321278459055 -10.196093158524834 28.345631154554976
    endloop
  endfacet
  facet normal -0.33040881568761726 0.33040881568761726 0.8841153935046105
    outer loop
      vertex -4.489255714678867 -11.06709347142518 28.41161373608606
      vertex -3.9880822458921283 -11.568266940211918 28.78620767143081
      vertex 11.06709347142518 4.489255714678867 28.41161373608606
    endloop
  endfacet
  facet normal -0.28276636213890427 0.28276636213890427 0.9165622558699765
    outer loop
      vertex -4.461295117781472 -10 28.091033414534124
      vertex -3.909093021319428 -10 28.26139192207908
      vertex 9.716617401325172 4.177912519106644 28.091033414534124
    endloop
  endfacet
  facet normal -0.28276636213890144 0.28276636213890155 0.916562255869978
    outer loop
      vertex -3.8321321278459055 -10.196093158524834 28.345631154554976
      vertex 9.799584289496824 3.987750391431105 28.17529577392223
      vertex -3.909093021319428 -10 28.26139192207908
    endloop
  endfacet
  facet normal -0.37620348911275575 0.37620348911275575 0.8467241992282832
    outer loop
      vertex -3.5081045109148206 -12.048244675189226 29.212720339332527
      vertex 11.568266940211918 3.9880822458921283 28.78620767143081
      vertex -3.9880822458921283 -11.568266940211918 28.78620767143081
    endloop
  endfacet
  facet normal -0.461236851797378 0.461236851797378 0.7579717231454528
    outer loop
      vertex -3.0520067399379736 -12.504342446166072 29.68876650794271
      vertex -2.622339616707314 -12.934009569396734 30.21168393398425
      vertex 12.504342446166072 3.0520067399379736 29.68876650794271
    endloop
  endfacet
  facet normal -0.49999999999999906 0.49999999999999906 0.7071067811865488
    outer loop
      vertex -2.622339616707314 -12.934009569396734 30.21168393398425
      vertex 0 -10.584 30.404250357158414
      vertex 12.934009569396734 2.622339616707314 30.21168393398425
    endloop
  endfacet
  facet normal -0.5000000000000006 0.5000000000000004 0.7071067811865468
    outer loop
      vertex 0 -10.584 30.404250357158414
      vertex 0.5499134682142394 -10.56342368975961 30.77854825109574
      vertex 10.563423689759608 -0.5499134682142399 30.77854825109574
    endloop
  endfacet
  facet normal -0.5359669453838035 0.5359669453838034 0.6522874112781191
    outer loop
      vertex 0.5499134682142394 -10.56342368975961 30.77854825109574
      vertex 0.7909433105187128 -10.55440498936561 30.96918553900707
      vertex 10.563423689759608 -0.5499134682142399 30.77854825109574
    endloop
  endfacet
  facet normal -0.535966945383803 0.535966945383803 0.6522874112781198
    outer loop
      vertex 0.7909433105187128 -10.55440498936561 30.96918553900707
      vertex 1.3628922533826564 -10.489961820500369 31.386189324074373
      vertex 10.489961820500369 -1.3628922533826568 31.386189324074373
    endloop
  endfacet
  facet normal -0.5689365462006529 0.5689365462006529 0.5938201855734987
    outer loop
      vertex 1.3628922533826564 -10.489961820500369 31.386189324074373
      vertex 1.5774633452086273 -10.46578546476676 31.56860569555989
      vertex 10.489961820500369 -1.3628922533826568 31.386189324074373
    endloop
  endfacet
  facet normal -0.5689365462006543 0.5689365462006543 0.5938201855734966
    outer loop
      vertex 1.5774633452086273 -10.46578546476676 31.56860569555989
      vertex 10.46578546476676 -1.5774633452086273 31.56860569555989
      vertex 10.489961820500369 -1.3628922533826568 31.386189324074373
    endloop
  endfacet
  facet normal -0.5689365462006509 0.5689365462006509 0.5938201855735028
    outer loop
      vertex 1.5774633452086273 -10.46578546476676 31.56860569555989
      vertex 2.1729767777549522 -10.353108244092345 32.03120897755797
      vertex 10.353108244092345 -2.1729767777549522 32.03120897755797
    endloop
  endfacet
  facet normal -0.5987244230690741 0.5987244230690756 0.5320320765153237
    outer loop
      vertex 2.1729767777549522 -10.353108244092345 32.03120897755797
      vertex 2.355161564993627 -10.318637022532423 32.197439028891985
      vertex 10.151924737193525 -2.97734028412431 32.709999999999994
    endloop
  endfacet
  facet normal -0.5987244230690681 0.5987244230690681 0.5320320765153387
    outer loop
      vertex 2.355161564993627 -10.318637022532423 32.197439028891985
      vertex 2.9773402841243097 -10.151924737193525 32.709999999999994
      vertex 10.151924737193525 -2.97734028412431 32.709999999999994
    endloop
  endfacet
  facet normal -0.6251639900985195 0.6251639900985183 0.4672686282730716
    outer loop
      vertex 2.9773402841243097 -10.151924737193525 32.709999999999994
      vertex 3.119688765965014 -10.113782576440512 32.8494188172346
      vertex 9.88472600398364 -3.774294841081451 33.41876631665977
    endloop
  endfacet
  facet normal -0.6251639900985229 0.6251639900985229 0.467268628273061
    outer loop
      vertex 3.119688765965014 -10.113782576440512 32.8494188172346
      vertex 3.774294841081452 -9.88472600398364 33.41876631665977
      vertex 9.88472600398364 -3.774294841081451 33.41876631665977
    endloop
  endfacet
  facet normal -0.648107386505298 0.6481073865052971 0.39989202431974796
    outer loop
      vertex 3.774294841081452 -9.88472600398364 33.41876631665977
      vertex 3.866769401893928 -9.852367755650256 33.51619718248771
      vertex 9.54799831630134 -4.564391567332428 34.153544218792234
    endloop
  endfacet
  facet normal -0.6481073865052994 0.6481073865052995 0.39989202431974163
    outer loop
      vertex 3.866769401893928 -9.852367755650256 33.51619718248771
      vertex 4.56439156733243 -9.547998316301339 34.153544218792234
      vertex 9.54799831630134 -4.564391567332428 34.153544218792234
    endloop
  endfacet
  facet normal -0.6674263035099869 0.6674263035099849 0.33027906195517803
    outer loop
      vertex 4.56439156733243 -9.547998316301339 34.153544218792234
      vertex 4.592225494820236 -9.535854497879203 34.185250714000794
      vertex 9.166012873654498 -5.292 34.85197745664889
    endloop
  endfacet
  facet normal -0.667426303509989 0.6674263035099889 0.3302790619551658
    outer loop
      vertex 4.592225494820236 -9.535854497879203 34.185250714000794
      vertex 5.292 -9.166012873654498 34.85197745664889
      vertex 9.166012873654498 -5.292 34.85197745664889
    endloop
  endfacet
  facet normal -0.6830127018922191 0.6830127018922191 0.2588190451025224
    outer loop
      vertex 5.36955466665245 -9.117282046804192 34.9102245303151
      vertex 5.962179494545374 -8.74491118736049 35.49146559792431
      vertex 8.74491118736049 -5.962179494545374 35.49146559792431
    endloop
  endfacet
  facet normal -0.6674263035099897 0.66742630350999 0.33027906195516216
    outer loop
      vertex 5.292 -9.166012873654498 34.85197745664889
      vertex 5.36955466665245 -9.117282046804192 34.9102245303151
      vertex 9.117282046804192 -5.369554666652451 34.9102245303151
    endloop
  endfacet
  facet normal -0.6947794161898085 0.6947794161898085 0.18591160716291352
    outer loop
      vertex 6.241515281356919 -8.5387519946147 35.684575587988306
      vertex 6.599016062872834 -8.274904410441628 36.034571560628955
      vertex 7.758621011446884 -7.198948256567408 36.347179587816846
    endloop
  endfacet
  facet normal -0.683012701892219 0.6830127018922191 0.2588190451025225
    outer loop
      vertex 5.962179494545374 -8.74491118736049 35.49146559792431
      vertex 6.241515281356919 -8.5387519946147 35.684575587988306
      vertex 8.538751994614701 -6.241515281356917 35.684575587988306
    endloop
  endfacet
  facet normal -0.6947794161898085 0.6947794161898085 0.18591160716291386
    outer loop
      vertex 6.599016062872834 -8.274904410441628 36.034571560628955
      vertex 7.198948256567408 -7.758621011446884 36.347179587816846
      vertex 7.758621011446884 -7.198948256567408 36.347179587816846
    endloop
  endfacet
  facet normal -0.6947794161898087 0.6947794161898087 0.18591160716291358
    outer loop
      vertex 6.241515281356919 -8.5387519946147 35.684575587988306
      vertex 7.758621011446884 -7.198948256567408 36.347179587816846
      vertex 8.274904410441628 -6.599016062872834 36.034571560628955
    endloop
  endfacet
  facet normal -0.6830127018922192 0.6830127018922195 0.2588190451025207
    outer loop
      vertex 5.36955466665245 -9.117282046804192 34.9102245303151
      vertex 8.74491118736049 -5.962179494545374 35.49146559792431
      vertex 9.117282046804192 -5.369554666652451 34.9102245303151
    endloop
  endfacet
  facet normal -0.6674263035099852 0.6674263035099852 0.33027906195518075
    outer loop
      vertex 5.292 -9.166012873654498 34.85197745664889
      vertex 9.117282046804192 -5.369554666652451 34.9102245303151
      vertex 9.166012873654498 -5.292 34.85197745664889
    endloop
  endfacet
  facet normal -0.6947794161898087 0.6947794161898087 0.18591160716291377
    outer loop
      vertex 6.241515281356919 -8.5387519946147 35.684575587988306
      vertex 8.274904410441628 -6.599016062872834 36.034571560628955
      vertex 8.538751994614701 -6.241515281356917 35.684575587988306
    endloop
  endfacet
  facet normal -0.683012701892219 0.683012701892219 0.25881904510252257
    outer loop
      vertex 5.962179494545374 -8.74491118736049 35.49146559792431
      vertex 8.538751994614701 -6.241515281356917 35.684575587988306
      vertex 8.74491118736049 -5.962179494545374 35.49146559792431
    endloop
  endfacet
  facet normal -0.5987244230690669 0.5987244230690669 0.5320320765153416
    outer loop
      vertex 2.1729767777549522 -10.353108244092345 32.03120897755797
      vertex 10.318637022532423 -2.355161564993627 32.19743902889198
      vertex 10.353108244092345 -2.1729767777549522 32.03120897755797
    endloop
  endfacet
  facet normal -0.5987244230690704 0.5987244230690705 0.5320320765153332
    outer loop
      vertex 2.1729767777549522 -10.353108244092345 32.03120897755797
      vertex 10.151924737193525 -2.97734028412431 32.709999999999994
      vertex 10.318637022532423 -2.355161564993627 32.19743902889198
    endloop
  endfacet
  facet normal -0.5689365462006509 0.5689365462006509 0.5938201855735026
    outer loop
      vertex 1.5774633452086273 -10.46578546476676 31.56860569555989
      vertex 10.353108244092345 -2.1729767777549522 32.03120897755797
      vertex 10.46578546476676 -1.5774633452086273 31.56860569555989
    endloop
  endfacet
  facet normal -0.6481073865052993 0.6481073865052993 0.39989202431974213
    outer loop
      vertex 3.774294841081452 -9.88472600398364 33.41876631665977
      vertex 9.54799831630134 -4.564391567332428 34.153544218792234
      vertex 9.852367755650256 -3.866769401893928 33.51619718248771
    endloop
  endfacet
  facet normal -0.6674263035099867 0.6674263035099867 0.330279061955175
    outer loop
      vertex 4.56439156733243 -9.547998316301339 34.153544218792234
      vertex 9.535854497879203 -4.592225494820236 34.185250714000794
      vertex 9.54799831630134 -4.564391567332428 34.153544218792234
    endloop
  endfacet
  facet normal -0.648107386505297 0.6481073865052969 0.3998920243197496
    outer loop
      vertex 3.774294841081452 -9.88472600398364 33.41876631665977
      vertex 9.852367755650256 -3.866769401893928 33.51619718248771
      vertex 9.88472600398364 -3.774294841081451 33.41876631665977
    endloop
  endfacet
  facet normal -0.6251639900985229 0.6251639900985231 0.46726862827306054
    outer loop
      vertex 2.9773402841243097 -10.151924737193525 32.709999999999994
      vertex 9.88472600398364 -3.774294841081451 33.41876631665977
      vertex 10.113782576440512 -3.119688765965014 32.8494188172346
    endloop
  endfacet
  facet normal -0.6251639900985198 0.6251639900985198 0.4672686282730693
    outer loop
      vertex 2.9773402841243097 -10.151924737193525 32.709999999999994
      vertex 10.113782576440512 -3.119688765965014 32.8494188172346
      vertex 10.151924737193525 -2.97734028412431 32.709999999999994
    endloop
  endfacet
  facet normal -0.6674263035099888 0.6674263035099888 0.33027906195516604
    outer loop
      vertex 4.56439156733243 -9.547998316301339 34.153544218792234
      vertex 9.166012873654498 -5.292 34.85197745664889
      vertex 9.535854497879203 -4.592225494820236 34.185250714000794
    endloop
  endfacet
  facet normal -0.23354256439242943 0.23354256439242943 0.9438833303083681
    outer loop
      vertex -5.531402676717801 -10 27.826259521972567
      vertex 9.716617401325172 4.177912519106644 28.091033414534124
      vertex 9.535854497879203 4.592225494820235 27.943795358341735
    endloop
  endfacet
  facet normal -0.23354256439242824 0.23354256439242824 0.9438833303083686
    outer loop
      vertex -5.531402676717801 -10 27.826259521972567
      vertex 9.535854497879203 4.592225494820235 27.943795358341735
      vertex 9.371602591819553 4.903005268537353 27.826259521972567
    endloop
  endfacet
  facet normal -0.2827663621389085 0.2827663621389084 0.9165622558699736
    outer loop
      vertex -4.489255714678867 -11.06709347142518 28.41161373608606
      vertex 10.196093158524837 3.8321321278459077 28.34563115455498
      vertex 9.799584289496824 3.987750391431105 28.17529577392223
    endloop
  endfacet
  facet normal -0.28276636213890105 0.2827663621389011 0.9165622558699784
    outer loop
      vertex -3.909093021319428 -10 28.26139192207908
      vertex 9.799584289496824 3.987750391431105 28.17529577392223
      vertex 9.716617401325172 4.177912519106644 28.091033414534124
    endloop
  endfacet
  facet normal -0.28276636213889017 0.28276636213889067 0.916562255869985
    outer loop
      vertex -4.489255714678867 -11.06709347142518 28.41161373608606
      vertex 10.960155108391488 4.596194077712559 28.34563115455498
      vertex 10.196093158524837 3.8321321278459077 28.34563115455498
    endloop
  endfacet
  facet normal -0.28276636213890216 0.28276636213890216 0.9165622558699776
    outer loop
      vertex -4.489255714678867 -11.06709347142518 28.41161373608606
      vertex 11.06709347142518 4.489255714678867 28.41161373608606
      vertex 10.960155108391488 4.596194077712559 28.34563115455498
    endloop
  endfacet
  facet normal -0.33040881568761704 0.33040881568761704 0.8841153935046107
    outer loop
      vertex -3.9880822458921283 -11.568266940211918 28.78620767143081
      vertex 11.568266940211918 3.9880822458921283 28.78620767143081
      vertex 11.06709347142518 4.489255714678867 28.41161373608606
    endloop
  endfacet
  facet normal -0.5000000000000017 0.5000000000000017 0.7071067811865452
    outer loop
      vertex 0 -10.584 30.404250357158414
      vertex 10.563423689759608 -0.5499134682142399 30.77854825109574
      vertex 10.584 0 30.404250357158414
    endloop
  endfacet
  facet normal -0.5359669453838033 0.5359669453838033 0.6522874112781194
    outer loop
      vertex 0.7909433105187128 -10.55440498936561 30.96918553900707
      vertex 10.55440498936561 -0.7909433105187128 30.96918553900707
      vertex 10.563423689759608 -0.5499134682142399 30.77854825109574
    endloop
  endfacet
  facet normal -0.5359669453838024 0.5359669453838024 0.6522874112781208
    outer loop
      vertex 0.7909433105187128 -10.55440498936561 30.96918553900707
      vertex 10.489961820500369 -1.3628922533826568 31.386189324074373
      vertex 10.55440498936561 -0.7909433105187128 30.96918553900707
    endloop
  endfacet
  facet normal -0.4612368517973773 0.4612368517973773 0.7579717231454539
    outer loop
      vertex -2.622339616707314 -12.934009569396734 30.21168393398425
      vertex 12.934009569396734 2.622339616707314 30.21168393398425
      vertex 12.504342446166072 3.0520067399379736 29.68876650794271
    endloop
  endfacet
  facet normal -0.49999999999999933 0.49999999999999933 0.7071067811865483
    outer loop
      vertex 0 -10.584 30.404250357158414
      vertex 10.584 0 30.404250357158414
      vertex 12.934009569396734 2.622339616707314 30.21168393398425
    endloop
  endfacet
  facet normal -0.37620348911275564 0.37620348911275564 0.8467241992282833
    outer loop
      vertex -3.5081045109148206 -12.048244675189226 29.212720339332527
      vertex 12.048244675189226 3.5081045109148206 29.212720339332527
      vertex 11.568266940211918 3.9880822458921283 28.78620767143081
    endloop
  endfacet
  facet normal -0.41989428002447576 0.41989428002447576 0.8045977797666697
    outer loop
      vertex -3.0520067399379736 -12.504342446166072 29.68876650794271
      vertex 12.504342446166072 3.0520067399379736 29.68876650794271
      vertex 12.048244675189226 3.5081045109148206 29.212720339332527
    endloop
  endfacet
  facet normal 0.13145935812618734 -0.13145935812618723 0.982566473233288
    outer loop
      vertex -8.74491118736049 -5.962179494545374 27.53973287302448
      vertex 6.6484066881766495 8.907942497927397 27.469733542866614
      vertex 6.091424815310624 9.464924370793423 27.618772781410843
    endloop
  endfacet
  facet normal 0.07917084030464551 -0.0791708403046454 0.993712209893243
    outer loop
      vertex -8.274904410441627 -6.599016062872837 27.423233299071097
      vertex 7.2117066814431245 8.344642504660921 27.379975294217743
      vertex 6.6484066881766495 8.907942497927397 27.469733542866614
    endloop
  endfacet
  facet normal -0.02643956702945366 0.02643956702945366 0.9993007047883985
    outer loop
      vertex -7.211706681443125 -8.344642504660921 27.379975294217743
      vertex 8.023772481627288 6.890836658409492 27.379975294217743
      vertex 7.758621011446881 7.1989482565674106 27.36480786038305
    endloop
  endfacet
  facet normal -0.07917084030464781 0.07917084030464781 0.9937122098932425
    outer loop
      vertex -7.211706681443125 -8.344642504660921 27.379975294217743
      vertex 8.274904410441627 6.599016062872835 27.423233299071097
      vertex 8.023772481627288 6.890836658409492 27.379975294217743
    endloop
  endfacet
  facet normal -0.1830127018922257 0.1830127018922257 0.9659258262890659
    outer loop
      vertex -6.091424815310627 -9.464924370793419 27.61877278141084
      vertex 9.166012873654498 5.292 27.713604384623647
      vertex 8.972875663927672 5.59937610844488 27.61877278141084
    endloop
  endfacet
  facet normal -0.13145935812618512 0.13145935812618512 0.9825664732332886
    outer loop
      vertex -6.091424815310627 -9.464924370793419 27.61877278141084
      vertex 8.972875663927672 5.59937610844488 27.61877278141084
      vertex 8.74491118736049 5.962179494545376 27.539732873024477
    endloop
  endfacet
  facet normal -0.18301270189221974 0.18301270189221966 0.965925826289068
    outer loop
      vertex -5.556349186104048 -10 27.821532939494595
      vertex 9.371602591819553 4.903005268537353 27.826259521972567
      vertex 9.166012873654498 5.292 27.713604384623647
    endloop
  endfacet
  facet normal -0.07917084030464354 0.07917084030464354 0.9937122098932434
    outer loop
      vertex -6.648406688176652 -8.907942497927396 27.469733542866614
      vertex 8.522742791306595 6.263206981555851 27.469733542866614
      vertex 8.274904410441627 6.599016062872835 27.423233299071097
    endloop
  endfacet
  facet normal -0.13145935812618348 0.13145935812618348 0.9825664732332892
    outer loop
      vertex -6.648406688176652 -8.907942497927396 27.469733542866614
      vertex 8.74491118736049 5.962179494545376 27.539732873024477
      vertex 8.522742791306595 6.263206981555851 27.469733542866614
    endloop
  endfacet
  facet normal -0.026439567029453864 0.026439567029453846 0.9993007047883985
    outer loop
      vertex -7.4781810577068155 -7.479388210307477 27.350031938926833
      vertex 7.758621011446881 7.1989482565674106 27.36480786038305
      vertex 7.478784634007146 7.478784634007146 27.349999999999994
    endloop
  endfacet
  facet normal 0.026439567029561902 -0.026439567029561902 0.9993007047883928
    outer loop
      vertex -7.478784634007146 -7.478784634007146 27.349999999999994
      vertex 7.478784634007146 7.478784634007146 27.349999999999994
      vertex 7.478181057706822 7.479388210307471 27.350031938926833
    endloop
  endfacet
  facet normal 0.0264395670294518 -0.026439567029451733 0.9993007047883987
    outer loop
      vertex -7.758621011446881 -7.198948256567411 27.36480786038305
      vertex 7.478181057706822 7.479388210307471 27.350031938926833
      vertex 7.450649152697919 8.105700033406128 27.367331381420218
    endloop
  endfacet
  facet normal 0.026439567029456188 -0.026439567029456094 0.9993007047883984
    outer loop
      vertex -7.758621011446881 -7.198948256567411 27.36480786038305
      vertex 7.450649152697919 8.105700033406128 27.367331381420218
      vertex 7.2117066814431245 8.344642504660921 27.379975294217743
    endloop
  endfacet
  facet normal 0.23354256439242918 -0.23354256439242918 0.9438833303083682
    outer loop
      vertex -9.71661740132517 -4.177912519106648 28.091033414534124
      vertex 5.531402676717807 10 27.826259521972567
      vertex 4.461295117781479 10 28.091033414534124
    endloop
  endfacet
  facet normal 0.18301270189222238 -0.1830127018922224 0.9659258262890671
    outer loop
      vertex -9.166012873654498 -5.292 27.713604384623647
      vertex 6.091424815310624 9.464924370793423 27.618772781410843
      vertex 5.556349186104047 10 27.8215329394946
    endloop
  endfacet
  facet normal 0.1830127018921938 -0.1830127018921938 0.965925826289078
    outer loop
      vertex -9.371602591819551 -4.903005268537358 27.826259521972567
      vertex 5.556349186104047 10 27.8215329394946
      vertex 5.531402676717807 10 27.826259521972567
    endloop
  endfacet
  facet normal -0.7071067811865472 -0.7071067811865478 1.0759580285940401e-14
    outer loop
      vertex 7.2117066814431245 8.344642504660921 27.379975294217743
      vertex 7.35 8.206349186104047 27.430573435631246
      vertex 6.6484066881766495 8.907942497927397 27.469733542866614
    endloop
  endfacet
  facet normal -0.707106781186546 -0.7071067811865489 4.6200539026153625e-15
    outer loop
      vertex 7.450649152697919 8.105700033406128 27.367331381420218
      vertex 7.35 8.206349186104047 27.430573435631246
      vertex 7.2117066814431245 8.344642504660921 27.379975294217743
    endloop
  endfacet
  facet normal -0.7071067811865475 -0.7071067811865475 0
    outer loop
      vertex 6.717514421272202 8.838834764831844 28.331913236462707
      vertex 8.838834764831844 6.717514421272202 28.331913236462707
      vertex 6.717514421272202 8.838834764831844 29.583080320336148
    endloop
  endfacet
  facet normal -0.7071067811865475 -0.7071067811865475 4.645296158740215e-18
    outer loop
      vertex 6.717514421272202 8.838834764831844 29.583080320336148
      vertex 8.838834764831844 6.717514421272202 28.331913236462707
      vertex 8.838834764831844 6.717514421272202 29.583080320336148
    endloop
  endfacet
  facet normal -0.7071067811865476 -0.7071067811865476 -8.43974011702738e-16
    outer loop
      vertex 4.596194077712559 10.960155108391488 29.583080320336148
      vertex 6.717514421272202 8.838834764831844 29.583080320336148
      vertex 12.504342446166072 3.0520067399379736 29.68876650794271
    endloop
  endfacet
  facet normal -0.7071067811865476 -0.7071067811865476 0
    outer loop
      vertex 6.7175144212722016 8.838834764831844 46.55691967966384
      vertex 8.838834764831844 6.7175144212722016 46.55691967966384
      vertex 6.7175144212722016 8.838834764831844 47.269999999999996
    endloop
  endfacet
  facet normal -0.7071067811865478 -0.7071067811865471 -3.5139370930614845e-14
    outer loop
      vertex 4.59619407771256 10.960155108391488 46.55691967966384
      vertex 12.504342446166076 3.0520067399379713 46.45123349205727
      vertex 6.7175144212722016 8.838834764831844 46.55691967966384
    endloop
  endfacet
  facet normal -0.7071067811865476 -0.7071067811865476 0
    outer loop
      vertex 8.838834764831844 6.7175144212722016 46.55691967966384
      vertex 8.838834764831844 6.7175144212722016 47.269999999999996
      vertex 6.7175144212722016 8.838834764831844 47.269999999999996
    endloop
  endfacet
  facet normal 0.5000000000000003 -0.5000000000000009 0.7071067811865467
    outer loop
      vertex 0 10.584 30.404250357158414
      vertex 2.6223396167073116 12.934009569396736 30.211683933984254
      vertex 3.595829960157978e-17 11.113337157973849 30.77854825109574
    endloop
  endfacet
  facet normal 0.5359669453838027 -0.5359669453838025 0.6522874112781204
    outer loop
      vertex -1.991150358181868e-15 11.852854073883025 31.386189324074373
      vertex 3.595829960157978e-17 11.113337157973849 30.77854825109574
      vertex 2.221506014065101 13.334843172038946 30.778548251095735
    endloop
  endfacet
  facet normal 0.5689365462006521 -0.5689365462006521 0.5938201855735004
    outer loop
      vertex -1.991150358181868e-15 11.852854073883025 31.386189324074373
      vertex 1.8517475561105121 13.704601629993535 31.38618932407437
      vertex -8.704765284035922e-16 12.526085021847296 32.03120897755797
    endloop
  endfacet
  facet normal 0.49999999999999956 -0.4999999999999992 0.7071067811865483
    outer loop
      vertex 3.595829960157978e-17 11.113337157973849 30.77854825109574
      vertex 2.6223396167073116 12.934009569396736 30.211683933984254
      vertex 2.221506014065101 13.334843172038946 30.778548251095735
    endloop
  endfacet
  facet normal 0.5359669453838029 -0.5359669453838029 0.6522874112781201
    outer loop
      vertex -1.991150358181868e-15 11.852854073883025 31.386189324074373
      vertex 2.221506014065101 13.334843172038946 30.778548251095735
      vertex 1.8517475561105121 13.704601629993535 31.38618932407437
    endloop
  endfacet
  facet normal 0.2827663621389062 -0.2827663621389059 0.9165622558699754
    outer loop
      vertex 3.832132127845907 10.196093158524835 28.34563115455498
      vertex 4.596194077712559 10.960155108391488 28.34563115455498
      vertex 4.489255714678869 11.067093471425178 28.41161373608606
    endloop
  endfacet
  facet normal -0.7071067811865478 -0.7071067811865471 -8.348368802120188e-16
    outer loop
      vertex 3.9880822458921283 11.568266940211918 28.78620767143081
      vertex 4.489255714678869 11.067093471425178 28.41161373608606
      vertex 4.596194077712559 10.960155108391488 28.34563115455498
    endloop
  endfacet
  facet normal -0.7071067811865446 -0.7071067811865505 7.744864763233839e-15
    outer loop
      vertex 3.9880822458921283 11.568266940211918 28.78620767143081
      vertex 4.596194077712559 10.960155108391488 28.34563115455498
      vertex 3.50810451091482 12.048244675189228 29.212720339332527
    endloop
  endfacet
  facet normal -0.7071067811865477 -0.7071067811865475 -9.0448960800906e-16
    outer loop
      vertex 3.50810451091482 12.048244675189228 29.212720339332527
      vertex 4.596194077712559 10.960155108391488 29.583080320336148
      vertex 3.052006739937973 12.504342446166074 29.688766507942713
    endloop
  endfacet
  facet normal -0.7071067811865478 -0.7071067811865472 -9.761895186414842e-18
    outer loop
      vertex 3.50810451091482 12.048244675189228 29.212720339332527
      vertex 4.596194077712559 10.960155108391488 28.34563115455498
      vertex 4.596194077712559 10.960155108391488 29.583080320336148
    endloop
  endfacet
  facet normal 0.5987244230690695 -0.5987244230690694 0.5320320765153356
    outer loop
      vertex -8.704765284035922e-16 12.526085021847296 32.03120897755797
      vertex 1.5151320821283754 14.041217103975672 32.03120897755797
      vertex 1.191748736207023e-16 13.129265021317835 32.709999999999994
    endloop
  endfacet
  facet normal 0.5987244230690695 -0.5987244230690693 0.5320320765153358
    outer loop
      vertex 1.5151320821283754 14.041217103975672 32.03120897755797
      vertex 1.2135420823931056 14.34280710371094 32.709999999999994
      vertex 1.191748736207023e-16 13.129265021317835 32.709999999999994
    endloop
  endfacet
  facet normal 0.6251639900985219 -0.6251639900985215 0.46726862827306404
    outer loop
      vertex 1.191748736207023e-16 13.129265021317835 32.709999999999994
      vertex 1.2135420823931056 14.34280710371094 32.709999999999994
      vertex -7.949982232779329e-16 13.659020845065093 33.41876631665977
    endloop
  endfacet
  facet normal 0.6481073865053003 -0.6481073865053005 0.3998920243197386
    outer loop
      vertex -7.949982232779329e-16 13.659020845065093 33.41876631665977
      vertex 0.9486641705194763 14.60768501558457 33.41876631665977
      vertex 1.765400647298663e-15 14.112389883633771 34.15354421879224
    endloop
  endfacet
  facet normal 0.6674263035099909 -0.6674263035099921 0.3302790619551556
    outer loop
      vertex 1.765400647298663e-15 14.112389883633771 34.15354421879224
      vertex 0.7219796512351392 14.834369534868907 34.15354421879224
      vertex 2.0951805699548454e-15 14.142135623730953 34.21365426403915
    endloop
  endfacet
  facet normal 0.6674263035099919 -0.6674263035099937 0.33027906195515
    outer loop
      vertex 2.0951805699548454e-15 14.142135623730953 34.21365426403915
      vertex 0.7219796512351392 14.834369534868907 34.15354421879224
      vertex 0.7071067811865482 14.849242404917497 34.21365426403915
    endloop
  endfacet
  facet normal 0.6251639900985219 -0.625163990098522 0.4672686282730636
    outer loop
      vertex -7.949982232779329e-16 13.659020845065093 33.41876631665977
      vertex 1.2135420823931056 14.34280710371094 32.709999999999994
      vertex 0.9486641705194763 14.60768501558457 33.41876631665977
    endloop
  endfacet
  facet normal 0.6481073865053001 -0.6481073865053011 0.3998920243197379
    outer loop
      vertex 1.765400647298663e-15 14.112389883633771 34.15354421879224
      vertex 0.9486641705194763 14.60768501558457 33.41876631665977
      vertex 0.7219796512351392 14.834369534868907 34.15354421879224
    endloop
  endfacet
  facet normal 0.568936546200652 -0.5689365462006519 0.5938201855735007
    outer loop
      vertex -8.704765284035922e-16 12.526085021847296 32.03120897755797
      vertex 1.8517475561105121 13.704601629993535 31.38618932407437
      vertex 1.5151320821283754 14.041217103975672 32.03120897755797
    endloop
  endfacet
  facet normal -0.7071067811865475 -0.7071067811865477 5.3804927935901426e-17
    outer loop
      vertex 6.091424815310624 9.464924370793423 27.618772781410843
      vertex 5.556349186104047 10 28.302764631298157
      vertex 5.556349186104047 10 27.8215329394946
    endloop
  endfacet
  facet normal -0.7071067811865476 -0.7071067811865476 -1.8962431418109757e-17
    outer loop
      vertex 6.378090965028106 9.178258221075941 27.94424235816556
      vertex 5.556349186104047 10 28.302764631298157
      vertex 6.091424815310624 9.464924370793423 27.618772781410843
    endloop
  endfacet
  facet normal -0.7071067811865474 -0.7071067811865476 1.0629319794692647e-16
    outer loop
      vertex 2.6223396167073116 12.934009569396736 30.211683933984254
      vertex 3.052006739937973 12.504342446166074 29.688766507942713
      vertex 12.934009569396734 2.622339616707314 30.21168393398425
    endloop
  endfacet
  facet normal -0.7071067811865476 -0.7071067811865477 3.210437197438682e-16
    outer loop
      vertex 1.8517475561105121 13.704601629993535 31.38618932407437
      vertex 2.221506014065101 13.334843172038946 30.778548251095735
      vertex 13.704601629993537 1.851747556110511 31.386189324074373
    endloop
  endfacet
  facet normal -0.7071067811865474 -0.7071067811865475 -5.137830303758396e-16
    outer loop
      vertex 2.6223396167073116 12.934009569396736 30.211683933984254
      vertex 13.334843172038948 2.221506014065099 30.77854825109574
      vertex 2.221506014065101 13.334843172038946 30.778548251095735
    endloop
  endfacet
  facet normal -0.7071067811865475 -0.7071067811865475 7.445238880534805e-17
    outer loop
      vertex 7.35 8.206349186104047 27.430573435631246
      vertex 6.378090965028106 9.178258221075941 27.94424235816556
      vertex 6.091424815310624 9.464924370793423 27.618772781410843
    endloop
  endfacet
  facet normal -0.7071067811865476 -0.7071067811865475 1.8268466986049189e-16
    outer loop
      vertex 7.35 8.206349186104047 27.430573435631246
      vertex 6.091424815310624 9.464924370793423 27.618772781410843
      vertex 6.6484066881766495 8.907942497927397 27.469733542866614
    endloop
  endfacet
  facet normal -0.7071067811865476 -0.7071067811865475 6.871185975509126e-16
    outer loop
      vertex 3.052006739937973 12.504342446166074 29.688766507942713
      vertex 4.596194077712559 10.960155108391488 29.583080320336148
      vertex 12.504342446166072 3.0520067399379736 29.68876650794271
    endloop
  endfacet
  facet normal -0.7071067811865475 -0.7071067811865476 -1.0424130847821566e-14
    outer loop
      vertex 0.7071067811865482 14.849242404917497 34.21365426403915
      vertex 0.7219796512351392 14.834369534868907 34.15354421879224
      vertex 14.849242404917499 0.707106781186548 34.21365426403914
    endloop
  endfacet
  facet normal -0.7071067811865475 -0.7071067811865475 5.103275710484381e-16
    outer loop
      vertex 1.5151320821283754 14.041217103975672 32.03120897755797
      vertex 1.8517475561105121 13.704601629993535 31.38618932407437
      vertex 14.041217103975672 1.5151320821283754 32.03120897755797
    endloop
  endfacet
  facet normal -0.7071067811865475 -0.7071067811865476 -1.1229189050772858e-15
    outer loop
      vertex 1.5151320821283754 14.041217103975672 32.03120897755797
      vertex 14.34280710371094 1.2135420823931056 32.709999999999994
      vertex 1.2135420823931056 14.34280710371094 32.709999999999994
    endloop
  endfacet
  facet normal -0.7071067811865476 -0.7071067811865476 1.4505674159677122e-17
    outer loop
      vertex 0.9486641705194763 14.60768501558457 33.41876631665977
      vertex 1.2135420823931056 14.34280710371094 32.709999999999994
      vertex 14.60768501558457 0.9486641705194775 33.41876631665977
    endloop
  endfacet
  facet normal -0.7071067811865475 -0.7071067811865476 -9.040834906989338e-17
    outer loop
      vertex 0.9486641705194763 14.60768501558457 33.41876631665977
      vertex 14.834369534868907 0.7219796512351392 34.153544218792234
      vertex 0.7219796512351392 14.834369534868907 34.15354421879224
    endloop
  endfacet
  facet normal -0.7071067811865475 -0.7071067811865476 8.142902976994477e-17
    outer loop
      vertex 0.7071067811865482 14.849242404917497 34.21365426403915
      vertex 14.849242404917499 0.707106781186548 34.21365426403914
      vertex 0.7071067811865474 14.849242404917499 41.92634573596084
    endloop
  endfacet
  facet normal 0.5689365462006539 -0.5689365462006535 -0.5938201855734975
    outer loop
      vertex 0.4375339937374188 12.29038806762044 44.75381067592562
      vertex 0.1009185197552821 12.627003541602575 44.10879102244202
      vertex 1.5151320821283767 14.04121710397567 44.10879102244202
    endloop
  endfacet
  facet normal 0.5359669453838023 -0.5359669453838025 -0.6522874112781208
    outer loop
      vertex 0.807292451692006 11.920629609665852 45.36145174890425
      vertex 0.4375339937374188 12.29038806762044 44.75381067592562
      vertex 1.8517475561105134 13.704601629993533 44.75381067592562
    endloop
  endfacet
  facet normal 0.46123685179737595 -0.4612368517973762 -0.7579717231454552
    outer loop
      vertex 1.2081260543342163 11.519796007023642 45.92831606601573
      vertex 2.622339616707311 12.934009569396736 45.92831606601573
      vertex 1.6377931775648764 11.09012888379298 46.45123349205727
    endloop
  endfacet
  facet normal 0.49999999999999944 -0.4999999999999998 -0.7071067811865482
    outer loop
      vertex 0.807292451692006 11.920629609665852 45.36145174890425
      vertex 2.221506014065101 13.334843172038946 45.36145174890425
      vertex 1.2081260543342163 11.519796007023642 45.92831606601573
    endloop
  endfacet
  facet normal 0.5359669453838021 -0.5359669453838025 -0.6522874112781208
    outer loop
      vertex 0.807292451692006 11.920629609665852 45.36145174890425
      vertex 1.8517475561105134 13.704601629993533 44.75381067592562
      vertex 2.221506014065101 13.334843172038946 45.36145174890425
    endloop
  endfacet
  facet normal 0.49999999999999933 -0.49999999999999967 -0.7071067811865482
    outer loop
      vertex 1.2081260543342163 11.519796007023642 45.92831606601573
      vertex 2.221506014065101 13.334843172038946 45.36145174890425
      vertex 2.622339616707311 12.934009569396736 45.92831606601573
    endloop
  endfacet
  facet normal 0.41989428002447843 -0.41989428002447815 -0.804597779766667
    outer loop
      vertex 2.0938909485417256 10.634031112816132 46.92727966066746
      vertex 1.6377931775648764 11.09012888379298 46.45123349205727
      vertex 3.0520067399379713 12.504342446166076 46.45123349205727
    endloop
  endfacet
  facet normal 0.37620348911275586 -0.3762034891127561 -0.8467241992282829
    outer loop
      vertex 2.0938909485417256 10.634031112816132 46.92727966066746
      vertex 3.5081045109148206 12.048244675189226 46.92727966066746
      vertex 2.479572651766988 10.24834940959087 47.269999999999996
    endloop
  endfacet
  facet normal 0.4198942800244776 -0.4198942800244779 -0.8045977797666676
    outer loop
      vertex 2.0938909485417256 10.634031112816132 46.92727966066746
      vertex 3.0520067399379713 12.504342446166076 46.45123349205727
      vertex 3.5081045109148206 12.048244675189226 46.92727966066746
    endloop
  endfacet
  facet normal 0.4612368517973768 -0.46123685179737645 -0.7579717231454546
    outer loop
      vertex 1.6377931775648764 11.09012888379298 46.45123349205727
      vertex 2.622339616707311 12.934009569396736 45.92831606601573
      vertex 3.0520067399379713 12.504342446166076 46.45123349205727
    endloop
  endfacet
  facet normal 0.37620348911275586 -0.3762034891127561 -0.8467241992282829
    outer loop
      vertex 3.5081045109148206 12.048244675189226 46.92727966066746
      vertex 3.893786214140083 11.662562971963965 47.269999999999996
      vertex 2.479572651766988 10.24834940959087 47.269999999999996
    endloop
  endfacet
  facet normal -0.7071067811865474 -0.7071067811865477 -1.6681490960222332e-15
    outer loop
      vertex 3.0520067399379713 12.504342446166076 46.45123349205727
      vertex 4.59619407771256 10.960155108391488 46.55691967966384
      vertex 3.5081045109148206 12.048244675189226 46.92727966066746
    endloop
  endfacet
  facet normal -0.7071067811865475 -0.7071067811865475 0
    outer loop
      vertex 4.59619407771256 10.960155108391488 46.55691967966384
      vertex 4.59619407771256 10.960155108391488 47.269999999999996
      vertex 3.893786214140083 11.662562971963965 47.269999999999996
    endloop
  endfacet
  facet normal -0.707106781186547 -0.7071067811865482 1.250373626907868e-15
    outer loop
      vertex 3.5081045109148206 12.048244675189226 46.92727966066746
      vertex 4.59619407771256 10.960155108391488 46.55691967966384
      vertex 3.893786214140083 11.662562971963965 47.269999999999996
    endloop
  endfacet
  facet normal 0.6674263035099913 -0.6674263035099923 -0.3302790619551543
    outer loop
      vertex 7.323485758278088e-18 14.11238988363377 41.986455781207745
      vertex 4.790710449321582e-16 14.142135623730951 41.92634573596084
      vertex 0.7219796512351392 14.834369534868907 41.986455781207745
    endloop
  endfacet
  facet normal 0.6674263035099868 -0.6674263035099858 -0.3302790619551764
    outer loop
      vertex 4.790710449321582e-16 14.142135623730951 41.92634573596084
      vertex 0.7071067811865474 14.849242404917499 41.92634573596084
      vertex 0.7219796512351392 14.834369534868907 41.986455781207745
    endloop
  endfacet
  facet normal 0.6251639900985221 -0.6251639900985217 -0.46726862827306354
    outer loop
      vertex 1.191748736207023e-16 13.129265021317835 43.42999999999999
      vertex -8.707704942303805e-17 13.659020845065093 42.721233683340216
      vertex 1.2135420823931056 14.34280710371094 43.42999999999999
    endloop
  endfacet
  facet normal 0.5987244230690687 -0.5987244230690703 -0.5320320765153356
    outer loop
      vertex 1.4351161941195636e-15 12.727922061357857 43.88165290357816
      vertex 1.191748736207023e-16 13.129265021317835 43.42999999999999
      vertex 1.5151320821283767 14.04121710397567 44.10879102244202
    endloop
  endfacet
  facet normal 0.5987244230690657 -0.5987244230690654 -0.5320320765153445
    outer loop
      vertex 1.4351161941195636e-15 12.727922061357857 43.88165290357816
      vertex 1.5151320821283767 14.04121710397567 44.10879102244202
      vertex 0.1009185197552821 12.627003541602575 44.10879102244202
    endloop
  endfacet
  facet normal 0.5987244230690686 -0.5987244230690683 -0.5320320765153377
    outer loop
      vertex 1.191748736207023e-16 13.129265021317835 43.42999999999999
      vertex 1.2135420823931056 14.34280710371094 43.42999999999999
      vertex 1.5151320821283767 14.04121710397567 44.10879102244202
    endloop
  endfacet
  facet normal 0.6481073865052995 -0.6481073865053008 -0.39989202431973936
    outer loop
      vertex 7.323485758278088e-18 14.11238988363377 41.986455781207745
      vertex 0.7219796512351392 14.834369534868907 41.986455781207745
      vertex -8.707704942303805e-17 13.659020845065093 42.721233683340216
    endloop
  endfacet
  facet normal 0.6481073865053008 -0.6481073865053005 -0.3998920243197378
    outer loop
      vertex -8.707704942303805e-17 13.659020845065093 42.721233683340216
      vertex 0.7219796512351392 14.834369534868907 41.986455781207745
      vertex 0.9486641705194763 14.60768501558457 42.721233683340216
    endloop
  endfacet
  facet normal 0.6251639900985221 -0.6251639900985219 -0.4672686282730634
    outer loop
      vertex -8.707704942303805e-17 13.659020845065093 42.721233683340216
      vertex 0.9486641705194763 14.60768501558457 42.721233683340216
      vertex 1.2135420823931056 14.34280710371094 43.42999999999999
    endloop
  endfacet
  facet normal 0.5689365462006529 -0.5689365462006533 -0.5938201855734985
    outer loop
      vertex 0.4375339937374188 12.29038806762044 44.75381067592562
      vertex 1.5151320821283767 14.04121710397567 44.10879102244202
      vertex 1.8517475561105134 13.704601629993533 44.75381067592562
    endloop
  endfacet
  facet normal -0.7071067811865476 -0.7071067811865475 -1.9260873700077825e-19
    outer loop
      vertex 0.7071067811865474 14.849242404917499 41.92634573596084
      vertex 14.849242404917499 0.707106781186548 34.21365426403914
      vertex 0.7219796512351392 14.834369534868907 41.986455781207745
    endloop
  endfacet
  facet normal -0.7071067811865475 -0.7071067811865475 -4.682970683831301e-16
    outer loop
      vertex 1.5151320821283767 14.04121710397567 44.10879102244202
      vertex 14.041217103975672 1.5151320821283754 44.10879102244202
      vertex 1.8517475561105134 13.704601629993533 44.75381067592562
    endloop
  endfacet
  facet normal -0.7071067811865476 -0.7071067811865476 1.0961251444322193e-16
    outer loop
      vertex 0.7219796512351392 14.834369534868907 41.986455781207745
      vertex 14.834369534868909 0.7219796512351379 41.986455781207745
      vertex 0.9486641705194763 14.60768501558457 42.721233683340216
    endloop
  endfacet
  facet normal -0.7071067811865476 -0.7071067811865476 1.4505674159677122e-17
    outer loop
      vertex 0.9486641705194763 14.60768501558457 42.721233683340216
      vertex 14.60768501558457 0.9486641705194775 42.721233683340216
      vertex 1.2135420823931056 14.34280710371094 43.42999999999999
    endloop
  endfacet
  facet normal -0.7071067811865476 -0.7071067811865476 7.104146492608524e-16
    outer loop
      vertex 1.2135420823931056 14.34280710371094 43.42999999999999
      vertex 14.34280710371094 1.2135420823931056 43.42999999999999
      vertex 1.5151320821283767 14.04121710397567 44.10879102244202
    endloop
  endfacet
  facet normal -0.7071067811865476 -0.7071067811865476 2.5316120874200577e-16
    outer loop
      vertex 1.8517475561105134 13.704601629993533 44.75381067592562
      vertex 13.704601629993533 1.8517475561105134 44.75381067592562
      vertex 2.221506014065101 13.334843172038946 45.36145174890425
    endloop
  endfacet
  facet normal -0.7071067811865476 -0.7071067811865476 4.450713823892308e-18
    outer loop
      vertex 2.622339616707311 12.934009569396736 45.92831606601573
      vertex 2.221506014065101 13.334843172038946 45.36145174890425
      vertex 13.334843172038946 2.221506014065101 45.36145174890425
    endloop
  endfacet
  facet normal -0.7071067811865476 -0.7071067811865476 5.610797277652909e-16
    outer loop
      vertex 2.622339616707311 12.934009569396736 45.92831606601573
      vertex 12.934009569396736 2.622339616707311 45.92831606601573
      vertex 3.0520067399379713 12.504342446166076 46.45123349205727
    endloop
  endfacet
  facet normal -0.7071067811865476 -0.7071067811865476 3.322792892340122e-15
    outer loop
      vertex 3.0520067399379713 12.504342446166076 46.45123349205727
      vertex 12.504342446166076 3.0520067399379713 46.45123349205727
      vertex 4.59619407771256 10.960155108391488 46.55691967966384
    endloop
  endfacet
  facet normal -0.5000000000000009 0.5000000000000006 0.7071067811865466
    outer loop
      vertex 10.584 0 30.404250357158414
      vertex 11.113337157973849 1.8333548044825104e-16 30.77854825109574
      vertex 12.934009569396734 2.622339616707314 30.21168393398425
    endloop
  endfacet
  facet normal -0.5359669453838029 0.5359669453838029 0.6522874112781201
    outer loop
      vertex 11.113337157973849 1.8333548044825104e-16 30.77854825109574
      vertex 11.852854073883025 -1.0479509543178182e-15 31.386189324074373
      vertex 13.334843172038948 2.221506014065099 30.77854825109574
    endloop
  endfacet
  facet normal -0.5689365462006518 0.5689365462006518 0.593820185573501
    outer loop
      vertex 11.852854073883025 -1.0479509543178182e-15 31.386189324074373
      vertex 12.526085021847296 -1.1775742721989436e-15 32.03120897755797
      vertex 13.704601629993537 1.851747556110511 31.386189324074373
    endloop
  endfacet
  facet normal -0.5000000000000002 0.5000000000000002 0.7071067811865471
    outer loop
      vertex 11.113337157973849 1.8333548044825104e-16 30.77854825109574
      vertex 13.334843172038948 2.221506014065099 30.77854825109574
      vertex 12.934009569396734 2.622339616707314 30.21168393398425
    endloop
  endfacet
  facet normal -0.5359669453838031 0.535966945383803 0.65228741127812
    outer loop
      vertex 11.852854073883025 -1.0479509543178182e-15 31.386189324074373
      vertex 13.704601629993537 1.851747556110511 31.386189324074373
      vertex 13.334843172038948 2.221506014065099 30.77854825109574
    endloop
  endfacet
  facet normal -0.7071067811865476 -0.7071067811865476 1.9459312845170943e-17
    outer loop
      vertex 11.568266940211918 3.9880822458921283 28.78620767143081
      vertex 10.960155108391488 4.596194077712559 29.583080320336148
      vertex 11.06709347142518 4.489255714678867 28.41161373608606
    endloop
  endfacet
  facet normal -0.7071067811865477 -0.7071067811865474 -3.129792016024469e-16
    outer loop
      vertex 12.048244675189226 3.5081045109148206 29.212720339332527
      vertex 12.504342446166072 3.0520067399379736 29.68876650794271
      vertex 10.960155108391488 4.596194077712559 29.583080320336148
    endloop
  endfacet
  facet normal -0.7071067811865477 -0.7071067811865474 -3.062858702857065e-16
    outer loop
      vertex 11.568266940211918 3.9880822458921283 28.78620767143081
      vertex 12.048244675189226 3.5081045109148206 29.212720339332527
      vertex 10.960155108391488 4.596194077712559 29.583080320336148
    endloop
  endfacet
  facet normal -0.7071067811865476 -0.7071067811865476 -3.5351727256718035e-15
    outer loop
      vertex 6.717514421272202 8.838834764831844 29.583080320336148
      vertex 8.838834764831844 6.717514421272202 29.583080320336148
      vertex 12.504342446166072 3.0520067399379736 29.68876650794271
    endloop
  endfacet
  facet normal -0.7071067811865476 -0.7071067811865475 4.911289512606762e-15
    outer loop
      vertex 3.052006739937973 12.504342446166074 29.688766507942713
      vertex 12.504342446166072 3.0520067399379736 29.68876650794271
      vertex 12.934009569396734 2.622339616707314 30.21168393398425
    endloop
  endfacet
  facet normal -0.7071067811865475 -0.7071067811865477 -1.6836028797311308e-15
    outer loop
      vertex 2.6223396167073116 12.934009569396736 30.211683933984254
      vertex 12.934009569396734 2.622339616707314 30.21168393398425
      vertex 13.334843172038948 2.221506014065099 30.77854825109574
    endloop
  endfacet
  facet normal -0.7071067811865475 -0.7071067811865475 1.700958334973939e-15
    outer loop
      vertex 2.221506014065101 13.334843172038946 30.778548251095735
      vertex 13.334843172038948 2.221506014065099 30.77854825109574
      vertex 13.704601629993537 1.851747556110511 31.386189324074373
    endloop
  endfacet
  facet normal -0.7071067811865475 -0.7071067811865475 -6.92697331931365e-15
    outer loop
      vertex 12.504342446166072 3.0520067399379736 29.68876650794271
      vertex 8.838834764831844 6.717514421272202 29.583080320336148
      vertex 10.960155108391488 4.596194077712559 29.583080320336148
    endloop
  endfacet
  facet normal -0.7071067811865475 -0.7071067811865476 -1.5741510614673217e-15
    outer loop
      vertex 1.8517475561105121 13.704601629993535 31.38618932407437
      vertex 13.704601629993537 1.851747556110511 31.386189324074373
      vertex 14.041217103975672 1.5151320821283754 32.03120897755797
    endloop
  endfacet
  facet normal -0.7071067811865476 -0.7071067811865476 0
    outer loop
      vertex 10.960155108391488 4.596194077712559 28.34563115455498
      vertex 11.06709347142518 4.489255714678867 28.41161373608606
      vertex 10.960155108391488 4.596194077712559 29.583080320336148
    endloop
  endfacet
  facet normal -0.7071067811865476 -0.7071067811865476 -1.802545955771916e-17
    outer loop
      vertex 0.9486641705194763 14.60768501558457 33.41876631665977
      vertex 14.60768501558457 0.9486641705194775 33.41876631665977
      vertex 14.834369534868907 0.7219796512351392 34.153544218792234
    endloop
  endfacet
  facet normal -0.7071067811865475 -0.7071067811865475 -1.1542976996358504e-14
    outer loop
      vertex 0.7219796512351392 14.834369534868907 34.15354421879224
      vertex 14.834369534868907 0.7219796512351392 34.153544218792234
      vertex 14.849242404917499 0.707106781186548 34.21365426403914
    endloop
  endfacet
  facet normal -0.7071067811865476 -0.7071067811865476 1.0282728703410689e-15
    outer loop
      vertex 1.5151320821283754 14.041217103975672 32.03120897755797
      vertex 14.041217103975672 1.5151320821283754 32.03120897755797
      vertex 14.34280710371094 1.2135420823931056 32.709999999999994
    endloop
  endfacet
  facet normal -0.7071067811865476 -0.7071067811865476 2.082822420091745e-16
    outer loop
      vertex 1.2135420823931056 14.34280710371094 32.709999999999994
      vertex 14.34280710371094 1.2135420823931056 32.709999999999994
      vertex 14.60768501558457 0.9486641705194775 33.41876631665977
    endloop
  endfacet
  facet normal -0.5987244230690694 0.5987244230690698 0.5320320765153352
    outer loop
      vertex 12.526085021847296 -1.1775742721989436e-15 32.03120897755797
      vertex 13.129265021317835 2.234437305092758e-16 32.709999999999994
      vertex 14.34280710371094 1.2135420823931056 32.709999999999994
    endloop
  endfacet
  facet normal -0.5987244230690694 0.5987244230690694 0.5320320765153358
    outer loop
      vertex 12.526085021847296 -1.1775742721989436e-15 32.03120897755797
      vertex 14.34280710371094 1.2135420823931056 32.709999999999994
      vertex 14.041217103975672 1.5151320821283754 32.03120897755797
    endloop
  endfacet
  facet normal -0.6251639900985222 0.6251639900985215 0.4672686282730639
    outer loop
      vertex 13.129265021317835 2.234437305092758e-16 32.709999999999994
      vertex 13.659020845065093 -7.21421405268032e-17 33.41876631665977
      vertex 14.60768501558457 0.9486641705194775 33.41876631665977
    endloop
  endfacet
  facet normal -0.6251639900985221 0.6251639900985223 0.4672686282730627
    outer loop
      vertex 13.129265021317835 2.234437305092758e-16 32.709999999999994
      vertex 14.60768501558457 0.9486641705194775 33.41876631665977
      vertex 14.34280710371094 1.2135420823931056 32.709999999999994
    endloop
  endfacet
  facet normal -0.5689365462006517 0.5689365462006517 0.5938201855735011
    outer loop
      vertex 12.526085021847296 -1.1775742721989436e-15 32.03120897755797
      vertex 14.041217103975672 1.5151320821283754 32.03120897755797
      vertex 13.704601629993537 1.851747556110511 31.386189324074373
    endloop
  endfacet
  facet normal -0.6481073865052993 0.6481073865053 0.39989202431974075
    outer loop
      vertex 13.659020845065093 -7.21421405268032e-17 33.41876631665977
      vertex 14.112389883633767 1.5552347624259992e-16 34.153544218792234
      vertex 14.834369534868907 0.7219796512351392 34.153544218792234
    endloop
  endfacet
  facet normal -0.6674263035099866 0.6674263035099872 0.33027906195517426
    outer loop
      vertex 14.112389883633767 1.5552347624259992e-16 34.153544218792234
      vertex 14.142135623730951 3.3876571639321105e-16 34.21365426403914
      vertex 14.834369534868907 0.7219796512351392 34.153544218792234
    endloop
  endfacet
  facet normal -0.6674263035099878 0.667426303509988 0.3302790619551698
    outer loop
      vertex 14.142135623730951 3.3876571639321105e-16 34.21365426403914
      vertex 14.849242404917499 0.707106781186548 34.21365426403914
      vertex 14.834369534868907 0.7219796512351392 34.153544218792234
    endloop
  endfacet
  facet normal -0.6481073865052995 0.648107386505299 0.399892024319742
    outer loop
      vertex 13.659020845065093 -7.21421405268032e-17 33.41876631665977
      vertex 14.834369534868907 0.7219796512351392 34.153544218792234
      vertex 14.60768501558457 0.9486641705194775 33.41876631665977
    endloop
  endfacet
  facet normal -0.3762034891127554 0.37620348911275564 -0.8467241992282833
    outer loop
      vertex 10.634031112816132 2.093890948541726 46.92727966066746
      vertex 10.248349409590869 2.479572651766988 47.269999999999996
      vertex 11.662562971963965 3.893786214140083 47.269999999999996
    endloop
  endfacet
  facet normal -0.568936546200652 0.5689365462006519 -0.5938201855735006
    outer loop
      vertex 12.29038806762044 0.4375339937374191 44.75381067592562
      vertex 13.704601629993533 1.8517475561105134 44.75381067592562
      vertex 12.627003541602578 0.10091851975528045 44.10879102244202
    endloop
  endfacet
  facet normal -0.46123685179737595 0.4612368517973763 -0.7579717231454552
    outer loop
      vertex 11.09012888379298 1.6377931775648764 46.45123349205727
      vertex 12.504342446166076 3.0520067399379713 46.45123349205727
      vertex 11.519796007023642 1.2081260543342163 45.92831606601573
    endloop
  endfacet
  facet normal -0.5359669453838025 0.5359669453838024 -0.6522874112781207
    outer loop
      vertex 11.920629609665852 0.8072924516920061 45.36145174890425
      vertex 13.334843172038946 2.221506014065101 45.36145174890425
      vertex 12.29038806762044 0.4375339937374191 44.75381067592562
    endloop
  endfacet
  facet normal -0.4999999999999999 0.49999999999999944 -0.7071067811865481
    outer loop
      vertex 11.920629609665852 0.8072924516920061 45.36145174890425
      vertex 11.519796007023642 1.2081260543342163 45.92831606601573
      vertex 12.934009569396736 2.622339616707311 45.92831606601573
    endloop
  endfacet
  facet normal -0.4999999999999997 0.49999999999999944 -0.7071067811865482
    outer loop
      vertex 11.920629609665852 0.8072924516920061 45.36145174890425
      vertex 12.934009569396736 2.622339616707311 45.92831606601573
      vertex 13.334843172038946 2.221506014065101 45.36145174890425
    endloop
  endfacet
  facet normal -0.41989428002447815 0.41989428002447804 -0.8045977797666672
    outer loop
      vertex 10.634031112816132 2.093890948541726 46.92727966066746
      vertex 12.048244675189226 3.5081045109148206 46.92727966066746
      vertex 11.09012888379298 1.6377931775648764 46.45123349205727
    endloop
  endfacet
  facet normal -0.37620348911275603 0.3762034891127559 -0.8467241992282829
    outer loop
      vertex 10.634031112816132 2.093890948541726 46.92727966066746
      vertex 11.662562971963965 3.893786214140083 47.269999999999996
      vertex 12.048244675189226 3.5081045109148206 46.92727966066746
    endloop
  endfacet
  facet normal -0.41989428002447754 0.4198942800244778 -0.8045977797666676
    outer loop
      vertex 11.09012888379298 1.6377931775648764 46.45123349205727
      vertex 12.048244675189226 3.5081045109148206 46.92727966066746
      vertex 12.504342446166076 3.0520067399379713 46.45123349205727
    endloop
  endfacet
  facet normal -0.7071067811865479 -0.7071067811865474 -9.217802558338298e-16
    outer loop
      vertex 12.048244675189226 3.5081045109148206 46.92727966066746
      vertex 10.960155108391488 4.596194077712559 47.269999999999996
      vertex 10.960155108391488 4.59619407771256 46.55691967966384
    endloop
  endfacet
  facet normal -0.7071067811865477 -0.7071067811865474 -1.6681490960222332e-15
    outer loop
      vertex 12.504342446166076 3.0520067399379713 46.45123349205727
      vertex 12.048244675189226 3.5081045109148206 46.92727966066746
      vertex 10.960155108391488 4.59619407771256 46.55691967966384
    endloop
  endfacet
  facet normal -0.707106781186547 -0.7071067811865479 3.68506801959072e-15
    outer loop
      vertex 12.048244675189226 3.5081045109148206 46.92727966066746
      vertex 11.662562971963965 3.893786214140083 47.269999999999996
      vertex 10.960155108391488 4.596194077712559 47.269999999999996
    endloop
  endfacet
  facet normal -0.4612368517973767 0.46123685179737645 -0.7579717231454545
    outer loop
      vertex 11.519796007023642 1.2081260543342163 45.92831606601573
      vertex 12.504342446166076 3.0520067399379713 46.45123349205727
      vertex 12.934009569396736 2.622339616707311 45.92831606601573
    endloop
  endfacet
  facet normal -0.7071067811865476 -0.7071067811865476 -7.63279595466678e-17
    outer loop
      vertex 0.7219796512351392 14.834369534868907 41.986455781207745
      vertex 14.849242404917499 0.707106781186548 34.21365426403914
      vertex 14.849242404917499 0.7071067811865479 41.926345735960844
    endloop
  endfacet
  facet normal -0.7071067811865475 -0.7071067811865475 -8.77001165378676e-15
    outer loop
      vertex 0.7219796512351392 14.834369534868907 41.986455781207745
      vertex 14.849242404917499 0.7071067811865479 41.926345735960844
      vertex 14.834369534868909 0.7219796512351379 41.986455781207745
    endloop
  endfacet
  facet normal -0.7071067811865475 -0.7071067811865475 2.7495395485757337e-16
    outer loop
      vertex 0.9486641705194763 14.60768501558457 42.721233683340216
      vertex 14.834369534868909 0.7219796512351379 41.986455781207745
      vertex 14.60768501558457 0.9486641705194775 42.721233683340216
    endloop
  endfacet
  facet normal -0.7071067811865476 -0.7071067811865476 2.082822420091745e-16
    outer loop
      vertex 1.2135420823931056 14.34280710371094 43.42999999999999
      vertex 14.60768501558457 0.9486641705194775 42.721233683340216
      vertex 14.34280710371094 1.2135420823931056 43.42999999999999
    endloop
  endfacet
  facet normal -0.7071067811865476 -0.7071067811865476 4.643498305277718e-17
    outer loop
      vertex 1.5151320821283767 14.04121710397567 44.10879102244202
      vertex 14.34280710371094 1.2135420823931056 43.42999999999999
      vertex 14.041217103975672 1.5151320821283754 44.10879102244202
    endloop
  endfacet
  facet normal -0.7071067811865476 -0.7071067811865476 1.1237491281303416e-15
    outer loop
      vertex 1.8517475561105134 13.704601629993533 44.75381067592562
      vertex 14.041217103975672 1.5151320821283754 44.10879102244202
      vertex 13.704601629993533 1.8517475561105134 44.75381067592562
    endloop
  endfacet
  facet normal -0.7071067811865475 -0.7071067811865475 -4.814809423185502e-17
    outer loop
      vertex 2.221506014065101 13.334843172038946 45.36145174890425
      vertex 13.704601629993533 1.8517475561105134 44.75381067592562
      vertex 13.334843172038946 2.221506014065101 45.36145174890425
    endloop
  endfacet
  facet normal -0.7071067811865476 -0.7071067811865476 -5.0652286286556266e-17
    outer loop
      vertex 2.622339616707311 12.934009569396736 45.92831606601573
      vertex 13.334843172038946 2.221506014065101 45.36145174890425
      vertex 12.934009569396736 2.622339616707311 45.92831606601573
    endloop
  endfacet
  facet normal -0.7071067811865475 -0.7071067811865475 3.3631983107728747e-16
    outer loop
      vertex 3.0520067399379713 12.504342446166076 46.45123349205727
      vertex 12.934009569396736 2.622339616707311 45.92831606601573
      vertex 12.504342446166076 3.0520067399379713 46.45123349205727
    endloop
  endfacet
  facet normal -0.7071067811865475 -0.7071067811865475 -4.2974347316480054e-15
    outer loop
      vertex 6.7175144212722016 8.838834764831844 46.55691967966384
      vertex 12.504342446166076 3.0520067399379713 46.45123349205727
      vertex 8.838834764831844 6.7175144212722016 46.55691967966384
    endloop
  endfacet
  facet normal -0.7071067811865471 -0.7071067811865478 1.0281480640414221e-14
    outer loop
      vertex 12.504342446166076 3.0520067399379713 46.45123349205727
      vertex 10.960155108391488 4.59619407771256 46.55691967966384
      vertex 8.838834764831844 6.7175144212722016 46.55691967966384
    endloop
  endfacet
  facet normal -0.6674263035099864 0.6674263035099869 -0.33027906195517476
    outer loop
      vertex 14.11238988363377 -1.3729212878389313e-15 41.986455781207745
      vertex 14.849242404917499 0.7071067811865479 41.926345735960844
      vertex 14.14213562373095 -1.2799420554542715e-15 41.926345735960844
    endloop
  endfacet
  facet normal -0.6674263035099866 0.6674263035099871 -0.33027906195517437
    outer loop
      vertex 14.11238988363377 -1.3729212878389313e-15 41.986455781207745
      vertex 14.834369534868909 0.7219796512351379 41.986455781207745
      vertex 14.849242404917499 0.7071067811865479 41.926345735960844
    endloop
  endfacet
  facet normal -0.6251639900985221 0.6251639900985217 -0.46726862827306354
    outer loop
      vertex 13.129265021317835 1.9653593723358922e-16 43.42999999999999
      vertex 14.60768501558457 0.9486641705194775 42.721233683340216
      vertex 13.659020845065093 3.5661862994202357e-16 42.721233683340216
    endloop
  endfacet
  facet normal -0.6251639900985221 0.6251639900985223 -0.4672686282730627
    outer loop
      vertex 13.129265021317835 1.9653593723358922e-16 43.42999999999999
      vertex 14.34280710371094 1.2135420823931056 43.42999999999999
      vertex 14.60768501558457 0.9486641705194775 42.721233683340216
    endloop
  endfacet
  facet normal -0.5987244230690697 0.5987244230690704 -0.5320320765153341
    outer loop
      vertex 12.727922061357857 1.6702715553252278e-15 43.88165290357816
      vertex 12.627003541602578 0.10091851975528045 44.10879102244202
      vertex 14.34280710371094 1.2135420823931056 43.42999999999999
    endloop
  endfacet
  facet normal -0.5987244230690695 0.5987244230690698 -0.5320320765153351
    outer loop
      vertex 12.727922061357857 1.6702715553252278e-15 43.88165290357816
      vertex 14.34280710371094 1.2135420823931056 43.42999999999999
      vertex 13.129265021317835 1.9653593723358922e-16 43.42999999999999
    endloop
  endfacet
  facet normal -0.5987244230690696 0.5987244230690691 -0.5320320765153357
    outer loop
      vertex 12.627003541602578 0.10091851975528045 44.10879102244202
      vertex 14.041217103975672 1.5151320821283754 44.10879102244202
      vertex 14.34280710371094 1.2135420823931056 43.42999999999999
    endloop
  endfacet
  facet normal -0.5689365462006524 0.568936546200652 -0.5938201855735004
    outer loop
      vertex 12.627003541602578 0.10091851975528045 44.10879102244202
      vertex 13.704601629993533 1.8517475561105134 44.75381067592562
      vertex 14.041217103975672 1.5151320821283754 44.10879102244202
    endloop
  endfacet
  facet normal -0.6481073865052996 0.6481073865053 -0.39989202431974025
    outer loop
      vertex 14.11238988363377 -1.3729212878389313e-15 41.986455781207745
      vertex 13.659020845065093 3.5661862994202357e-16 42.721233683340216
      vertex 14.834369534868909 0.7219796512351379 41.986455781207745
    endloop
  endfacet
  facet normal -0.6481073865052996 0.6481073865052994 -0.3998920243197411
    outer loop
      vertex 13.659020845065093 3.5661862994202357e-16 42.721233683340216
      vertex 14.60768501558457 0.9486641705194775 42.721233683340216
      vertex 14.834369534868909 0.7219796512351379 41.986455781207745
    endloop
  endfacet
  facet normal -0.5359669453838025 0.5359669453838024 -0.6522874112781208
    outer loop
      vertex 12.29038806762044 0.4375339937374191 44.75381067592562
      vertex 13.334843172038946 2.221506014065101 45.36145174890425
      vertex 13.704601629993533 1.8517475561105134 44.75381067592562
    endloop
  endfacet
  facet normal 0 0 -1
    outer loop
      vertex -11.463061102826137 -10 5.5
      vertex -11.463061102826137 -4.5 5.5
      vertex -10.408350828789558 -4.5 5.5
    endloop
  endfacet
  facet normal 0 0 -1
    outer loop
      vertex -11.463061102826137 -10 5.5
      vertex -10.408350828789558 -4.5 5.5
      vertex -10 -9.999999999999998 5.5
    endloop
  endfacet
  facet normal 0 0 -1
    outer loop
      vertex -10.408350828789558 -4.5 5.5
      vertex -10.408350828789558 -1.5 5.5
      vertex -10 -9.999999999999998 5.5
    endloop
  endfacet
  facet normal 0 0 -1
    outer loop
      vertex -11.463061102826137 -1.5 5.5
      vertex -11.463061102826137 1.5 5.5
      vertex -10 -0.037146808259065175 5.5
    endloop
  endfacet
  facet normal 0 0 -1
    outer loop
      vertex -10.408350828789558 -1.5 5.5
      vertex -10 -0.037146808259065175 5.5
      vertex -10 -9.999999999999998 5.5
    endloop
  endfacet
  facet normal 0 0 -1
    outer loop
      vertex -11.463061102826137 -1.5 5.5
      vertex -10 -0.037146808259065175 5.5
      vertex -10.408350828789558 -1.5 5.5
    endloop
  endfacet
  facet normal 0 0 1
    outer loop
      vertex -15.176676050829581 -1.03454042709863 47.269999999999996
      vertex -11.662562971963965 -3.893786214140083 47.269999999999996
      vertex -13.435028842544405 0.707106781186547 47.269999999999996
    endloop
  endfacet
  facet normal 0 0 1
    outer loop
      vertex -11.28758875430357 -4.923627723624641 47.269999999999996
      vertex -10.960155108391488 -4.596194077712559 47.269999999999996
      vertex -11.662562971963965 -3.893786214140083 47.269999999999996
    endloop
  endfacet
  facet normal 0 0 1
    outer loop
      vertex -15.176676050829581 -1.03454042709863 47.269999999999996
      vertex -11.28758875430357 -4.923627723624641 47.269999999999996
      vertex -11.662562971963965 -3.893786214140083 47.269999999999996
    endloop
  endfacet
  facet normal 0 0 1
    outer loop
      vertex -11.662562971963965 -3.893786214140083 47.269999999999996
      vertex -10.248349409590869 -2.479572651766988 47.269999999999996
      vertex -13.435028842544405 0.707106781186547 47.269999999999996
    endloop
  endfacet
  facet normal 0 0 1
    outer loop
      vertex -4.59619407771256 -10.960155108391488 47.269999999999996
      vertex -4.923627723624641 -11.28758875430357 47.269999999999996
      vertex -3.893786214140083 -11.662562971963965 47.269999999999996
    endloop
  endfacet
  facet normal 0 0 1
    outer loop
      vertex -1.03454042709863 -15.176676050829581 47.269999999999996
      vertex -3.893786214140083 -11.662562971963965 47.269999999999996
      vertex -4.923627723624641 -11.28758875430357 47.269999999999996
    endloop
  endfacet
  facet normal 0 0 1
    outer loop
      vertex -1.03454042709863 -15.176676050829581 47.269999999999996
      vertex -2.479572651766988 -10.24834940959087 47.269999999999996
      vertex -3.893786214140083 -11.662562971963965 47.269999999999996
    endloop
  endfacet
  facet normal 0 0 1
    outer loop
      vertex -1.03454042709863 -15.176676050829581 47.269999999999996
      vertex 0.707106781186547 -13.435028842544405 47.269999999999996
      vertex -2.479572651766988 -10.24834940959087 47.269999999999996
    endloop
  endfacet
  facet normal 0 0 1
    outer loop
      vertex -7.044948067184285 -9.166268410743927 47.269999999999996
      vertex -6.7175144212722016 -8.838834764831844 47.269999999999996
      vertex -9.166268410743927 -7.044948067184285 47.269999999999996
    endloop
  endfacet
  facet normal 0 0 1
    outer loop
      vertex -9.166268410743927 -7.044948067184285 47.269999999999996
      vertex -6.7175144212722016 -8.838834764831844 47.269999999999996
      vertex -8.838834764831844 -6.7175144212722016 47.269999999999996
    endloop
  endfacet
  facet normal 0 0 -1
    outer loop
      vertex -10 -0.037146808259065175 5.5
      vertex -11.463061102826137 1.5 5.5
      vertex -10.408350828789558 1.5 5.5
    endloop
  endfacet
  facet normal 0 0 -1
    outer loop
      vertex -10 -0.037146808259065175 5.5
      vertex -10.408350828789558 1.5 5.5
      vertex -10 10 5.5
    endloop
  endfacet
  facet normal 0 0 -1
    outer loop
      vertex -11.463061102826137 4.5 5.5
      vertex -11.463061102826137 10 5.5
      vertex -10 10 5.5
    endloop
  endfacet
  facet normal 0 0 -1
    outer loop
      vertex -10.408350828789558 1.5 5.5
      vertex -10.408350828789558 4.5 5.5
      vertex -10 10 5.5
    endloop
  endfacet
  facet normal 0 0 -1
    outer loop
      vertex -11.463061102826137 4.5 5.5
      vertex -10 10 5.5
      vertex -10.408350828789558 4.5 5.5
    endloop
  endfacet
  facet normal 0 0 -1
    outer loop
      vertex 10 -10 5.5
      vertex 10.408350828789557 -4.5 5.5
      vertex 11.463061102826135 -4.5 5.5
    endloop
  endfacet
  facet normal 0 0 -1
    outer loop
      vertex 10 -10 5.5
      vertex 10.408350828789557 -1.5 5.5
      vertex 10.408350828789557 -4.5 5.5
    endloop
  endfacet
  facet normal 0 0 -1
    outer loop
      vertex 11.463061102826137 -10 5.5
      vertex 10 -10 5.5
      vertex 11.463061102826135 -4.5 5.5
    endloop
  endfacet
  facet normal 0 0 -1
    outer loop
      vertex 10 -10 5.5
      vertex 10 0.03714680825907028 5.5
      vertex 10.408350828789557 -1.5 5.5
    endloop
  endfacet
  facet normal 0 0 -1
    outer loop
      vertex 10 0.03714680825907028 5.5
      vertex 11.463061102826137 -1.5 5.5
      vertex 10.408350828789557 -1.5 5.5
    endloop
  endfacet
  facet normal 0 0 -1
    outer loop
      vertex 10 0.03714680825907028 5.5
      vertex 10.408350828789557 1.5 5.5
      vertex 11.463061102826135 1.5 5.5
    endloop
  endfacet
  facet normal 0 0 -1
    outer loop
      vertex 10.408350828789557 1.5 5.5
      vertex 10 0.03714680825907028 5.5
      vertex 10.408350828789557 4.5 5.5
    endloop
  endfacet
  facet normal 0 0 -1
    outer loop
      vertex 10 0.03714680825907028 5.5
      vertex 11.463061102826135 1.5 5.5
      vertex 11.463061102826137 -1.5 5.5
    endloop
  endfacet
  facet normal 0 0 -1
    outer loop
      vertex 10.408350828789557 4.5 5.5
      vertex 10 0.03714680825907028 5.5
      vertex 10 9.999999999999998 5.5
    endloop
  endfacet
  facet normal 0 0 -1
    outer loop
      vertex 10.408350828789557 4.5 5.5
      vertex 10 9.999999999999998 5.5
      vertex 11.463061102826137 10 5.5
    endloop
  endfacet
  facet normal 0 0 -1
    outer loop
      vertex 10.408350828789557 4.5 5.5
      vertex 11.463061102826137 10 5.5
      vertex 11.463061102826137 4.5 5.5
    endloop
  endfacet
  facet normal 0 0 1
    outer loop
      vertex 8.838834764831844 6.7175144212722016 47.269999999999996
      vertex 9.166268410743925 7.044948067184282 47.269999999999996
      vertex 6.7175144212722016 8.838834764831844 47.269999999999996
    endloop
  endfacet
  facet normal 0 0 1
    outer loop
      vertex 6.7175144212722016 8.838834764831844 47.269999999999996
      vertex 9.166268410743925 7.044948067184282 47.269999999999996
      vertex 7.044948067184282 9.166268410743925 47.269999999999996
    endloop
  endfacet
  facet normal 0 0 1
    outer loop
      vertex -0.707106781186547 13.435028842544405 47.269999999999996
      vertex 2.479572651766988 10.24834940959087 47.269999999999996
      vertex 3.893786214140083 11.662562971963965 47.269999999999996
    endloop
  endfacet
  facet normal 0 0 1
    outer loop
      vertex 3.893786214140083 11.662562971963965 47.269999999999996
      vertex 4.923627723624638 11.287588754303568 47.269999999999996
      vertex 1.0345404270986276 15.17667605082958 47.269999999999996
    endloop
  endfacet
  facet normal 0 0 1
    outer loop
      vertex -0.707106781186547 13.435028842544405 47.269999999999996
      vertex 3.893786214140083 11.662562971963965 47.269999999999996
      vertex 1.0345404270986276 15.17667605082958 47.269999999999996
    endloop
  endfacet
  facet normal 0 0 1
    outer loop
      vertex 3.893786214140083 11.662562971963965 47.269999999999996
      vertex 4.59619407771256 10.960155108391488 47.269999999999996
      vertex 4.923627723624638 11.287588754303568 47.269999999999996
    endloop
  endfacet
  facet normal 0 0 1
    outer loop
      vertex 10.248349409590869 2.479572651766988 47.269999999999996
      vertex 13.435028842544405 -0.707106781186547 47.269999999999996
      vertex 11.662562971963965 3.893786214140083 47.269999999999996
    endloop
  endfacet
  facet normal 0 0 1
    outer loop
      vertex 11.662562971963965 3.893786214140083 47.269999999999996
      vertex 15.17667605082958 1.0345404270986276 47.269999999999996
      vertex 11.287588754303568 4.923627723624638 47.269999999999996
    endloop
  endfacet
  facet normal 0 0 1
    outer loop
      vertex 11.662562971963965 3.893786214140083 47.269999999999996
      vertex 11.287588754303568 4.923627723624638 47.269999999999996
      vertex 10.960155108391488 4.596194077712559 47.269999999999996
    endloop
  endfacet
  facet normal 0 0 1
    outer loop
      vertex 13.435028842544405 -0.707106781186547 47.269999999999996
      vertex 15.17667605082958 1.0345404270986276 47.269999999999996
      vertex 11.662562971963965 3.893786214140083 47.269999999999996
    endloop
  endfacet
endsolid OpenSCAD_Model
