solid OpenSCAD_Model
  facet normal 0 0 1
    outer loop
      vertex 0 0 7
      vertex 11.353316429448892 4.731660972225109 7
      vertex 11.087493349296384 4.857385925756179 7
    endloop
  endfacet
  facet normal 0 0 1
    outer loop
      vertex 0 0 7
      vertex 10.835273480344833 5.008560697422016 7
      vertex 10.599085837809648 5.183729391530942 7
    endloop
  endfacet
  facet normal 0 0 1
    outer loop
      vertex 0 0 7
      vertex 11.087493349296384 4.857385925756179 7
      vertex 10.835273480344833 5.008560697422016 7
    endloop
  endfacet
  facet normal 0 0 1
    outer loop
      vertex 0 0 7
      vertex 10.599085837809648 5.183729391530942 7
      vertex 10.381205037801738 5.381205037801737 7
    endloop
  endfacet
  facet normal 0 0 1
    outer loop
      vertex 0 0 7
      vertex 10.381205037801738 5.381205037801737 7
      vertex 10.183729391530942 5.599085837809648 7
    endloop
  endfacet
  facet normal 0 0 1
    outer loop
      vertex 0 0 7
      vertex 12.20629864022678 4.5180000511500955 7
      vertex 11.915425785101673 4.561146963363178 7
    endloop
  endfacet
  facet normal 0 0 1
    outer loop
      vertex 0 0 7
      vertex 12.5 4.503571428571428 7
      vertex 12.20629864022678 4.5180000511500955 7
    endloop
  endfacet
  facet normal 0 0 1
    outer loop
      vertex 0 0 7
      vertex 12.79370135977322 4.5180000511500955 7
      vertex 12.5 4.503571428571428 7
    endloop
  endfacet
  facet normal 0 0 1
    outer loop
      vertex 0 0 7
      vertex 11.630182699226808 4.63259663685956 7
      vertex 11.353316429448892 4.731660972225109 7
    endloop
  endfacet
  facet normal 0 0 1
    outer loop
      vertex 0 0 7
      vertex 11.915425785101673 4.561146963363178 7
      vertex 11.630182699226808 4.63259663685956 7
    endloop
  endfacet
  facet normal 0 0 1
    outer loop
      vertex 0 0 7
      vertex 13.084574214898327 4.561146963363178 7
      vertex 12.79370135977322 4.5180000511500955 7
    endloop
  endfacet
  facet normal 0 0 1
    outer loop
      vertex 0 0 7
      vertex 13.369817300773192 4.63259663685956 7
      vertex 13.084574214898327 4.561146963363178 7
    endloop
  endfacet
  facet normal -1 0 0
    outer loop
      vertex 0 0 0
      vertex 0 0 7
      vertex 0 15 7
    endloop
  endfacet
  facet normal 0 0 1
    outer loop
      vertex 0 0 7
      vertex 9.85738592575618 6.087493349296386 7
      vertex 9.731660972225109 6.353316429448892 7
    endloop
  endfacet
  facet normal 0 0 1
    outer loop
      vertex 0 0 7
      vertex 10.183729391530942 5.599085837809648 7
      vertex 10.008560697422018 5.835273480344835 7
    endloop
  endfacet
  facet normal 0 0 1
    outer loop
      vertex 0 0 7
      vertex 10.008560697422018 5.835273480344835 7
      vertex 9.85738592575618 6.087493349296386 7
    endloop
  endfacet
  facet normal 0 0 1
    outer loop
      vertex 0 0 7
      vertex 9.731660972225109 6.353316429448892 7
      vertex 9.63259663685956 6.630182699226808 7
    endloop
  endfacet
  facet normal 0 0 1
    outer loop
      vertex 0 0 7
      vertex 9.63259663685956 6.630182699226808 7
      vertex 0 15 7
    endloop
  endfacet
  facet normal 0 -1 0
    outer loop
      vertex 0 0 0
      vertex 60 0 7
      vertex 0 0 7
    endloop
  endfacet
  facet normal 0 0 1
    outer loop
      vertex 0 0 7
      vertex 60 0 7
      vertex 13.369817300773192 4.63259663685956 7
    endloop
  endfacet
  facet normal 0 0 1
    outer loop
      vertex 60 0 7
      vertex 13.646683570551108 4.731660972225109 7
      vertex 13.369817300773192 4.63259663685956 7
    endloop
  endfacet
  facet normal 0 0 1
    outer loop
      vertex 60 0 7
      vertex 13.912506650703616 4.857385925756179 7
      vertex 13.646683570551108 4.731660972225109 7
    endloop
  endfacet
  facet normal 0 0 1
    outer loop
      vertex 60 0 7
      vertex 14.164726519655167 5.008560697422016 7
      vertex 13.912506650703616 4.857385925756179 7
    endloop
  endfacet
  facet normal 0 0 1
    outer loop
      vertex 60 0 7
      vertex 14.400914162190352 5.183729391530942 7
      vertex 14.164726519655167 5.008560697422016 7
    endloop
  endfacet
  facet normal 0 0 1
    outer loop
      vertex 60 0 7
      vertex 14.618794962198262 5.381205037801737 7
      vertex 14.400914162190352 5.183729391530942 7
    endloop
  endfacet
  facet normal 0 0 1
    outer loop
      vertex 60 0 7
      vertex 14.816270608469058 5.599085837809648 7
      vertex 14.618794962198262 5.381205037801737 7
    endloop
  endfacet
  facet normal 0 0 1
    outer loop
      vertex 60 0 7
      vertex 14.991439302577982 5.835273480344835 7
      vertex 14.816270608469058 5.599085837809648 7
    endloop
  endfacet
  facet normal 0 0 1
    outer loop
      vertex 60 0 7
      vertex 14.816270608469058 9.400914162190352 7
      vertex 14.991439302577982 9.164726519655167 7
    endloop
  endfacet
  facet normal 0 0 1
    outer loop
      vertex 60 0 7
      vertex 14.618794962198262 9.618794962198262 7
      vertex 14.816270608469058 9.400914162190352 7
    endloop
  endfacet
  facet normal 0 0 1
    outer loop
      vertex 60 0 7
      vertex 14.400914162190352 9.816270608469058 7
      vertex 14.618794962198262 9.618794962198262 7
    endloop
  endfacet
  facet normal 0 0 1
    outer loop
      vertex 60 0 7
      vertex 13.369817300773192 10.36740336314044 7
      vertex 13.646683570551108 10.268339027774891 7
    endloop
  endfacet
  facet normal 0 0 1
    outer loop
      vertex 60 0 7
      vertex 13.084574214898327 10.438853036636823 7
      vertex 13.369817300773192 10.36740336314044 7
    endloop
  endfacet
  facet normal 0 0 1
    outer loop
      vertex 60 0 7
      vertex 14.164726519655167 9.991439302577982 7
      vertex 14.400914162190352 9.816270608469058 7
    endloop
  endfacet
  facet normal 0 0 1
    outer loop
      vertex 60 0 7
      vertex 13.912506650703616 10.14261407424382 7
      vertex 14.164726519655167 9.991439302577982 7
    endloop
  endfacet
  facet normal 0 0 1
    outer loop
      vertex 60 0 7
      vertex 13.646683570551108 10.268339027774891 7
      vertex 13.912506650703616 10.14261407424382 7
    endloop
  endfacet
  facet normal -1 0 0
    outer loop
      vertex 0 0 0
      vertex 0 15 7
      vertex 0 15 0
    endloop
  endfacet
  facet normal 0 0 -1
    outer loop
      vertex 0 0 0
      vertex 0 15 0
      vertex 60 15 0
    endloop
  endfacet
  facet normal 0 1 0
    outer loop
      vertex 0 15 0
      vertex 0 15 7
      vertex 60 15 0
    endloop
  endfacet
  facet normal 0 0 1
    outer loop
      vertex 0 15 7
      vertex 9.63259663685956 6.630182699226808 7
      vertex 9.561146963363177 6.9154257851016725 7
    endloop
  endfacet
  facet normal 0 0 1
    outer loop
      vertex 0 15 7
      vertex 9.561146963363177 6.9154257851016725 7
      vertex 9.518000051150096 7.206298640226781 7
    endloop
  endfacet
  facet normal 0 0 1
    outer loop
      vertex 0 15 7
      vertex 9.518000051150096 7.206298640226781 7
      vertex 9.503571428571428 7.5 7
    endloop
  endfacet
  facet normal 0 0 1
    outer loop
      vertex 0 15 7
      vertex 9.503571428571428 7.5 7
      vertex 9.518000051150096 7.793701359773219 7
    endloop
  endfacet
  facet normal 0 0 1
    outer loop
      vertex 0 15 7
      vertex 9.518000051150096 7.793701359773219 7
      vertex 9.561146963363177 8.084574214898327 7
    endloop
  endfacet
  facet normal 0 0 1
    outer loop
      vertex 0 15 7
      vertex 9.561146963363177 8.084574214898327 7
      vertex 9.63259663685956 8.369817300773192 7
    endloop
  endfacet
  facet normal 0 0 1
    outer loop
      vertex 0 15 7
      vertex 9.63259663685956 8.369817300773192 7
      vertex 9.731660972225109 8.646683570551108 7
    endloop
  endfacet
  facet normal 0 0 1
    outer loop
      vertex 0 15 7
      vertex 9.731660972225109 8.646683570551108 7
      vertex 9.85738592575618 8.912506650703616 7
    endloop
  endfacet
  facet normal 0 0 1
    outer loop
      vertex 0 15 7
      vertex 9.85738592575618 8.912506650703616 7
      vertex 10.008560697422018 9.164726519655167 7
    endloop
  endfacet
  facet normal 0 0 1
    outer loop
      vertex 0 15 7
      vertex 10.008560697422018 9.164726519655167 7
      vertex 10.183729391530942 9.400914162190352 7
    endloop
  endfacet
  facet normal 0 0 1
    outer loop
      vertex 0 15 7
      vertex 10.183729391530942 9.400914162190352 7
      vertex 10.381205037801738 9.618794962198262 7
    endloop
  endfacet
  facet normal 0 0 1
    outer loop
      vertex 0 15 7
      vertex 10.381205037801738 9.618794962198262 7
      vertex 10.599085837809648 9.816270608469058 7
    endloop
  endfacet
  facet normal 0 0 1
    outer loop
      vertex 0 15 7
      vertex 10.599085837809648 9.816270608469058 7
      vertex 10.835273480344833 9.991439302577982 7
    endloop
  endfacet
  facet normal 0 0 1
    outer loop
      vertex 0 15 7
      vertex 10.835273480344833 9.991439302577982 7
      vertex 11.087493349296384 10.14261407424382 7
    endloop
  endfacet
  facet normal 0 0 1
    outer loop
      vertex 0 15 7
      vertex 11.087493349296384 10.14261407424382 7
      vertex 11.353316429448892 10.268339027774891 7
    endloop
  endfacet
  facet normal 0 0 1
    outer loop
      vertex 0 15 7
      vertex 11.353316429448892 10.268339027774891 7
      vertex 11.630182699226808 10.36740336314044 7
    endloop
  endfacet
  facet normal 0 0 1
    outer loop
      vertex 0 15 7
      vertex 11.630182699226808 10.36740336314044 7
      vertex 11.915425785101673 10.438853036636823 7
    endloop
  endfacet
  facet normal 0 0 1
    outer loop
      vertex 0 15 7
      vertex 11.915425785101673 10.438853036636823 7
      vertex 12.20629864022678 10.481999948849904 7
    endloop
  endfacet
  facet normal 0 0 1
    outer loop
      vertex 0 15 7
      vertex 12.20629864022678 10.481999948849904 7
      vertex 12.5 10.496428571428572 7
    endloop
  endfacet
  facet normal 0 0 1
    outer loop
      vertex 0 15 7
      vertex 12.5 10.496428571428572 7
      vertex 12.79370135977322 10.481999948849904 7
    endloop
  endfacet
  facet normal 0 0 1
    outer loop
      vertex 0 15 7
      vertex 12.79370135977322 10.481999948849904 7
      vertex 13.084574214898327 10.438853036636823 7
    endloop
  endfacet
  facet normal 0 0 1
    outer loop
      vertex 0 15 7
      vertex 13.084574214898327 10.438853036636823 7
      vertex 60 0 7
    endloop
  endfacet
  facet normal 0 0 1
    outer loop
      vertex 0 15 7
      vertex 45.00856069742201 5.835273480344835 7
      vertex 44.857385925756184 6.087493349296386 7
    endloop
  endfacet
  facet normal 0 0 1
    outer loop
      vertex 0 15 7
      vertex 44.857385925756184 6.087493349296386 7
      vertex 44.73166097222511 6.353316429448892 7
    endloop
  endfacet
  facet normal 0 0 1
    outer loop
      vertex 0 15 7
      vertex 44.73166097222511 6.353316429448892 7
      vertex 44.63259663685956 6.630182699226808 7
    endloop
  endfacet
  facet normal 0 0 1
    outer loop
      vertex 0 15 7
      vertex 44.63259663685956 6.630182699226808 7
      vertex 44.56114696336318 6.9154257851016725 7
    endloop
  endfacet
  facet normal 0 0 1
    outer loop
      vertex 0 15 7
      vertex 44.56114696336318 6.9154257851016725 7
      vertex 44.518000051150096 7.206298640226781 7
    endloop
  endfacet
  facet normal 0 0 1
    outer loop
      vertex 0 15 7
      vertex 44.518000051150096 7.206298640226781 7
      vertex 44.503571428571426 7.5 7
    endloop
  endfacet
  facet normal 0 0 1
    outer loop
      vertex 0 15 7
      vertex 44.503571428571426 7.5 7
      vertex 44.518000051150096 7.793701359773219 7
    endloop
  endfacet
  facet normal 0 0 1
    outer loop
      vertex 0 15 7
      vertex 44.518000051150096 7.793701359773219 7
      vertex 44.56114696336318 8.084574214898327 7
    endloop
  endfacet
  facet normal 0 0 1
    outer loop
      vertex 0 15 7
      vertex 44.56114696336318 8.084574214898327 7
      vertex 44.63259663685956 8.369817300773192 7
    endloop
  endfacet
  facet normal 0 0 1
    outer loop
      vertex 0 15 7
      vertex 44.63259663685956 8.369817300773192 7
      vertex 44.73166097222511 8.646683570551108 7
    endloop
  endfacet
  facet normal 0 0 1
    outer loop
      vertex 0 15 7
      vertex 44.73166097222511 8.646683570551108 7
      vertex 44.857385925756184 8.912506650703616 7
    endloop
  endfacet
  facet normal 0 0 1
    outer loop
      vertex 0 15 7
      vertex 44.857385925756184 8.912506650703616 7
      vertex 45.00856069742201 9.164726519655167 7
    endloop
  endfacet
  facet normal 0 -1 0
    outer loop
      vertex 0 0 0
      vertex 60 0 0
      vertex 60 0 7
    endloop
  endfacet
  facet normal 0 0 -1
    outer loop
      vertex 0 0 0
      vertex 60 15 0
      vertex 60 0 0
    endloop
  endfacet
  facet normal 1 0 0
    outer loop
      vertex 60 0 0
      vertex 60 15 0
      vertex 60 0 7
    endloop
  endfacet
  facet normal 0 0 1
    outer loop
      vertex 60 0 7
      vertex 15.14261407424382 6.087493349296386 7
      vertex 14.991439302577982 5.835273480344835 7
    endloop
  endfacet
  facet normal 0 0 1
    outer loop
      vertex 60 0 7
      vertex 15.268339027774891 6.353316429448892 7
      vertex 15.14261407424382 6.087493349296386 7
    endloop
  endfacet
  facet normal 0 0 1
    outer loop
      vertex 60 0 7
      vertex 15.36740336314044 6.630182699226808 7
      vertex 15.268339027774891 6.353316429448892 7
    endloop
  endfacet
  facet normal 0 0 1
    outer loop
      vertex 60 0 7
      vertex 15.438853036636823 6.9154257851016725 7
      vertex 15.36740336314044 6.630182699226808 7
    endloop
  endfacet
  facet normal 0 0 1
    outer loop
      vertex 60 0 7
      vertex 15.481999948849904 7.206298640226781 7
      vertex 15.438853036636823 6.9154257851016725 7
    endloop
  endfacet
  facet normal 0 0 1
    outer loop
      vertex 60 0 7
      vertex 15.496428571428572 7.5 7
      vertex 15.481999948849904 7.206298640226781 7
    endloop
  endfacet
  facet normal 0 0 1
    outer loop
      vertex 60 0 7
      vertex 15.481999948849904 7.793701359773219 7
      vertex 15.496428571428572 7.5 7
    endloop
  endfacet
  facet normal 0 0 1
    outer loop
      vertex 60 0 7
      vertex 15.438853036636823 8.084574214898327 7
      vertex 15.481999948849904 7.793701359773219 7
    endloop
  endfacet
  facet normal 0 0 1
    outer loop
      vertex 60 0 7
      vertex 15.36740336314044 8.369817300773192 7
      vertex 15.438853036636823 8.084574214898327 7
    endloop
  endfacet
  facet normal 0 0 1
    outer loop
      vertex 60 0 7
      vertex 15.268339027774891 8.646683570551108 7
      vertex 15.36740336314044 8.369817300773192 7
    endloop
  endfacet
  facet normal 0 0 1
    outer loop
      vertex 60 0 7
      vertex 15.14261407424382 8.912506650703616 7
      vertex 15.268339027774891 8.646683570551108 7
    endloop
  endfacet
  facet normal 0 0 1
    outer loop
      vertex 60 0 7
      vertex 14.991439302577982 9.164726519655167 7
      vertex 15.14261407424382 8.912506650703616 7
    endloop
  endfacet
  facet normal 0 0 1
    outer loop
      vertex 0 15 7
      vertex 60 0 7
      vertex 46.915425785101675 4.561146963363178 7
    endloop
  endfacet
  facet normal 0 0 1
    outer loop
      vertex 60 0 7
      vertex 47.206298640226784 4.5180000511500955 7
      vertex 46.915425785101675 4.561146963363178 7
    endloop
  endfacet
  facet normal 0 0 1
    outer loop
      vertex 60 0 7
      vertex 47.5 4.503571428571428 7
      vertex 47.206298640226784 4.5180000511500955 7
    endloop
  endfacet
  facet normal 0 0 1
    outer loop
      vertex 60 0 7
      vertex 47.793701359773216 4.5180000511500955 7
      vertex 47.5 4.503571428571428 7
    endloop
  endfacet
  facet normal 0 0 1
    outer loop
      vertex 60 0 7
      vertex 48.084574214898325 4.561146963363178 7
      vertex 47.793701359773216 4.5180000511500955 7
    endloop
  endfacet
  facet normal 0 0 1
    outer loop
      vertex 60 0 7
      vertex 48.36981730077319 4.63259663685956 7
      vertex 48.084574214898325 4.561146963363178 7
    endloop
  endfacet
  facet normal 0 0 1
    outer loop
      vertex 60 0 7
      vertex 48.646683570551104 4.731660972225109 7
      vertex 48.36981730077319 4.63259663685956 7
    endloop
  endfacet
  facet normal 0 0 1
    outer loop
      vertex 60 0 7
      vertex 48.91250665070361 4.857385925756179 7
      vertex 48.646683570551104 4.731660972225109 7
    endloop
  endfacet
  facet normal 0 0 1
    outer loop
      vertex 60 0 7
      vertex 49.16472651965516 5.008560697422016 7
      vertex 48.91250665070361 4.857385925756179 7
    endloop
  endfacet
  facet normal 0 0 1
    outer loop
      vertex 60 0 7
      vertex 49.400914162190354 5.183729391530942 7
      vertex 49.16472651965516 5.008560697422016 7
    endloop
  endfacet
  facet normal 0 0 1
    outer loop
      vertex 60 0 7
      vertex 49.618794962198265 5.381205037801737 7
      vertex 49.400914162190354 5.183729391530942 7
    endloop
  endfacet
  facet normal 0 0 1
    outer loop
      vertex 60 0 7
      vertex 49.81627060846906 5.599085837809648 7
      vertex 49.618794962198265 5.381205037801737 7
    endloop
  endfacet
  facet normal 0 0 1
    outer loop
      vertex 60 0 7
      vertex 49.99143930257799 5.835273480344835 7
      vertex 49.81627060846906 5.599085837809648 7
    endloop
  endfacet
  facet normal 0 0 1
    outer loop
      vertex 60 0 7
      vertex 50.142614074243816 6.087493349296386 7
      vertex 49.99143930257799 5.835273480344835 7
    endloop
  endfacet
  facet normal 0 0 1
    outer loop
      vertex 60 0 7
      vertex 50.26833902777489 6.353316429448892 7
      vertex 50.142614074243816 6.087493349296386 7
    endloop
  endfacet
  facet normal 0 0 1
    outer loop
      vertex 60 0 7
      vertex 50.36740336314044 6.630182699226808 7
      vertex 50.26833902777489 6.353316429448892 7
    endloop
  endfacet
  facet normal 0 0 1
    outer loop
      vertex 60 0 7
      vertex 50.43885303663682 6.9154257851016725 7
      vertex 50.36740336314044 6.630182699226808 7
    endloop
  endfacet
  facet normal 0 0 1
    outer loop
      vertex 60 0 7
      vertex 50.481999948849904 7.206298640226781 7
      vertex 50.43885303663682 6.9154257851016725 7
    endloop
  endfacet
  facet normal 0 0 1
    outer loop
      vertex 60 0 7
      vertex 50.496428571428574 7.5 7
      vertex 50.481999948849904 7.206298640226781 7
    endloop
  endfacet
  facet normal 0 0 1
    outer loop
      vertex 0 15 7
      vertex 46.353316429448896 4.731660972225109 7
      vertex 46.08749334929639 4.857385925756179 7
    endloop
  endfacet
  facet normal 0 0 1
    outer loop
      vertex 0 15 7
      vertex 46.08749334929639 4.857385925756179 7
      vertex 45.83527348034484 5.008560697422016 7
    endloop
  endfacet
  facet normal 0 0 1
    outer loop
      vertex 0 15 7
      vertex 45.83527348034484 5.008560697422016 7
      vertex 45.599085837809646 5.183729391530942 7
    endloop
  endfacet
  facet normal 0 0 1
    outer loop
      vertex 0 15 7
      vertex 46.915425785101675 4.561146963363178 7
      vertex 46.63018269922681 4.63259663685956 7
    endloop
  endfacet
  facet normal 0 0 1
    outer loop
      vertex 0 15 7
      vertex 46.63018269922681 4.63259663685956 7
      vertex 46.353316429448896 4.731660972225109 7
    endloop
  endfacet
  facet normal 0 0 1
    outer loop
      vertex 0 15 7
      vertex 45.599085837809646 5.183729391530942 7
      vertex 45.381205037801735 5.381205037801737 7
    endloop
  endfacet
  facet normal 0 0 1
    outer loop
      vertex 0 15 7
      vertex 45.381205037801735 5.381205037801737 7
      vertex 45.18372939153094 5.599085837809648 7
    endloop
  endfacet
  facet normal 0 0 1
    outer loop
      vertex 0 15 7
      vertex 45.18372939153094 5.599085837809648 7
      vertex 45.00856069742201 5.835273480344835 7
    endloop
  endfacet
  facet normal 0 0 1
    outer loop
      vertex 0 15 7
      vertex 45.00856069742201 9.164726519655167 7
      vertex 45.18372939153094 9.400914162190352 7
    endloop
  endfacet
  facet normal 0 1 0
    outer loop
      vertex 0 15 7
      vertex 60 15 7
      vertex 60 15 0
    endloop
  endfacet
  facet normal 0 0 1
    outer loop
      vertex 0 15 7
      vertex 45.18372939153094 9.400914162190352 7
      vertex 45.381205037801735 9.618794962198262 7
    endloop
  endfacet
  facet normal 0 0 1
    outer loop
      vertex 0 15 7
      vertex 45.381205037801735 9.618794962198262 7
      vertex 45.599085837809646 9.816270608469058 7
    endloop
  endfacet
  facet normal 0 0 1
    outer loop
      vertex 0 15 7
      vertex 45.599085837809646 9.816270608469058 7
      vertex 45.83527348034484 9.991439302577982 7
    endloop
  endfacet
  facet normal 0 0 1
    outer loop
      vertex 0 15 7
      vertex 45.83527348034484 9.991439302577982 7
      vertex 46.08749334929639 10.14261407424382 7
    endloop
  endfacet
  facet normal 0 0 1
    outer loop
      vertex 0 15 7
      vertex 46.08749334929639 10.14261407424382 7
      vertex 46.353316429448896 10.268339027774891 7
    endloop
  endfacet
  facet normal 0 0 1
    outer loop
      vertex 0 15 7
      vertex 46.353316429448896 10.268339027774891 7
      vertex 46.63018269922681 10.36740336314044 7
    endloop
  endfacet
  facet normal 0 0 1
    outer loop
      vertex 0 15 7
      vertex 46.63018269922681 10.36740336314044 7
      vertex 46.915425785101675 10.438853036636823 7
    endloop
  endfacet
  facet normal 0 0 1
    outer loop
      vertex 0 15 7
      vertex 46.915425785101675 10.438853036636823 7
      vertex 47.206298640226784 10.481999948849904 7
    endloop
  endfacet
  facet normal 0 0 1
    outer loop
      vertex 0 15 7
      vertex 47.206298640226784 10.481999948849904 7
      vertex 47.5 10.496428571428572 7
    endloop
  endfacet
  facet normal 0 0 1
    outer loop
      vertex 0 15 7
      vertex 47.5 10.496428571428572 7
      vertex 47.793701359773216 10.481999948849904 7
    endloop
  endfacet
  facet normal 0 0 1
    outer loop
      vertex 0 15 7
      vertex 47.793701359773216 10.481999948849904 7
      vertex 60 15 7
    endloop
  endfacet
  facet normal 1 0 0
    outer loop
      vertex 60 0 7
      vertex 60 15 0
      vertex 60 15 7
    endloop
  endfacet
  facet normal 0 0 1
    outer loop
      vertex 60 0 7
      vertex 60 15 7
      vertex 50.496428571428574 7.5 7
    endloop
  endfacet
  facet normal 0 0 1
    outer loop
      vertex 60 15 7
      vertex 50.481999948849904 7.793701359773219 7
      vertex 50.496428571428574 7.5 7
    endloop
  endfacet
  facet normal 0 0 1
    outer loop
      vertex 60 15 7
      vertex 50.43885303663682 8.084574214898327 7
      vertex 50.481999948849904 7.793701359773219 7
    endloop
  endfacet
  facet normal 0 0 1
    outer loop
      vertex 60 15 7
      vertex 50.36740336314044 8.369817300773192 7
      vertex 50.43885303663682 8.084574214898327 7
    endloop
  endfacet
  facet normal 0 0 1
    outer loop
      vertex 60 15 7
      vertex 50.26833902777489 8.646683570551108 7
      vertex 50.36740336314044 8.369817300773192 7
    endloop
  endfacet
  facet normal 0 0 1
    outer loop
      vertex 60 15 7
      vertex 49.99143930257799 9.164726519655167 7
      vertex 50.142614074243816 8.912506650703616 7
    endloop
  endfacet
  facet normal 0 0 1
    outer loop
      vertex 60 15 7
      vertex 49.81627060846906 9.400914162190352 7
      vertex 49.99143930257799 9.164726519655167 7
    endloop
  endfacet
  facet normal 0 0 1
    outer loop
      vertex 60 15 7
      vertex 50.142614074243816 8.912506650703616 7
      vertex 50.26833902777489 8.646683570551108 7
    endloop
  endfacet
  facet normal 0 0 1
    outer loop
      vertex 60 15 7
      vertex 48.084574214898325 10.438853036636823 7
      vertex 48.36981730077319 10.36740336314044 7
    endloop
  endfacet
  facet normal 0 0 1
    outer loop
      vertex 60 15 7
      vertex 48.36981730077319 10.36740336314044 7
      vertex 48.646683570551104 10.268339027774891 7
    endloop
  endfacet
  facet normal 0 0 1
    outer loop
      vertex 60 15 7
      vertex 47.793701359773216 10.481999948849904 7
      vertex 48.084574214898325 10.438853036636823 7
    endloop
  endfacet
  facet normal 0 0 1
    outer loop
      vertex 60 15 7
      vertex 49.618794962198265 9.618794962198262 7
      vertex 49.81627060846906 9.400914162190352 7
    endloop
  endfacet
  facet normal 0 0 1
    outer loop
      vertex 60 15 7
      vertex 49.400914162190354 9.816270608469058 7
      vertex 49.618794962198265 9.618794962198262 7
    endloop
  endfacet
  facet normal 0 0 1
    outer loop
      vertex 60 15 7
      vertex 48.91250665070361 10.14261407424382 7
      vertex 49.16472651965516 9.991439302577982 7
    endloop
  endfacet
  facet normal 0 0 1
    outer loop
      vertex 60 15 7
      vertex 49.16472651965516 9.991439302577982 7
      vertex 49.400914162190354 9.816270608469058 7
    endloop
  endfacet
  facet normal 0 0 1
    outer loop
      vertex 60 15 7
      vertex 48.646683570551104 10.268339027774891 7
      vertex 48.91250665070361 10.14261407424382 7
    endloop
  endfacet
  facet normal 0 0 1
    outer loop
      vertex 12.182803357918177 7.113494773318632 0.01
      vertex 12.182803357918177 7.886505226681368 0.01
      vertex 12.146446609406727 7.146446609406726 0.01
    endloop
  endfacet
  facet normal 0 0 1
    outer loop
      vertex 12.059039367825822 7.264301631587001 0.01
      vertex 12.059039367825822 7.735698368412999 0.01
      vertex 12.038060233744357 7.308658283817455 0.01
    endloop
  endfacet
  facet normal 0 0 1
    outer loop
      vertex 12.113494773318632 7.182803357918178 0.01
      vertex 12.113494773318632 7.817196642081822 0.01
      vertex 12.084265193848728 7.222214883490199 0.01
    endloop
  endfacet
  facet normal 0 0 1
    outer loop
      vertex 12.146446609406727 7.146446609406726 0.01
      vertex 12.146446609406727 7.853553390593274 0.01
      vertex 12.113494773318632 7.182803357918178 0.01
    endloop
  endfacet
  facet normal 0 0 1
    outer loop
      vertex 12.059039367825822 7.264301631587001 0.01
      vertex 12.084265193848728 7.222214883490199 0.01
      vertex 12.084265193848728 7.777785116509801 0.01
    endloop
  endfacet
  facet normal 0 0 1
    outer loop
      vertex 12.038060233744357 7.308658283817455 0.01
      vertex 12.038060233744357 7.691341716182545 0.01
      vertex 12.021529832133895 7.354857661372769 0.01
    endloop
  endfacet
  facet normal 0 0 1
    outer loop
      vertex 12.021529832133895 7.354857661372769 0.01
      vertex 12.021529832133895 7.645142338627231 0.01
      vertex 12.009607359798384 7.402454838991936 0.01
    endloop
  endfacet
  facet normal 0 0 1
    outer loop
      vertex 12.009607359798384 7.402454838991936 0.01
      vertex 12.009607359798384 7.597545161008064 0.01
      vertex 12.002407636663902 7.45099142983522 0.01
    endloop
  endfacet
  facet normal 0 0 1
    outer loop
      vertex 12.308658283817454 7.038060233744357 0.01
      vertex 12.308658283817454 7.961939766255643 0.01
      vertex 12.264301631587001 7.0590393678258225 0.01
    endloop
  endfacet
  facet normal 0 0 1
    outer loop
      vertex 12.2222148834902 7.0842651938487275 0.01
      vertex 12.2222148834902 7.9157348061512725 0.01
      vertex 12.182803357918177 7.113494773318632 0.01
    endloop
  endfacet
  facet normal 0 0 1
    outer loop
      vertex 12.264301631587001 7.0590393678258225 0.01
      vertex 12.264301631587001 7.9409606321741775 0.01
      vertex 12.2222148834902 7.0842651938487275 0.01
    endloop
  endfacet
  facet normal 0 0 1
    outer loop
      vertex 12.354857661372769 7.021529832133895 0.01
      vertex 12.354857661372769 7.978470167866105 0.01
      vertex 12.308658283817454 7.038060233744357 0.01
    endloop
  endfacet
  facet normal 0 0 1
    outer loop
      vertex 12.354857661372769 7.021529832133895 0.01
      vertex 12.402454838991936 7.009607359798385 0.01
      vertex 12.402454838991936 7.990392640201615 0.01
    endloop
  endfacet
  facet normal 0 0 1
    outer loop
      vertex 12.45099142983522 7.002407636663902 0.01
      vertex 12.45099142983522 7.997592363336098 0.01
      vertex 12.402454838991936 7.009607359798385 0.01
    endloop
  endfacet
  facet normal 0 0 1
    outer loop
      vertex 12.45099142983522 7.002407636663902 0.01
      vertex 12.5 7 0.01
      vertex 12.5 8 0.01
    endloop
  endfacet
  facet normal 0 0 1
    outer loop
      vertex 12.5 7 0.01
      vertex 12.54900857016478 7.002407636663902 0.01
      vertex 12.54900857016478 7.997592363336098 0.01
    endloop
  endfacet
  facet normal 0 0 1
    outer loop
      vertex 12.54900857016478 7.002407636663902 0.01
      vertex 12.597545161008064 7.009607359798385 0.01
      vertex 12.597545161008064 7.990392640201615 0.01
    endloop
  endfacet
  facet normal 0 0 1
    outer loop
      vertex 12.597545161008064 7.009607359798385 0.01
      vertex 12.645142338627231 7.021529832133895 0.01
      vertex 12.645142338627231 7.978470167866105 0.01
    endloop
  endfacet
  facet normal 0 0 1
    outer loop
      vertex 12.645142338627231 7.021529832133895 0.01
      vertex 12.691341716182546 7.038060233744357 0.01
      vertex 12.691341716182546 7.961939766255643 0.01
    endloop
  endfacet
  facet normal 0 0 1
    outer loop
      vertex 12.691341716182546 7.038060233744357 0.01
      vertex 12.735698368412999 7.0590393678258225 0.01
      vertex 12.735698368412999 7.9409606321741775 0.01
    endloop
  endfacet
  facet normal 0 0 1
    outer loop
      vertex 12.735698368412999 7.0590393678258225 0.01
      vertex 12.7777851165098 7.0842651938487275 0.01
      vertex 12.7777851165098 7.9157348061512725 0.01
    endloop
  endfacet
  facet normal 0 0 1
    outer loop
      vertex 12.7777851165098 7.0842651938487275 0.01
      vertex 12.817196642081823 7.113494773318632 0.01
      vertex 12.817196642081823 7.886505226681368 0.01
    endloop
  endfacet
  facet normal 0 0 1
    outer loop
      vertex 12.817196642081823 7.113494773318632 0.01
      vertex 12.853553390593273 7.146446609406726 0.01
      vertex 12.853553390593273 7.853553390593274 0.01
    endloop
  endfacet
  facet normal 0 0 1
    outer loop
      vertex 12.853553390593273 7.146446609406726 0.01
      vertex 12.886505226681368 7.182803357918178 0.01
      vertex 12.886505226681368 7.817196642081822 0.01
    endloop
  endfacet
  facet normal 0 0 1
    outer loop
      vertex 12.886505226681368 7.182803357918178 0.01
      vertex 12.915734806151272 7.222214883490199 0.01
      vertex 12.915734806151272 7.777785116509801 0.01
    endloop
  endfacet
  facet normal 0 0 1
    outer loop
      vertex 12.915734806151272 7.222214883490199 0.01
      vertex 12.940960632174178 7.264301631587001 0.01
      vertex 12.940960632174178 7.735698368412999 0.01
    endloop
  endfacet
  facet normal 0 0 1
    outer loop
      vertex 12.940960632174178 7.264301631587001 0.01
      vertex 12.961939766255643 7.308658283817455 0.01
      vertex 12.961939766255643 7.691341716182545 0.01
    endloop
  endfacet
  facet normal 0 0 1
    outer loop
      vertex 12.961939766255643 7.308658283817455 0.01
      vertex 12.978470167866105 7.354857661372769 0.01
      vertex 12.978470167866105 7.645142338627231 0.01
    endloop
  endfacet
  facet normal 0 0 1
    outer loop
      vertex 12.978470167866105 7.354857661372769 0.01
      vertex 12.990392640201616 7.402454838991936 0.01
      vertex 12.990392640201616 7.597545161008064 0.01
    endloop
  endfacet
  facet normal 0 0 1
    outer loop
      vertex 12.990392640201616 7.402454838991936 0.01
      vertex 12.997592363336098 7.45099142983522 0.01
      vertex 12.997592363336098 7.54900857016478 0.01
    endloop
  endfacet
  facet normal 0.8868122808256403 0.31730650781140857 0.335977021055539
    outer loop
      vertex 12.038060233744357 7.308658283817455 0.01
      vertex 12.021529832133895 7.354857661372769 0.01
      vertex 9.63259663685956 6.630182699226808 7
    endloop
  endfacet
  facet normal 0.9136435138066462 0.22885578647194074 0.3359770210555391
    outer loop
      vertex 12.021529832133895 7.354857661372769 0.01
      vertex 12.009607359798384 7.402454838991936 0.01
      vertex 9.561146963363177 6.9154257851016725 7
    endloop
  endfacet
  facet normal 0.9316758603013496 0.13820105880341682 0.33597702105553956
    outer loop
      vertex 12.009607359798384 7.402454838991936 0.01
      vertex 12.002407636663902 7.45099142983522 0.01
      vertex 9.518000051150096 7.206298640226781 7
    endloop
  endfacet
  facet normal 0.9407356589555097 0.046215379390294374 0.3359770210555392
    outer loop
      vertex 12.002407636663902 7.45099142983522 0.01
      vertex 12 7.5 0.01
      vertex 9.503571428571428 7.5 7
    endloop
  endfacet
  facet normal 0.4027013940232606 0.8514405607993834 0.33597702105553934
    outer loop
      vertex 12.308658283817454 7.038060233744357 0.01
      vertex 12.264301631587001 7.0590393678258225 0.01
      vertex 11.087493349296384 4.857385925756179 7
    endloop
  endfacet
  facet normal 0.3173065078114032 0.8868122808256422 0.3359770210555393
    outer loop
      vertex 12.354857661372769 7.021529832133895 0.01
      vertex 12.308658283817454 7.038060233744357 0.01
      vertex 11.353316429448892 4.731660972225109 7
    endloop
  endfacet
  facet normal 0.22885578647192473 0.9136435138066502 0.3359770210555391
    outer loop
      vertex 12.354857661372769 7.021529832133895 0.01
      vertex 11.630182699226808 4.63259663685956 7
      vertex 12.402454838991936 7.009607359798385 0.01
    endloop
  endfacet
  facet normal 0.5610714128398087 0.7565172245339737 0.3359770210555389
    outer loop
      vertex 12.2222148834902 7.0842651938487275 0.01
      vertex 12.182803357918177 7.113494773318632 0.01
      vertex 10.599085837809648 5.183729391530942 7
    endloop
  endfacet
  facet normal 0.6325213555894641 0.6978797719134093 0.3359770210555395
    outer loop
      vertex 12.182803357918177 7.113494773318632 0.01
      vertex 12.146446609406727 7.146446609406726 0.01
      vertex 10.381205037801738 5.381205037801737 7
    endloop
  endfacet
  facet normal 0.4842180456717106 0.8078690027278648 0.33597702105553956
    outer loop
      vertex 12.264301631587001 7.0590393678258225 0.01
      vertex 12.2222148834902 7.0842651938487275 0.01
      vertex 10.835273480344833 5.008560697422016 7
    endloop
  endfacet
  facet normal 0.13820105880343356 0.9316758603013475 0.33597702105553917
    outer loop
      vertex 12.45099142983522 7.002407636663902 0.01
      vertex 12.402454838991936 7.009607359798385 0.01
      vertex 11.915425785101673 4.561146963363178 7
    endloop
  endfacet
  facet normal 0.04621537939029437 0.9407356589555096 0.3359770210555394
    outer loop
      vertex 12.45099142983522 7.002407636663902 0.01
      vertex 12.20629864022678 4.5180000511500955 7
      vertex 12.5 7 0.01
    endloop
  endfacet
  facet normal -0.046215379390294374 0.9407356589555097 0.3359770210555392
    outer loop
      vertex 12.5 7 0.01
      vertex 12.5 4.503571428571428 7
      vertex 12.54900857016478 7.002407636663902 0.01
    endloop
  endfacet
  facet normal -0.13820105880343353 0.9316758603013473 0.33597702105553945
    outer loop
      vertex 12.54900857016478 7.002407636663902 0.01
      vertex 12.79370135977322 4.5180000511500955 7
      vertex 12.597545161008064 7.009607359798385 0.01
    endloop
  endfacet
  facet normal -0.2288557864719247 0.9136435138066501 0.33597702105553934
    outer loop
      vertex 12.597545161008064 7.009607359798385 0.01
      vertex 13.084574214898327 4.561146963363178 7
      vertex 12.645142338627231 7.021529832133895 0.01
    endloop
  endfacet
  facet normal -0.3173065078114032 0.8868122808256422 0.33597702105553906
    outer loop
      vertex 12.645142338627231 7.021529832133895 0.01
      vertex 13.369817300773192 4.63259663685956 7
      vertex 12.691341716182546 7.038060233744357 0.01
    endloop
  endfacet
  facet normal -0.4027013940232606 0.8514405607993834 0.33597702105553917
    outer loop
      vertex 12.691341716182546 7.038060233744357 0.01
      vertex 13.646683570551108 4.731660972225109 7
      vertex 12.735698368412999 7.0590393678258225 0.01
    endloop
  endfacet
  facet normal -0.4842180456717106 0.8078690027278648 0.3359770210555392
    outer loop
      vertex 12.735698368412999 7.0590393678258225 0.01
      vertex 13.912506650703616 4.857385925756179 7
      vertex 12.7777851165098 7.0842651938487275 0.01
    endloop
  endfacet
  facet normal -0.5610714128398085 0.7565172245339735 0.33597702105553956
    outer loop
      vertex 12.7777851165098 7.0842651938487275 0.01
      vertex 14.164726519655167 5.008560697422016 7
      vertex 12.817196642081823 7.113494773318632 0.01
    endloop
  endfacet
  facet normal -0.6325213555894642 0.6978797719134094 0.33597702105553895
    outer loop
      vertex 12.817196642081823 7.113494773318632 0.01
      vertex 14.400914162190352 5.183729391530942 7
      vertex 12.853553390593273 7.146446609406726 0.01
    endloop
  endfacet
  facet normal 0.6978797719134164 0.6325213555894565 0.33597702105553917
    outer loop
      vertex 12.146446609406727 7.146446609406726 0.01
      vertex 12.113494773318632 7.182803357918178 0.01
      vertex 10.183729391530942 5.599085837809648 7
    endloop
  endfacet
  facet normal 0.7565172245339676 0.5610714128398168 0.3359770210555391
    outer loop
      vertex 12.113494773318632 7.182803357918178 0.01
      vertex 12.084265193848728 7.222214883490199 0.01
      vertex 10.008560697422018 5.835273480344835 7
    endloop
  endfacet
  facet normal 0.8078690027278576 0.4842180456717233 0.3359770210555387
    outer loop
      vertex 12.059039367825822 7.264301631587001 0.01
      vertex 9.85738592575618 6.087493349296386 7
      vertex 12.084265193848728 7.222214883490199 0.01
    endloop
  endfacet
  facet normal 0.8514405607993929 0.40270139402323996 0.33597702105553956
    outer loop
      vertex 12.059039367825822 7.264301631587001 0.01
      vertex 12.038060233744357 7.308658283817455 0.01
      vertex 9.731660972225109 6.353316429448892 7
    endloop
  endfacet
  facet normal -0.6978797719134163 0.6325213555894564 0.33597702105553934
    outer loop
      vertex 12.853553390593273 7.146446609406726 0.01
      vertex 14.618794962198262 5.381205037801737 7
      vertex 12.886505226681368 7.182803357918178 0.01
    endloop
  endfacet
  facet normal -0.7565172245339676 0.5610714128398168 0.3359770210555391
    outer loop
      vertex 12.886505226681368 7.182803357918178 0.01
      vertex 14.816270608469058 5.599085837809648 7
      vertex 12.915734806151272 7.222214883490199 0.01
    endloop
  endfacet
  facet normal -0.8078690027278572 0.4842180456717231 0.33597702105553945
    outer loop
      vertex 12.915734806151272 7.222214883490199 0.01
      vertex 14.991439302577982 5.835273480344835 7
      vertex 12.940960632174178 7.264301631587001 0.01
    endloop
  endfacet
  facet normal -0.8514405607993932 0.4027013940232401 0.3359770210555387
    outer loop
      vertex 12.940960632174178 7.264301631587001 0.01
      vertex 15.14261407424382 6.087493349296386 7
      vertex 12.961939766255643 7.308658283817455 0.01
    endloop
  endfacet
  facet normal -0.8868122808256402 0.3173065078114085 0.33597702105553934
    outer loop
      vertex 12.961939766255643 7.308658283817455 0.01
      vertex 15.268339027774891 6.353316429448892 7
      vertex 12.978470167866105 7.354857661372769 0.01
    endloop
  endfacet
  facet normal -0.9136435138066461 0.22885578647194071 0.33597702105553934
    outer loop
      vertex 12.978470167866105 7.354857661372769 0.01
      vertex 15.36740336314044 6.630182699226808 7
      vertex 12.990392640201616 7.402454838991936 0.01
    endloop
  endfacet
  facet normal -0.9316758603013499 0.13820105880341688 0.3359770210555389
    outer loop
      vertex 12.990392640201616 7.402454838991936 0.01
      vertex 15.438853036636823 6.9154257851016725 7
      vertex 12.997592363336098 7.45099142983522 0.01
    endloop
  endfacet
  facet normal -0.9407356589555097 0.046215379390294374 0.33597702105553934
    outer loop
      vertex 12.997592363336098 7.45099142983522 0.01
      vertex 15.481999948849904 7.206298640226781 7
      vertex 13 7.5 0.01
    endloop
  endfacet
  facet normal 0.40270139402325766 0.8514405607993847 0.33597702105553917
    outer loop
      vertex 12.308658283817454 7.038060233744357 0.01
      vertex 11.087493349296384 4.857385925756179 7
      vertex 11.353316429448892 4.731660972225109 7
    endloop
  endfacet
  facet normal 0.3173065078113984 0.886812280825644 0.3359770210555391
    outer loop
      vertex 12.354857661372769 7.021529832133895 0.01
      vertex 11.353316429448892 4.731660972225109 7
      vertex 11.630182699226808 4.63259663685956 7
    endloop
  endfacet
  facet normal 0.22885578647193014 0.9136435138066488 0.33597702105553917
    outer loop
      vertex 12.402454838991936 7.009607359798385 0.01
      vertex 11.630182699226808 4.63259663685956 7
      vertex 11.915425785101673 4.561146963363178 7
    endloop
  endfacet
  facet normal 0.13820105880344233 0.9316758603013459 0.3359770210555392
    outer loop
      vertex 12.45099142983522 7.002407636663902 0.01
      vertex 11.915425785101673 4.561146963363178 7
      vertex 12.20629864022678 4.5180000511500955 7
    endloop
  endfacet
  facet normal 0.04621537939028882 0.9407356589555098 0.3359770210555392
    outer loop
      vertex 12.5 7 0.01
      vertex 12.20629864022678 4.5180000511500955 7
      vertex 12.5 4.503571428571428 7
    endloop
  endfacet
  facet normal -0.0462153793902881 0.9407356589555098 0.3359770210555392
    outer loop
      vertex 12.54900857016478 7.002407636663902 0.01
      vertex 12.5 4.503571428571428 7
      vertex 12.79370135977322 4.5180000511500955 7
    endloop
  endfacet
  facet normal -0.1382010588034418 0.9316758603013461 0.3359770210555392
    outer loop
      vertex 12.597545161008064 7.009607359798385 0.01
      vertex 12.79370135977322 4.5180000511500955 7
      vertex 13.084574214898327 4.561146963363178 7
    endloop
  endfacet
  facet normal -0.22885578647193025 0.9136435138066487 0.33597702105553917
    outer loop
      vertex 12.645142338627231 7.021529832133895 0.01
      vertex 13.084574214898327 4.561146963363178 7
      vertex 13.369817300773192 4.63259663685956 7
    endloop
  endfacet
  facet normal -0.31730650781139785 0.886812280825644 0.3359770210555391
    outer loop
      vertex 12.691341716182546 7.038060233744357 0.01
      vertex 13.369817300773192 4.63259663685956 7
      vertex 13.646683570551108 4.731660972225109 7
    endloop
  endfacet
  facet normal -0.40270139402325733 0.8514405607993849 0.3359770210555392
    outer loop
      vertex 12.735698368412999 7.0590393678258225 0.01
      vertex 13.646683570551108 4.731660972225109 7
      vertex 13.912506650703616 4.857385925756179 7
    endloop
  endfacet
  facet normal 0.5610714128398232 0.756517224533963 0.3359770210555393
    outer loop
      vertex 12.2222148834902 7.0842651938487275 0.01
      vertex 10.599085837809648 5.183729391530942 7
      vertex 10.835273480344833 5.008560697422016 7
    endloop
  endfacet
  facet normal 0.6325213555894528 0.6978797719134199 0.33597702105553917
    outer loop
      vertex 12.182803357918177 7.113494773318632 0.01
      vertex 10.381205037801738 5.381205037801737 7
      vertex 10.599085837809648 5.183729391530942 7
    endloop
  endfacet
  facet normal 0.6978797719134197 0.6325213555894528 0.3359770210555395
    outer loop
      vertex 12.146446609406727 7.146446609406726 0.01
      vertex 10.183729391530942 5.599085837809648 7
      vertex 10.381205037801738 5.381205037801737 7
    endloop
  endfacet
  facet normal 0.7565172245339676 0.5610714128398167 0.3359770210555391
    outer loop
      vertex 12.113494773318632 7.182803357918178 0.01
      vertex 10.008560697422018 5.835273480344835 7
      vertex 10.183729391530942 5.599085837809648 7
    endloop
  endfacet
  facet normal 0.8078690027278679 0.4842180456717056 0.3359770210555393
    outer loop
      vertex 12.084265193848728 7.222214883490199 0.01
      vertex 9.85738592575618 6.087493349296386 7
      vertex 10.008560697422018 5.835273480344835 7
    endloop
  endfacet
  facet normal 0.8514405607993828 0.402701394023262 0.3359770210555391
    outer loop
      vertex 12.059039367825822 7.264301631587001 0.01
      vertex 9.731660972225109 6.353316429448892 7
      vertex 9.85738592575618 6.087493349296386 7
    endloop
  endfacet
  facet normal 0.886812280825644 0.31730650781139796 0.3359770210555393
    outer loop
      vertex 12.038060233744357 7.308658283817455 0.01
      vertex 9.63259663685956 6.630182699226808 7
      vertex 9.731660972225109 6.353316429448892 7
    endloop
  endfacet
  facet normal 0.9136435138066479 0.22885578647193383 0.33597702105553917
    outer loop
      vertex 12.021529832133895 7.354857661372769 0.01
      vertex 9.561146963363177 6.9154257851016725 7
      vertex 9.63259663685956 6.630182699226808 7
    endloop
  endfacet
  facet normal 0.9316758603013471 0.13820105880343478 0.33597702105553917
    outer loop
      vertex 12.009607359798384 7.402454838991936 0.01
      vertex 9.518000051150096 7.206298640226781 7
      vertex 9.561146963363177 6.9154257851016725 7
    endloop
  endfacet
  facet normal 0.9407356589555098 0.04621537939029098 0.3359770210555393
    outer loop
      vertex 12.002407636663902 7.45099142983522 0.01
      vertex 9.503571428571428 7.5 7
      vertex 9.518000051150096 7.206298640226781 7
    endloop
  endfacet
  facet normal 0.48421804567170323 0.8078690027278692 0.3359770210555394
    outer loop
      vertex 12.264301631587001 7.0590393678258225 0.01
      vertex 10.835273480344833 5.008560697422016 7
      vertex 11.087493349296384 4.857385925756179 7
    endloop
  endfacet
  facet normal -0.48421804567170357 0.807869002727869 0.33597702105553945
    outer loop
      vertex 12.7777851165098 7.0842651938487275 0.01
      vertex 13.912506650703616 4.857385925756179 7
      vertex 14.164726519655167 5.008560697422016 7
    endloop
  endfacet
  facet normal -0.5610714128398232 0.7565172245339629 0.3359770210555393
    outer loop
      vertex 12.817196642081823 7.113494773318632 0.01
      vertex 14.164726519655167 5.008560697422016 7
      vertex 14.400914162190352 5.183729391530942 7
    endloop
  endfacet
  facet normal -0.632521355589453 0.6978797719134195 0.33597702105553934
    outer loop
      vertex 12.853553390593273 7.146446609406726 0.01
      vertex 14.400914162190352 5.183729391530942 7
      vertex 14.618794962198262 5.381205037801737 7
    endloop
  endfacet
  facet normal -0.6978797719134195 0.6325213555894529 0.3359770210555393
    outer loop
      vertex 12.886505226681368 7.182803357918178 0.01
      vertex 14.618794962198262 5.381205037801737 7
      vertex 14.816270608469058 5.599085837809648 7
    endloop
  endfacet
  facet normal -0.7565172245339679 0.5610714128398167 0.33597702105553906
    outer loop
      vertex 12.915734806151272 7.222214883490199 0.01
      vertex 14.816270608469058 5.599085837809648 7
      vertex 14.991439302577982 5.835273480344835 7
    endloop
  endfacet
  facet normal -0.8078690027278679 0.48421804567170584 0.335977021055539
    outer loop
      vertex 12.940960632174178 7.264301631587001 0.01
      vertex 14.991439302577982 5.835273480344835 7
      vertex 15.14261407424382 6.087493349296386 7
    endloop
  endfacet
  facet normal -0.8514405607993828 0.4027013940232617 0.3359770210555391
    outer loop
      vertex 12.961939766255643 7.308658283817455 0.01
      vertex 15.14261407424382 6.087493349296386 7
      vertex 15.268339027774891 6.353316429448892 7
    endloop
  endfacet
  facet normal -0.8868122808256438 0.317306507811399 0.3359770210555391
    outer loop
      vertex 12.978470167866105 7.354857661372769 0.01
      vertex 15.268339027774891 6.353316429448892 7
      vertex 15.36740336314044 6.630182699226808 7
    endloop
  endfacet
  facet normal -0.9136435138066479 0.22885578647193397 0.3359770210555391
    outer loop
      vertex 12.990392640201616 7.402454838991936 0.01
      vertex 15.36740336314044 6.630182699226808 7
      vertex 15.438853036636823 6.9154257851016725 7
    endloop
  endfacet
  facet normal -0.9316758603013472 0.13820105880343464 0.33597702105553934
    outer loop
      vertex 12.997592363336098 7.45099142983522 0.01
      vertex 15.438853036636823 6.9154257851016725 7
      vertex 15.481999948849904 7.206298640226781 7
    endloop
  endfacet
  facet normal -0.9407356589555098 0.0462153793902923 0.3359770210555393
    outer loop
      vertex 13 7.5 0.01
      vertex 15.481999948849904 7.206298640226781 7
      vertex 15.496428571428572 7.5 7
    endloop
  endfacet
  facet normal 0 0 1
    outer loop
      vertex 12.002407636663902 7.45099142983522 0.01
      vertex 12.002407636663902 7.54900857016478 0.01
      vertex 12 7.5 0.01
    endloop
  endfacet
  facet normal 0 0 1
    outer loop
      vertex 12.002407636663902 7.45099142983522 0.01
      vertex 12.009607359798384 7.597545161008064 0.01
      vertex 12.002407636663902 7.54900857016478 0.01
    endloop
  endfacet
  facet normal 0 0 1
    outer loop
      vertex 12.009607359798384 7.402454838991936 0.01
      vertex 12.021529832133895 7.645142338627231 0.01
      vertex 12.009607359798384 7.597545161008064 0.01
    endloop
  endfacet
  facet normal 0 0 1
    outer loop
      vertex 12.021529832133895 7.354857661372769 0.01
      vertex 12.038060233744357 7.691341716182545 0.01
      vertex 12.021529832133895 7.645142338627231 0.01
    endloop
  endfacet
  facet normal 0 0 1
    outer loop
      vertex 12.038060233744357 7.308658283817455 0.01
      vertex 12.059039367825822 7.735698368412999 0.01
      vertex 12.038060233744357 7.691341716182545 0.01
    endloop
  endfacet
  facet normal 0 0 1
    outer loop
      vertex 12.059039367825822 7.264301631587001 0.01
      vertex 12.084265193848728 7.777785116509801 0.01
      vertex 12.059039367825822 7.735698368412999 0.01
    endloop
  endfacet
  facet normal 0 0 1
    outer loop
      vertex 12.084265193848728 7.222214883490199 0.01
      vertex 12.113494773318632 7.817196642081822 0.01
      vertex 12.084265193848728 7.777785116509801 0.01
    endloop
  endfacet
  facet normal 0 0 1
    outer loop
      vertex 12.113494773318632 7.182803357918178 0.01
      vertex 12.146446609406727 7.853553390593274 0.01
      vertex 12.113494773318632 7.817196642081822 0.01
    endloop
  endfacet
  facet normal 0 0 1
    outer loop
      vertex 12.146446609406727 7.146446609406726 0.01
      vertex 12.182803357918177 7.886505226681368 0.01
      vertex 12.146446609406727 7.853553390593274 0.01
    endloop
  endfacet
  facet normal 0 0 1
    outer loop
      vertex 12.182803357918177 7.113494773318632 0.01
      vertex 12.2222148834902 7.9157348061512725 0.01
      vertex 12.182803357918177 7.886505226681368 0.01
    endloop
  endfacet
  facet normal 0 0 1
    outer loop
      vertex 12.2222148834902 7.0842651938487275 0.01
      vertex 12.264301631587001 7.9409606321741775 0.01
      vertex 12.2222148834902 7.9157348061512725 0.01
    endloop
  endfacet
  facet normal 0 0 1
    outer loop
      vertex 12.264301631587001 7.0590393678258225 0.01
      vertex 12.308658283817454 7.961939766255643 0.01
      vertex 12.264301631587001 7.9409606321741775 0.01
    endloop
  endfacet
  facet normal 0 0 1
    outer loop
      vertex 12.308658283817454 7.038060233744357 0.01
      vertex 12.354857661372769 7.978470167866105 0.01
      vertex 12.308658283817454 7.961939766255643 0.01
    endloop
  endfacet
  facet normal 0 0 1
    outer loop
      vertex 12.354857661372769 7.021529832133895 0.01
      vertex 12.402454838991936 7.990392640201615 0.01
      vertex 12.354857661372769 7.978470167866105 0.01
    endloop
  endfacet
  facet normal 0 0 1
    outer loop
      vertex 12.402454838991936 7.009607359798385 0.01
      vertex 12.45099142983522 7.997592363336098 0.01
      vertex 12.402454838991936 7.990392640201615 0.01
    endloop
  endfacet
  facet normal 0 0 1
    outer loop
      vertex 12.45099142983522 7.002407636663902 0.01
      vertex 12.5 8 0.01
      vertex 12.45099142983522 7.997592363336098 0.01
    endloop
  endfacet
  facet normal 0 0 1
    outer loop
      vertex 12.5 7 0.01
      vertex 12.54900857016478 7.997592363336098 0.01
      vertex 12.5 8 0.01
    endloop
  endfacet
  facet normal 0 0 1
    outer loop
      vertex 12.54900857016478 7.002407636663902 0.01
      vertex 12.597545161008064 7.990392640201615 0.01
      vertex 12.54900857016478 7.997592363336098 0.01
    endloop
  endfacet
  facet normal 0 0 1
    outer loop
      vertex 12.597545161008064 7.009607359798385 0.01
      vertex 12.645142338627231 7.978470167866105 0.01
      vertex 12.597545161008064 7.990392640201615 0.01
    endloop
  endfacet
  facet normal 0 0 1
    outer loop
      vertex 12.853553390593273 7.146446609406726 0.01
      vertex 12.886505226681368 7.817196642081822 0.01
      vertex 12.853553390593273 7.853553390593274 0.01
    endloop
  endfacet
  facet normal 0 0 1
    outer loop
      vertex 12.997592363336098 7.45099142983522 0.01
      vertex 13 7.5 0.01
      vertex 12.997592363336098 7.54900857016478 0.01
    endloop
  endfacet
  facet normal 0 0 1
    outer loop
      vertex 12.990392640201616 7.402454838991936 0.01
      vertex 12.997592363336098 7.54900857016478 0.01
      vertex 12.990392640201616 7.597545161008064 0.01
    endloop
  endfacet
  facet normal 0 0 1
    outer loop
      vertex 12.978470167866105 7.354857661372769 0.01
      vertex 12.990392640201616 7.597545161008064 0.01
      vertex 12.978470167866105 7.645142338627231 0.01
    endloop
  endfacet
  facet normal 0 0 1
    outer loop
      vertex 12.961939766255643 7.308658283817455 0.01
      vertex 12.978470167866105 7.645142338627231 0.01
      vertex 12.961939766255643 7.691341716182545 0.01
    endloop
  endfacet
  facet normal 0 0 1
    outer loop
      vertex 12.940960632174178 7.264301631587001 0.01
      vertex 12.961939766255643 7.691341716182545 0.01
      vertex 12.940960632174178 7.735698368412999 0.01
    endloop
  endfacet
  facet normal 0 0 1
    outer loop
      vertex 12.915734806151272 7.222214883490199 0.01
      vertex 12.940960632174178 7.735698368412999 0.01
      vertex 12.915734806151272 7.777785116509801 0.01
    endloop
  endfacet
  facet normal 0 0 1
    outer loop
      vertex 12.886505226681368 7.182803357918178 0.01
      vertex 12.915734806151272 7.777785116509801 0.01
      vertex 12.886505226681368 7.817196642081822 0.01
    endloop
  endfacet
  facet normal 0 0 1
    outer loop
      vertex 12.735698368412999 7.0590393678258225 0.01
      vertex 12.7777851165098 7.9157348061512725 0.01
      vertex 12.735698368412999 7.9409606321741775 0.01
    endloop
  endfacet
  facet normal 0 0 1
    outer loop
      vertex 12.645142338627231 7.021529832133895 0.01
      vertex 12.691341716182546 7.961939766255643 0.01
      vertex 12.645142338627231 7.978470167866105 0.01
    endloop
  endfacet
  facet normal 0 0 1
    outer loop
      vertex 12.691341716182546 7.038060233744357 0.01
      vertex 12.735698368412999 7.9409606321741775 0.01
      vertex 12.691341716182546 7.961939766255643 0.01
    endloop
  endfacet
  facet normal 0 0 1
    outer loop
      vertex 12.7777851165098 7.0842651938487275 0.01
      vertex 12.817196642081823 7.886505226681368 0.01
      vertex 12.7777851165098 7.9157348061512725 0.01
    endloop
  endfacet
  facet normal 0 0 1
    outer loop
      vertex 12.817196642081823 7.113494773318632 0.01
      vertex 12.853553390593273 7.853553390593274 0.01
      vertex 12.817196642081823 7.886505226681368 0.01
    endloop
  endfacet
  facet normal 0.9407356589555097 -0.046215379390294374 0.33597702105553934
    outer loop
      vertex 12 7.5 0.01
      vertex 12.002407636663902 7.54900857016478 0.01
      vertex 9.518000051150096 7.793701359773219 7
    endloop
  endfacet
  facet normal 0.9316758603013499 -0.13820105880341688 0.33597702105553884
    outer loop
      vertex 12.002407636663902 7.54900857016478 0.01
      vertex 12.009607359798384 7.597545161008064 0.01
      vertex 9.561146963363177 8.084574214898327 7
    endloop
  endfacet
  facet normal 0.9136435138066461 -0.22885578647194071 0.33597702105553934
    outer loop
      vertex 12.009607359798384 7.597545161008064 0.01
      vertex 12.021529832133895 7.645142338627231 0.01
      vertex 9.63259663685956 8.369817300773192 7
    endloop
  endfacet
  facet normal 0.8868122808256402 -0.3173065078114085 0.33597702105553934
    outer loop
      vertex 12.021529832133895 7.645142338627231 0.01
      vertex 12.038060233744357 7.691341716182545 0.01
      vertex 9.731660972225109 8.646683570551108 7
    endloop
  endfacet
  facet normal 0.8514405607993932 -0.4027013940232401 0.3359770210555388
    outer loop
      vertex 12.038060233744357 7.691341716182545 0.01
      vertex 12.059039367825822 7.735698368412999 0.01
      vertex 9.85738592575618 8.912506650703616 7
    endloop
  endfacet
  facet normal 0.8078690027278572 -0.4842180456717231 0.33597702105553956
    outer loop
      vertex 12.059039367825822 7.735698368412999 0.01
      vertex 12.084265193848728 7.777785116509801 0.01
      vertex 10.008560697422018 9.164726519655167 7
    endloop
  endfacet
  facet normal 0.7565172245339676 -0.5610714128398168 0.33597702105553917
    outer loop
      vertex 12.084265193848728 7.777785116509801 0.01
      vertex 12.113494773318632 7.817196642081822 0.01
      vertex 10.183729391530942 9.400914162190352 7
    endloop
  endfacet
  facet normal 0.6978797719134164 -0.6325213555894565 0.3359770210555393
    outer loop
      vertex 12.113494773318632 7.817196642081822 0.01
      vertex 12.146446609406727 7.853553390593274 0.01
      vertex 10.381205037801738 9.618794962198262 7
    endloop
  endfacet
  facet normal -0.9407356589555097 -0.046215379390294374 0.3359770210555392
    outer loop
      vertex 13 7.5 0.01
      vertex 15.496428571428572 7.5 7
      vertex 12.997592363336098 7.54900857016478 0.01
    endloop
  endfacet
  facet normal -0.9316758603013496 -0.13820105880341682 0.33597702105553956
    outer loop
      vertex 12.997592363336098 7.54900857016478 0.01
      vertex 15.481999948849904 7.793701359773219 7
      vertex 12.990392640201616 7.597545161008064 0.01
    endloop
  endfacet
  facet normal -0.9136435138066462 -0.22885578647194074 0.33597702105553906
    outer loop
      vertex 12.990392640201616 7.597545161008064 0.01
      vertex 15.438853036636823 8.084574214898327 7
      vertex 12.978470167866105 7.645142338627231 0.01
    endloop
  endfacet
  facet normal -0.8868122808256403 -0.31730650781140857 0.335977021055539
    outer loop
      vertex 12.978470167866105 7.645142338627231 0.01
      vertex 15.36740336314044 8.369817300773192 7
      vertex 12.961939766255643 7.691341716182545 0.01
    endloop
  endfacet
  facet normal -0.8514405607993929 -0.40270139402323996 0.33597702105553956
    outer loop
      vertex 12.961939766255643 7.691341716182545 0.01
      vertex 15.268339027774891 8.646683570551108 7
      vertex 12.940960632174178 7.735698368412999 0.01
    endloop
  endfacet
  facet normal -0.8078690027278576 -0.4842180456717233 0.33597702105553884
    outer loop
      vertex 12.940960632174178 7.735698368412999 0.01
      vertex 15.14261407424382 8.912506650703616 7
      vertex 12.915734806151272 7.777785116509801 0.01
    endloop
  endfacet
  facet normal -0.6978797719134164 -0.6325213555894565 0.33597702105553917
    outer loop
      vertex 12.886505226681368 7.817196642081822 0.01
      vertex 14.816270608469058 9.400914162190352 7
      vertex 12.853553390593273 7.853553390593274 0.01
    endloop
  endfacet
  facet normal -0.7565172245339676 -0.5610714128398168 0.3359770210555393
    outer loop
      vertex 12.915734806151272 7.777785116509801 0.01
      vertex 14.991439302577982 9.164726519655167 7
      vertex 12.886505226681368 7.817196642081822 0.01
    endloop
  endfacet
  facet normal 0.6325213555894642 -0.6978797719134094 0.33597702105553895
    outer loop
      vertex 12.146446609406727 7.853553390593274 0.01
      vertex 12.182803357918177 7.886505226681368 0.01
      vertex 10.599085837809648 9.816270608469058 7
    endloop
  endfacet
  facet normal 0.5610714128398085 -0.7565172245339736 0.3359770210555394
    outer loop
      vertex 12.182803357918177 7.886505226681368 0.01
      vertex 12.2222148834902 7.9157348061512725 0.01
      vertex 10.835273480344833 9.991439302577982 7
    endloop
  endfacet
  facet normal 0.4842180456717106 -0.8078690027278648 0.33597702105553906
    outer loop
      vertex 12.2222148834902 7.9157348061512725 0.01
      vertex 12.264301631587001 7.9409606321741775 0.01
      vertex 11.087493349296384 10.14261407424382 7
    endloop
  endfacet
  facet normal 0.4027013940232606 -0.8514405607993834 0.33597702105553917
    outer loop
      vertex 12.264301631587001 7.9409606321741775 0.01
      vertex 12.308658283817454 7.961939766255643 0.01
      vertex 11.353316429448892 10.268339027774891 7
    endloop
  endfacet
  facet normal 0.3173065078114032 -0.8868122808256422 0.3359770210555391
    outer loop
      vertex 12.308658283817454 7.961939766255643 0.01
      vertex 12.354857661372769 7.978470167866105 0.01
      vertex 11.630182699226808 10.36740336314044 7
    endloop
  endfacet
  facet normal 0.2288557864719247 -0.9136435138066501 0.33597702105553945
    outer loop
      vertex 12.354857661372769 7.978470167866105 0.01
      vertex 12.402454838991936 7.990392640201615 0.01
      vertex 11.915425785101673 10.438853036636823 7
    endloop
  endfacet
  facet normal 0.13820105880343353 -0.9316758603013473 0.33597702105553934
    outer loop
      vertex 12.402454838991936 7.990392640201615 0.01
      vertex 12.45099142983522 7.997592363336098 0.01
      vertex 12.20629864022678 10.481999948849904 7
    endloop
  endfacet
  facet normal 0.046215379390294374 -0.9407356589555097 0.3359770210555392
    outer loop
      vertex 12.45099142983522 7.997592363336098 0.01
      vertex 12.5 8 0.01
      vertex 12.5 10.496428571428572 7
    endloop
  endfacet
  facet normal -0.046215379390294374 -0.9407356589555097 0.33597702105553934
    outer loop
      vertex 12.5 8 0.01
      vertex 12.54900857016478 7.997592363336098 0.01
      vertex 12.79370135977322 10.481999948849904 7
    endloop
  endfacet
  facet normal -0.22885578647192473 -0.9136435138066502 0.3359770210555391
    outer loop
      vertex 12.597545161008064 7.990392640201615 0.01
      vertex 12.645142338627231 7.978470167866105 0.01
      vertex 13.369817300773192 10.36740336314044 7
    endloop
  endfacet
  facet normal -0.4027013940232606 -0.8514405607993834 0.3359770210555392
    outer loop
      vertex 12.691341716182546 7.961939766255643 0.01
      vertex 12.735698368412999 7.9409606321741775 0.01
      vertex 13.912506650703616 10.14261407424382 7
    endloop
  endfacet
  facet normal -0.3173065078114032 -0.8868122808256422 0.3359770210555393
    outer loop
      vertex 12.691341716182546 7.961939766255643 0.01
      vertex 13.646683570551108 10.268339027774891 7
      vertex 12.645142338627231 7.978470167866105 0.01
    endloop
  endfacet
  facet normal -0.13820105880343353 -0.9316758603013473 0.3359770210555392
    outer loop
      vertex 12.597545161008064 7.990392640201615 0.01
      vertex 13.084574214898327 10.438853036636823 7
      vertex 12.54900857016478 7.997592363336098 0.01
    endloop
  endfacet
  facet normal -0.5610714128398087 -0.7565172245339737 0.3359770210555389
    outer loop
      vertex 12.817196642081823 7.886505226681368 0.01
      vertex 14.400914162190352 9.816270608469058 7
      vertex 12.7777851165098 7.9157348061512725 0.01
    endloop
  endfacet
  facet normal -0.6325213555894641 -0.6978797719134093 0.33597702105553945
    outer loop
      vertex 12.853553390593273 7.853553390593274 0.01
      vertex 14.618794962198262 9.618794962198262 7
      vertex 12.817196642081823 7.886505226681368 0.01
    endloop
  endfacet
  facet normal -0.4842180456717106 -0.8078690027278648 0.33597702105553934
    outer loop
      vertex 12.7777851165098 7.9157348061512725 0.01
      vertex 14.164726519655167 9.991439302577982 7
      vertex 12.735698368412999 7.9409606321741775 0.01
    endloop
  endfacet
  facet normal 0.9407356589555098 -0.0462153793902923 0.3359770210555393
    outer loop
      vertex 12 7.5 0.01
      vertex 9.518000051150096 7.793701359773219 7
      vertex 9.503571428571428 7.5 7
    endloop
  endfacet
  facet normal 0.9316758603013472 -0.13820105880343506 0.33597702105553934
    outer loop
      vertex 12.002407636663902 7.54900857016478 0.01
      vertex 9.561146963363177 8.084574214898327 7
      vertex 9.518000051150096 7.793701359773219 7
    endloop
  endfacet
  facet normal 0.9136435138066481 -0.22885578647193333 0.33597702105553917
    outer loop
      vertex 12.009607359798384 7.597545161008064 0.01
      vertex 9.63259663685956 8.369817300773192 7
      vertex 9.561146963363177 8.084574214898327 7
    endloop
  endfacet
  facet normal 0.8868122808256438 -0.317306507811399 0.3359770210555391
    outer loop
      vertex 12.021529832133895 7.645142338627231 0.01
      vertex 9.731660972225109 8.646683570551108 7
      vertex 9.63259663685956 8.369817300773192 7
    endloop
  endfacet
  facet normal 0.8514405607993838 -0.4027013940232595 0.3359770210555393
    outer loop
      vertex 12.038060233744357 7.691341716182545 0.01
      vertex 9.85738592575618 8.912506650703616 7
      vertex 9.731660972225109 8.646683570551108 7
    endloop
  endfacet
  facet normal 0.8078690027278678 -0.48421804567170573 0.33597702105553906
    outer loop
      vertex 12.059039367825822 7.735698368412999 0.01
      vertex 10.008560697422018 9.164726519655167 7
      vertex 9.85738592575618 8.912506650703616 7
    endloop
  endfacet
  facet normal 0.7565172245339659 -0.5610714128398194 0.33597702105553917
    outer loop
      vertex 12.084265193848728 7.777785116509801 0.01
      vertex 10.183729391530942 9.400914162190352 7
      vertex 10.008560697422018 9.164726519655167 7
    endloop
  endfacet
  facet normal 0.6978797719134182 -0.6325213555894543 0.33597702105553945
    outer loop
      vertex 12.113494773318632 7.817196642081822 0.01
      vertex 10.381205037801738 9.618794962198262 7
      vertex 10.183729391530942 9.400914162190352 7
    endloop
  endfacet
  facet normal 0.6325213555894543 -0.6978797719134182 0.33597702105553934
    outer loop
      vertex 12.146446609406727 7.853553390593274 0.01
      vertex 10.599085837809648 9.816270608469058 7
      vertex 10.381205037801738 9.618794962198262 7
    endloop
  endfacet
  facet normal 0.5610714128398195 -0.7565172245339654 0.3359770210555392
    outer loop
      vertex 12.182803357918177 7.886505226681368 0.01
      vertex 10.835273480344833 9.991439302577982 7
      vertex 10.599085837809648 9.816270608469058 7
    endloop
  endfacet
  facet normal -0.9407356589555098 -0.04621537939029098 0.3359770210555393
    outer loop
      vertex 12.997592363336098 7.54900857016478 0.01
      vertex 15.496428571428572 7.5 7
      vertex 15.481999948849904 7.793701359773219 7
    endloop
  endfacet
  facet normal -0.9316758603013471 -0.1382010588034352 0.33597702105553917
    outer loop
      vertex 12.990392640201616 7.597545161008064 0.01
      vertex 15.481999948849904 7.793701359773219 7
      vertex 15.438853036636823 8.084574214898327 7
    endloop
  endfacet
  facet normal -0.9136435138066481 -0.22885578647193316 0.33597702105553917
    outer loop
      vertex 12.978470167866105 7.645142338627231 0.01
      vertex 15.438853036636823 8.084574214898327 7
      vertex 15.36740336314044 8.369817300773192 7
    endloop
  endfacet
  facet normal -0.8514405607993838 -0.4027013940232598 0.3359770210555391
    outer loop
      vertex 12.940960632174178 7.735698368412999 0.01
      vertex 15.268339027774891 8.646683570551108 7
      vertex 15.14261407424382 8.912506650703616 7
    endloop
  endfacet
  facet normal -0.886812280825644 -0.31730650781139796 0.3359770210555393
    outer loop
      vertex 12.961939766255643 7.691341716182545 0.01
      vertex 15.36740336314044 8.369817300773192 7
      vertex 15.268339027774891 8.646683570551108 7
    endloop
  endfacet
  facet normal 0.48421804567170573 -0.8078690027278679 0.3359770210555392
    outer loop
      vertex 12.2222148834902 7.9157348061512725 0.01
      vertex 11.087493349296384 10.14261407424382 7
      vertex 10.835273480344833 9.991439302577982 7
    endloop
  endfacet
  facet normal -0.8078690027278679 -0.4842180456717056 0.3359770210555395
    outer loop
      vertex 12.915734806151272 7.777785116509801 0.01
      vertex 15.14261407424382 8.912506650703616 7
      vertex 14.991439302577982 9.164726519655167 7
    endloop
  endfacet
  facet normal -0.7565172245339656 -0.5610714128398194 0.3359770210555391
    outer loop
      vertex 12.886505226681368 7.817196642081822 0.01
      vertex 14.991439302577982 9.164726519655167 7
      vertex 14.816270608469058 9.400914162190352 7
    endloop
  endfacet
  facet normal -0.6325213555894542 -0.6978797719134184 0.3359770210555391
    outer loop
      vertex 12.817196642081823 7.886505226681368 0.01
      vertex 14.618794962198262 9.618794962198262 7
      vertex 14.400914162190352 9.816270608469058 7
    endloop
  endfacet
  facet normal -0.5610714128398195 -0.7565172245339657 0.33597702105553917
    outer loop
      vertex 12.7777851165098 7.9157348061512725 0.01
      vertex 14.400914162190352 9.816270608469058 7
      vertex 14.164726519655167 9.991439302577982 7
    endloop
  endfacet
  facet normal -0.48421804567170573 -0.8078690027278679 0.3359770210555392
    outer loop
      vertex 12.735698368412999 7.9409606321741775 0.01
      vertex 14.164726519655167 9.991439302577982 7
      vertex 13.912506650703616 10.14261407424382 7
    endloop
  endfacet
  facet normal -0.6978797719134185 -0.632521355589454 0.3359770210555393
    outer loop
      vertex 12.853553390593273 7.853553390593274 0.01
      vertex 14.816270608469058 9.400914162190352 7
      vertex 14.618794962198262 9.618794962198262 7
    endloop
  endfacet
  facet normal 0.4027013940232593 -0.8514405607993839 0.3359770210555392
    outer loop
      vertex 12.264301631587001 7.9409606321741775 0.01
      vertex 11.353316429448892 10.268339027774891 7
      vertex 11.087493349296384 10.14261407424382 7
    endloop
  endfacet
  facet normal 0.31730650781139785 -0.886812280825644 0.3359770210555391
    outer loop
      vertex 12.308658283817454 7.961939766255643 0.01
      vertex 11.630182699226808 10.36740336314044 7
      vertex 11.353316429448892 10.268339027774891 7
    endloop
  endfacet
  facet normal 0.22885578647193297 -0.9136435138066481 0.3359770210555392
    outer loop
      vertex 12.354857661372769 7.978470167866105 0.01
      vertex 11.915425785101673 10.438853036636823 7
      vertex 11.630182699226808 10.36740336314044 7
    endloop
  endfacet
  facet normal 0.13820105880343583 -0.9316758603013471 0.3359770210555393
    outer loop
      vertex 12.402454838991936 7.990392640201615 0.01
      vertex 12.20629864022678 10.481999948849904 7
      vertex 11.915425785101673 10.438853036636823 7
    endloop
  endfacet
  facet normal -0.22885578647193322 -0.913643513806648 0.3359770210555392
    outer loop
      vertex 12.597545161008064 7.990392640201615 0.01
      vertex 13.369817300773192 10.36740336314044 7
      vertex 13.084574214898327 10.438853036636823 7
    endloop
  endfacet
  facet normal 0.046215379390291356 -0.9407356589555098 0.3359770210555392
    outer loop
      vertex 12.45099142983522 7.997592363336098 0.01
      vertex 12.5 10.496428571428572 7
      vertex 12.20629864022678 10.481999948849904 7
    endloop
  endfacet
  facet normal -0.04621537939029166 -0.9407356589555098 0.3359770210555392
    outer loop
      vertex 12.5 8 0.01
      vertex 12.79370135977322 10.481999948849904 7
      vertex 12.5 10.496428571428572 7
    endloop
  endfacet
  facet normal -0.1382010588034364 -0.9316758603013469 0.3359770210555392
    outer loop
      vertex 12.54900857016478 7.997592363336098 0.01
      vertex 13.084574214898327 10.438853036636823 7
      vertex 12.79370135977322 10.481999948849904 7
    endloop
  endfacet
  facet normal -0.40270139402326 -0.8514405607993837 0.33597702105553917
    outer loop
      vertex 12.691341716182546 7.961939766255643 0.01
      vertex 13.912506650703616 10.14261407424382 7
      vertex 13.646683570551108 10.268339027774891 7
    endloop
  endfacet
  facet normal -0.3173065078113984 -0.886812280825644 0.3359770210555391
    outer loop
      vertex 12.645142338627231 7.978470167866105 0.01
      vertex 13.646683570551108 10.268339027774891 7
      vertex 13.369817300773192 10.36740336314044 7
    endloop
  endfacet
  facet normal 0 0 1
    outer loop
      vertex 47.182803357918175 7.113494773318632 0.01
      vertex 47.182803357918175 7.886505226681368 0.01
      vertex 47.14644660940672 7.146446609406726 0.01
    endloop
  endfacet
  facet normal 0 0 1
    outer loop
      vertex 47.222214883490196 7.0842651938487275 0.01
      vertex 47.222214883490196 7.9157348061512725 0.01
      vertex 47.182803357918175 7.113494773318632 0.01
    endloop
  endfacet
  facet normal 0 0 1
    outer loop
      vertex 47.264301631587 7.0590393678258225 0.01
      vertex 47.30865828381746 7.038060233744357 0.01
      vertex 47.30865828381746 7.961939766255643 0.01
    endloop
  endfacet
  facet normal 0 0 1
    outer loop
      vertex 47.35485766137277 7.021529832133895 0.01
      vertex 47.35485766137277 7.978470167866105 0.01
      vertex 47.30865828381746 7.038060233744357 0.01
    endloop
  endfacet
  facet normal 0 0 1
    outer loop
      vertex 47.264301631587 7.0590393678258225 0.01
      vertex 47.264301631587 7.9409606321741775 0.01
      vertex 47.222214883490196 7.0842651938487275 0.01
    endloop
  endfacet
  facet normal 0 0 1
    outer loop
      vertex 47.11349477331863 7.182803357918178 0.01
      vertex 47.11349477331863 7.817196642081822 0.01
      vertex 47.08426519384873 7.222214883490199 0.01
    endloop
  endfacet
  facet normal 0 0 1
    outer loop
      vertex 47.08426519384873 7.222214883490199 0.01
      vertex 47.08426519384873 7.777785116509801 0.01
      vertex 47.059039367825825 7.264301631587001 0.01
    endloop
  endfacet
  facet normal 0 0 1
    outer loop
      vertex 47.059039367825825 7.264301631587001 0.01
      vertex 47.059039367825825 7.735698368412999 0.01
      vertex 47.03806023374435 7.308658283817455 0.01
    endloop
  endfacet
  facet normal 0 0 1
    outer loop
      vertex 47.03806023374435 7.308658283817455 0.01
      vertex 47.03806023374435 7.691341716182545 0.01
      vertex 47.02152983213389 7.354857661372769 0.01
    endloop
  endfacet
  facet normal 0 0 1
    outer loop
      vertex 47.02152983213389 7.354857661372769 0.01
      vertex 47.02152983213389 7.645142338627231 0.01
      vertex 47.00960735979839 7.402454838991936 0.01
    endloop
  endfacet
  facet normal 0 0 1
    outer loop
      vertex 47.00960735979839 7.402454838991936 0.01
      vertex 47.00960735979839 7.597545161008064 0.01
      vertex 47.002407636663904 7.45099142983522 0.01
    endloop
  endfacet
  facet normal 0 0 1
    outer loop
      vertex 47.14644660940672 7.146446609406726 0.01
      vertex 47.14644660940672 7.853553390593274 0.01
      vertex 47.11349477331863 7.182803357918178 0.01
    endloop
  endfacet
  facet normal 0 0 1
    outer loop
      vertex 47.35485766137277 7.021529832133895 0.01
      vertex 47.402454838991936 7.009607359798385 0.01
      vertex 47.402454838991936 7.990392640201615 0.01
    endloop
  endfacet
  facet normal 0 0 1
    outer loop
      vertex 47.45099142983522 7.002407636663902 0.01
      vertex 47.45099142983522 7.997592363336098 0.01
      vertex 47.402454838991936 7.009607359798385 0.01
    endloop
  endfacet
  facet normal 0 0 1
    outer loop
      vertex 47.45099142983522 7.002407636663902 0.01
      vertex 47.5 7 0.01
      vertex 47.5 8 0.01
    endloop
  endfacet
  facet normal 0 0 1
    outer loop
      vertex 47.5 7 0.01
      vertex 47.54900857016478 7.002407636663902 0.01
      vertex 47.54900857016478 7.997592363336098 0.01
    endloop
  endfacet
  facet normal 0 0 1
    outer loop
      vertex 47.54900857016478 7.002407636663902 0.01
      vertex 47.597545161008064 7.009607359798385 0.01
      vertex 47.597545161008064 7.990392640201615 0.01
    endloop
  endfacet
  facet normal 0 0 1
    outer loop
      vertex 47.597545161008064 7.009607359798385 0.01
      vertex 47.64514233862723 7.021529832133895 0.01
      vertex 47.64514233862723 7.978470167866105 0.01
    endloop
  endfacet
  facet normal 0 0 1
    outer loop
      vertex 47.64514233862723 7.021529832133895 0.01
      vertex 47.69134171618254 7.038060233744357 0.01
      vertex 47.69134171618254 7.961939766255643 0.01
    endloop
  endfacet
  facet normal 0 0 1
    outer loop
      vertex 47.69134171618254 7.038060233744357 0.01
      vertex 47.735698368413 7.0590393678258225 0.01
      vertex 47.735698368413 7.9409606321741775 0.01
    endloop
  endfacet
  facet normal 0 0 1
    outer loop
      vertex 47.735698368413 7.0590393678258225 0.01
      vertex 47.777785116509804 7.0842651938487275 0.01
      vertex 47.777785116509804 7.9157348061512725 0.01
    endloop
  endfacet
  facet normal 0 0 1
    outer loop
      vertex 47.777785116509804 7.0842651938487275 0.01
      vertex 47.817196642081825 7.113494773318632 0.01
      vertex 47.817196642081825 7.886505226681368 0.01
    endloop
  endfacet
  facet normal 0 0 1
    outer loop
      vertex 47.817196642081825 7.113494773318632 0.01
      vertex 47.85355339059328 7.146446609406726 0.01
      vertex 47.85355339059328 7.853553390593274 0.01
    endloop
  endfacet
  facet normal 0 0 1
    outer loop
      vertex 47.85355339059328 7.146446609406726 0.01
      vertex 47.88650522668137 7.182803357918178 0.01
      vertex 47.88650522668137 7.817196642081822 0.01
    endloop
  endfacet
  facet normal 0 0 1
    outer loop
      vertex 47.88650522668137 7.182803357918178 0.01
      vertex 47.91573480615127 7.222214883490199 0.01
      vertex 47.91573480615127 7.777785116509801 0.01
    endloop
  endfacet
  facet normal 0 0 1
    outer loop
      vertex 47.91573480615127 7.222214883490199 0.01
      vertex 47.940960632174175 7.264301631587001 0.01
      vertex 47.940960632174175 7.735698368412999 0.01
    endloop
  endfacet
  facet normal 0 0 1
    outer loop
      vertex 47.940960632174175 7.264301631587001 0.01
      vertex 47.96193976625565 7.308658283817455 0.01
      vertex 47.96193976625565 7.691341716182545 0.01
    endloop
  endfacet
  facet normal 0 0 1
    outer loop
      vertex 47.96193976625565 7.308658283817455 0.01
      vertex 47.97847016786611 7.354857661372769 0.01
      vertex 47.97847016786611 7.645142338627231 0.01
    endloop
  endfacet
  facet normal 0 0 1
    outer loop
      vertex 47.97847016786611 7.354857661372769 0.01
      vertex 47.99039264020161 7.402454838991936 0.01
      vertex 47.99039264020161 7.597545161008064 0.01
    endloop
  endfacet
  facet normal 0 0 1
    outer loop
      vertex 47.99039264020161 7.402454838991936 0.01
      vertex 47.997592363336096 7.45099142983522 0.01
      vertex 47.997592363336096 7.54900857016478 0.01
    endloop
  endfacet
  facet normal 0.48421804567166565 0.8078690027278922 0.3359770210555381
    outer loop
      vertex 47.264301631587 7.0590393678258225 0.01
      vertex 47.222214883490196 7.0842651938487275 0.01
      vertex 45.83527348034484 5.008560697422016 7
    endloop
  endfacet
  facet normal 0.6325213555894472 0.6978797719134249 0.33597702105553917
    outer loop
      vertex 47.182803357918175 7.113494773318632 0.01
      vertex 47.14644660940672 7.146446609406726 0.01
      vertex 45.381205037801735 5.381205037801737 7
    endloop
  endfacet
  facet normal 0.561071412839825 0.7565172245339616 0.3359770210555393
    outer loop
      vertex 47.222214883490196 7.0842651938487275 0.01
      vertex 47.182803357918175 7.113494773318632 0.01
      vertex 45.599085837809646 5.183729391530942 7
    endloop
  endfacet
  facet normal 0.13820105880343356 0.9316758603013475 0.33597702105553917
    outer loop
      vertex 47.45099142983522 7.002407636663902 0.01
      vertex 47.402454838991936 7.009607359798385 0.01
      vertex 46.915425785101675 4.561146963363178 7
    endloop
  endfacet
  facet normal 0.3173065078114247 0.8868122808256342 0.3359770210555396
    outer loop
      vertex 47.35485766137277 7.021529832133895 0.01
      vertex 47.30865828381746 7.038060233744357 0.01
      vertex 46.353316429448896 4.731660972225109 7
    endloop
  endfacet
  facet normal 0.4027013940232474 0.8514405607993896 0.335977021055539
    outer loop
      vertex 47.264301631587 7.0590393678258225 0.01
      vertex 46.08749334929639 4.857385925756179 7
      vertex 47.30865828381746 7.038060233744357 0.01
    endloop
  endfacet
  facet normal 0.22885578647192473 0.9136435138066502 0.3359770210555391
    outer loop
      vertex 47.35485766137277 7.021529832133895 0.01
      vertex 46.63018269922681 4.63259663685956 7
      vertex 47.402454838991936 7.009607359798385 0.01
    endloop
  endfacet
  facet normal 0.04621537939029437 0.9407356589555096 0.33597702105553934
    outer loop
      vertex 47.45099142983522 7.002407636663902 0.01
      vertex 47.206298640226784 4.5180000511500955 7
      vertex 47.5 7 0.01
    endloop
  endfacet
  facet normal -0.046215379390294374 0.9407356589555097 0.3359770210555392
    outer loop
      vertex 47.5 7 0.01
      vertex 47.5 4.503571428571428 7
      vertex 47.54900857016478 7.002407636663902 0.01
    endloop
  endfacet
  facet normal -0.13820105880343353 0.9316758603013473 0.3359770210555394
    outer loop
      vertex 47.54900857016478 7.002407636663902 0.01
      vertex 47.793701359773216 4.5180000511500955 7
      vertex 47.597545161008064 7.009607359798385 0.01
    endloop
  endfacet
  facet normal -0.22885578647192473 0.9136435138066502 0.3359770210555393
    outer loop
      vertex 47.597545161008064 7.009607359798385 0.01
      vertex 48.084574214898325 4.561146963363178 7
      vertex 47.64514233862723 7.021529832133895 0.01
    endloop
  endfacet
  facet normal -0.3173065078114249 0.8868122808256347 0.3359770210555388
    outer loop
      vertex 47.64514233862723 7.021529832133895 0.01
      vertex 48.36981730077319 4.63259663685956 7
      vertex 47.69134171618254 7.038060233744357 0.01
    endloop
  endfacet
  facet normal -0.4027013940232474 0.8514405607993896 0.33597702105553945
    outer loop
      vertex 47.69134171618254 7.038060233744357 0.01
      vertex 48.646683570551104 4.731660972225109 7
      vertex 47.735698368413 7.0590393678258225 0.01
    endloop
  endfacet
  facet normal -0.4842180456716654 0.8078690027278917 0.3359770210555399
    outer loop
      vertex 47.735698368413 7.0590393678258225 0.01
      vertex 48.91250665070361 4.857385925756179 7
      vertex 47.777785116509804 7.0842651938487275 0.01
    endloop
  endfacet
  facet normal -0.5610714128398251 0.7565172245339618 0.33597702105553867
    outer loop
      vertex 47.777785116509804 7.0842651938487275 0.01
      vertex 49.16472651965516 5.008560697422016 7
      vertex 47.817196642081825 7.113494773318632 0.01
    endloop
  endfacet
  facet normal -0.6325213555894472 0.6978797719134249 0.3359770210555394
    outer loop
      vertex 47.817196642081825 7.113494773318632 0.01
      vertex 49.400914162190354 5.183729391530942 7
      vertex 47.85355339059328 7.146446609406726 0.01
    endloop
  endfacet
  facet normal 0.756517224534016 0.5610714128397505 0.3359770210555411
    outer loop
      vertex 47.11349477331863 7.182803357918178 0.01
      vertex 47.08426519384873 7.222214883490199 0.01
      vertex 45.00856069742201 5.835273480344835 7
    endloop
  endfacet
  facet normal 0.6978797719134164 0.6325213555894565 0.33597702105553917
    outer loop
      vertex 47.14644660940672 7.146446609406726 0.01
      vertex 47.11349477331863 7.182803357918178 0.01
      vertex 45.18372939153094 5.599085837809648 7
    endloop
  endfacet
  facet normal 0.8078690027278723 0.48421804567169807 0.3359770210555391
    outer loop
      vertex 47.08426519384873 7.222214883490199 0.01
      vertex 47.059039367825825 7.264301631587001 0.01
      vertex 44.857385925756184 6.087493349296386 7
    endloop
  endfacet
  facet normal 0.8514405607993409 0.40270139402335176 0.3359770210555375
    outer loop
      vertex 47.059039367825825 7.264301631587001 0.01
      vertex 47.03806023374435 7.308658283817455 0.01
      vertex 44.73166097222511 6.353316429448892 7
    endloop
  endfacet
  facet normal 0.8868122808256511 0.3173065078113783 0.33597702105553934
    outer loop
      vertex 47.03806023374435 7.308658283817455 0.01
      vertex 47.02152983213389 7.354857661372769 0.01
      vertex 44.63259663685956 6.630182699226808 7
    endloop
  endfacet
  facet normal 0.9136435138066697 0.22885578647184437 0.3359770210555409
    outer loop
      vertex 47.02152983213389 7.354857661372769 0.01
      vertex 47.00960735979839 7.402454838991936 0.01
      vertex 44.56114696336318 6.9154257851016725 7
    endloop
  endfacet
  facet normal 0.931675860301345 0.13820105880345024 0.33597702105553934
    outer loop
      vertex 47.00960735979839 7.402454838991936 0.01
      vertex 47.002407636663904 7.45099142983522 0.01
      vertex 44.518000051150096 7.206298640226781 7
    endloop
  endfacet
  facet normal 0.9407356589555081 0.046215379390328395 0.3359770210555389
    outer loop
      vertex 47.002407636663904 7.45099142983522 0.01
      vertex 47 7.5 0.01
      vertex 44.503571428571426 7.5 7
    endloop
  endfacet
  facet normal -0.6978797719134163 0.6325213555894564 0.33597702105553934
    outer loop
      vertex 47.85355339059328 7.146446609406726 0.01
      vertex 49.618794962198265 5.381205037801737 7
      vertex 47.88650522668137 7.182803357918178 0.01
    endloop
  endfacet
  facet normal -0.7565172245340169 0.5610714128397511 0.33597702105553784
    outer loop
      vertex 47.88650522668137 7.182803357918178 0.01
      vertex 49.81627060846906 5.599085837809648 7
      vertex 47.91573480615127 7.222214883490199 0.01
    endloop
  endfacet
  facet normal -0.8078690027278722 0.48421804567169796 0.3359770210555397
    outer loop
      vertex 47.91573480615127 7.222214883490199 0.01
      vertex 49.99143930257799 5.835273480344835 7
      vertex 47.940960632174175 7.264301631587001 0.01
    endloop
  endfacet
  facet normal -0.8514405607993399 0.40270139402335126 0.3359770210555406
    outer loop
      vertex 47.940960632174175 7.264301631587001 0.01
      vertex 50.142614074243816 6.087493349296386 7
      vertex 47.96193976625565 7.308658283817455 0.01
    endloop
  endfacet
  facet normal -0.8868122808256512 0.31730650781137837 0.33597702105553867
    outer loop
      vertex 47.96193976625565 7.308658283817455 0.01
      vertex 50.26833902777489 6.353316429448892 7
      vertex 47.97847016786611 7.354857661372769 0.01
    endloop
  endfacet
  facet normal -0.9136435138066709 0.22885578647184465 0.3359770210555377
    outer loop
      vertex 47.97847016786611 7.354857661372769 0.01
      vertex 50.36740336314044 6.630182699226808 7
      vertex 47.99039264020161 7.402454838991936 0.01
    endloop
  endfacet
  facet normal -0.9316758603013447 0.1382010588034502 0.3359770210555396
    outer loop
      vertex 47.99039264020161 7.402454838991936 0.01
      vertex 50.43885303663682 6.9154257851016725 7
      vertex 47.997592363336096 7.45099142983522 0.01
    endloop
  endfacet
  facet normal -0.9407356589555077 0.046215379390328375 0.33597702105554
    outer loop
      vertex 47.997592363336096 7.45099142983522 0.01
      vertex 50.481999948849904 7.206298640226781 7
      vertex 48 7.5 0.01
    endloop
  endfacet
  facet normal 0.31730650781140196 0.8868122808256426 0.335977021055539
    outer loop
      vertex 47.35485766137277 7.021529832133895 0.01
      vertex 46.353316429448896 4.731660972225109 7
      vertex 46.63018269922681 4.63259663685956 7
    endloop
  endfacet
  facet normal 0.40270139402325766 0.8514405607993847 0.33597702105553917
    outer loop
      vertex 47.30865828381746 7.038060233744357 0.01
      vertex 46.08749334929639 4.857385925756179 7
      vertex 46.353316429448896 4.731660972225109 7
    endloop
  endfacet
  facet normal 0.13820105880344152 0.9316758603013461 0.33597702105553917
    outer loop
      vertex 47.45099142983522 7.002407636663902 0.01
      vertex 46.915425785101675 4.561146963363178 7
      vertex 47.206298640226784 4.5180000511500955 7
    endloop
  endfacet
  facet normal 0.046215379390289385 0.9407356589555099 0.3359770210555393
    outer loop
      vertex 47.5 7 0.01
      vertex 47.206298640226784 4.5180000511500955 7
      vertex 47.5 4.503571428571428 7
    endloop
  endfacet
  facet normal -0.04621537939028866 0.9407356589555099 0.3359770210555393
    outer loop
      vertex 47.54900857016478 7.002407636663902 0.01
      vertex 47.5 4.503571428571428 7
      vertex 47.793701359773216 4.5180000511500955 7
    endloop
  endfacet
  facet normal 0.22885578647192883 0.9136435138066493 0.33597702105553917
    outer loop
      vertex 47.402454838991936 7.009607359798385 0.01
      vertex 46.63018269922681 4.63259663685956 7
      vertex 46.915425785101675 4.561146963363178 7
    endloop
  endfacet
  facet normal -0.138201058803441 0.9316758603013463 0.33597702105553917
    outer loop
      vertex 47.597545161008064 7.009607359798385 0.01
      vertex 47.793701359773216 4.5180000511500955 7
      vertex 48.084574214898325 4.561146963363178 7
    endloop
  endfacet
  facet normal -0.22885578647192892 0.913643513806649 0.3359770210555391
    outer loop
      vertex 47.64514233862723 7.021529832133895 0.01
      vertex 48.084574214898325 4.561146963363178 7
      vertex 48.36981730077319 4.63259663685956 7
    endloop
  endfacet
  facet normal -0.31730650781140146 0.8868122808256428 0.3359770210555392
    outer loop
      vertex 47.69134171618254 7.038060233744357 0.01
      vertex 48.36981730077319 4.63259663685956 7
      vertex 48.646683570551104 4.731660972225109 7
    endloop
  endfacet
  facet normal -0.40270139402325733 0.8514405607993849 0.33597702105553906
    outer loop
      vertex 47.735698368413 7.0590393678258225 0.01
      vertex 48.646683570551104 4.731660972225109 7
      vertex 48.91250665070361 4.857385925756179 7
    endloop
  endfacet
  facet normal 0.6978797719134197 0.6325213555894528 0.3359770210555395
    outer loop
      vertex 47.14644660940672 7.146446609406726 0.01
      vertex 45.18372939153094 5.599085837809648 7
      vertex 45.381205037801735 5.381205037801737 7
    endloop
  endfacet
  facet normal 0.48421804567170584 0.8078690027278678 0.33597702105553917
    outer loop
      vertex 47.264301631587 7.0590393678258225 0.01
      vertex 45.83527348034484 5.008560697422016 7
      vertex 46.08749334929639 4.857385925756179 7
    endloop
  endfacet
  facet normal 0.5610714128398124 0.7565172245339712 0.3359770210555389
    outer loop
      vertex 47.222214883490196 7.0842651938487275 0.01
      vertex 45.599085837809646 5.183729391530942 7
      vertex 45.83527348034484 5.008560697422016 7
    endloop
  endfacet
  facet normal 0.63252135558945 0.6978797719134224 0.3359770210555393
    outer loop
      vertex 47.182803357918175 7.113494773318632 0.01
      vertex 45.381205037801735 5.381205037801737 7
      vertex 45.599085837809646 5.183729391530942 7
    endloop
  endfacet
  facet normal 0.7565172245339651 0.5610714128398204 0.3359770210555392
    outer loop
      vertex 47.11349477331863 7.182803357918178 0.01
      vertex 45.00856069742201 5.835273480344835 7
      vertex 45.18372939153094 5.599085837809648 7
    endloop
  endfacet
  facet normal 0.8078690027278803 0.48421804567168464 0.3359770210555397
    outer loop
      vertex 47.08426519384873 7.222214883490199 0.01
      vertex 44.857385925756184 6.087493349296386 7
      vertex 45.00856069742201 5.835273480344835 7
    endloop
  endfacet
  facet normal -0.4842180456717061 0.8078690027278677 0.3359770210555388
    outer loop
      vertex 47.777785116509804 7.0842651938487275 0.01
      vertex 48.91250665070361 4.857385925756179 7
      vertex 49.16472651965516 5.008560697422016 7
    endloop
  endfacet
  facet normal 0.886812280825646 0.31730650781139297 0.33597702105553895
    outer loop
      vertex 47.03806023374435 7.308658283817455 0.01
      vertex 44.63259663685956 6.630182699226808 7
      vertex 44.73166097222511 6.353316429448892 7
    endloop
  endfacet
  facet normal 0.8514405607993764 0.4027013940232752 0.3359770210555394
    outer loop
      vertex 47.059039367825825 7.264301631587001 0.01
      vertex 44.73166097222511 6.353316429448892 7
      vertex 44.857385925756184 6.087493349296386 7
    endloop
  endfacet
  facet normal 0.9136435138066494 0.2288557864719285 0.3359770210555389
    outer loop
      vertex 47.02152983213389 7.354857661372769 0.01
      vertex 44.56114696336318 6.9154257851016725 7
      vertex 44.63259663685956 6.630182699226808 7
    endloop
  endfacet
  facet normal 0.9316758603013463 0.13820105880344039 0.3359770210555395
    outer loop
      vertex 47.00960735979839 7.402454838991936 0.01
      vertex 44.518000051150096 7.206298640226781 7
      vertex 44.56114696336318 6.9154257851016725 7
    endloop
  endfacet
  facet normal 0.9407356589555095 0.04621537939029667 0.33597702105553956
    outer loop
      vertex 47.002407636663904 7.45099142983522 0.01
      vertex 44.503571428571426 7.5 7
      vertex 44.518000051150096 7.206298640226781 7
    endloop
  endfacet
  facet normal -0.5610714128398123 0.756517224533971 0.335977021055539
    outer loop
      vertex 47.817196642081825 7.113494773318632 0.01
      vertex 49.16472651965516 5.008560697422016 7
      vertex 49.400914162190354 5.183729391530942 7
    endloop
  endfacet
  facet normal -0.6325213555894502 0.6978797719134221 0.3359770210555393
    outer loop
      vertex 47.85355339059328 7.146446609406726 0.01
      vertex 49.400914162190354 5.183729391530942 7
      vertex 49.618794962198265 5.381205037801737 7
    endloop
  endfacet
  facet normal -0.6978797719134195 0.6325213555894529 0.3359770210555393
    outer loop
      vertex 47.88650522668137 7.182803357918178 0.01
      vertex 49.618794962198265 5.381205037801737 7
      vertex 49.81627060846906 5.599085837809648 7
    endloop
  endfacet
  facet normal -0.7565172245339649 0.5610714128398202 0.3359770210555397
    outer loop
      vertex 47.91573480615127 7.222214883490199 0.01
      vertex 49.81627060846906 5.599085837809648 7
      vertex 49.99143930257799 5.835273480344835 7
    endloop
  endfacet
  facet normal -0.8078690027278802 0.48421804567168475 0.33597702105553934
    outer loop
      vertex 47.940960632174175 7.264301631587001 0.01
      vertex 49.99143930257799 5.835273480344835 7
      vertex 50.142614074243816 6.087493349296386 7
    endloop
  endfacet
  facet normal -0.8514405607993764 0.40270139402327576 0.33597702105553884
    outer loop
      vertex 47.96193976625565 7.308658283817455 0.01
      vertex 50.142614074243816 6.087493349296386 7
      vertex 50.26833902777489 6.353316429448892 7
    endloop
  endfacet
  facet normal -0.8868122808256456 0.31730650781139397 0.335977021055539
    outer loop
      vertex 47.97847016786611 7.354857661372769 0.01
      vertex 50.26833902777489 6.353316429448892 7
      vertex 50.36740336314044 6.630182699226808 7
    endloop
  endfacet
  facet normal -0.9136435138066492 0.22885578647192859 0.3359770210555394
    outer loop
      vertex 47.99039264020161 7.402454838991936 0.01
      vertex 50.36740336314044 6.630182699226808 7
      vertex 50.43885303663682 6.9154257851016725 7
    endloop
  endfacet
  facet normal -0.9316758603013463 0.13820105880344022 0.3359770210555395
    outer loop
      vertex 47.997592363336096 7.45099142983522 0.01
      vertex 50.43885303663682 6.9154257851016725 7
      vertex 50.481999948849904 7.206298640226781 7
    endloop
  endfacet
  facet normal -0.9407356589555095 0.046215379390297975 0.3359770210555394
    outer loop
      vertex 48 7.5 0.01
      vertex 50.481999948849904 7.206298640226781 7
      vertex 50.496428571428574 7.5 7
    endloop
  endfacet
  facet normal 0 0 1
    outer loop
      vertex 47.002407636663904 7.45099142983522 0.01
      vertex 47.002407636663904 7.54900857016478 0.01
      vertex 47 7.5 0.01
    endloop
  endfacet
  facet normal 0 0 1
    outer loop
      vertex 47.002407636663904 7.45099142983522 0.01
      vertex 47.00960735979839 7.597545161008064 0.01
      vertex 47.002407636663904 7.54900857016478 0.01
    endloop
  endfacet
  facet normal 0 0 1
    outer loop
      vertex 47.00960735979839 7.402454838991936 0.01
      vertex 47.02152983213389 7.645142338627231 0.01
      vertex 47.00960735979839 7.597545161008064 0.01
    endloop
  endfacet
  facet normal 0 0 1
    outer loop
      vertex 47.02152983213389 7.354857661372769 0.01
      vertex 47.03806023374435 7.691341716182545 0.01
      vertex 47.02152983213389 7.645142338627231 0.01
    endloop
  endfacet
  facet normal 0 0 1
    outer loop
      vertex 47.03806023374435 7.308658283817455 0.01
      vertex 47.059039367825825 7.735698368412999 0.01
      vertex 47.03806023374435 7.691341716182545 0.01
    endloop
  endfacet
  facet normal 0 0 1
    outer loop
      vertex 47.059039367825825 7.264301631587001 0.01
      vertex 47.08426519384873 7.777785116509801 0.01
      vertex 47.059039367825825 7.735698368412999 0.01
    endloop
  endfacet
  facet normal 0 0 1
    outer loop
      vertex 47.08426519384873 7.222214883490199 0.01
      vertex 47.11349477331863 7.817196642081822 0.01
      vertex 47.08426519384873 7.777785116509801 0.01
    endloop
  endfacet
  facet normal 0 0 1
    outer loop
      vertex 47.11349477331863 7.182803357918178 0.01
      vertex 47.14644660940672 7.853553390593274 0.01
      vertex 47.11349477331863 7.817196642081822 0.01
    endloop
  endfacet
  facet normal 0 0 1
    outer loop
      vertex 47.14644660940672 7.146446609406726 0.01
      vertex 47.182803357918175 7.886505226681368 0.01
      vertex 47.14644660940672 7.853553390593274 0.01
    endloop
  endfacet
  facet normal 0 0 1
    outer loop
      vertex 47.182803357918175 7.113494773318632 0.01
      vertex 47.222214883490196 7.9157348061512725 0.01
      vertex 47.182803357918175 7.886505226681368 0.01
    endloop
  endfacet
  facet normal 0 0 1
    outer loop
      vertex 47.222214883490196 7.0842651938487275 0.01
      vertex 47.264301631587 7.9409606321741775 0.01
      vertex 47.222214883490196 7.9157348061512725 0.01
    endloop
  endfacet
  facet normal 0 0 1
    outer loop
      vertex 47.264301631587 7.0590393678258225 0.01
      vertex 47.30865828381746 7.961939766255643 0.01
      vertex 47.264301631587 7.9409606321741775 0.01
    endloop
  endfacet
  facet normal 0 0 1
    outer loop
      vertex 47.30865828381746 7.038060233744357 0.01
      vertex 47.35485766137277 7.978470167866105 0.01
      vertex 47.30865828381746 7.961939766255643 0.01
    endloop
  endfacet
  facet normal 0 0 1
    outer loop
      vertex 47.35485766137277 7.021529832133895 0.01
      vertex 47.402454838991936 7.990392640201615 0.01
      vertex 47.35485766137277 7.978470167866105 0.01
    endloop
  endfacet
  facet normal 0 0 1
    outer loop
      vertex 47.402454838991936 7.009607359798385 0.01
      vertex 47.45099142983522 7.997592363336098 0.01
      vertex 47.402454838991936 7.990392640201615 0.01
    endloop
  endfacet
  facet normal 0 0 1
    outer loop
      vertex 47.45099142983522 7.002407636663902 0.01
      vertex 47.5 8 0.01
      vertex 47.45099142983522 7.997592363336098 0.01
    endloop
  endfacet
  facet normal 0 0 1
    outer loop
      vertex 47.5 7 0.01
      vertex 47.54900857016478 7.997592363336098 0.01
      vertex 47.5 8 0.01
    endloop
  endfacet
  facet normal 0 0 1
    outer loop
      vertex 47.54900857016478 7.002407636663902 0.01
      vertex 47.597545161008064 7.990392640201615 0.01
      vertex 47.54900857016478 7.997592363336098 0.01
    endloop
  endfacet
  facet normal 0 0 1
    outer loop
      vertex 47.597545161008064 7.009607359798385 0.01
      vertex 47.64514233862723 7.978470167866105 0.01
      vertex 47.597545161008064 7.990392640201615 0.01
    endloop
  endfacet
  facet normal 0 0 1
    outer loop
      vertex 47.64514233862723 7.021529832133895 0.01
      vertex 47.69134171618254 7.961939766255643 0.01
      vertex 47.64514233862723 7.978470167866105 0.01
    endloop
  endfacet
  facet normal 0 0 1
    outer loop
      vertex 47.735698368413 7.0590393678258225 0.01
      vertex 47.777785116509804 7.9157348061512725 0.01
      vertex 47.735698368413 7.9409606321741775 0.01
    endloop
  endfacet
  facet normal 0 0 1
    outer loop
      vertex 47.777785116509804 7.0842651938487275 0.01
      vertex 47.817196642081825 7.886505226681368 0.01
      vertex 47.777785116509804 7.9157348061512725 0.01
    endloop
  endfacet
  facet normal 0 0 1
    outer loop
      vertex 47.69134171618254 7.038060233744357 0.01
      vertex 47.735698368413 7.9409606321741775 0.01
      vertex 47.69134171618254 7.961939766255643 0.01
    endloop
  endfacet
  facet normal 0 0 1
    outer loop
      vertex 47.997592363336096 7.45099142983522 0.01
      vertex 48 7.5 0.01
      vertex 47.997592363336096 7.54900857016478 0.01
    endloop
  endfacet
  facet normal 0 0 1
    outer loop
      vertex 47.99039264020161 7.402454838991936 0.01
      vertex 47.997592363336096 7.54900857016478 0.01
      vertex 47.99039264020161 7.597545161008064 0.01
    endloop
  endfacet
  facet normal 0 0 1
    outer loop
      vertex 47.97847016786611 7.354857661372769 0.01
      vertex 47.99039264020161 7.597545161008064 0.01
      vertex 47.97847016786611 7.645142338627231 0.01
    endloop
  endfacet
  facet normal 0 0 1
    outer loop
      vertex 47.96193976625565 7.308658283817455 0.01
      vertex 47.97847016786611 7.645142338627231 0.01
      vertex 47.96193976625565 7.691341716182545 0.01
    endloop
  endfacet
  facet normal 0 0 1
    outer loop
      vertex 47.91573480615127 7.222214883490199 0.01
      vertex 47.940960632174175 7.735698368412999 0.01
      vertex 47.91573480615127 7.777785116509801 0.01
    endloop
  endfacet
  facet normal 0 0 1
    outer loop
      vertex 47.85355339059328 7.146446609406726 0.01
      vertex 47.88650522668137 7.817196642081822 0.01
      vertex 47.85355339059328 7.853553390593274 0.01
    endloop
  endfacet
  facet normal 0 0 1
    outer loop
      vertex 47.88650522668137 7.182803357918178 0.01
      vertex 47.91573480615127 7.777785116509801 0.01
      vertex 47.88650522668137 7.817196642081822 0.01
    endloop
  endfacet
  facet normal 0 0 1
    outer loop
      vertex 47.940960632174175 7.264301631587001 0.01
      vertex 47.96193976625565 7.691341716182545 0.01
      vertex 47.940960632174175 7.735698368412999 0.01
    endloop
  endfacet
  facet normal 0 0 1
    outer loop
      vertex 47.817196642081825 7.113494773318632 0.01
      vertex 47.85355339059328 7.853553390593274 0.01
      vertex 47.817196642081825 7.886505226681368 0.01
    endloop
  endfacet
  facet normal 0.9407356589555077 -0.046215379390328375 0.33597702105554
    outer loop
      vertex 47 7.5 0.01
      vertex 47.002407636663904 7.54900857016478 0.01
      vertex 44.518000051150096 7.793701359773219 7
    endloop
  endfacet
  facet normal 0.9316758603013447 -0.1382010588034502 0.3359770210555396
    outer loop
      vertex 47.002407636663904 7.54900857016478 0.01
      vertex 47.00960735979839 7.597545161008064 0.01
      vertex 44.56114696336318 8.084574214898327 7
    endloop
  endfacet
  facet normal 0.9136435138066709 -0.22885578647184465 0.3359770210555376
    outer loop
      vertex 47.00960735979839 7.597545161008064 0.01
      vertex 47.02152983213389 7.645142338627231 0.01
      vertex 44.63259663685956 8.369817300773192 7
    endloop
  endfacet
  facet normal 0.8868122808256512 -0.31730650781137837 0.33597702105553867
    outer loop
      vertex 47.02152983213389 7.645142338627231 0.01
      vertex 47.03806023374435 7.691341716182545 0.01
      vertex 44.73166097222511 8.646683570551108 7
    endloop
  endfacet
  facet normal 0.8514405607993398 -0.4027013940233512 0.3359770210555407
    outer loop
      vertex 47.03806023374435 7.691341716182545 0.01
      vertex 47.059039367825825 7.735698368412999 0.01
      vertex 44.857385925756184 8.912506650703616 7
    endloop
  endfacet
  facet normal 0.8078690027278722 -0.48421804567169796 0.33597702105553984
    outer loop
      vertex 47.059039367825825 7.735698368412999 0.01
      vertex 47.08426519384873 7.777785116509801 0.01
      vertex 45.00856069742201 9.164726519655167 7
    endloop
  endfacet
  facet normal 0.7565172245340169 -0.5610714128397511 0.33597702105553784
    outer loop
      vertex 47.08426519384873 7.777785116509801 0.01
      vertex 47.11349477331863 7.817196642081822 0.01
      vertex 45.18372939153094 9.400914162190352 7
    endloop
  endfacet
  facet normal 0.6978797719134164 -0.6325213555894565 0.3359770210555393
    outer loop
      vertex 47.11349477331863 7.817196642081822 0.01
      vertex 47.14644660940672 7.853553390593274 0.01
      vertex 45.381205037801735 9.618794962198262 7
    endloop
  endfacet
  facet normal -0.8514405607993409 -0.40270139402335176 0.3359770210555375
    outer loop
      vertex 47.96193976625565 7.691341716182545 0.01
      vertex 50.26833902777489 8.646683570551108 7
      vertex 47.940960632174175 7.735698368412999 0.01
    endloop
  endfacet
  facet normal -0.8078690027278723 -0.48421804567169807 0.3359770210555392
    outer loop
      vertex 47.91573480615127 7.777785116509801 0.01
      vertex 47.940960632174175 7.735698368412999 0.01
      vertex 50.142614074243816 8.912506650703616 7
    endloop
  endfacet
  facet normal -0.756517224534016 -0.5610714128397505 0.3359770210555413
    outer loop
      vertex 47.91573480615127 7.777785116509801 0.01
      vertex 49.99143930257799 9.164726519655167 7
      vertex 47.88650522668137 7.817196642081822 0.01
    endloop
  endfacet
  facet normal -0.6978797719134164 -0.6325213555894565 0.33597702105553917
    outer loop
      vertex 47.88650522668137 7.817196642081822 0.01
      vertex 49.81627060846906 9.400914162190352 7
      vertex 47.85355339059328 7.853553390593274 0.01
    endloop
  endfacet
  facet normal 0.6325213555894472 -0.6978797719134249 0.33597702105553934
    outer loop
      vertex 47.14644660940672 7.853553390593274 0.01
      vertex 47.182803357918175 7.886505226681368 0.01
      vertex 45.599085837809646 9.816270608469058 7
    endloop
  endfacet
  facet normal 0.5610714128398252 -0.7565172245339619 0.3359770210555385
    outer loop
      vertex 47.182803357918175 7.886505226681368 0.01
      vertex 47.222214883490196 7.9157348061512725 0.01
      vertex 45.83527348034484 9.991439302577982 7
    endloop
  endfacet
  facet normal 0.4842180456716654 -0.8078690027278917 0.3359770210555398
    outer loop
      vertex 47.222214883490196 7.9157348061512725 0.01
      vertex 47.264301631587 7.9409606321741775 0.01
      vertex 46.08749334929639 10.14261407424382 7
    endloop
  endfacet
  facet normal 0.4027013940232474 -0.8514405607993896 0.33597702105553945
    outer loop
      vertex 47.264301631587 7.9409606321741775 0.01
      vertex 47.30865828381746 7.961939766255643 0.01
      vertex 46.353316429448896 10.268339027774891 7
    endloop
  endfacet
  facet normal 0.3173065078114249 -0.8868122808256347 0.3359770210555388
    outer loop
      vertex 47.30865828381746 7.961939766255643 0.01
      vertex 47.35485766137277 7.978470167866105 0.01
      vertex 46.63018269922681 10.36740336314044 7
    endloop
  endfacet
  facet normal 0.2288557864719247 -0.9136435138066501 0.33597702105553934
    outer loop
      vertex 47.35485766137277 7.978470167866105 0.01
      vertex 47.402454838991936 7.990392640201615 0.01
      vertex 46.915425785101675 10.438853036636823 7
    endloop
  endfacet
  facet normal 0.13820105880343353 -0.9316758603013473 0.3359770210555393
    outer loop
      vertex 47.402454838991936 7.990392640201615 0.01
      vertex 47.45099142983522 7.997592363336098 0.01
      vertex 47.206298640226784 10.481999948849904 7
    endloop
  endfacet
  facet normal 0.046215379390294374 -0.9407356589555097 0.3359770210555392
    outer loop
      vertex 47.45099142983522 7.997592363336098 0.01
      vertex 47.5 8 0.01
      vertex 47.5 10.496428571428572 7
    endloop
  endfacet
  facet normal -0.046215379390294374 -0.9407356589555097 0.3359770210555393
    outer loop
      vertex 47.5 8 0.01
      vertex 47.54900857016478 7.997592363336098 0.01
      vertex 47.793701359773216 10.481999948849904 7
    endloop
  endfacet
  facet normal -0.13820105880343353 -0.9316758603013473 0.3359770210555392
    outer loop
      vertex 47.597545161008064 7.990392640201615 0.01
      vertex 48.084574214898325 10.438853036636823 7
      vertex 47.54900857016478 7.997592363336098 0.01
    endloop
  endfacet
  facet normal -0.48421804567166565 -0.8078690027278922 0.33597702105553795
    outer loop
      vertex 47.777785116509804 7.9157348061512725 0.01
      vertex 49.16472651965516 9.991439302577982 7
      vertex 47.735698368413 7.9409606321741775 0.01
    endloop
  endfacet
  facet normal -0.6325213555894472 -0.6978797719134249 0.33597702105553906
    outer loop
      vertex 47.85355339059328 7.853553390593274 0.01
      vertex 49.618794962198265 9.618794962198262 7
      vertex 47.817196642081825 7.886505226681368 0.01
    endloop
  endfacet
  facet normal -0.561071412839825 -0.7565172245339616 0.3359770210555393
    outer loop
      vertex 47.817196642081825 7.886505226681368 0.01
      vertex 49.400914162190354 9.816270608469058 7
      vertex 47.777785116509804 7.9157348061512725 0.01
    endloop
  endfacet
  facet normal -0.22885578647192473 -0.9136435138066502 0.3359770210555391
    outer loop
      vertex 47.597545161008064 7.990392640201615 0.01
      vertex 47.64514233862723 7.978470167866105 0.01
      vertex 48.36981730077319 10.36740336314044 7
    endloop
  endfacet
  facet normal -0.3173065078114247 -0.8868122808256342 0.3359770210555396
    outer loop
      vertex 47.69134171618254 7.961939766255643 0.01
      vertex 48.646683570551104 10.268339027774891 7
      vertex 47.64514233862723 7.978470167866105 0.01
    endloop
  endfacet
  facet normal -0.40270139402324745 -0.8514405607993897 0.3359770210555389
    outer loop
      vertex 47.735698368413 7.9409606321741775 0.01
      vertex 48.91250665070361 10.14261407424382 7
      vertex 47.69134171618254 7.961939766255643 0.01
    endloop
  endfacet
  facet normal -0.9407356589555081 -0.046215379390328395 0.3359770210555389
    outer loop
      vertex 48 7.5 0.01
      vertex 50.496428571428574 7.5 7
      vertex 47.997592363336096 7.54900857016478 0.01
    endloop
  endfacet
  facet normal -0.931675860301345 -0.13820105880345024 0.3359770210555393
    outer loop
      vertex 47.997592363336096 7.54900857016478 0.01
      vertex 50.481999948849904 7.793701359773219 7
      vertex 47.99039264020161 7.597545161008064 0.01
    endloop
  endfacet
  facet normal -0.9136435138066697 -0.22885578647184437 0.33597702105554084
    outer loop
      vertex 47.99039264020161 7.597545161008064 0.01
      vertex 50.43885303663682 8.084574214898327 7
      vertex 47.97847016786611 7.645142338627231 0.01
    endloop
  endfacet
  facet normal -0.8868122808256511 -0.3173065078113783 0.33597702105553934
    outer loop
      vertex 47.97847016786611 7.645142338627231 0.01
      vertex 50.36740336314044 8.369817300773192 7
      vertex 47.96193976625565 7.691341716182545 0.01
    endloop
  endfacet
  facet normal 0.9407356589555095 -0.046215379390297975 0.3359770210555394
    outer loop
      vertex 47 7.5 0.01
      vertex 44.518000051150096 7.793701359773219 7
      vertex 44.503571428571426 7.5 7
    endloop
  endfacet
  facet normal 0.9316758603013463 -0.13820105880344064 0.3359770210555395
    outer loop
      vertex 47.002407636663904 7.54900857016478 0.01
      vertex 44.56114696336318 8.084574214898327 7
      vertex 44.518000051150096 7.793701359773219 7
    endloop
  endfacet
  facet normal 0.9136435138066492 -0.2288557864719279 0.33597702105553934
    outer loop
      vertex 47.00960735979839 7.597545161008064 0.01
      vertex 44.63259663685956 8.369817300773192 7
      vertex 44.56114696336318 8.084574214898327 7
    endloop
  endfacet
  facet normal 0.8868122808256456 -0.31730650781139397 0.335977021055539
    outer loop
      vertex 47.02152983213389 7.645142338627231 0.01
      vertex 44.73166097222511 8.646683570551108 7
      vertex 44.63259663685956 8.369817300773192 7
    endloop
  endfacet
  facet normal 0.8514405607993774 -0.4027013940232736 0.33597702105553884
    outer loop
      vertex 47.03806023374435 7.691341716182545 0.01
      vertex 44.857385925756184 8.912506650703616 7
      vertex 44.73166097222511 8.646683570551108 7
    endloop
  endfacet
  facet normal 0.8078690027278802 -0.48421804567168475 0.3359770210555395
    outer loop
      vertex 47.059039367825825 7.735698368412999 0.01
      vertex 45.00856069742201 9.164726519655167 7
      vertex 44.857385925756184 8.912506650703616 7
    endloop
  endfacet
  facet normal 0.7565172245339628 -0.5610714128398229 0.3359770210555397
    outer loop
      vertex 47.08426519384873 7.777785116509801 0.01
      vertex 45.18372939153094 9.400914162190352 7
      vertex 45.00856069742201 9.164726519655167 7
    endloop
  endfacet
  facet normal 0.6978797719134182 -0.6325213555894543 0.33597702105553945
    outer loop
      vertex 47.11349477331863 7.817196642081822 0.01
      vertex 45.381205037801735 9.618794962198262 7
      vertex 45.18372939153094 9.400914162190352 7
    endloop
  endfacet
  facet normal 0.6325213555894514 -0.6978797719134208 0.3359770210555393
    outer loop
      vertex 47.14644660940672 7.853553390593274 0.01
      vertex 45.599085837809646 9.816270608469058 7
      vertex 45.381205037801735 9.618794962198262 7
    endloop
  endfacet
  facet normal 0.5610714128398088 -0.7565172245339737 0.33597702105553906
    outer loop
      vertex 47.182803357918175 7.886505226681368 0.01
      vertex 45.83527348034484 9.991439302577982 7
      vertex 45.599085837809646 9.816270608469058 7
    endloop
  endfacet
  facet normal 0.4842180456717082 -0.8078690027278663 0.3359770210555388
    outer loop
      vertex 47.222214883490196 7.9157348061512725 0.01
      vertex 46.08749334929639 10.14261407424382 7
      vertex 45.83527348034484 9.991439302577982 7
    endloop
  endfacet
  facet normal -0.4842180456717082 -0.8078690027278663 0.335977021055539
    outer loop
      vertex 47.735698368413 7.9409606321741775 0.01
      vertex 49.16472651965516 9.991439302577982 7
      vertex 48.91250665070361 10.14261407424382 7
    endloop
  endfacet
  facet normal -0.9407356589555095 -0.04621537939029667 0.33597702105553956
    outer loop
      vertex 47.997592363336096 7.54900857016478 0.01
      vertex 50.496428571428574 7.5 7
      vertex 50.481999948849904 7.793701359773219 7
    endloop
  endfacet
  facet normal -0.9316758603013463 -0.1382010588034408 0.3359770210555395
    outer loop
      vertex 47.99039264020161 7.597545161008064 0.01
      vertex 50.481999948849904 7.793701359773219 7
      vertex 50.43885303663682 8.084574214898327 7
    endloop
  endfacet
  facet normal -0.9136435138066494 -0.2288557864719278 0.33597702105553884
    outer loop
      vertex 47.97847016786611 7.645142338627231 0.01
      vertex 50.43885303663682 8.084574214898327 7
      vertex 50.36740336314044 8.369817300773192 7
    endloop
  endfacet
  facet normal -0.886812280825646 -0.31730650781139297 0.33597702105553895
    outer loop
      vertex 47.96193976625565 7.691341716182545 0.01
      vertex 50.36740336314044 8.369817300773192 7
      vertex 50.26833902777489 8.646683570551108 7
    endloop
  endfacet
  facet normal -0.8514405607993774 -0.402701394023273 0.3359770210555395
    outer loop
      vertex 47.940960632174175 7.735698368412999 0.01
      vertex 50.26833902777489 8.646683570551108 7
      vertex 50.142614074243816 8.912506650703616 7
    endloop
  endfacet
  facet normal -0.8078690027278802 -0.4842180456716845 0.33597702105553984
    outer loop
      vertex 47.91573480615127 7.777785116509801 0.01
      vertex 50.142614074243816 8.912506650703616 7
      vertex 49.99143930257799 9.164726519655167 7
    endloop
  endfacet
  facet normal -0.7565172245339629 -0.5610714128398231 0.33597702105553917
    outer loop
      vertex 47.88650522668137 7.817196642081822 0.01
      vertex 49.99143930257799 9.164726519655167 7
      vertex 49.81627060846906 9.400914162190352 7
    endloop
  endfacet
  facet normal -0.6978797719134185 -0.632521355589454 0.3359770210555393
    outer loop
      vertex 47.85355339059328 7.853553390593274 0.01
      vertex 49.81627060846906 9.400914162190352 7
      vertex 49.618794962198265 9.618794962198262 7
    endloop
  endfacet
  facet normal -0.6325213555894514 -0.697879771913421 0.33597702105553917
    outer loop
      vertex 47.817196642081825 7.886505226681368 0.01
      vertex 49.618794962198265 9.618794962198262 7
      vertex 49.400914162190354 9.816270608469058 7
    endloop
  endfacet
  facet normal -0.5610714128398087 -0.7565172245339737 0.3359770210555387
    outer loop
      vertex 47.777785116509804 7.9157348061512725 0.01
      vertex 49.400914162190354 9.816270608469058 7
      vertex 49.16472651965516 9.991439302577982 7
    endloop
  endfacet
  facet normal 0.40270139402325933 -0.851440560799384 0.33597702105553906
    outer loop
      vertex 47.264301631587 7.9409606321741775 0.01
      vertex 46.353316429448896 10.268339027774891 7
      vertex 46.08749334929639 10.14261407424382 7
    endloop
  endfacet
  facet normal 0.31730650781140146 -0.8868122808256428 0.3359770210555392
    outer loop
      vertex 47.30865828381746 7.961939766255643 0.01
      vertex 46.63018269922681 10.36740336314044 7
      vertex 46.353316429448896 10.268339027774891 7
    endloop
  endfacet
  facet normal 0.2288557864719316 -0.9136435138066484 0.3359770210555392
    outer loop
      vertex 47.35485766137277 7.978470167866105 0.01
      vertex 46.915425785101675 10.438853036636823 7
      vertex 46.63018269922681 10.36740336314044 7
    endloop
  endfacet
  facet normal 0.138201058803435 -0.9316758603013471 0.33597702105553917
    outer loop
      vertex 47.402454838991936 7.990392640201615 0.01
      vertex 47.206298640226784 10.481999948849904 7
      vertex 46.915425785101675 10.438853036636823 7
    endloop
  endfacet
  facet normal 0.04621537939029191 -0.9407356589555097 0.3359770210555392
    outer loop
      vertex 47.45099142983522 7.997592363336098 0.01
      vertex 47.5 10.496428571428572 7
      vertex 47.206298640226784 10.481999948849904 7
    endloop
  endfacet
  facet normal -0.046215379390292216 -0.9407356589555097 0.3359770210555392
    outer loop
      vertex 47.5 8 0.01
      vertex 47.793701359773216 10.481999948849904 7
      vertex 47.5 10.496428571428572 7
    endloop
  endfacet
  facet normal -0.13820105880343556 -0.9316758603013471 0.3359770210555392
    outer loop
      vertex 47.54900857016478 7.997592363336098 0.01
      vertex 48.084574214898325 10.438853036636823 7
      vertex 47.793701359773216 10.481999948849904 7
    endloop
  endfacet
  facet normal -0.22885578647193186 -0.9136435138066483 0.3359770210555392
    outer loop
      vertex 47.597545161008064 7.990392640201615 0.01
      vertex 48.36981730077319 10.36740336314044 7
      vertex 48.084574214898325 10.438853036636823 7
    endloop
  endfacet
  facet normal -0.31730650781140196 -0.8868122808256426 0.335977021055539
    outer loop
      vertex 47.64514233862723 7.978470167866105 0.01
      vertex 48.646683570551104 10.268339027774891 7
      vertex 48.36981730077319 10.36740336314044 7
    endloop
  endfacet
  facet normal -0.40270139402326 -0.8514405607993837 0.33597702105553917
    outer loop
      vertex 47.69134171618254 7.961939766255643 0.01
      vertex 48.91250665070361 10.14261407424382 7
      vertex 48.646683570551104 10.268339027774891 7
    endloop
  endfacet
endsolid OpenSCAD_Model
