solid OpenSCAD_Model
  facet normal 0 0 -1
    outer loop
      vertex -12.369094215333462 -22.457937255501747 0
      vertex 12.809654101729393 -21.851558580994606 0
      vertex -12.274847976863384 -22.54102648794651 0
    endloop
  endfacet
  facet normal 0 0 -1
    outer loop
      vertex -12.274847976863384 -22.54102648794651 0
      vertex 12.809654101729393 -21.851558580994606 0
      vertex -12.175570502877235 -22.61803399026394 0
    endloop
  endfacet
  facet normal 0 0 -1
    outer loop
      vertex -12.071653589606285 -22.688655853271484 0
      vertex -12.175570502877235 -22.61803399026394 0
      vertex 12.809654101729393 -21.851558580994606 0
    endloop
  endfacet
  facet normal 0 0 -1
    outer loop
      vertex -12.071653589606285 -22.688655853271484 0
      vertex 12.809654101729393 -21.851558580994606 0
      vertex -11.96350734680891 -22.752613358199596 0
    endloop
  endfacet
  facet normal 0 0 -1
    outer loop
      vertex -12.809654101729393 -21.851558580994606 0
      vertex 12.809654101729393 -21.851558580994606 0
      vertex -12.752613358199596 -21.96350734680891 0
    endloop
  endfacet
  facet normal 0 0 -1
    outer loop
      vertex -12.809654101729393 -21.851558580994606 0
      vertex -12.859552972018719 -21.73624910414219 0
      vertex 12.809654101729393 -21.851558580994606 0
    endloop
  endfacet
  facet normal 0 0 -1
    outer loop
      vertex -12.937166325747967 -21.497379772365093 0
      vertex -12.964574500918388 -21.374762631952763 0
      vertex 12.809654101729393 -21.851558580994606 0
    endloop
  endfacet
  facet normal 0 0 -1
    outer loop
      vertex -12.902113035321236 -21.61803399026394 0
      vertex 12.809654101729393 -21.851558580994606 0
      vertex -12.859552972018719 -21.73624910414219 0
    endloop
  endfacet
  facet normal 0 0 -1
    outer loop
      vertex -12.902113035321236 -21.61803399026394 0
      vertex -12.937166325747967 -21.497379772365093 0
      vertex 12.809654101729393 -21.851558580994606 0
    endloop
  endfacet
  facet normal 0 0 -1
    outer loop
      vertex -12.457937255501747 -22.36909421533346 0
      vertex 12.809654101729393 -21.851558580994606 0
      vertex -12.369094215333462 -22.457937255501747 0
    endloop
  endfacet
  facet normal 0 0 -1
    outer loop
      vertex -12.457937255501747 -22.36909421533346 0
      vertex -12.54102648794651 -22.274847976863384 0
      vertex 12.809654101729393 -21.851558580994606 0
    endloop
  endfacet
  facet normal 0 0 -1
    outer loop
      vertex -12.618033990263939 -22.175570502877235 0
      vertex 12.809654101729393 -21.851558580994606 0
      vertex -12.54102648794651 -22.274847976863384 0
    endloop
  endfacet
  facet normal 0 0 -1
    outer loop
      vertex -12.618033990263939 -22.175570502877235 0
      vertex -12.688655853271484 -22.071653589606285 0
      vertex 12.809654101729393 -21.851558580994606 0
    endloop
  endfacet
  facet normal 0 0 -1
    outer loop
      vertex -12.752613358199596 -21.96350734680891 0
      vertex 12.809654101729393 -21.851558580994606 0
      vertex -12.688655853271484 -22.071653589606285 0
    endloop
  endfacet
  facet normal 0 0 -1
    outer loop
      vertex -11.96350734680891 -22.752613358199596 0
      vertex 12.809654101729393 -21.851558580994606 0
      vertex -11.851558580994606 -22.809654101729393 0
    endloop
  endfacet
  facet normal 0 0 -1
    outer loop
      vertex -11.851558580994606 -22.809654101729393 0
      vertex 12.809654101729393 -21.851558580994606 0
      vertex -11.736249104142189 -22.85955297201872 0
    endloop
  endfacet
  facet normal 0 0 -1
    outer loop
      vertex -11.736249104142189 -22.85955297201872 0
      vertex 12.809654101729393 -21.851558580994606 0
      vertex -11.618033990263939 -22.902113035321236 0
    endloop
  endfacet
  facet normal 0 0 -1
    outer loop
      vertex -11.618033990263939 -22.902113035321236 0
      vertex 12.809654101729393 -21.851558580994606 0
      vertex -11.497379772365093 -22.937166325747967 0
    endloop
  endfacet
  facet normal 0 0 -1
    outer loop
      vertex -11.497379772365093 -22.937166325747967 0
      vertex 12.809654101729393 -21.851558580994606 0
      vertex -11.374762631952763 -22.96457450091839 0
    endloop
  endfacet
  facet normal 0 0 -1
    outer loop
      vertex -11.374762631952763 -22.96457450091839 0
      vertex 12.809654101729393 -21.851558580994606 0
      vertex -11.250666469335556 -22.984229400753975 0
    endloop
  endfacet
  facet normal 0 0 -1
    outer loop
      vertex -11.250666469335556 -22.984229400753975 0
      vertex 12.809654101729393 -21.851558580994606 0
      vertex -11.125581040978432 -22.996053457260132 0
    endloop
  endfacet
  facet normal 0 0 -1
    outer loop
      vertex -11.125581040978432 -22.996053457260132 0
      vertex 12.809654101729393 -21.851558580994606 0
      vertex -11 -23 0
    endloop
  endfacet
  facet normal 0 0 -1
    outer loop
      vertex -12.964574500918388 -21.374762631952763 0
      vertex -12.984229400753975 -21.250666469335556 0
      vertex 12.809654101729393 -21.851558580994606 0
    endloop
  endfacet
  facet normal 0 0 -1
    outer loop
      vertex -12.984229400753975 -21.250666469335556 0
      vertex -12.996053457260132 -21.12558104097843 0
      vertex 12.809654101729393 -21.851558580994606 0
    endloop
  endfacet
  facet normal 0 0 -1
    outer loop
      vertex -12.996053457260132 -21.12558104097843 0
      vertex -13 -21 0
      vertex 12.809654101729393 -21.851558580994606 0
    endloop
  endfacet
  facet normal -0.7501110840441694 -0.6613118489745071 0
    outer loop
      vertex -12.457937255501747 -22.36909421533346 0
      vertex -12.457937255501747 -22.36909421533346 70.1
      vertex -12.54102648794651 -22.274847976863384 0
    endloop
  endfacet
  facet normal -0.5620833869713721 -0.8270805680771316 0
    outer loop
      vertex -12.071653589606285 -22.688655853271484 0
      vertex -12.175570502877235 -22.61803399026394 70.1
      vertex -12.175570502877235 -22.61803399026394 0
    endloop
  endfacet
  facet normal -0.5090413876096289 -0.8607420436463316 0
    outer loop
      vertex -12.071653589606285 -22.688655853271484 0
      vertex -11.96350734680891 -22.752613358199596 0
      vertex -11.96350734680891 -22.752613358199596 70.1
    endloop
  endfacet
  facet normal -0.6129070528460385 -0.7901550130016157 0
    outer loop
      vertex -12.274847976863384 -22.54102648794651 0
      vertex -12.175570502877235 -22.61803399026394 0
      vertex -12.274847976863384 -22.54102648794651 70.1
    endloop
  endfacet
  facet normal -0.6613118489745071 -0.7501110840441694 0
    outer loop
      vertex -12.369094215333462 -22.457937255501747 0
      vertex -12.274847976863384 -22.54102648794651 0
      vertex -12.274847976863384 -22.54102648794651 70.1
    endloop
  endfacet
  facet normal -0.7071067811865475 -0.7071067811865475 0
    outer loop
      vertex -12.457937255501747 -22.36909421533346 0
      vertex -12.369094215333462 -22.457937255501747 0
      vertex -12.457937255501747 -22.36909421533346 70.1
    endloop
  endfacet
  facet normal -0.8910065296360401 -0.4539904890478877 0
    outer loop
      vertex -12.809654101729393 -21.851558580994606 0
      vertex -12.752613358199596 -21.96350734680891 0
      vertex -12.752613358199596 -21.96350734680891 70.1
    endloop
  endfacet
  facet normal -0.8270805680771316 -0.5620833869713721 0
    outer loop
      vertex -12.618033990263939 -22.175570502877235 0
      vertex -12.688655853271484 -22.071653589606285 70.1
      vertex -12.688655853271484 -22.071653589606285 0
    endloop
  endfacet
  facet normal -0.7901550130016157 -0.6129070528460385 0
    outer loop
      vertex -12.618033990263939 -22.175570502877235 0
      vertex -12.54102648794651 -22.274847976863384 0
      vertex -12.54102648794651 -22.274847976863384 70.1
    endloop
  endfacet
  facet normal -0.8607420436463316 -0.5090413876096289 0
    outer loop
      vertex -12.752613358199596 -21.96350734680891 0
      vertex -12.688655853271484 -22.071653589606285 0
      vertex -12.688655853271484 -22.071653589606285 70.1
    endloop
  endfacet
  facet normal -0.917754614550276 -0.3971479163632545 0
    outer loop
      vertex -12.809654101729393 -21.851558580994606 0
      vertex -12.859552972018719 -21.73624910414219 70.1
      vertex -12.859552972018719 -21.73624910414219 0
    endloop
  endfacet
  facet normal -0.9408807601378323 -0.33873794473376473 0
    outer loop
      vertex -12.902113035321236 -21.61803399026394 0
      vertex -12.859552972018719 -21.73624910414219 0
      vertex -12.859552972018719 -21.73624910414219 70.1
    endloop
  endfacet
  facet normal -0.960293686211879 -0.27899110419796797 0
    outer loop
      vertex -12.902113035321236 -21.61803399026394 0
      vertex -12.902113035321236 -21.61803399026394 70.1
      vertex -12.937166325747967 -21.497379772365093 0
    endloop
  endfacet
  facet normal -0.3971479163632545 -0.917754614550276 0
    outer loop
      vertex -11.851558580994606 -22.809654101729393 0
      vertex -11.736249104142189 -22.85955297201872 0
      vertex -11.736249104142189 -22.85955297201872 70.1
    endloop
  endfacet
  facet normal -0.4539904890478877 -0.8910065296360401 0
    outer loop
      vertex -11.96350734680891 -22.752613358199596 0
      vertex -11.851558580994606 -22.809654101729393 0
      vertex -11.851558580994606 -22.809654101729393 70.1
    endloop
  endfacet
  facet normal -0.33873794473376473 -0.9408807601378323 0
    outer loop
      vertex -11.736249104142189 -22.85955297201872 0
      vertex -11.618033990263939 -22.902113035321236 0
      vertex -11.618033990263939 -22.902113035321236 70.1
    endloop
  endfacet
  facet normal -0.27899110419796797 -0.960293686211879 0
    outer loop
      vertex -11.618033990263939 -22.902113035321236 0
      vertex -11.497379772365093 -22.937166325747967 0
      vertex -11.618033990263939 -22.902113035321236 70.1
    endloop
  endfacet
  facet normal -0.2181432188917103 -0.9759167669691731 0
    outer loop
      vertex -11.497379772365093 -22.937166325747967 0
      vertex -11.374762631952763 -22.96457450091839 0
      vertex -11.374762631952763 -22.96457450091839 70.1
    endloop
  endfacet
  facet normal -0.15643445396088942 -0.9876883423499331 0
    outer loop
      vertex -11.374762631952763 -22.96457450091839 0
      vertex -11.250666469335556 -22.984229400753975 0
      vertex -11.250666469335556 -22.984229400753975 70.1
    endloop
  endfacet
  facet normal -0.09410833107904504 -0.9955619629242153 0
    outer loop
      vertex -11.250666469335556 -22.984229400753975 0
      vertex -11.125581040978432 -22.996053457260132 0
      vertex -11.250666469335556 -22.984229400753975 70.1
    endloop
  endfacet
  facet normal -0.031410755389397915 -0.9995065604816546 0
    outer loop
      vertex -11.125581040978432 -22.996053457260132 0
      vertex -11 -23 0
      vertex -11.125581040978432 -22.996053457260132 70.1
    endloop
  endfacet
  facet normal -0.9759167669691731 -0.2181432188917103 0
    outer loop
      vertex -12.937166325747967 -21.497379772365093 0
      vertex -12.964574500918388 -21.374762631952763 70.1
      vertex -12.964574500918388 -21.374762631952763 0
    endloop
  endfacet
  facet normal -0.9876883423499331 -0.15643445396088942 0
    outer loop
      vertex -12.964574500918388 -21.374762631952763 0
      vertex -12.984229400753975 -21.250666469335556 70.1
      vertex -12.984229400753975 -21.250666469335556 0
    endloop
  endfacet
  facet normal -0.9955619629242153 -0.09410833107904504 0
    outer loop
      vertex -12.984229400753975 -21.250666469335556 0
      vertex -12.984229400753975 -21.250666469335556 70.1
      vertex -12.996053457260132 -21.12558104097843 0
    endloop
  endfacet
  facet normal -0.9995065604816546 -0.031410755389397915 0
    outer loop
      vertex -12.996053457260132 -21.12558104097843 0
      vertex -13 -21 70.1
      vertex -13 -21 0
    endloop
  endfacet
  facet normal 0 0 -1
    outer loop
      vertex -13 -21 0
      vertex -13 21 0
      vertex 12.809654101729393 -21.851558580994606 0
    endloop
  endfacet
  facet normal -1 0 0
    outer loop
      vertex -13 -21 0
      vertex -13 -21 70.1
      vertex -13 21 0
    endloop
  endfacet
  facet normal 0 0 -1
    outer loop
      vertex -11 -23 0
      vertex 12.809654101729393 -21.851558580994606 0
      vertex 11 -23 0
    endloop
  endfacet
  facet normal 0 0 -1
    outer loop
      vertex 11 -23 0
      vertex 12.809654101729393 -21.851558580994606 0
      vertex 11.125581040978432 -22.996053457260132 0
    endloop
  endfacet
  facet normal 0 0 -1
    outer loop
      vertex 11.125581040978432 -22.996053457260132 0
      vertex 12.809654101729393 -21.851558580994606 0
      vertex 11.250666469335556 -22.984229400753975 0
    endloop
  endfacet
  facet normal 0 0 -1
    outer loop
      vertex 11.250666469335556 -22.984229400753975 0
      vertex 12.809654101729393 -21.851558580994606 0
      vertex 11.374762631952763 -22.96457450091839 0
    endloop
  endfacet
  facet normal 0 0 -1
    outer loop
      vertex 11.374762631952763 -22.96457450091839 0
      vertex 12.809654101729393 -21.851558580994606 0
      vertex 11.497379772365093 -22.937166325747967 0
    endloop
  endfacet
  facet normal 0 0 -1
    outer loop
      vertex 11.497379772365093 -22.937166325747967 0
      vertex 12.809654101729393 -21.851558580994606 0
      vertex 11.618033990263939 -22.902113035321236 0
    endloop
  endfacet
  facet normal 0 0 -1
    outer loop
      vertex 11.618033990263939 -22.902113035321236 0
      vertex 12.809654101729393 -21.851558580994606 0
      vertex 11.736249104142189 -22.85955297201872 0
    endloop
  endfacet
  facet normal 0 0 -1
    outer loop
      vertex 11.736249104142189 -22.85955297201872 0
      vertex 12.809654101729393 -21.851558580994606 0
      vertex 11.851558580994606 -22.809654101729393 0
    endloop
  endfacet
  facet normal 0 0 -1
    outer loop
      vertex 11.851558580994606 -22.809654101729393 0
      vertex 12.809654101729393 -21.851558580994606 0
      vertex 11.96350734680891 -22.752613358199596 0
    endloop
  endfacet
  facet normal 0 0 -1
    outer loop
      vertex 11.96350734680891 -22.752613358199596 0
      vertex 12.809654101729393 -21.851558580994606 0
      vertex 12.071653589606285 -22.688655853271484 0
    endloop
  endfacet
  facet normal 0 0 -1
    outer loop
      vertex 12.071653589606285 -22.688655853271484 0
      vertex 12.809654101729393 -21.851558580994606 0
      vertex 12.175570502877235 -22.61803399026394 0
    endloop
  endfacet
  facet normal 0 0 -1
    outer loop
      vertex 12.175570502877235 -22.61803399026394 0
      vertex 12.809654101729393 -21.851558580994606 0
      vertex 12.274847976863384 -22.54102648794651 0
    endloop
  endfacet
  facet normal 0 0 -1
    outer loop
      vertex 12.274847976863384 -22.54102648794651 0
      vertex 12.809654101729393 -21.851558580994606 0
      vertex 12.369094215333462 -22.457937255501747 0
    endloop
  endfacet
  facet normal 0 0 -1
    outer loop
      vertex 12.369094215333462 -22.457937255501747 0
      vertex 12.809654101729393 -21.851558580994606 0
      vertex 12.457937255501747 -22.36909421533346 0
    endloop
  endfacet
  facet normal 0 0 -1
    outer loop
      vertex 12.457937255501747 -22.36909421533346 0
      vertex 12.809654101729393 -21.851558580994606 0
      vertex 12.54102648794651 -22.274847976863384 0
    endloop
  endfacet
  facet normal 0 0 -1
    outer loop
      vertex 12.54102648794651 -22.274847976863384 0
      vertex 12.809654101729393 -21.851558580994606 0
      vertex 12.618033990263939 -22.175570502877235 0
    endloop
  endfacet
  facet normal 0 0 -1
    outer loop
      vertex 12.618033990263939 -22.175570502877235 0
      vertex 12.809654101729393 -21.851558580994606 0
      vertex 12.688655853271484 -22.071653589606285 0
    endloop
  endfacet
  facet normal 0 0 -1
    outer loop
      vertex 12.688655853271484 -22.071653589606285 0
      vertex 12.809654101729393 -21.851558580994606 0
      vertex 12.752613358199596 -21.96350734680891 0
    endloop
  endfacet
  facet normal 0 0 -1
    outer loop
      vertex 12.809654101729393 -21.851558580994606 0
      vertex 12.902113035321236 -21.61803399026394 0
      vertex 12.859552972018719 -21.73624910414219 0
    endloop
  endfacet
  facet normal 0 0 -1
    outer loop
      vertex 12.809654101729393 -21.851558580994606 0
      vertex 12.937166325747967 -21.497379772365093 0
      vertex 12.902113035321236 -21.61803399026394 0
    endloop
  endfacet
  facet normal 0 0 -1
    outer loop
      vertex 12.809654101729393 -21.851558580994606 0
      vertex 12.964574500918388 -21.374762631952763 0
      vertex 12.937166325747967 -21.497379772365093 0
    endloop
  endfacet
  facet normal 0 0 -1
    outer loop
      vertex 12.809654101729393 -21.851558580994606 0
      vertex 12.984229400753975 -21.250666469335556 0
      vertex 12.964574500918388 -21.374762631952763 0
    endloop
  endfacet
  facet normal 0 0 -1
    outer loop
      vertex 12.809654101729393 -21.851558580994606 0
      vertex 12.996053457260132 -21.12558104097843 0
      vertex 12.984229400753975 -21.250666469335556 0
    endloop
  endfacet
  facet normal 0 0 -1
    outer loop
      vertex 12.809654101729393 -21.851558580994606 0
      vertex 13 -21 0
      vertex 12.996053457260132 -21.12558104097843 0
    endloop
  endfacet
  facet normal 0 -1 0
    outer loop
      vertex -11 -23 0
      vertex 11 -23 0
      vertex 11 -23 70.1
    endloop
  endfacet
  facet normal 0.031410755389397915 -0.9995065604816546 0
    outer loop
      vertex 11 -23 0
      vertex 11.125581040978432 -22.996053457260132 0
      vertex 11 -23 70.1
    endloop
  endfacet
  facet normal 0.09410833107904504 -0.9955619629242153 0
    outer loop
      vertex 11.125581040978432 -22.996053457260132 0
      vertex 11.250666469335556 -22.984229400753975 0
      vertex 11.250666469335556 -22.984229400753975 70.1
    endloop
  endfacet
  facet normal 0.15643445396088942 -0.9876883423499331 0
    outer loop
      vertex 11.250666469335556 -22.984229400753975 0
      vertex 11.374762631952763 -22.96457450091839 0
      vertex 11.250666469335556 -22.984229400753975 70.1
    endloop
  endfacet
  facet normal 0.2181432188917103 -0.9759167669691731 0
    outer loop
      vertex 11.374762631952763 -22.96457450091839 0
      vertex 11.497379772365093 -22.937166325747967 0
      vertex 11.497379772365093 -22.937166325747967 70.1
    endloop
  endfacet
  facet normal 0.27899110419796797 -0.960293686211879 0
    outer loop
      vertex 11.497379772365093 -22.937166325747967 0
      vertex 11.618033990263939 -22.902113035321236 0
      vertex 11.497379772365093 -22.937166325747967 70.1
    endloop
  endfacet
  facet normal 0.33873794473376473 -0.9408807601378323 0
    outer loop
      vertex 11.618033990263939 -22.902113035321236 0
      vertex 11.736249104142189 -22.85955297201872 0
      vertex 11.736249104142189 -22.85955297201872 70.1
    endloop
  endfacet
  facet normal 0.3971479163632545 -0.917754614550276 0
    outer loop
      vertex 11.736249104142189 -22.85955297201872 0
      vertex 11.851558580994606 -22.809654101729393 0
      vertex 11.851558580994606 -22.809654101729393 70.1
    endloop
  endfacet
  facet normal 0.4539904890478877 -0.8910065296360401 0
    outer loop
      vertex 11.851558580994606 -22.809654101729393 0
      vertex 11.96350734680891 -22.752613358199596 0
      vertex 11.96350734680891 -22.752613358199596 70.1
    endloop
  endfacet
  facet normal 0.5090413876096289 -0.8607420436463316 0
    outer loop
      vertex 11.96350734680891 -22.752613358199596 0
      vertex 12.071653589606285 -22.688655853271484 0
      vertex 11.96350734680891 -22.752613358199596 70.1
    endloop
  endfacet
  facet normal 0.5620833869713721 -0.8270805680771316 0
    outer loop
      vertex 12.071653589606285 -22.688655853271484 0
      vertex 12.175570502877235 -22.61803399026394 0
      vertex 12.175570502877235 -22.61803399026394 70.1
    endloop
  endfacet
  facet normal 0.6129070528460385 -0.7901550130016157 0
    outer loop
      vertex 12.175570502877235 -22.61803399026394 0
      vertex 12.274847976863384 -22.54102648794651 0
      vertex 12.175570502877235 -22.61803399026394 70.1
    endloop
  endfacet
  facet normal 0.6613118489745071 -0.7501110840441694 0
    outer loop
      vertex 12.274847976863384 -22.54102648794651 0
      vertex 12.369094215333462 -22.457937255501747 0
      vertex 12.369094215333462 -22.457937255501747 70.1
    endloop
  endfacet
  facet normal 0.7071067811865475 -0.7071067811865475 0
    outer loop
      vertex 12.369094215333462 -22.457937255501747 0
      vertex 12.457937255501747 -22.36909421533346 0
      vertex 12.457937255501747 -22.36909421533346 70.1
    endloop
  endfacet
  facet normal 0.7501110840441694 -0.6613118489745071 0
    outer loop
      vertex 12.457937255501747 -22.36909421533346 0
      vertex 12.54102648794651 -22.274847976863384 0
      vertex 12.54102648794651 -22.274847976863384 70.1
    endloop
  endfacet
  facet normal 0.7901550130016157 -0.6129070528460385 0
    outer loop
      vertex 12.54102648794651 -22.274847976863384 0
      vertex 12.618033990263939 -22.175570502877235 0
      vertex 12.618033990263939 -22.175570502877235 70.1
    endloop
  endfacet
  facet normal 0.8270805680771316 -0.5620833869713721 0
    outer loop
      vertex 12.618033990263939 -22.175570502877235 0
      vertex 12.688655853271484 -22.071653589606285 0
      vertex 12.618033990263939 -22.175570502877235 70.1
    endloop
  endfacet
  facet normal 0.8607420436463316 -0.5090413876096289 0
    outer loop
      vertex 12.688655853271484 -22.071653589606285 0
      vertex 12.752613358199596 -21.96350734680891 0
      vertex 12.752613358199596 -21.96350734680891 70.1
    endloop
  endfacet
  facet normal 0.8910065296360401 -0.4539904890478877 0
    outer loop
      vertex 12.752613358199596 -21.96350734680891 0
      vertex 12.809654101729393 -21.851558580994606 0
      vertex 12.752613358199596 -21.96350734680891 70.1
    endloop
  endfacet
  facet normal 0.917754614550276 -0.3971479163632545 0
    outer loop
      vertex 12.809654101729393 -21.851558580994606 0
      vertex 12.859552972018719 -21.73624910414219 0
      vertex 12.859552972018719 -21.73624910414219 70.1
    endloop
  endfacet
  facet normal 0.9408807601378323 -0.33873794473376473 0
    outer loop
      vertex 12.859552972018719 -21.73624910414219 0
      vertex 12.902113035321236 -21.61803399026394 0
      vertex 12.902113035321236 -21.61803399026394 70.1
    endloop
  endfacet
  facet normal 0.960293686211879 -0.27899110419796797 0
    outer loop
      vertex 12.902113035321236 -21.61803399026394 0
      vertex 12.937166325747967 -21.497379772365093 0
      vertex 12.902113035321236 -21.61803399026394 70.1
    endloop
  endfacet
  facet normal 0.9759167669691731 -0.2181432188917103 0
    outer loop
      vertex 12.937166325747967 -21.497379772365093 0
      vertex 12.964574500918388 -21.374762631952763 0
      vertex 12.964574500918388 -21.374762631952763 70.1
    endloop
  endfacet
  facet normal 0.9876883423499331 -0.15643445396088942 0
    outer loop
      vertex 12.964574500918388 -21.374762631952763 0
      vertex 12.984229400753975 -21.250666469335556 0
      vertex 12.984229400753975 -21.250666469335556 70.1
    endloop
  endfacet
  facet normal 0.9955619629242153 -0.09410833107904504 0
    outer loop
      vertex 12.984229400753975 -21.250666469335556 0
      vertex 12.996053457260132 -21.12558104097843 0
      vertex 12.996053457260132 -21.12558104097843 70.1
    endloop
  endfacet
  facet normal 0.9995065604816546 -0.031410755389397915 0
    outer loop
      vertex 12.996053457260132 -21.12558104097843 0
      vertex 13 -21 0
      vertex 12.996053457260132 -21.12558104097843 70.1
    endloop
  endfacet
  facet normal 0 0 -1
    outer loop
      vertex 12.809654101729393 -21.851558580994606 0
      vertex 13 21 0
      vertex 13 -21 0
    endloop
  endfacet
  facet normal 1 0 0
    outer loop
      vertex 13 -21 0
      vertex 13 21 0
      vertex 13 -21 70.1
    endloop
  endfacet
  facet normal -0.7501110840441694 -0.6613118489745071 0
    outer loop
      vertex -12.54102648794651 -22.274847976863384 0
      vertex -12.457937255501747 -22.36909421533346 70.1
      vertex -12.54102648794651 -22.274847976863384 70.1
    endloop
  endfacet
  facet normal -0.5620833869713721 -0.8270805680771316 0
    outer loop
      vertex -12.071653589606285 -22.688655853271484 0
      vertex -12.071653589606285 -22.688655853271484 70.1
      vertex -12.175570502877235 -22.61803399026394 70.1
    endloop
  endfacet
  facet normal -0.5090413876096289 -0.8607420436463316 0
    outer loop
      vertex -12.071653589606285 -22.688655853271484 0
      vertex -11.96350734680891 -22.752613358199596 70.1
      vertex -12.071653589606285 -22.688655853271484 70.1
    endloop
  endfacet
  facet normal -0.6613118489745071 -0.7501110840441694 0
    outer loop
      vertex -12.369094215333462 -22.457937255501747 0
      vertex -12.274847976863384 -22.54102648794651 70.1
      vertex -12.369094215333462 -22.457937255501747 70.1
    endloop
  endfacet
  facet normal -0.7071067811865475 -0.7071067811865475 0
    outer loop
      vertex -12.369094215333462 -22.457937255501747 0
      vertex -12.369094215333462 -22.457937255501747 70.1
      vertex -12.457937255501747 -22.36909421533346 70.1
    endloop
  endfacet
  facet normal -0.6129070528460385 -0.7901550130016157 0
    outer loop
      vertex -12.175570502877235 -22.61803399026394 0
      vertex -12.175570502877235 -22.61803399026394 70.1
      vertex -12.274847976863384 -22.54102648794651 70.1
    endloop
  endfacet
  facet normal -0.8270805680771316 -0.5620833869713721 0
    outer loop
      vertex -12.618033990263939 -22.175570502877235 0
      vertex -12.618033990263939 -22.175570502877235 70.1
      vertex -12.688655853271484 -22.071653589606285 70.1
    endloop
  endfacet
  facet normal -0.7901550130016157 -0.6129070528460385 0
    outer loop
      vertex -12.618033990263939 -22.175570502877235 0
      vertex -12.54102648794651 -22.274847976863384 70.1
      vertex -12.618033990263939 -22.175570502877235 70.1
    endloop
  endfacet
  facet normal -0.8607420436463316 -0.5090413876096289 0
    outer loop
      vertex -12.752613358199596 -21.96350734680891 0
      vertex -12.688655853271484 -22.071653589606285 70.1
      vertex -12.752613358199596 -21.96350734680891 70.1
    endloop
  endfacet
  facet normal -0.8910065296360401 -0.4539904890478877 0
    outer loop
      vertex -12.809654101729393 -21.851558580994606 0
      vertex -12.752613358199596 -21.96350734680891 70.1
      vertex -12.809654101729393 -21.851558580994606 70.1
    endloop
  endfacet
  facet normal -0.917754614550276 -0.3971479163632545 0
    outer loop
      vertex -12.809654101729393 -21.851558580994606 0
      vertex -12.809654101729393 -21.851558580994606 70.1
      vertex -12.859552972018719 -21.73624910414219 70.1
    endloop
  endfacet
  facet normal -0.9408807601378323 -0.33873794473376473 0
    outer loop
      vertex -12.902113035321236 -21.61803399026394 0
      vertex -12.859552972018719 -21.73624910414219 70.1
      vertex -12.902113035321236 -21.61803399026394 70.1
    endloop
  endfacet
  facet normal -0.3971479163632545 -0.917754614550276 0
    outer loop
      vertex -11.851558580994606 -22.809654101729393 0
      vertex -11.736249104142189 -22.85955297201872 70.1
      vertex -11.851558580994606 -22.809654101729393 70.1
    endloop
  endfacet
  facet normal -0.4539904890478877 -0.8910065296360401 0
    outer loop
      vertex -11.96350734680891 -22.752613358199596 0
      vertex -11.851558580994606 -22.809654101729393 70.1
      vertex -11.96350734680891 -22.752613358199596 70.1
    endloop
  endfacet
  facet normal -0.33873794473376473 -0.9408807601378323 0
    outer loop
      vertex -11.736249104142189 -22.85955297201872 0
      vertex -11.618033990263939 -22.902113035321236 70.1
      vertex -11.736249104142189 -22.85955297201872 70.1
    endloop
  endfacet
  facet normal -0.27899110419796797 -0.960293686211879 0
    outer loop
      vertex -11.497379772365093 -22.937166325747967 0
      vertex -11.497379772365093 -22.937166325747967 70.1
      vertex -11.618033990263939 -22.902113035321236 70.1
    endloop
  endfacet
  facet normal -0.2181432188917103 -0.9759167669691731 0
    outer loop
      vertex -11.497379772365093 -22.937166325747967 0
      vertex -11.374762631952763 -22.96457450091839 70.1
      vertex -11.497379772365093 -22.937166325747967 70.1
    endloop
  endfacet
  facet normal -0.15643445396088942 -0.9876883423499331 0
    outer loop
      vertex -11.374762631952763 -22.96457450091839 0
      vertex -11.250666469335556 -22.984229400753975 70.1
      vertex -11.374762631952763 -22.96457450091839 70.1
    endloop
  endfacet
  facet normal -0.09410833107904504 -0.9955619629242153 0
    outer loop
      vertex -11.125581040978432 -22.996053457260132 0
      vertex -11.125581040978432 -22.996053457260132 70.1
      vertex -11.250666469335556 -22.984229400753975 70.1
    endloop
  endfacet
  facet normal -0.031410755389397915 -0.9995065604816546 0
    outer loop
      vertex -11 -23 0
      vertex -11 -23 70.1
      vertex -11.125581040978432 -22.996053457260132 70.1
    endloop
  endfacet
  facet normal -0.960293686211879 -0.27899110419796797 0
    outer loop
      vertex -12.937166325747967 -21.497379772365093 0
      vertex -12.902113035321236 -21.61803399026394 70.1
      vertex -12.937166325747967 -21.497379772365093 70.1
    endloop
  endfacet
  facet normal -0.9759167669691731 -0.2181432188917103 0
    outer loop
      vertex -12.937166325747967 -21.497379772365093 0
      vertex -12.937166325747967 -21.497379772365093 70.1
      vertex -12.964574500918388 -21.374762631952763 70.1
    endloop
  endfacet
  facet normal -0.9876883423499331 -0.15643445396088942 0
    outer loop
      vertex -12.964574500918388 -21.374762631952763 0
      vertex -12.964574500918388 -21.374762631952763 70.1
      vertex -12.984229400753975 -21.250666469335556 70.1
    endloop
  endfacet
  facet normal -0.9955619629242153 -0.09410833107904504 0
    outer loop
      vertex -12.996053457260132 -21.12558104097843 0
      vertex -12.984229400753975 -21.250666469335556 70.1
      vertex -12.996053457260132 -21.12558104097843 70.1
    endloop
  endfacet
  facet normal -0.9995065604816546 -0.031410755389397915 0
    outer loop
      vertex -12.996053457260132 -21.12558104097843 0
      vertex -12.996053457260132 -21.12558104097843 70.1
      vertex -13 -21 70.1
    endloop
  endfacet
  facet normal 0 -1 0
    outer loop
      vertex -11 -23 0
      vertex 11 -23 70.1
      vertex -11 -23 70.1
    endloop
  endfacet
  facet normal 0 0 1
    outer loop
      vertex -11 -23 70.1
      vertex -9.957937255501747 -19.86909421533346 70.1
      vertex -10.04102648794651 -19.774847976863384 70.1
    endloop
  endfacet
  facet normal 0 0 1
    outer loop
      vertex -11 -23 70.1
      vertex -9.869094215333462 -19.957937255501747 70.1
      vertex -9.957937255501747 -19.86909421533346 70.1
    endloop
  endfacet
  facet normal 0 0 1
    outer loop
      vertex -11 -23 70.1
      vertex -9.774847976863384 -20.04102648794651 70.1
      vertex -9.869094215333462 -19.957937255501747 70.1
    endloop
  endfacet
  facet normal 0 0 1
    outer loop
      vertex -11 -23 70.1
      vertex -9.675570502877235 -20.11803399026394 70.1
      vertex -9.774847976863384 -20.04102648794651 70.1
    endloop
  endfacet
  facet normal 0 0 1
    outer loop
      vertex -11 -23 70.1
      vertex -9.571653589606285 -20.188655853271484 70.1
      vertex -9.675570502877235 -20.11803399026394 70.1
    endloop
  endfacet
  facet normal 0 0 1
    outer loop
      vertex -11 -23 70.1
      vertex -9.46350734680891 -20.252613358199596 70.1
      vertex -9.571653589606285 -20.188655853271484 70.1
    endloop
  endfacet
  facet normal 0 0 1
    outer loop
      vertex -11 -23 70.1
      vertex -9.351558580994606 -20.309654101729393 70.1
      vertex -9.46350734680891 -20.252613358199596 70.1
    endloop
  endfacet
  facet normal 0 0 1
    outer loop
      vertex -11 -23 70.1
      vertex -10.118033990263939 -19.675570502877235 70.1
      vertex -10.188655853271484 -19.571653589606285 70.1
    endloop
  endfacet
  facet normal 0 0 1
    outer loop
      vertex -11 -23 70.1
      vertex -10.188655853271484 -19.571653589606285 70.1
      vertex -10.252613358199596 -19.46350734680891 70.1
    endloop
  endfacet
  facet normal 0 0 1
    outer loop
      vertex -11 -23 70.1
      vertex -10.309654101729393 -19.351558580994606 70.1
      vertex -10.359552972018719 -19.23624910414219 70.1
    endloop
  endfacet
  facet normal 0 0 1
    outer loop
      vertex -11 -23 70.1
      vertex -10.252613358199596 -19.46350734680891 70.1
      vertex -10.309654101729393 -19.351558580994606 70.1
    endloop
  endfacet
  facet normal 0 0 1
    outer loop
      vertex -11 -23 70.1
      vertex -10.359552972018719 -19.23624910414219 70.1
      vertex -10.402113035321236 -19.11803399026394 70.1
    endloop
  endfacet
  facet normal 0 0 1
    outer loop
      vertex -11 -23 70.1
      vertex -10.402113035321236 -19.11803399026394 70.1
      vertex -10.437166325747967 -18.997379772365093 70.1
    endloop
  endfacet
  facet normal 0 0 1
    outer loop
      vertex -11 -23 70.1
      vertex -10.437166325747967 -18.997379772365093 70.1
      vertex -10.464574500918388 -18.874762631952763 70.1
    endloop
  endfacet
  facet normal 0 0 1
    outer loop
      vertex -11 -23 70.1
      vertex -10.464574500918388 -18.874762631952763 70.1
      vertex -10.484229400753975 -18.750666469335556 70.1
    endloop
  endfacet
  facet normal 0 0 1
    outer loop
      vertex -11 -23 70.1
      vertex -10.484229400753975 -18.750666469335556 70.1
      vertex -10.496053457260132 -18.62558104097843 70.1
    endloop
  endfacet
  facet normal 0 0 1
    outer loop
      vertex -11 -23 70.1
      vertex -10.04102648794651 -19.774847976863384 70.1
      vertex -10.118033990263939 -19.675570502877235 70.1
    endloop
  endfacet
  facet normal 0 0 1
    outer loop
      vertex -11 -23 70.1
      vertex -9.236249104142189 -20.35955297201872 70.1
      vertex -9.351558580994606 -20.309654101729393 70.1
    endloop
  endfacet
  facet normal 0 0 1
    outer loop
      vertex -11 -23 70.1
      vertex -9.118033990263939 -20.402113035321236 70.1
      vertex -9.236249104142189 -20.35955297201872 70.1
    endloop
  endfacet
  facet normal 0 0 1
    outer loop
      vertex -11 -23 70.1
      vertex -8.997379772365093 -20.437166325747967 70.1
      vertex -9.118033990263939 -20.402113035321236 70.1
    endloop
  endfacet
  facet normal 0 0 1
    outer loop
      vertex -11 -23 70.1
      vertex -8.874762631952763 -20.46457450091839 70.1
      vertex -8.997379772365093 -20.437166325747967 70.1
    endloop
  endfacet
  facet normal 0 0 1
    outer loop
      vertex -11 -23 70.1
      vertex -8.750666469335556 -20.484229400753975 70.1
      vertex -8.874762631952763 -20.46457450091839 70.1
    endloop
  endfacet
  facet normal 0 0 1
    outer loop
      vertex -11 -23 70.1
      vertex -8.625581040978432 -20.496053457260132 70.1
      vertex -8.750666469335556 -20.484229400753975 70.1
    endloop
  endfacet
  facet normal 0 0 1
    outer loop
      vertex -11 -23 70.1
      vertex -8.5 -20.5 70.1
      vertex -8.625581040978432 -20.496053457260132 70.1
    endloop
  endfacet
  facet normal 0 0 1
    outer loop
      vertex -11 -23 70.1
      vertex -10.496053457260132 -18.62558104097843 70.1
      vertex -10.5 -18.5 70.1
    endloop
  endfacet
  facet normal 0 0 1
    outer loop
      vertex -11 -23 70.1
      vertex 8.5 -20.5 70.1
      vertex -8.5 -20.5 70.1
    endloop
  endfacet
  facet normal 0 0 1
    outer loop
      vertex -11 -23 70.1
      vertex 11 -23 70.1
      vertex 8.750666469335556 -20.484229400753975 70.1
    endloop
  endfacet
  facet normal 0 0 1
    outer loop
      vertex -11 -23 70.1
      vertex 8.625581040978432 -20.496053457260132 70.1
      vertex 8.5 -20.5 70.1
    endloop
  endfacet
  facet normal 0 0 1
    outer loop
      vertex -11 -23 70.1
      vertex 8.750666469335556 -20.484229400753975 70.1
      vertex 8.625581040978432 -20.496053457260132 70.1
    endloop
  endfacet
  facet normal 0 0 1
    outer loop
      vertex -11.736249104142189 -22.85955297201872 70.1
      vertex -11.618033990263939 -22.902113035321236 70.1
      vertex -12.752613358199596 21.96350734680891 70.1
    endloop
  endfacet
  facet normal 0 0 1
    outer loop
      vertex -12.457937255501747 -22.36909421533346 70.1
      vertex -12.752613358199596 21.96350734680891 70.1
      vertex -12.54102648794651 -22.274847976863384 70.1
    endloop
  endfacet
  facet normal 0 0 1
    outer loop
      vertex -12.457937255501747 -22.36909421533346 70.1
      vertex -12.369094215333462 -22.457937255501747 70.1
      vertex -12.752613358199596 21.96350734680891 70.1
    endloop
  endfacet
  facet normal 0 0 1
    outer loop
      vertex -12.809654101729393 -21.851558580994606 70.1
      vertex -12.752613358199596 -21.96350734680891 70.1
      vertex -12.752613358199596 21.96350734680891 70.1
    endloop
  endfacet
  facet normal 0 0 1
    outer loop
      vertex -12.809654101729393 -21.851558580994606 70.1
      vertex -12.752613358199596 21.96350734680891 70.1
      vertex -12.859552972018719 -21.73624910414219 70.1
    endloop
  endfacet
  facet normal 0 0 1
    outer loop
      vertex -12.618033990263939 -22.175570502877235 70.1
      vertex -12.54102648794651 -22.274847976863384 70.1
      vertex -12.752613358199596 21.96350734680891 70.1
    endloop
  endfacet
  facet normal 0 0 1
    outer loop
      vertex -12.618033990263939 -22.175570502877235 70.1
      vertex -12.752613358199596 21.96350734680891 70.1
      vertex -12.688655853271484 -22.071653589606285 70.1
    endloop
  endfacet
  facet normal 0 0 1
    outer loop
      vertex -12.752613358199596 -21.96350734680891 70.1
      vertex -12.688655853271484 -22.071653589606285 70.1
      vertex -12.752613358199596 21.96350734680891 70.1
    endloop
  endfacet
  facet normal 0 0 1
    outer loop
      vertex -12.274847976863384 -22.54102648794651 70.1
      vertex -12.175570502877235 -22.61803399026394 70.1
      vertex -12.752613358199596 21.96350734680891 70.1
    endloop
  endfacet
  facet normal 0 0 1
    outer loop
      vertex -12.071653589606285 -22.688655853271484 70.1
      vertex -11.96350734680891 -22.752613358199596 70.1
      vertex -12.752613358199596 21.96350734680891 70.1
    endloop
  endfacet
  facet normal 0 0 1
    outer loop
      vertex -12.071653589606285 -22.688655853271484 70.1
      vertex -12.752613358199596 21.96350734680891 70.1
      vertex -12.175570502877235 -22.61803399026394 70.1
    endloop
  endfacet
  facet normal 0 0 1
    outer loop
      vertex -12.369094215333462 -22.457937255501747 70.1
      vertex -12.274847976863384 -22.54102648794651 70.1
      vertex -12.752613358199596 21.96350734680891 70.1
    endloop
  endfacet
  facet normal 0 0 1
    outer loop
      vertex -11.96350734680891 -22.752613358199596 70.1
      vertex -11.851558580994606 -22.809654101729393 70.1
      vertex -12.752613358199596 21.96350734680891 70.1
    endloop
  endfacet
  facet normal 0 0 1
    outer loop
      vertex -11.851558580994606 -22.809654101729393 70.1
      vertex -11.736249104142189 -22.85955297201872 70.1
      vertex -12.752613358199596 21.96350734680891 70.1
    endloop
  endfacet
  facet normal 0 0 1
    outer loop
      vertex -11.618033990263939 -22.902113035321236 70.1
      vertex -11.497379772365093 -22.937166325747967 70.1
      vertex -12.752613358199596 21.96350734680891 70.1
    endloop
  endfacet
  facet normal 0 0 1
    outer loop
      vertex -11.497379772365093 -22.937166325747967 70.1
      vertex -11.374762631952763 -22.96457450091839 70.1
      vertex -12.752613358199596 21.96350734680891 70.1
    endloop
  endfacet
  facet normal 0 0 1
    outer loop
      vertex -11.374762631952763 -22.96457450091839 70.1
      vertex -11.250666469335556 -22.984229400753975 70.1
      vertex -12.752613358199596 21.96350734680891 70.1
    endloop
  endfacet
  facet normal 0 0 1
    outer loop
      vertex -11.250666469335556 -22.984229400753975 70.1
      vertex -11.125581040978432 -22.996053457260132 70.1
      vertex -12.752613358199596 21.96350734680891 70.1
    endloop
  endfacet
  facet normal 0 0 1
    outer loop
      vertex -11.125581040978432 -22.996053457260132 70.1
      vertex -11 -23 70.1
      vertex -12.752613358199596 21.96350734680891 70.1
    endloop
  endfacet
  facet normal 0 0 1
    outer loop
      vertex -12.902113035321236 -21.61803399026394 70.1
      vertex -12.859552972018719 -21.73624910414219 70.1
      vertex -12.752613358199596 21.96350734680891 70.1
    endloop
  endfacet
  facet normal 0 0 1
    outer loop
      vertex -12.902113035321236 -21.61803399026394 70.1
      vertex -12.752613358199596 21.96350734680891 70.1
      vertex -12.937166325747967 -21.497379772365093 70.1
    endloop
  endfacet
  facet normal 0 0 1
    outer loop
      vertex -12.937166325747967 -21.497379772365093 70.1
      vertex -12.752613358199596 21.96350734680891 70.1
      vertex -12.964574500918388 -21.374762631952763 70.1
    endloop
  endfacet
  facet normal 0 0 1
    outer loop
      vertex -12.964574500918388 -21.374762631952763 70.1
      vertex -12.752613358199596 21.96350734680891 70.1
      vertex -12.984229400753975 -21.250666469335556 70.1
    endloop
  endfacet
  facet normal 0 0 1
    outer loop
      vertex -12.984229400753975 -21.250666469335556 70.1
      vertex -12.752613358199596 21.96350734680891 70.1
      vertex -12.996053457260132 -21.12558104097843 70.1
    endloop
  endfacet
  facet normal 0 0 1
    outer loop
      vertex -12.996053457260132 -21.12558104097843 70.1
      vertex -12.752613358199596 21.96350734680891 70.1
      vertex -13 -21 70.1
    endloop
  endfacet
  facet normal 0 0 1
    outer loop
      vertex -11 -23 70.1
      vertex -10.5 -18.5 70.1
      vertex -10.5 18.5 70.1
    endloop
  endfacet
  facet normal 0.031410755389397915 -0.9995065604816546 0
    outer loop
      vertex 11.125581040978432 -22.996053457260132 0
      vertex 11.125581040978432 -22.996053457260132 70.1
      vertex 11 -23 70.1
    endloop
  endfacet
  facet normal 0.09410833107904504 -0.9955619629242153 0
    outer loop
      vertex 11.125581040978432 -22.996053457260132 0
      vertex 11.250666469335556 -22.984229400753975 70.1
      vertex 11.125581040978432 -22.996053457260132 70.1
    endloop
  endfacet
  facet normal 0.15643445396088942 -0.9876883423499331 0
    outer loop
      vertex 11.374762631952763 -22.96457450091839 0
      vertex 11.374762631952763 -22.96457450091839 70.1
      vertex 11.250666469335556 -22.984229400753975 70.1
    endloop
  endfacet
  facet normal 0.2181432188917103 -0.9759167669691731 0
    outer loop
      vertex 11.374762631952763 -22.96457450091839 0
      vertex 11.497379772365093 -22.937166325747967 70.1
      vertex 11.374762631952763 -22.96457450091839 70.1
    endloop
  endfacet
  facet normal 0.27899110419796797 -0.960293686211879 0
    outer loop
      vertex 11.618033990263939 -22.902113035321236 0
      vertex 11.618033990263939 -22.902113035321236 70.1
      vertex 11.497379772365093 -22.937166325747967 70.1
    endloop
  endfacet
  facet normal 0.33873794473376473 -0.9408807601378323 0
    outer loop
      vertex 11.618033990263939 -22.902113035321236 0
      vertex 11.736249104142189 -22.85955297201872 70.1
      vertex 11.618033990263939 -22.902113035321236 70.1
    endloop
  endfacet
  facet normal 0.3971479163632545 -0.917754614550276 0
    outer loop
      vertex 11.736249104142189 -22.85955297201872 0
      vertex 11.851558580994606 -22.809654101729393 70.1
      vertex 11.736249104142189 -22.85955297201872 70.1
    endloop
  endfacet
  facet normal 0.4539904890478877 -0.8910065296360401 0
    outer loop
      vertex 11.851558580994606 -22.809654101729393 0
      vertex 11.96350734680891 -22.752613358199596 70.1
      vertex 11.851558580994606 -22.809654101729393 70.1
    endloop
  endfacet
  facet normal 0.5090413876096289 -0.8607420436463316 0
    outer loop
      vertex 12.071653589606285 -22.688655853271484 0
      vertex 12.071653589606285 -22.688655853271484 70.1
      vertex 11.96350734680891 -22.752613358199596 70.1
    endloop
  endfacet
  facet normal 0.5620833869713721 -0.8270805680771316 0
    outer loop
      vertex 12.071653589606285 -22.688655853271484 0
      vertex 12.175570502877235 -22.61803399026394 70.1
      vertex 12.071653589606285 -22.688655853271484 70.1
    endloop
  endfacet
  facet normal 0.6129070528460385 -0.7901550130016157 0
    outer loop
      vertex 12.274847976863384 -22.54102648794651 0
      vertex 12.274847976863384 -22.54102648794651 70.1
      vertex 12.175570502877235 -22.61803399026394 70.1
    endloop
  endfacet
  facet normal 0.6613118489745071 -0.7501110840441694 0
    outer loop
      vertex 12.274847976863384 -22.54102648794651 0
      vertex 12.369094215333462 -22.457937255501747 70.1
      vertex 12.274847976863384 -22.54102648794651 70.1
    endloop
  endfacet
  facet normal 0.7071067811865475 -0.7071067811865475 0
    outer loop
      vertex 12.369094215333462 -22.457937255501747 0
      vertex 12.457937255501747 -22.36909421533346 70.1
      vertex 12.369094215333462 -22.457937255501747 70.1
    endloop
  endfacet
  facet normal 0.7501110840441694 -0.6613118489745071 0
    outer loop
      vertex 12.457937255501747 -22.36909421533346 0
      vertex 12.54102648794651 -22.274847976863384 70.1
      vertex 12.457937255501747 -22.36909421533346 70.1
    endloop
  endfacet
  facet normal 0.7901550130016157 -0.6129070528460385 0
    outer loop
      vertex 12.54102648794651 -22.274847976863384 0
      vertex 12.618033990263939 -22.175570502877235 70.1
      vertex 12.54102648794651 -22.274847976863384 70.1
    endloop
  endfacet
  facet normal 0.8270805680771316 -0.5620833869713721 0
    outer loop
      vertex 12.688655853271484 -22.071653589606285 0
      vertex 12.688655853271484 -22.071653589606285 70.1
      vertex 12.618033990263939 -22.175570502877235 70.1
    endloop
  endfacet
  facet normal 0.8607420436463316 -0.5090413876096289 0
    outer loop
      vertex 12.688655853271484 -22.071653589606285 0
      vertex 12.752613358199596 -21.96350734680891 70.1
      vertex 12.688655853271484 -22.071653589606285 70.1
    endloop
  endfacet
  facet normal 0.8910065296360401 -0.4539904890478877 0
    outer loop
      vertex 12.809654101729393 -21.851558580994606 0
      vertex 12.809654101729393 -21.851558580994606 70.1
      vertex 12.752613358199596 -21.96350734680891 70.1
    endloop
  endfacet
  facet normal 0.917754614550276 -0.3971479163632545 0
    outer loop
      vertex 12.809654101729393 -21.851558580994606 0
      vertex 12.859552972018719 -21.73624910414219 70.1
      vertex 12.809654101729393 -21.851558580994606 70.1
    endloop
  endfacet
  facet normal 0.9408807601378323 -0.33873794473376473 0
    outer loop
      vertex 12.859552972018719 -21.73624910414219 0
      vertex 12.902113035321236 -21.61803399026394 70.1
      vertex 12.859552972018719 -21.73624910414219 70.1
    endloop
  endfacet
  facet normal 0.960293686211879 -0.27899110419796797 0
    outer loop
      vertex 12.937166325747967 -21.497379772365093 0
      vertex 12.937166325747967 -21.497379772365093 70.1
      vertex 12.902113035321236 -21.61803399026394 70.1
    endloop
  endfacet
  facet normal 0.9759167669691731 -0.2181432188917103 0
    outer loop
      vertex 12.937166325747967 -21.497379772365093 0
      vertex 12.964574500918388 -21.374762631952763 70.1
      vertex 12.937166325747967 -21.497379772365093 70.1
    endloop
  endfacet
  facet normal 0.9876883423499331 -0.15643445396088942 0
    outer loop
      vertex 12.964574500918388 -21.374762631952763 0
      vertex 12.984229400753975 -21.250666469335556 70.1
      vertex 12.964574500918388 -21.374762631952763 70.1
    endloop
  endfacet
  facet normal 0.9955619629242153 -0.09410833107904504 0
    outer loop
      vertex 12.984229400753975 -21.250666469335556 0
      vertex 12.996053457260132 -21.12558104097843 70.1
      vertex 12.984229400753975 -21.250666469335556 70.1
    endloop
  endfacet
  facet normal 0.9995065604816546 -0.031410755389397915 0
    outer loop
      vertex 13 -21 0
      vertex 13 -21 70.1
      vertex 12.996053457260132 -21.12558104097843 70.1
    endloop
  endfacet
  facet normal 0 0 1
    outer loop
      vertex 11 -23 70.1
      vertex 8.874762631952763 -20.46457450091839 70.1
      vertex 8.750666469335556 -20.484229400753975 70.1
    endloop
  endfacet
  facet normal 0 0 1
    outer loop
      vertex 11 -23 70.1
      vertex 8.997379772365093 -20.437166325747967 70.1
      vertex 8.874762631952763 -20.46457450091839 70.1
    endloop
  endfacet
  facet normal 0 0 1
    outer loop
      vertex 11 -23 70.1
      vertex 11.125581040978432 -22.996053457260132 70.1
      vertex 9.571653589606285 -20.188655853271484 70.1
    endloop
  endfacet
  facet normal 0 0 1
    outer loop
      vertex 11.125581040978432 -22.996053457260132 70.1
      vertex 11.250666469335556 -22.984229400753975 70.1
      vertex 9.675570502877235 -20.11803399026394 70.1
    endloop
  endfacet
  facet normal 0 0 1
    outer loop
      vertex 11.250666469335556 -22.984229400753975 70.1
      vertex 11.374762631952763 -22.96457450091839 70.1
      vertex 9.774847976863384 -20.04102648794651 70.1
    endloop
  endfacet
  facet normal 0 0 1
    outer loop
      vertex 11.374762631952763 -22.96457450091839 70.1
      vertex 11.497379772365093 -22.937166325747967 70.1
      vertex 9.869094215333462 -19.957937255501747 70.1
    endloop
  endfacet
  facet normal 0 0 1
    outer loop
      vertex 11.497379772365093 -22.937166325747967 70.1
      vertex 11.618033990263939 -22.902113035321236 70.1
      vertex 9.869094215333462 -19.957937255501747 70.1
    endloop
  endfacet
  facet normal 0 0 1
    outer loop
      vertex 11.618033990263939 -22.902113035321236 70.1
      vertex 11.736249104142189 -22.85955297201872 70.1
      vertex 9.957937255501747 -19.86909421533346 70.1
    endloop
  endfacet
  facet normal 0 0 1
    outer loop
      vertex 11.736249104142189 -22.85955297201872 70.1
      vertex 11.851558580994606 -22.809654101729393 70.1
      vertex 10.04102648794651 -19.774847976863384 70.1
    endloop
  endfacet
  facet normal 0 0 1
    outer loop
      vertex 11.851558580994606 -22.809654101729393 70.1
      vertex 11.96350734680891 -22.752613358199596 70.1
      vertex 10.118033990263939 -19.675570502877235 70.1
    endloop
  endfacet
  facet normal 0 0 1
    outer loop
      vertex 11.96350734680891 -22.752613358199596 70.1
      vertex 12.071653589606285 -22.688655853271484 70.1
      vertex 10.188655853271484 -19.571653589606285 70.1
    endloop
  endfacet
  facet normal 0 0 1
    outer loop
      vertex 12.071653589606285 -22.688655853271484 70.1
      vertex 12.175570502877235 -22.61803399026394 70.1
      vertex 10.252613358199596 -19.46350734680891 70.1
    endloop
  endfacet
  facet normal 0 0 1
    outer loop
      vertex 11 -23 70.1
      vertex 9.118033990263939 -20.402113035321236 70.1
      vertex 8.997379772365093 -20.437166325747967 70.1
    endloop
  endfacet
  facet normal 0 0 1
    outer loop
      vertex 11 -23 70.1
      vertex 9.236249104142189 -20.35955297201872 70.1
      vertex 9.118033990263939 -20.402113035321236 70.1
    endloop
  endfacet
  facet normal 0 0 1
    outer loop
      vertex 11 -23 70.1
      vertex 9.351558580994606 -20.309654101729393 70.1
      vertex 9.236249104142189 -20.35955297201872 70.1
    endloop
  endfacet
  facet normal 0 0 1
    outer loop
      vertex 11 -23 70.1
      vertex 9.46350734680891 -20.252613358199596 70.1
      vertex 9.351558580994606 -20.309654101729393 70.1
    endloop
  endfacet
  facet normal 0 0 1
    outer loop
      vertex 11 -23 70.1
      vertex 9.571653589606285 -20.188655853271484 70.1
      vertex 9.46350734680891 -20.252613358199596 70.1
    endloop
  endfacet
  facet normal 0 0 1
    outer loop
      vertex 11.125581040978432 -22.996053457260132 70.1
      vertex 9.675570502877235 -20.11803399026394 70.1
      vertex 9.571653589606285 -20.188655853271484 70.1
    endloop
  endfacet
  facet normal 0 0 1
    outer loop
      vertex 11.250666469335556 -22.984229400753975 70.1
      vertex 9.774847976863384 -20.04102648794651 70.1
      vertex 9.675570502877235 -20.11803399026394 70.1
    endloop
  endfacet
  facet normal 0 0 1
    outer loop
      vertex 11.374762631952763 -22.96457450091839 70.1
      vertex 9.869094215333462 -19.957937255501747 70.1
      vertex 9.774847976863384 -20.04102648794651 70.1
    endloop
  endfacet
  facet normal 0 0 1
    outer loop
      vertex 11.618033990263939 -22.902113035321236 70.1
      vertex 9.957937255501747 -19.86909421533346 70.1
      vertex 9.869094215333462 -19.957937255501747 70.1
    endloop
  endfacet
  facet normal 0 0 1
    outer loop
      vertex 11.736249104142189 -22.85955297201872 70.1
      vertex 10.04102648794651 -19.774847976863384 70.1
      vertex 9.957937255501747 -19.86909421533346 70.1
    endloop
  endfacet
  facet normal 0 0 1
    outer loop
      vertex 11.851558580994606 -22.809654101729393 70.1
      vertex 10.118033990263939 -19.675570502877235 70.1
      vertex 10.04102648794651 -19.774847976863384 70.1
    endloop
  endfacet
  facet normal 0 0 1
    outer loop
      vertex 12.175570502877235 -22.61803399026394 70.1
      vertex 12.274847976863384 -22.54102648794651 70.1
      vertex 10.309654101729393 -19.351558580994606 70.1
    endloop
  endfacet
  facet normal 0 0 1
    outer loop
      vertex 12.274847976863384 -22.54102648794651 70.1
      vertex 12.369094215333462 -22.457937255501747 70.1
      vertex 10.359552972018719 -19.23624910414219 70.1
    endloop
  endfacet
  facet normal 0 0 1
    outer loop
      vertex 12.369094215333462 -22.457937255501747 70.1
      vertex 12.457937255501747 -22.36909421533346 70.1
      vertex 10.402113035321236 -19.11803399026394 70.1
    endloop
  endfacet
  facet normal 0 0 1
    outer loop
      vertex 11.96350734680891 -22.752613358199596 70.1
      vertex 10.188655853271484 -19.571653589606285 70.1
      vertex 10.118033990263939 -19.675570502877235 70.1
    endloop
  endfacet
  facet normal 0 0 1
    outer loop
      vertex 12.071653589606285 -22.688655853271484 70.1
      vertex 10.252613358199596 -19.46350734680891 70.1
      vertex 10.188655853271484 -19.571653589606285 70.1
    endloop
  endfacet
  facet normal 0 0 1
    outer loop
      vertex 12.175570502877235 -22.61803399026394 70.1
      vertex 10.309654101729393 -19.351558580994606 70.1
      vertex 10.252613358199596 -19.46350734680891 70.1
    endloop
  endfacet
  facet normal 0 0 1
    outer loop
      vertex 12.274847976863384 -22.54102648794651 70.1
      vertex 10.359552972018719 -19.23624910414219 70.1
      vertex 10.309654101729393 -19.351558580994606 70.1
    endloop
  endfacet
  facet normal 0 0 1
    outer loop
      vertex 12.369094215333462 -22.457937255501747 70.1
      vertex 10.402113035321236 -19.11803399026394 70.1
      vertex 10.359552972018719 -19.23624910414219 70.1
    endloop
  endfacet
  facet normal 0 0 1
    outer loop
      vertex 12.457937255501747 -22.36909421533346 70.1
      vertex 10.437166325747967 -18.997379772365093 70.1
      vertex 10.402113035321236 -19.11803399026394 70.1
    endloop
  endfacet
  facet normal 0 0 1
    outer loop
      vertex 12.457937255501747 -22.36909421533346 70.1
      vertex 10.464574500918388 -18.874762631952763 70.1
      vertex 10.437166325747967 -18.997379772365093 70.1
    endloop
  endfacet
  facet normal 0 0 1
    outer loop
      vertex 12.54102648794651 -22.274847976863384 70.1
      vertex 10.484229400753975 -18.750666469335556 70.1
      vertex 10.464574500918388 -18.874762631952763 70.1
    endloop
  endfacet
  facet normal 0 0 1
    outer loop
      vertex 12.618033990263939 -22.175570502877235 70.1
      vertex 10.496053457260132 -18.62558104097843 70.1
      vertex 10.484229400753975 -18.750666469335556 70.1
    endloop
  endfacet
  facet normal 0 0 1
    outer loop
      vertex 12.618033990263939 -22.175570502877235 70.1
      vertex 10.5 -18.5 70.1
      vertex 10.496053457260132 -18.62558104097843 70.1
    endloop
  endfacet
  facet normal 0 0 1
    outer loop
      vertex 12.457937255501747 -22.36909421533346 70.1
      vertex 12.54102648794651 -22.274847976863384 70.1
      vertex 10.464574500918388 -18.874762631952763 70.1
    endloop
  endfacet
  facet normal 0 0 1
    outer loop
      vertex 12.54102648794651 -22.274847976863384 70.1
      vertex 12.618033990263939 -22.175570502877235 70.1
      vertex 10.484229400753975 -18.750666469335556 70.1
    endloop
  endfacet
  facet normal 0 0 1
    outer loop
      vertex 12.618033990263939 -22.175570502877235 70.1
      vertex 12.688655853271484 -22.071653589606285 70.1
      vertex 10.5 -18.5 70.1
    endloop
  endfacet
  facet normal 0 0 1
    outer loop
      vertex 12.688655853271484 -22.071653589606285 70.1
      vertex 12.752613358199596 -21.96350734680891 70.1
      vertex 10.5 -18.5 70.1
    endloop
  endfacet
  facet normal 0 0 1
    outer loop
      vertex 12.752613358199596 -21.96350734680891 70.1
      vertex 12.809654101729393 -21.851558580994606 70.1
      vertex 10.5 -18.5 70.1
    endloop
  endfacet
  facet normal 0 0 1
    outer loop
      vertex 12.809654101729393 -21.851558580994606 70.1
      vertex 12.859552972018719 -21.73624910414219 70.1
      vertex 10.5 -18.5 70.1
    endloop
  endfacet
  facet normal 0 0 1
    outer loop
      vertex 12.859552972018719 -21.73624910414219 70.1
      vertex 12.902113035321236 -21.61803399026394 70.1
      vertex 10.5 -18.5 70.1
    endloop
  endfacet
  facet normal 0 0 1
    outer loop
      vertex 12.902113035321236 -21.61803399026394 70.1
      vertex 12.937166325747967 -21.497379772365093 70.1
      vertex 10.5 -18.5 70.1
    endloop
  endfacet
  facet normal 0 0 1
    outer loop
      vertex 12.937166325747967 -21.497379772365093 70.1
      vertex 12.964574500918388 -21.374762631952763 70.1
      vertex 10.5 -18.5 70.1
    endloop
  endfacet
  facet normal 0 0 1
    outer loop
      vertex 12.964574500918388 -21.374762631952763 70.1
      vertex 12.984229400753975 -21.250666469335556 70.1
      vertex 10.5 -18.5 70.1
    endloop
  endfacet
  facet normal 0 0 1
    outer loop
      vertex 12.984229400753975 -21.250666469335556 70.1
      vertex 12.996053457260132 -21.12558104097843 70.1
      vertex 10.5 -18.5 70.1
    endloop
  endfacet
  facet normal 0 0 1
    outer loop
      vertex 12.996053457260132 -21.12558104097843 70.1
      vertex 13 -21 70.1
      vertex 10.5 -18.5 70.1
    endloop
  endfacet
  facet normal 0 0 1
    outer loop
      vertex 13 -21 70.1
      vertex 13 21 70.1
      vertex 10.5 -18.5 70.1
    endloop
  endfacet
  facet normal 0 0 -1
    outer loop
      vertex -13 21 0
      vertex -12.996053457260132 21.12558104097843 0
      vertex 12.809654101729393 -21.851558580994606 0
    endloop
  endfacet
  facet normal 0 0 -1
    outer loop
      vertex -12.996053457260132 21.12558104097843 0
      vertex -12.984229400753975 21.250666469335556 0
      vertex 12.809654101729393 -21.851558580994606 0
    endloop
  endfacet
  facet normal 0 0 -1
    outer loop
      vertex -12.984229400753975 21.250666469335556 0
      vertex -12.964574500918388 21.374762631952763 0
      vertex 12.809654101729393 -21.851558580994606 0
    endloop
  endfacet
  facet normal 0 0 -1
    outer loop
      vertex -12.964574500918388 21.374762631952763 0
      vertex -12.937166325747967 21.497379772365093 0
      vertex 12.809654101729393 -21.851558580994606 0
    endloop
  endfacet
  facet normal 0 0 -1
    outer loop
      vertex -12.937166325747967 21.497379772365093 0
      vertex -12.902113035321236 21.61803399026394 0
      vertex 12.809654101729393 -21.851558580994606 0
    endloop
  endfacet
  facet normal 0 0 -1
    outer loop
      vertex -12.902113035321236 21.61803399026394 0
      vertex -12.859552972018719 21.73624910414219 0
      vertex 12.809654101729393 -21.851558580994606 0
    endloop
  endfacet
  facet normal 0 0 -1
    outer loop
      vertex -12.859552972018719 21.73624910414219 0
      vertex -12.809654101729393 21.851558580994606 0
      vertex 12.809654101729393 -21.851558580994606 0
    endloop
  endfacet
  facet normal 0 0 -1
    outer loop
      vertex -12.809654101729393 21.851558580994606 0
      vertex -12.752613358199596 21.96350734680891 0
      vertex 12.809654101729393 -21.851558580994606 0
    endloop
  endfacet
  facet normal 0 0 -1
    outer loop
      vertex -12.752613358199596 21.96350734680891 0
      vertex -12.688655853271484 22.071653589606285 0
      vertex 12.809654101729393 -21.851558580994606 0
    endloop
  endfacet
  facet normal 0 0 -1
    outer loop
      vertex -12.688655853271484 22.071653589606285 0
      vertex -12.618033990263939 22.175570502877235 0
      vertex 12.809654101729393 -21.851558580994606 0
    endloop
  endfacet
  facet normal 0 0 -1
    outer loop
      vertex -12.618033990263939 22.175570502877235 0
      vertex -12.54102648794651 22.274847976863384 0
      vertex 12.809654101729393 -21.851558580994606 0
    endloop
  endfacet
  facet normal 0 0 -1
    outer loop
      vertex -12.54102648794651 22.274847976863384 0
      vertex -12.457937255501747 22.36909421533346 0
      vertex 12.809654101729393 -21.851558580994606 0
    endloop
  endfacet
  facet normal 0 0 -1
    outer loop
      vertex -12.457937255501747 22.36909421533346 0
      vertex -12.369094215333462 22.457937255501747 0
      vertex 12.809654101729393 -21.851558580994606 0
    endloop
  endfacet
  facet normal 0 0 -1
    outer loop
      vertex -12.369094215333462 22.457937255501747 0
      vertex -12.274847976863384 22.54102648794651 0
      vertex 12.809654101729393 -21.851558580994606 0
    endloop
  endfacet
  facet normal 0 0 -1
    outer loop
      vertex -12.274847976863384 22.54102648794651 0
      vertex -12.175570502877235 22.61803399026394 0
      vertex 12.809654101729393 -21.851558580994606 0
    endloop
  endfacet
  facet normal 0 0 -1
    outer loop
      vertex -12.175570502877235 22.61803399026394 0
      vertex -12.071653589606285 22.688655853271484 0
      vertex 12.809654101729393 -21.851558580994606 0
    endloop
  endfacet
  facet normal 0 0 -1
    outer loop
      vertex -12.071653589606285 22.688655853271484 0
      vertex -11.96350734680891 22.752613358199596 0
      vertex 12.809654101729393 -21.851558580994606 0
    endloop
  endfacet
  facet normal 0 0 -1
    outer loop
      vertex -11.96350734680891 22.752613358199596 0
      vertex -11.851558580994606 22.809654101729393 0
      vertex 12.809654101729393 -21.851558580994606 0
    endloop
  endfacet
  facet normal 0 0 -1
    outer loop
      vertex -11.851558580994606 22.809654101729393 0
      vertex -11.736249104142189 22.85955297201872 0
      vertex 12.809654101729393 -21.851558580994606 0
    endloop
  endfacet
  facet normal 0 0 -1
    outer loop
      vertex -11.736249104142189 22.85955297201872 0
      vertex -11.618033990263939 22.902113035321236 0
      vertex 12.809654101729393 -21.851558580994606 0
    endloop
  endfacet
  facet normal 0 0 -1
    outer loop
      vertex -11.618033990263939 22.902113035321236 0
      vertex -11.497379772365093 22.937166325747967 0
      vertex 12.809654101729393 -21.851558580994606 0
    endloop
  endfacet
  facet normal 0 0 -1
    outer loop
      vertex -11.497379772365093 22.937166325747967 0
      vertex -11.374762631952763 22.96457450091839 0
      vertex 12.809654101729393 -21.851558580994606 0
    endloop
  endfacet
  facet normal 0 0 -1
    outer loop
      vertex -11.374762631952763 22.96457450091839 0
      vertex -11.250666469335556 22.984229400753975 0
      vertex 12.809654101729393 -21.851558580994606 0
    endloop
  endfacet
  facet normal 0 0 -1
    outer loop
      vertex -11.250666469335556 22.984229400753975 0
      vertex -11.125581040978432 22.996053457260132 0
      vertex 12.809654101729393 -21.851558580994606 0
    endloop
  endfacet
  facet normal 0 0 -1
    outer loop
      vertex -11.125581040978432 22.996053457260132 0
      vertex -11 23 0
      vertex 12.809654101729393 -21.851558580994606 0
    endloop
  endfacet
  facet normal -0.9995065604816546 0.031410755389397915 0
    outer loop
      vertex -13 21 0
      vertex -13 21 70.1
      vertex -12.996053457260132 21.12558104097843 0
    endloop
  endfacet
  facet normal -0.9955619629242153 0.09410833107904504 0
    outer loop
      vertex -12.996053457260132 21.12558104097843 0
      vertex -12.984229400753975 21.250666469335556 70.1
      vertex -12.984229400753975 21.250666469335556 0
    endloop
  endfacet
  facet normal -0.9876883423499331 0.15643445396088942 0
    outer loop
      vertex -12.984229400753975 21.250666469335556 0
      vertex -12.984229400753975 21.250666469335556 70.1
      vertex -12.964574500918388 21.374762631952763 0
    endloop
  endfacet
  facet normal -0.9759167669691731 0.2181432188917103 0
    outer loop
      vertex -12.964574500918388 21.374762631952763 0
      vertex -12.937166325747967 21.497379772365093 70.1
      vertex -12.937166325747967 21.497379772365093 0
    endloop
  endfacet
  facet normal -0.960293686211879 0.27899110419796797 0
    outer loop
      vertex -12.937166325747967 21.497379772365093 0
      vertex -12.902113035321236 21.61803399026394 70.1
      vertex -12.902113035321236 21.61803399026394 0
    endloop
  endfacet
  facet normal -0.9408807601378323 0.33873794473376473 0
    outer loop
      vertex -12.902113035321236 21.61803399026394 0
      vertex -12.859552972018719 21.73624910414219 70.1
      vertex -12.859552972018719 21.73624910414219 0
    endloop
  endfacet
  facet normal -0.917754614550276 0.3971479163632545 0
    outer loop
      vertex -12.859552972018719 21.73624910414219 0
      vertex -12.859552972018719 21.73624910414219 70.1
      vertex -12.809654101729393 21.851558580994606 0
    endloop
  endfacet
  facet normal -0.8910065296360401 0.4539904890478877 0
    outer loop
      vertex -12.809654101729393 21.851558580994606 0
      vertex -12.752613358199596 21.96350734680891 70.1
      vertex -12.752613358199596 21.96350734680891 0
    endloop
  endfacet
  facet normal -0.8607420436463316 0.5090413876096289 0
    outer loop
      vertex -12.752613358199596 21.96350734680891 0
      vertex -12.752613358199596 21.96350734680891 70.1
      vertex -12.688655853271484 22.071653589606285 0
    endloop
  endfacet
  facet normal -0.8270805680771316 0.5620833869713721 0
    outer loop
      vertex -12.688655853271484 22.071653589606285 0
      vertex -12.688655853271484 22.071653589606285 70.1
      vertex -12.618033990263939 22.175570502877235 0
    endloop
  endfacet
  facet normal -0.7901550130016157 0.6129070528460385 0
    outer loop
      vertex -12.618033990263939 22.175570502877235 0
      vertex -12.618033990263939 22.175570502877235 70.1
      vertex -12.54102648794651 22.274847976863384 0
    endloop
  endfacet
  facet normal -0.7501110840441694 0.6613118489745071 0
    outer loop
      vertex -12.54102648794651 22.274847976863384 0
      vertex -12.54102648794651 22.274847976863384 70.1
      vertex -12.457937255501747 22.36909421533346 0
    endloop
  endfacet
  facet normal -0.7071067811865475 0.7071067811865475 0
    outer loop
      vertex -12.457937255501747 22.36909421533346 0
      vertex -12.457937255501747 22.36909421533346 70.1
      vertex -12.369094215333462 22.457937255501747 0
    endloop
  endfacet
  facet normal -0.6613118489745071 0.7501110840441694 0
    outer loop
      vertex -12.369094215333462 22.457937255501747 0
      vertex -12.369094215333462 22.457937255501747 70.1
      vertex -12.274847976863384 22.54102648794651 0
    endloop
  endfacet
  facet normal -0.6129070528460385 0.7901550130016157 0
    outer loop
      vertex -12.274847976863384 22.54102648794651 0
      vertex -12.175570502877235 22.61803399026394 70.1
      vertex -12.175570502877235 22.61803399026394 0
    endloop
  endfacet
  facet normal -0.5620833869713721 0.8270805680771316 0
    outer loop
      vertex -12.175570502877235 22.61803399026394 0
      vertex -12.175570502877235 22.61803399026394 70.1
      vertex -12.071653589606285 22.688655853271484 0
    endloop
  endfacet
  facet normal -0.5090413876096289 0.8607420436463316 0
    outer loop
      vertex -12.071653589606285 22.688655853271484 0
      vertex -12.071653589606285 22.688655853271484 70.1
      vertex -11.96350734680891 22.752613358199596 0
    endloop
  endfacet
  facet normal -0.4539904890478877 0.8910065296360401 0
    outer loop
      vertex -11.96350734680891 22.752613358199596 0
      vertex -11.851558580994606 22.809654101729393 70.1
      vertex -11.851558580994606 22.809654101729393 0
    endloop
  endfacet
  facet normal -0.3971479163632545 0.917754614550276 0
    outer loop
      vertex -11.851558580994606 22.809654101729393 0
      vertex -11.851558580994606 22.809654101729393 70.1
      vertex -11.736249104142189 22.85955297201872 0
    endloop
  endfacet
  facet normal -0.33873794473376473 0.9408807601378323 0
    outer loop
      vertex -11.736249104142189 22.85955297201872 0
      vertex -11.618033990263939 22.902113035321236 70.1
      vertex -11.618033990263939 22.902113035321236 0
    endloop
  endfacet
  facet normal -0.27899110419796797 0.960293686211879 0
    outer loop
      vertex -11.618033990263939 22.902113035321236 0
      vertex -11.618033990263939 22.902113035321236 70.1
      vertex -11.497379772365093 22.937166325747967 0
    endloop
  endfacet
  facet normal -0.2181432188917103 0.9759167669691731 0
    outer loop
      vertex -11.497379772365093 22.937166325747967 0
      vertex -11.374762631952763 22.96457450091839 70.1
      vertex -11.374762631952763 22.96457450091839 0
    endloop
  endfacet
  facet normal -0.15643445396088942 0.9876883423499331 0
    outer loop
      vertex -11.374762631952763 22.96457450091839 0
      vertex -11.250666469335556 22.984229400753975 70.1
      vertex -11.250666469335556 22.984229400753975 0
    endloop
  endfacet
  facet normal -0.09410833107904504 0.9955619629242153 0
    outer loop
      vertex -11.250666469335556 22.984229400753975 0
      vertex -11.250666469335556 22.984229400753975 70.1
      vertex -11.125581040978432 22.996053457260132 0
    endloop
  endfacet
  facet normal -0.031410755389397915 0.9995065604816546 0
    outer loop
      vertex -11.125581040978432 22.996053457260132 0
      vertex -11 23 70.1
      vertex -11 23 0
    endloop
  endfacet
  facet normal 0 1 0
    outer loop
      vertex -11 23 0
      vertex -11 23 70.1
      vertex 11 23 0
    endloop
  endfacet
  facet normal 0 0 -1
    outer loop
      vertex -11 23 0
      vertex 11 23 0
      vertex 12.809654101729393 -21.851558580994606 0
    endloop
  endfacet
  facet normal 0 0 -1
    outer loop
      vertex 12.809654101729393 -21.851558580994606 0
      vertex 11 23 0
      vertex 11.125581040978432 22.996053457260132 0
    endloop
  endfacet
  facet normal 0 0 -1
    outer loop
      vertex 12.809654101729393 -21.851558580994606 0
      vertex 11.125581040978432 22.996053457260132 0
      vertex 11.250666469335556 22.984229400753975 0
    endloop
  endfacet
  facet normal 0 0 -1
    outer loop
      vertex 12.809654101729393 -21.851558580994606 0
      vertex 12.996053457260132 21.12558104097843 0
      vertex 13 21 0
    endloop
  endfacet
  facet normal 0 0 -1
    outer loop
      vertex 12.809654101729393 -21.851558580994606 0
      vertex 12.937166325747967 21.497379772365093 0
      vertex 12.964574500918388 21.374762631952763 0
    endloop
  endfacet
  facet normal 0 0 -1
    outer loop
      vertex 12.809654101729393 -21.851558580994606 0
      vertex 12.984229400753975 21.250666469335556 0
      vertex 12.996053457260132 21.12558104097843 0
    endloop
  endfacet
  facet normal 0 0 -1
    outer loop
      vertex 12.809654101729393 -21.851558580994606 0
      vertex 12.964574500918388 21.374762631952763 0
      vertex 12.984229400753975 21.250666469335556 0
    endloop
  endfacet
  facet normal 0 0 -1
    outer loop
      vertex 12.809654101729393 -21.851558580994606 0
      vertex 12.902113035321236 21.61803399026394 0
      vertex 12.937166325747967 21.497379772365093 0
    endloop
  endfacet
  facet normal 0 0 -1
    outer loop
      vertex 12.809654101729393 -21.851558580994606 0
      vertex 12.859552972018719 21.73624910414219 0
      vertex 12.902113035321236 21.61803399026394 0
    endloop
  endfacet
  facet normal 0 0 -1
    outer loop
      vertex 12.809654101729393 -21.851558580994606 0
      vertex 11.851558580994606 22.809654101729393 0
      vertex 11.96350734680891 22.752613358199596 0
    endloop
  endfacet
  facet normal 0 0 -1
    outer loop
      vertex 12.809654101729393 -21.851558580994606 0
      vertex 12.688655853271484 22.071653589606285 0
      vertex 12.752613358199596 21.96350734680891 0
    endloop
  endfacet
  facet normal 0 0 -1
    outer loop
      vertex 12.809654101729393 -21.851558580994606 0
      vertex 12.618033990263939 22.175570502877235 0
      vertex 12.688655853271484 22.071653589606285 0
    endloop
  endfacet
  facet normal 0 0 -1
    outer loop
      vertex 12.809654101729393 -21.851558580994606 0
      vertex 12.54102648794651 22.274847976863384 0
      vertex 12.618033990263939 22.175570502877235 0
    endloop
  endfacet
  facet normal 0 0 -1
    outer loop
      vertex 12.809654101729393 -21.851558580994606 0
      vertex 12.274847976863384 22.54102648794651 0
      vertex 12.369094215333462 22.457937255501747 0
    endloop
  endfacet
  facet normal 0 0 -1
    outer loop
      vertex 12.809654101729393 -21.851558580994606 0
      vertex 11.96350734680891 22.752613358199596 0
      vertex 12.071653589606285 22.688655853271484 0
    endloop
  endfacet
  facet normal 0 0 -1
    outer loop
      vertex 12.809654101729393 -21.851558580994606 0
      vertex 12.071653589606285 22.688655853271484 0
      vertex 12.175570502877235 22.61803399026394 0
    endloop
  endfacet
  facet normal 0 0 -1
    outer loop
      vertex 12.809654101729393 -21.851558580994606 0
      vertex 12.175570502877235 22.61803399026394 0
      vertex 12.274847976863384 22.54102648794651 0
    endloop
  endfacet
  facet normal 0 0 -1
    outer loop
      vertex 12.809654101729393 -21.851558580994606 0
      vertex 12.457937255501747 22.36909421533346 0
      vertex 12.54102648794651 22.274847976863384 0
    endloop
  endfacet
  facet normal 0 0 -1
    outer loop
      vertex 12.809654101729393 -21.851558580994606 0
      vertex 12.369094215333462 22.457937255501747 0
      vertex 12.457937255501747 22.36909421533346 0
    endloop
  endfacet
  facet normal 0 0 -1
    outer loop
      vertex 12.809654101729393 -21.851558580994606 0
      vertex 11.250666469335556 22.984229400753975 0
      vertex 11.374762631952763 22.96457450091839 0
    endloop
  endfacet
  facet normal 0 0 -1
    outer loop
      vertex 12.809654101729393 -21.851558580994606 0
      vertex 11.497379772365093 22.937166325747967 0
      vertex 11.618033990263939 22.902113035321236 0
    endloop
  endfacet
  facet normal 0 0 -1
    outer loop
      vertex 12.809654101729393 -21.851558580994606 0
      vertex 11.374762631952763 22.96457450091839 0
      vertex 11.497379772365093 22.937166325747967 0
    endloop
  endfacet
  facet normal 0 0 -1
    outer loop
      vertex 12.809654101729393 -21.851558580994606 0
      vertex 11.618033990263939 22.902113035321236 0
      vertex 11.736249104142189 22.85955297201872 0
    endloop
  endfacet
  facet normal 0 0 -1
    outer loop
      vertex 12.809654101729393 -21.851558580994606 0
      vertex 11.736249104142189 22.85955297201872 0
      vertex 11.851558580994606 22.809654101729393 0
    endloop
  endfacet
  facet normal 0 0 -1
    outer loop
      vertex 12.809654101729393 -21.851558580994606 0
      vertex 12.809654101729393 21.851558580994606 0
      vertex 12.859552972018719 21.73624910414219 0
    endloop
  endfacet
  facet normal 0 0 -1
    outer loop
      vertex 12.809654101729393 -21.851558580994606 0
      vertex 12.752613358199596 21.96350734680891 0
      vertex 12.809654101729393 21.851558580994606 0
    endloop
  endfacet
  facet normal 0.031410755389397915 0.9995065604816546 0
    outer loop
      vertex 11 23 0
      vertex 11 23 70.1
      vertex 11.125581040978432 22.996053457260132 0
    endloop
  endfacet
  facet normal 0.09410833107904504 0.9955619629242153 0
    outer loop
      vertex 11.125581040978432 22.996053457260132 0
      vertex 11.250666469335556 22.984229400753975 70.1
      vertex 11.250666469335556 22.984229400753975 0
    endloop
  endfacet
  facet normal 0.15643445396088942 0.9876883423499331 0
    outer loop
      vertex 11.250666469335556 22.984229400753975 0
      vertex 11.250666469335556 22.984229400753975 70.1
      vertex 11.374762631952763 22.96457450091839 0
    endloop
  endfacet
  facet normal 0.2181432188917103 0.9759167669691731 0
    outer loop
      vertex 11.374762631952763 22.96457450091839 0
      vertex 11.497379772365093 22.937166325747967 70.1
      vertex 11.497379772365093 22.937166325747967 0
    endloop
  endfacet
  facet normal 0.27899110419796797 0.960293686211879 0
    outer loop
      vertex 11.497379772365093 22.937166325747967 0
      vertex 11.497379772365093 22.937166325747967 70.1
      vertex 11.618033990263939 22.902113035321236 0
    endloop
  endfacet
  facet normal 0.33873794473376473 0.9408807601378323 0
    outer loop
      vertex 11.618033990263939 22.902113035321236 0
      vertex 11.736249104142189 22.85955297201872 70.1
      vertex 11.736249104142189 22.85955297201872 0
    endloop
  endfacet
  facet normal 0.9995065604816546 0.031410755389397915 0
    outer loop
      vertex 13 21 0
      vertex 12.996053457260132 21.12558104097843 0
      vertex 12.996053457260132 21.12558104097843 70.1
    endloop
  endfacet
  facet normal 0.9955619629242153 0.09410833107904504 0
    outer loop
      vertex 12.996053457260132 21.12558104097843 0
      vertex 12.984229400753975 21.250666469335556 0
      vertex 12.996053457260132 21.12558104097843 70.1
    endloop
  endfacet
  facet normal 0.9876883423499331 0.15643445396088942 0
    outer loop
      vertex 12.984229400753975 21.250666469335556 0
      vertex 12.964574500918388 21.374762631952763 0
      vertex 12.984229400753975 21.250666469335556 70.1
    endloop
  endfacet
  facet normal 0.9759167669691731 0.2181432188917103 0
    outer loop
      vertex 12.964574500918388 21.374762631952763 0
      vertex 12.937166325747967 21.497379772365093 0
      vertex 12.937166325747967 21.497379772365093 70.1
    endloop
  endfacet
  facet normal 0.8607420436463316 0.5090413876096289 0
    outer loop
      vertex 12.688655853271484 22.071653589606285 0
      vertex 12.688655853271484 22.071653589606285 70.1
      vertex 12.752613358199596 21.96350734680891 0
    endloop
  endfacet
  facet normal 0.7901550130016157 0.6129070528460385 0
    outer loop
      vertex 12.54102648794651 22.274847976863384 0
      vertex 12.618033990263939 22.175570502877235 70.1
      vertex 12.618033990263939 22.175570502877235 0
    endloop
  endfacet
  facet normal 0.8270805680771316 0.5620833869713721 0
    outer loop
      vertex 12.688655853271484 22.071653589606285 0
      vertex 12.618033990263939 22.175570502877235 0
      vertex 12.688655853271484 22.071653589606285 70.1
    endloop
  endfacet
  facet normal 0.6129070528460385 0.7901550130016157 0
    outer loop
      vertex 12.175570502877235 22.61803399026394 0
      vertex 12.274847976863384 22.54102648794651 70.1
      vertex 12.274847976863384 22.54102648794651 0
    endloop
  endfacet
  facet normal 0.4539904890478877 0.8910065296360401 0
    outer loop
      vertex 11.851558580994606 22.809654101729393 0
      vertex 11.851558580994606 22.809654101729393 70.1
      vertex 11.96350734680891 22.752613358199596 0
    endloop
  endfacet
  facet normal 0.3971479163632545 0.917754614550276 0
    outer loop
      vertex 11.736249104142189 22.85955297201872 0
      vertex 11.736249104142189 22.85955297201872 70.1
      vertex 11.851558580994606 22.809654101729393 0
    endloop
  endfacet
  facet normal 0.5090413876096289 0.8607420436463316 0
    outer loop
      vertex 11.96350734680891 22.752613358199596 0
      vertex 12.071653589606285 22.688655853271484 70.1
      vertex 12.071653589606285 22.688655853271484 0
    endloop
  endfacet
  facet normal 0.5620833869713721 0.8270805680771316 0
    outer loop
      vertex 12.175570502877235 22.61803399026394 0
      vertex 12.071653589606285 22.688655853271484 0
      vertex 12.071653589606285 22.688655853271484 70.1
    endloop
  endfacet
  facet normal 0.7501110840441694 0.6613118489745071 0
    outer loop
      vertex 12.54102648794651 22.274847976863384 0
      vertex 12.457937255501747 22.36909421533346 0
      vertex 12.457937255501747 22.36909421533346 70.1
    endloop
  endfacet
  facet normal 0.7071067811865475 0.7071067811865475 0
    outer loop
      vertex 12.369094215333462 22.457937255501747 0
      vertex 12.369094215333462 22.457937255501747 70.1
      vertex 12.457937255501747 22.36909421533346 0
    endloop
  endfacet
  facet normal 0.6613118489745071 0.7501110840441694 0
    outer loop
      vertex 12.274847976863384 22.54102648794651 0
      vertex 12.369094215333462 22.457937255501747 70.1
      vertex 12.369094215333462 22.457937255501747 0
    endloop
  endfacet
  facet normal 0.9408807601378323 0.33873794473376473 0
    outer loop
      vertex 12.859552972018719 21.73624910414219 0
      vertex 12.902113035321236 21.61803399026394 70.1
      vertex 12.902113035321236 21.61803399026394 0
    endloop
  endfacet
  facet normal 0.960293686211879 0.27899110419796797 0
    outer loop
      vertex 12.937166325747967 21.497379772365093 0
      vertex 12.902113035321236 21.61803399026394 0
      vertex 12.902113035321236 21.61803399026394 70.1
    endloop
  endfacet
  facet normal 0.917754614550276 0.3971479163632545 0
    outer loop
      vertex 12.859552972018719 21.73624910414219 0
      vertex 12.809654101729393 21.851558580994606 0
      vertex 12.859552972018719 21.73624910414219 70.1
    endloop
  endfacet
  facet normal 0.8910065296360401 0.4539904890478877 0
    outer loop
      vertex 12.752613358199596 21.96350734680891 0
      vertex 12.809654101729393 21.851558580994606 70.1
      vertex 12.809654101729393 21.851558580994606 0
    endloop
  endfacet
  facet normal -1 0 0
    outer loop
      vertex -13 -21 70.1
      vertex -13 21 70.1
      vertex -13 21 0
    endloop
  endfacet
  facet normal 0 0 1
    outer loop
      vertex -11 -23 70.1
      vertex -10.5 18.5 70.1
      vertex -12.752613358199596 21.96350734680891 70.1
    endloop
  endfacet
  facet normal 0 0 1
    outer loop
      vertex -13 -21 70.1
      vertex -12.752613358199596 21.96350734680891 70.1
      vertex -13 21 70.1
    endloop
  endfacet
  facet normal -0.9995065604816546 0.031410755389397915 0
    outer loop
      vertex -12.996053457260132 21.12558104097843 0
      vertex -13 21 70.1
      vertex -12.996053457260132 21.12558104097843 70.1
    endloop
  endfacet
  facet normal -0.9955619629242153 0.09410833107904504 0
    outer loop
      vertex -12.996053457260132 21.12558104097843 0
      vertex -12.996053457260132 21.12558104097843 70.1
      vertex -12.984229400753975 21.250666469335556 70.1
    endloop
  endfacet
  facet normal -0.9876883423499331 0.15643445396088942 0
    outer loop
      vertex -12.964574500918388 21.374762631952763 0
      vertex -12.984229400753975 21.250666469335556 70.1
      vertex -12.964574500918388 21.374762631952763 70.1
    endloop
  endfacet
  facet normal -0.9759167669691731 0.2181432188917103 0
    outer loop
      vertex -12.964574500918388 21.374762631952763 0
      vertex -12.964574500918388 21.374762631952763 70.1
      vertex -12.937166325747967 21.497379772365093 70.1
    endloop
  endfacet
  facet normal -0.960293686211879 0.27899110419796797 0
    outer loop
      vertex -12.937166325747967 21.497379772365093 0
      vertex -12.937166325747967 21.497379772365093 70.1
      vertex -12.902113035321236 21.61803399026394 70.1
    endloop
  endfacet
  facet normal -0.9408807601378323 0.33873794473376473 0
    outer loop
      vertex -12.902113035321236 21.61803399026394 0
      vertex -12.902113035321236 21.61803399026394 70.1
      vertex -12.859552972018719 21.73624910414219 70.1
    endloop
  endfacet
  facet normal -0.917754614550276 0.3971479163632545 0
    outer loop
      vertex -12.809654101729393 21.851558580994606 0
      vertex -12.859552972018719 21.73624910414219 70.1
      vertex -12.809654101729393 21.851558580994606 70.1
    endloop
  endfacet
  facet normal -0.8910065296360401 0.4539904890478877 0
    outer loop
      vertex -12.809654101729393 21.851558580994606 0
      vertex -12.809654101729393 21.851558580994606 70.1
      vertex -12.752613358199596 21.96350734680891 70.1
    endloop
  endfacet
  facet normal -0.8607420436463316 0.5090413876096289 0
    outer loop
      vertex -12.688655853271484 22.071653589606285 0
      vertex -12.752613358199596 21.96350734680891 70.1
      vertex -12.688655853271484 22.071653589606285 70.1
    endloop
  endfacet
  facet normal -0.8270805680771316 0.5620833869713721 0
    outer loop
      vertex -12.618033990263939 22.175570502877235 0
      vertex -12.688655853271484 22.071653589606285 70.1
      vertex -12.618033990263939 22.175570502877235 70.1
    endloop
  endfacet
  facet normal -0.7901550130016157 0.6129070528460385 0
    outer loop
      vertex -12.54102648794651 22.274847976863384 0
      vertex -12.618033990263939 22.175570502877235 70.1
      vertex -12.54102648794651 22.274847976863384 70.1
    endloop
  endfacet
  facet normal -0.7501110840441694 0.6613118489745071 0
    outer loop
      vertex -12.457937255501747 22.36909421533346 0
      vertex -12.54102648794651 22.274847976863384 70.1
      vertex -12.457937255501747 22.36909421533346 70.1
    endloop
  endfacet
  facet normal -0.7071067811865475 0.7071067811865475 0
    outer loop
      vertex -12.369094215333462 22.457937255501747 0
      vertex -12.457937255501747 22.36909421533346 70.1
      vertex -12.369094215333462 22.457937255501747 70.1
    endloop
  endfacet
  facet normal -0.6613118489745071 0.7501110840441694 0
    outer loop
      vertex -12.274847976863384 22.54102648794651 0
      vertex -12.369094215333462 22.457937255501747 70.1
      vertex -12.274847976863384 22.54102648794651 70.1
    endloop
  endfacet
  facet normal -0.6129070528460385 0.7901550130016157 0
    outer loop
      vertex -12.274847976863384 22.54102648794651 0
      vertex -12.274847976863384 22.54102648794651 70.1
      vertex -12.175570502877235 22.61803399026394 70.1
    endloop
  endfacet
  facet normal -0.5620833869713721 0.8270805680771316 0
    outer loop
      vertex -12.071653589606285 22.688655853271484 0
      vertex -12.175570502877235 22.61803399026394 70.1
      vertex -12.071653589606285 22.688655853271484 70.1
    endloop
  endfacet
  facet normal -0.5090413876096289 0.8607420436463316 0
    outer loop
      vertex -11.96350734680891 22.752613358199596 0
      vertex -12.071653589606285 22.688655853271484 70.1
      vertex -11.96350734680891 22.752613358199596 70.1
    endloop
  endfacet
  facet normal -0.4539904890478877 0.8910065296360401 0
    outer loop
      vertex -11.96350734680891 22.752613358199596 0
      vertex -11.96350734680891 22.752613358199596 70.1
      vertex -11.851558580994606 22.809654101729393 70.1
    endloop
  endfacet
  facet normal -0.3971479163632545 0.917754614550276 0
    outer loop
      vertex -11.736249104142189 22.85955297201872 0
      vertex -11.851558580994606 22.809654101729393 70.1
      vertex -11.736249104142189 22.85955297201872 70.1
    endloop
  endfacet
  facet normal -0.33873794473376473 0.9408807601378323 0
    outer loop
      vertex -11.736249104142189 22.85955297201872 0
      vertex -11.736249104142189 22.85955297201872 70.1
      vertex -11.618033990263939 22.902113035321236 70.1
    endloop
  endfacet
  facet normal -0.27899110419796797 0.960293686211879 0
    outer loop
      vertex -11.497379772365093 22.937166325747967 0
      vertex -11.618033990263939 22.902113035321236 70.1
      vertex -11.497379772365093 22.937166325747967 70.1
    endloop
  endfacet
  facet normal -0.2181432188917103 0.9759167669691731 0
    outer loop
      vertex -11.497379772365093 22.937166325747967 0
      vertex -11.497379772365093 22.937166325747967 70.1
      vertex -11.374762631952763 22.96457450091839 70.1
    endloop
  endfacet
  facet normal -0.15643445396088942 0.9876883423499331 0
    outer loop
      vertex -11.374762631952763 22.96457450091839 0
      vertex -11.374762631952763 22.96457450091839 70.1
      vertex -11.250666469335556 22.984229400753975 70.1
    endloop
  endfacet
  facet normal -0.09410833107904504 0.9955619629242153 0
    outer loop
      vertex -11.125581040978432 22.996053457260132 0
      vertex -11.250666469335556 22.984229400753975 70.1
      vertex -11.125581040978432 22.996053457260132 70.1
    endloop
  endfacet
  facet normal -0.031410755389397915 0.9995065604816546 0
    outer loop
      vertex -11.125581040978432 22.996053457260132 0
      vertex -11.125581040978432 22.996053457260132 70.1
      vertex -11 23 70.1
    endloop
  endfacet
  facet normal 0 0 1
    outer loop
      vertex -12.752613358199596 21.96350734680891 70.1
      vertex -10.5 18.5 70.1
      vertex -10.496053457260132 18.62558104097843 70.1
    endloop
  endfacet
  facet normal 0 0 1
    outer loop
      vertex -12.752613358199596 21.96350734680891 70.1
      vertex -10.496053457260132 18.62558104097843 70.1
      vertex -10.484229400753975 18.750666469335556 70.1
    endloop
  endfacet
  facet normal 0 0 1
    outer loop
      vertex -12.752613358199596 21.96350734680891 70.1
      vertex -10.484229400753975 18.750666469335556 70.1
      vertex -10.464574500918388 18.874762631952763 70.1
    endloop
  endfacet
  facet normal 0 0 1
    outer loop
      vertex -12.752613358199596 21.96350734680891 70.1
      vertex -10.464574500918388 18.874762631952763 70.1
      vertex -10.437166325747967 18.997379772365093 70.1
    endloop
  endfacet
  facet normal 0 0 1
    outer loop
      vertex -12.752613358199596 21.96350734680891 70.1
      vertex -10.437166325747967 18.997379772365093 70.1
      vertex -10.402113035321236 19.11803399026394 70.1
    endloop
  endfacet
  facet normal 0 0 1
    outer loop
      vertex -12.752613358199596 21.96350734680891 70.1
      vertex -10.402113035321236 19.11803399026394 70.1
      vertex -10.359552972018719 19.23624910414219 70.1
    endloop
  endfacet
  facet normal 0 0 1
    outer loop
      vertex -13 21 70.1
      vertex -12.752613358199596 21.96350734680891 70.1
      vertex -12.996053457260132 21.12558104097843 70.1
    endloop
  endfacet
  facet normal 0 0 1
    outer loop
      vertex -12.996053457260132 21.12558104097843 70.1
      vertex -12.752613358199596 21.96350734680891 70.1
      vertex -12.984229400753975 21.250666469335556 70.1
    endloop
  endfacet
  facet normal 0 0 1
    outer loop
      vertex -12.984229400753975 21.250666469335556 70.1
      vertex -12.752613358199596 21.96350734680891 70.1
      vertex -12.964574500918388 21.374762631952763 70.1
    endloop
  endfacet
  facet normal 0 0 1
    outer loop
      vertex -12.752613358199596 21.96350734680891 70.1
      vertex -10.359552972018719 19.23624910414219 70.1
      vertex -10.309654101729393 19.351558580994606 70.1
    endloop
  endfacet
  facet normal 0 0 1
    outer loop
      vertex -12.752613358199596 21.96350734680891 70.1
      vertex -10.309654101729393 19.351558580994606 70.1
      vertex -10.252613358199596 19.46350734680891 70.1
    endloop
  endfacet
  facet normal 0 0 1
    outer loop
      vertex -12.752613358199596 21.96350734680891 70.1
      vertex -10.252613358199596 19.46350734680891 70.1
      vertex -10.188655853271484 19.571653589606285 70.1
    endloop
  endfacet
  facet normal 0 0 1
    outer loop
      vertex -12.752613358199596 21.96350734680891 70.1
      vertex -10.188655853271484 19.571653589606285 70.1
      vertex -10.118033990263939 19.675570502877235 70.1
    endloop
  endfacet
  facet normal 0 0 1
    outer loop
      vertex -12.752613358199596 21.96350734680891 70.1
      vertex -10.118033990263939 19.675570502877235 70.1
      vertex -10.04102648794651 19.774847976863384 70.1
    endloop
  endfacet
  facet normal 0 0 1
    outer loop
      vertex -12.964574500918388 21.374762631952763 70.1
      vertex -12.752613358199596 21.96350734680891 70.1
      vertex -12.937166325747967 21.497379772365093 70.1
    endloop
  endfacet
  facet normal 0 0 1
    outer loop
      vertex -12.937166325747967 21.497379772365093 70.1
      vertex -12.752613358199596 21.96350734680891 70.1
      vertex -12.902113035321236 21.61803399026394 70.1
    endloop
  endfacet
  facet normal 0 0 1
    outer loop
      vertex -12.902113035321236 21.61803399026394 70.1
      vertex -12.752613358199596 21.96350734680891 70.1
      vertex -12.859552972018719 21.73624910414219 70.1
    endloop
  endfacet
  facet normal 0 0 1
    outer loop
      vertex -12.859552972018719 21.73624910414219 70.1
      vertex -12.752613358199596 21.96350734680891 70.1
      vertex -12.809654101729393 21.851558580994606 70.1
    endloop
  endfacet
  facet normal 0 0 1
    outer loop
      vertex -12.752613358199596 21.96350734680891 70.1
      vertex -12.618033990263939 22.175570502877235 70.1
      vertex -12.688655853271484 22.071653589606285 70.1
    endloop
  endfacet
  facet normal 0 0 1
    outer loop
      vertex -12.752613358199596 21.96350734680891 70.1
      vertex -12.54102648794651 22.274847976863384 70.1
      vertex -12.618033990263939 22.175570502877235 70.1
    endloop
  endfacet
  facet normal 0 0 1
    outer loop
      vertex -12.752613358199596 21.96350734680891 70.1
      vertex -12.457937255501747 22.36909421533346 70.1
      vertex -12.54102648794651 22.274847976863384 70.1
    endloop
  endfacet
  facet normal 0 0 1
    outer loop
      vertex -12.752613358199596 21.96350734680891 70.1
      vertex -12.369094215333462 22.457937255501747 70.1
      vertex -12.457937255501747 22.36909421533346 70.1
    endloop
  endfacet
  facet normal 0 0 1
    outer loop
      vertex -12.752613358199596 21.96350734680891 70.1
      vertex -12.274847976863384 22.54102648794651 70.1
      vertex -12.369094215333462 22.457937255501747 70.1
    endloop
  endfacet
  facet normal 0 0 1
    outer loop
      vertex -12.752613358199596 21.96350734680891 70.1
      vertex -12.175570502877235 22.61803399026394 70.1
      vertex -12.274847976863384 22.54102648794651 70.1
    endloop
  endfacet
  facet normal 0 0 1
    outer loop
      vertex -12.752613358199596 21.96350734680891 70.1
      vertex -12.071653589606285 22.688655853271484 70.1
      vertex -12.175570502877235 22.61803399026394 70.1
    endloop
  endfacet
  facet normal 0 0 1
    outer loop
      vertex -12.752613358199596 21.96350734680891 70.1
      vertex -11.96350734680891 22.752613358199596 70.1
      vertex -12.071653589606285 22.688655853271484 70.1
    endloop
  endfacet
  facet normal 0 0 1
    outer loop
      vertex -12.752613358199596 21.96350734680891 70.1
      vertex -11.851558580994606 22.809654101729393 70.1
      vertex -11.96350734680891 22.752613358199596 70.1
    endloop
  endfacet
  facet normal 0 0 1
    outer loop
      vertex -12.752613358199596 21.96350734680891 70.1
      vertex -11.736249104142189 22.85955297201872 70.1
      vertex -11.851558580994606 22.809654101729393 70.1
    endloop
  endfacet
  facet normal 0 0 1
    outer loop
      vertex -12.752613358199596 21.96350734680891 70.1
      vertex -11.618033990263939 22.902113035321236 70.1
      vertex -11.736249104142189 22.85955297201872 70.1
    endloop
  endfacet
  facet normal 0 0 1
    outer loop
      vertex -12.752613358199596 21.96350734680891 70.1
      vertex -11.497379772365093 22.937166325747967 70.1
      vertex -11.618033990263939 22.902113035321236 70.1
    endloop
  endfacet
  facet normal 0 0 1
    outer loop
      vertex -12.752613358199596 21.96350734680891 70.1
      vertex -11.374762631952763 22.96457450091839 70.1
      vertex -11.497379772365093 22.937166325747967 70.1
    endloop
  endfacet
  facet normal 0 0 1
    outer loop
      vertex -12.752613358199596 21.96350734680891 70.1
      vertex -11.250666469335556 22.984229400753975 70.1
      vertex -11.374762631952763 22.96457450091839 70.1
    endloop
  endfacet
  facet normal 0 0 1
    outer loop
      vertex -12.752613358199596 21.96350734680891 70.1
      vertex -11.125581040978432 22.996053457260132 70.1
      vertex -11.250666469335556 22.984229400753975 70.1
    endloop
  endfacet
  facet normal 0 0 1
    outer loop
      vertex -12.752613358199596 21.96350734680891 70.1
      vertex -11 23 70.1
      vertex -11.125581040978432 22.996053457260132 70.1
    endloop
  endfacet
  facet normal 0 0 1
    outer loop
      vertex -12.752613358199596 21.96350734680891 70.1
      vertex -10.04102648794651 19.774847976863384 70.1
      vertex -9.957937255501747 19.86909421533346 70.1
    endloop
  endfacet
  facet normal 0 0 1
    outer loop
      vertex -12.752613358199596 21.96350734680891 70.1
      vertex -9.957937255501747 19.86909421533346 70.1
      vertex -9.869094215333462 19.957937255501747 70.1
    endloop
  endfacet
  facet normal 0 0 1
    outer loop
      vertex -12.752613358199596 21.96350734680891 70.1
      vertex -9.869094215333462 19.957937255501747 70.1
      vertex -9.774847976863384 20.04102648794651 70.1
    endloop
  endfacet
  facet normal 0 0 1
    outer loop
      vertex -12.752613358199596 21.96350734680891 70.1
      vertex -9.774847976863384 20.04102648794651 70.1
      vertex -9.675570502877235 20.11803399026394 70.1
    endloop
  endfacet
  facet normal 0 0 1
    outer loop
      vertex -12.752613358199596 21.96350734680891 70.1
      vertex -9.675570502877235 20.11803399026394 70.1
      vertex -9.571653589606285 20.188655853271484 70.1
    endloop
  endfacet
  facet normal 0 0 1
    outer loop
      vertex -12.752613358199596 21.96350734680891 70.1
      vertex -9.571653589606285 20.188655853271484 70.1
      vertex -9.46350734680891 20.252613358199596 70.1
    endloop
  endfacet
  facet normal 0 0 1
    outer loop
      vertex -12.752613358199596 21.96350734680891 70.1
      vertex -9.46350734680891 20.252613358199596 70.1
      vertex -9.351558580994606 20.309654101729393 70.1
    endloop
  endfacet
  facet normal 0 0 1
    outer loop
      vertex -12.752613358199596 21.96350734680891 70.1
      vertex -9.351558580994606 20.309654101729393 70.1
      vertex -9.236249104142189 20.35955297201872 70.1
    endloop
  endfacet
  facet normal 0 0 1
    outer loop
      vertex -12.752613358199596 21.96350734680891 70.1
      vertex -9.236249104142189 20.35955297201872 70.1
      vertex -9.118033990263939 20.402113035321236 70.1
    endloop
  endfacet
  facet normal 0 0 1
    outer loop
      vertex -12.752613358199596 21.96350734680891 70.1
      vertex -9.118033990263939 20.402113035321236 70.1
      vertex -8.997379772365093 20.437166325747967 70.1
    endloop
  endfacet
  facet normal 0 0 1
    outer loop
      vertex -12.752613358199596 21.96350734680891 70.1
      vertex -8.997379772365093 20.437166325747967 70.1
      vertex -8.874762631952763 20.46457450091839 70.1
    endloop
  endfacet
  facet normal 0 0 1
    outer loop
      vertex -12.752613358199596 21.96350734680891 70.1
      vertex -8.874762631952763 20.46457450091839 70.1
      vertex -8.750666469335556 20.484229400753975 70.1
    endloop
  endfacet
  facet normal 0 0 1
    outer loop
      vertex -12.752613358199596 21.96350734680891 70.1
      vertex -8.750666469335556 20.484229400753975 70.1
      vertex -8.625581040978432 20.496053457260132 70.1
    endloop
  endfacet
  facet normal 0 0 1
    outer loop
      vertex -12.752613358199596 21.96350734680891 70.1
      vertex -8.625581040978432 20.496053457260132 70.1
      vertex -8.5 20.5 70.1
    endloop
  endfacet
  facet normal 0 0 1
    outer loop
      vertex -12.752613358199596 21.96350734680891 70.1
      vertex -8.5 20.5 70.1
      vertex 13 21 70.1
    endloop
  endfacet
  facet normal 0 0 1
    outer loop
      vertex -12.752613358199596 21.96350734680891 70.1
      vertex 11 23 70.1
      vertex -11 23 70.1
    endloop
  endfacet
  facet normal 0 0 1
    outer loop
      vertex -12.752613358199596 21.96350734680891 70.1
      vertex 11.374762631952763 22.96457450091839 70.1
      vertex 11.250666469335556 22.984229400753975 70.1
    endloop
  endfacet
  facet normal 0 0 1
    outer loop
      vertex -12.752613358199596 21.96350734680891 70.1
      vertex 11.497379772365093 22.937166325747967 70.1
      vertex 11.374762631952763 22.96457450091839 70.1
    endloop
  endfacet
  facet normal 0 0 1
    outer loop
      vertex -12.752613358199596 21.96350734680891 70.1
      vertex 11.618033990263939 22.902113035321236 70.1
      vertex 11.497379772365093 22.937166325747967 70.1
    endloop
  endfacet
  facet normal 0 0 1
    outer loop
      vertex -12.752613358199596 21.96350734680891 70.1
      vertex 11.125581040978432 22.996053457260132 70.1
      vertex 11 23 70.1
    endloop
  endfacet
  facet normal 0 0 1
    outer loop
      vertex -12.752613358199596 21.96350734680891 70.1
      vertex 11.250666469335556 22.984229400753975 70.1
      vertex 11.125581040978432 22.996053457260132 70.1
    endloop
  endfacet
  facet normal 1 0 0
    outer loop
      vertex 13 -21 70.1
      vertex 13 21 0
      vertex 13 21 70.1
    endloop
  endfacet
  facet normal 0 0 1
    outer loop
      vertex 13 21 70.1
      vertex 10.5 18.5 70.1
      vertex 10.5 -18.5 70.1
    endloop
  endfacet
  facet normal 0 1 0
    outer loop
      vertex -11 23 70.1
      vertex 11 23 70.1
      vertex 11 23 0
    endloop
  endfacet
  facet normal 0.031410755389397915 0.9995065604816546 0
    outer loop
      vertex 11.125581040978432 22.996053457260132 0
      vertex 11 23 70.1
      vertex 11.125581040978432 22.996053457260132 70.1
    endloop
  endfacet
  facet normal 0.09410833107904504 0.9955619629242153 0
    outer loop
      vertex 11.125581040978432 22.996053457260132 0
      vertex 11.125581040978432 22.996053457260132 70.1
      vertex 11.250666469335556 22.984229400753975 70.1
    endloop
  endfacet
  facet normal 0.15643445396088942 0.9876883423499331 0
    outer loop
      vertex 11.374762631952763 22.96457450091839 0
      vertex 11.250666469335556 22.984229400753975 70.1
      vertex 11.374762631952763 22.96457450091839 70.1
    endloop
  endfacet
  facet normal 0.2181432188917103 0.9759167669691731 0
    outer loop
      vertex 11.374762631952763 22.96457450091839 0
      vertex 11.374762631952763 22.96457450091839 70.1
      vertex 11.497379772365093 22.937166325747967 70.1
    endloop
  endfacet
  facet normal 0.27899110419796797 0.960293686211879 0
    outer loop
      vertex 11.618033990263939 22.902113035321236 0
      vertex 11.497379772365093 22.937166325747967 70.1
      vertex 11.618033990263939 22.902113035321236 70.1
    endloop
  endfacet
  facet normal 0.33873794473376473 0.9408807601378323 0
    outer loop
      vertex 11.618033990263939 22.902113035321236 0
      vertex 11.618033990263939 22.902113035321236 70.1
      vertex 11.736249104142189 22.85955297201872 70.1
    endloop
  endfacet
  facet normal 0.9995065604816546 0.031410755389397915 0
    outer loop
      vertex 13 21 0
      vertex 12.996053457260132 21.12558104097843 70.1
      vertex 13 21 70.1
    endloop
  endfacet
  facet normal 0.9955619629242153 0.09410833107904504 0
    outer loop
      vertex 12.984229400753975 21.250666469335556 0
      vertex 12.984229400753975 21.250666469335556 70.1
      vertex 12.996053457260132 21.12558104097843 70.1
    endloop
  endfacet
  facet normal 0.9876883423499331 0.15643445396088942 0
    outer loop
      vertex 12.964574500918388 21.374762631952763 0
      vertex 12.964574500918388 21.374762631952763 70.1
      vertex 12.984229400753975 21.250666469335556 70.1
    endloop
  endfacet
  facet normal 0.9759167669691731 0.2181432188917103 0
    outer loop
      vertex 12.964574500918388 21.374762631952763 0
      vertex 12.937166325747967 21.497379772365093 70.1
      vertex 12.964574500918388 21.374762631952763 70.1
    endloop
  endfacet
  facet normal 0.960293686211879 0.27899110419796797 0
    outer loop
      vertex 12.937166325747967 21.497379772365093 0
      vertex 12.902113035321236 21.61803399026394 70.1
      vertex 12.937166325747967 21.497379772365093 70.1
    endloop
  endfacet
  facet normal 0.8910065296360401 0.4539904890478877 0
    outer loop
      vertex 12.752613358199596 21.96350734680891 0
      vertex 12.752613358199596 21.96350734680891 70.1
      vertex 12.809654101729393 21.851558580994606 70.1
    endloop
  endfacet
  facet normal 0.8607420436463316 0.5090413876096289 0
    outer loop
      vertex 12.752613358199596 21.96350734680891 0
      vertex 12.688655853271484 22.071653589606285 70.1
      vertex 12.752613358199596 21.96350734680891 70.1
    endloop
  endfacet
  facet normal 0.8270805680771316 0.5620833869713721 0
    outer loop
      vertex 12.618033990263939 22.175570502877235 0
      vertex 12.618033990263939 22.175570502877235 70.1
      vertex 12.688655853271484 22.071653589606285 70.1
    endloop
  endfacet
  facet normal 0.7901550130016157 0.6129070528460385 0
    outer loop
      vertex 12.54102648794651 22.274847976863384 0
      vertex 12.54102648794651 22.274847976863384 70.1
      vertex 12.618033990263939 22.175570502877235 70.1
    endloop
  endfacet
  facet normal 0.6129070528460385 0.7901550130016157 0
    outer loop
      vertex 12.175570502877235 22.61803399026394 0
      vertex 12.175570502877235 22.61803399026394 70.1
      vertex 12.274847976863384 22.54102648794651 70.1
    endloop
  endfacet
  facet normal 0.4539904890478877 0.8910065296360401 0
    outer loop
      vertex 11.96350734680891 22.752613358199596 0
      vertex 11.851558580994606 22.809654101729393 70.1
      vertex 11.96350734680891 22.752613358199596 70.1
    endloop
  endfacet
  facet normal 0.5090413876096289 0.8607420436463316 0
    outer loop
      vertex 11.96350734680891 22.752613358199596 0
      vertex 11.96350734680891 22.752613358199596 70.1
      vertex 12.071653589606285 22.688655853271484 70.1
    endloop
  endfacet
  facet normal 0.3971479163632545 0.917754614550276 0
    outer loop
      vertex 11.851558580994606 22.809654101729393 0
      vertex 11.736249104142189 22.85955297201872 70.1
      vertex 11.851558580994606 22.809654101729393 70.1
    endloop
  endfacet
  facet normal 0.5620833869713721 0.8270805680771316 0
    outer loop
      vertex 12.175570502877235 22.61803399026394 0
      vertex 12.071653589606285 22.688655853271484 70.1
      vertex 12.175570502877235 22.61803399026394 70.1
    endloop
  endfacet
  facet normal 0.7501110840441694 0.6613118489745071 0
    outer loop
      vertex 12.54102648794651 22.274847976863384 0
      vertex 12.457937255501747 22.36909421533346 70.1
      vertex 12.54102648794651 22.274847976863384 70.1
    endloop
  endfacet
  facet normal 0.7071067811865475 0.7071067811865475 0
    outer loop
      vertex 12.457937255501747 22.36909421533346 0
      vertex 12.369094215333462 22.457937255501747 70.1
      vertex 12.457937255501747 22.36909421533346 70.1
    endloop
  endfacet
  facet normal 0.6613118489745071 0.7501110840441694 0
    outer loop
      vertex 12.274847976863384 22.54102648794651 0
      vertex 12.274847976863384 22.54102648794651 70.1
      vertex 12.369094215333462 22.457937255501747 70.1
    endloop
  endfacet
  facet normal 0.9408807601378323 0.33873794473376473 0
    outer loop
      vertex 12.859552972018719 21.73624910414219 0
      vertex 12.859552972018719 21.73624910414219 70.1
      vertex 12.902113035321236 21.61803399026394 70.1
    endloop
  endfacet
  facet normal 0.917754614550276 0.3971479163632545 0
    outer loop
      vertex 12.809654101729393 21.851558580994606 0
      vertex 12.809654101729393 21.851558580994606 70.1
      vertex 12.859552972018719 21.73624910414219 70.1
    endloop
  endfacet
  facet normal 0 0 1
    outer loop
      vertex 13 21 70.1
      vertex -8.5 20.5 70.1
      vertex 8.5 20.5 70.1
    endloop
  endfacet
  facet normal 0 0 1
    outer loop
      vertex -12.752613358199596 21.96350734680891 70.1
      vertex 13 21 70.1
      vertex 12.996053457260132 21.12558104097843 70.1
    endloop
  endfacet
  facet normal 0 0 1
    outer loop
      vertex -12.752613358199596 21.96350734680891 70.1
      vertex 12.984229400753975 21.250666469335556 70.1
      vertex 12.964574500918388 21.374762631952763 70.1
    endloop
  endfacet
  facet normal 0 0 1
    outer loop
      vertex -12.752613358199596 21.96350734680891 70.1
      vertex 12.996053457260132 21.12558104097843 70.1
      vertex 12.984229400753975 21.250666469335556 70.1
    endloop
  endfacet
  facet normal 0 0 1
    outer loop
      vertex -12.752613358199596 21.96350734680891 70.1
      vertex 12.964574500918388 21.374762631952763 70.1
      vertex 12.937166325747967 21.497379772365093 70.1
    endloop
  endfacet
  facet normal 0 0 1
    outer loop
      vertex -12.752613358199596 21.96350734680891 70.1
      vertex 12.937166325747967 21.497379772365093 70.1
      vertex 12.902113035321236 21.61803399026394 70.1
    endloop
  endfacet
  facet normal 0 0 1
    outer loop
      vertex -12.752613358199596 21.96350734680891 70.1
      vertex 12.902113035321236 21.61803399026394 70.1
      vertex 12.859552972018719 21.73624910414219 70.1
    endloop
  endfacet
  facet normal 0 0 1
    outer loop
      vertex -12.752613358199596 21.96350734680891 70.1
      vertex 12.859552972018719 21.73624910414219 70.1
      vertex 12.809654101729393 21.851558580994606 70.1
    endloop
  endfacet
  facet normal 0 0 1
    outer loop
      vertex -12.752613358199596 21.96350734680891 70.1
      vertex 12.809654101729393 21.851558580994606 70.1
      vertex 12.752613358199596 21.96350734680891 70.1
    endloop
  endfacet
  facet normal 0 0 1
    outer loop
      vertex -12.752613358199596 21.96350734680891 70.1
      vertex 12.752613358199596 21.96350734680891 70.1
      vertex 12.688655853271484 22.071653589606285 70.1
    endloop
  endfacet
  facet normal 0 0 1
    outer loop
      vertex -12.752613358199596 21.96350734680891 70.1
      vertex 12.688655853271484 22.071653589606285 70.1
      vertex 12.618033990263939 22.175570502877235 70.1
    endloop
  endfacet
  facet normal 0 0 1
    outer loop
      vertex -12.752613358199596 21.96350734680891 70.1
      vertex 12.618033990263939 22.175570502877235 70.1
      vertex 12.54102648794651 22.274847976863384 70.1
    endloop
  endfacet
  facet normal 0 0 1
    outer loop
      vertex -12.752613358199596 21.96350734680891 70.1
      vertex 12.457937255501747 22.36909421533346 70.1
      vertex 12.369094215333462 22.457937255501747 70.1
    endloop
  endfacet
  facet normal 0 0 1
    outer loop
      vertex -12.752613358199596 21.96350734680891 70.1
      vertex 12.54102648794651 22.274847976863384 70.1
      vertex 12.457937255501747 22.36909421533346 70.1
    endloop
  endfacet
  facet normal 0 0 1
    outer loop
      vertex -12.752613358199596 21.96350734680891 70.1
      vertex 11.851558580994606 22.809654101729393 70.1
      vertex 11.736249104142189 22.85955297201872 70.1
    endloop
  endfacet
  facet normal 0 0 1
    outer loop
      vertex -12.752613358199596 21.96350734680891 70.1
      vertex 11.736249104142189 22.85955297201872 70.1
      vertex 11.618033990263939 22.902113035321236 70.1
    endloop
  endfacet
  facet normal 0 0 1
    outer loop
      vertex -12.752613358199596 21.96350734680891 70.1
      vertex 11.96350734680891 22.752613358199596 70.1
      vertex 11.851558580994606 22.809654101729393 70.1
    endloop
  endfacet
  facet normal 0 0 1
    outer loop
      vertex -12.752613358199596 21.96350734680891 70.1
      vertex 12.175570502877235 22.61803399026394 70.1
      vertex 12.071653589606285 22.688655853271484 70.1
    endloop
  endfacet
  facet normal 0 0 1
    outer loop
      vertex -12.752613358199596 21.96350734680891 70.1
      vertex 12.369094215333462 22.457937255501747 70.1
      vertex 12.274847976863384 22.54102648794651 70.1
    endloop
  endfacet
  facet normal 0 0 1
    outer loop
      vertex -12.752613358199596 21.96350734680891 70.1
      vertex 12.274847976863384 22.54102648794651 70.1
      vertex 12.175570502877235 22.61803399026394 70.1
    endloop
  endfacet
  facet normal 0 0 1
    outer loop
      vertex -12.752613358199596 21.96350734680891 70.1
      vertex 12.071653589606285 22.688655853271484 70.1
      vertex 11.96350734680891 22.752613358199596 70.1
    endloop
  endfacet
  facet normal 0 0 1
    outer loop
      vertex 13 21 70.1
      vertex 10.496053457260132 18.62558104097843 70.1
      vertex 10.5 18.5 70.1
    endloop
  endfacet
  facet normal 0 0 1
    outer loop
      vertex 13 21 70.1
      vertex 10.309654101729393 19.351558580994606 70.1
      vertex 10.359552972018719 19.23624910414219 70.1
    endloop
  endfacet
  facet normal 0 0 1
    outer loop
      vertex 13 21 70.1
      vertex 10.252613358199596 19.46350734680891 70.1
      vertex 10.309654101729393 19.351558580994606 70.1
    endloop
  endfacet
  facet normal 0 0 1
    outer loop
      vertex 13 21 70.1
      vertex 10.118033990263939 19.675570502877235 70.1
      vertex 10.188655853271484 19.571653589606285 70.1
    endloop
  endfacet
  facet normal 0 0 1
    outer loop
      vertex 13 21 70.1
      vertex 10.188655853271484 19.571653589606285 70.1
      vertex 10.252613358199596 19.46350734680891 70.1
    endloop
  endfacet
  facet normal 0 0 1
    outer loop
      vertex 13 21 70.1
      vertex 10.484229400753975 18.750666469335556 70.1
      vertex 10.496053457260132 18.62558104097843 70.1
    endloop
  endfacet
  facet normal 0 0 1
    outer loop
      vertex 13 21 70.1
      vertex 10.464574500918388 18.874762631952763 70.1
      vertex 10.484229400753975 18.750666469335556 70.1
    endloop
  endfacet
  facet normal 0 0 1
    outer loop
      vertex 13 21 70.1
      vertex 10.437166325747967 18.997379772365093 70.1
      vertex 10.464574500918388 18.874762631952763 70.1
    endloop
  endfacet
  facet normal 0 0 1
    outer loop
      vertex 13 21 70.1
      vertex 10.402113035321236 19.11803399026394 70.1
      vertex 10.437166325747967 18.997379772365093 70.1
    endloop
  endfacet
  facet normal 0 0 1
    outer loop
      vertex 13 21 70.1
      vertex 10.359552972018719 19.23624910414219 70.1
      vertex 10.402113035321236 19.11803399026394 70.1
    endloop
  endfacet
  facet normal 0 0 1
    outer loop
      vertex 13 21 70.1
      vertex 8.625581040978432 20.496053457260132 70.1
      vertex 8.750666469335556 20.484229400753975 70.1
    endloop
  endfacet
  facet normal 0 0 1
    outer loop
      vertex 13 21 70.1
      vertex 8.5 20.5 70.1
      vertex 8.625581040978432 20.496053457260132 70.1
    endloop
  endfacet
  facet normal 0 0 1
    outer loop
      vertex 13 21 70.1
      vertex 9.46350734680891 20.252613358199596 70.1
      vertex 9.571653589606285 20.188655853271484 70.1
    endloop
  endfacet
  facet normal 0 0 1
    outer loop
      vertex 13 21 70.1
      vertex 8.750666469335556 20.484229400753975 70.1
      vertex 8.874762631952763 20.46457450091839 70.1
    endloop
  endfacet
  facet normal 0 0 1
    outer loop
      vertex 13 21 70.1
      vertex 8.874762631952763 20.46457450091839 70.1
      vertex 8.997379772365093 20.437166325747967 70.1
    endloop
  endfacet
  facet normal 0 0 1
    outer loop
      vertex 13 21 70.1
      vertex 8.997379772365093 20.437166325747967 70.1
      vertex 9.118033990263939 20.402113035321236 70.1
    endloop
  endfacet
  facet normal 0 0 1
    outer loop
      vertex 13 21 70.1
      vertex 9.118033990263939 20.402113035321236 70.1
      vertex 9.236249104142189 20.35955297201872 70.1
    endloop
  endfacet
  facet normal 0 0 1
    outer loop
      vertex 13 21 70.1
      vertex 9.236249104142189 20.35955297201872 70.1
      vertex 9.351558580994606 20.309654101729393 70.1
    endloop
  endfacet
  facet normal 0 0 1
    outer loop
      vertex 13 21 70.1
      vertex 9.351558580994606 20.309654101729393 70.1
      vertex 9.46350734680891 20.252613358199596 70.1
    endloop
  endfacet
  facet normal 0 0 1
    outer loop
      vertex 13 21 70.1
      vertex 9.869094215333462 19.957937255501747 70.1
      vertex 9.957937255501747 19.86909421533346 70.1
    endloop
  endfacet
  facet normal 0 0 1
    outer loop
      vertex 13 21 70.1
      vertex 9.675570502877235 20.11803399026394 70.1
      vertex 9.774847976863384 20.04102648794651 70.1
    endloop
  endfacet
  facet normal 0 0 1
    outer loop
      vertex 13 21 70.1
      vertex 9.571653589606285 20.188655853271484 70.1
      vertex 9.675570502877235 20.11803399026394 70.1
    endloop
  endfacet
  facet normal 0 0 1
    outer loop
      vertex 13 21 70.1
      vertex 9.774847976863384 20.04102648794651 70.1
      vertex 9.869094215333462 19.957937255501747 70.1
    endloop
  endfacet
  facet normal 0 0 1
    outer loop
      vertex 13 21 70.1
      vertex 9.957937255501747 19.86909421533346 70.1
      vertex 10.04102648794651 19.774847976863384 70.1
    endloop
  endfacet
  facet normal 0 0 1
    outer loop
      vertex 13 21 70.1
      vertex 10.04102648794651 19.774847976863384 70.1
      vertex 10.118033990263939 19.675570502877235 70.1
    endloop
  endfacet
  facet normal 0 0 1
    outer loop
      vertex -9.46350734680891 -20.252613358199596 49
      vertex -9.351558580994606 -20.309654101729393 49
      vertex 10.484229400753975 -18.750666469335556 49
    endloop
  endfacet
  facet normal 0 0 1
    outer loop
      vertex -9.351558580994606 -20.309654101729393 49
      vertex -9.236249104142189 -20.35955297201872 49
      vertex 10.484229400753975 -18.750666469335556 49
    endloop
  endfacet
  facet normal 0 0 1
    outer loop
      vertex -9.774847976863384 -20.04102648794651 49
      vertex -9.675570502877235 -20.11803399026394 49
      vertex 10.484229400753975 -18.750666469335556 49
    endloop
  endfacet
  facet normal 0 0 1
    outer loop
      vertex -9.957937255501747 -19.86909421533346 49
      vertex -9.869094215333462 -19.957937255501747 49
      vertex 10.484229400753975 -18.750666469335556 49
    endloop
  endfacet
  facet normal 0 0 1
    outer loop
      vertex -9.957937255501747 -19.86909421533346 49
      vertex 10.484229400753975 -18.750666469335556 49
      vertex -10.04102648794651 -19.774847976863384 49
    endloop
  endfacet
  facet normal 0 0 1
    outer loop
      vertex -9.869094215333462 -19.957937255501747 49
      vertex -9.774847976863384 -20.04102648794651 49
      vertex 10.484229400753975 -18.750666469335556 49
    endloop
  endfacet
  facet normal 0 0 1
    outer loop
      vertex -9.571653589606285 -20.188655853271484 49
      vertex 10.484229400753975 -18.750666469335556 49
      vertex -9.675570502877235 -20.11803399026394 49
    endloop
  endfacet
  facet normal 0 0 1
    outer loop
      vertex -9.571653589606285 -20.188655853271484 49
      vertex -9.46350734680891 -20.252613358199596 49
      vertex 10.484229400753975 -18.750666469335556 49
    endloop
  endfacet
  facet normal 0 0 1
    outer loop
      vertex -10.188655853271484 -19.571653589606285 49
      vertex -10.118033990263939 -19.675570502877235 49
      vertex 10.484229400753975 -18.750666469335556 49
    endloop
  endfacet
  facet normal 0 0 1
    outer loop
      vertex -10.118033990263939 -19.675570502877235 49
      vertex -10.04102648794651 -19.774847976863384 49
      vertex 10.484229400753975 -18.750666469335556 49
    endloop
  endfacet
  facet normal 0 0 1
    outer loop
      vertex -10.188655853271484 -19.571653589606285 49
      vertex 10.484229400753975 -18.750666469335556 49
      vertex -10.252613358199596 -19.46350734680891 49
    endloop
  endfacet
  facet normal 0 0 1
    outer loop
      vertex -10.309654101729393 -19.351558580994606 49
      vertex -10.252613358199596 -19.46350734680891 49
      vertex 10.484229400753975 -18.750666469335556 49
    endloop
  endfacet
  facet normal 0 0 1
    outer loop
      vertex -10.359552972018719 -19.23624910414219 49
      vertex -10.309654101729393 -19.351558580994606 49
      vertex 10.484229400753975 -18.750666469335556 49
    endloop
  endfacet
  facet normal 0 0 1
    outer loop
      vertex -10.437166325747967 -18.997379772365093 49
      vertex 10.484229400753975 -18.750666469335556 49
      vertex -10.464574500918388 -18.874762631952763 49
    endloop
  endfacet
  facet normal 0 0 1
    outer loop
      vertex -10.464574500918388 -18.874762631952763 49
      vertex 10.484229400753975 -18.750666469335556 49
      vertex -10.484229400753975 -18.750666469335556 49
    endloop
  endfacet
  facet normal 0 0 1
    outer loop
      vertex -10.484229400753975 -18.750666469335556 49
      vertex 10.484229400753975 -18.750666469335556 49
      vertex -10.496053457260132 -18.62558104097843 49
    endloop
  endfacet
  facet normal 0 0 1
    outer loop
      vertex -10.359552972018719 -19.23624910414219 49
      vertex 10.484229400753975 -18.750666469335556 49
      vertex -10.402113035321236 -19.11803399026394 49
    endloop
  endfacet
  facet normal 0 0 1
    outer loop
      vertex -10.437166325747967 -18.997379772365093 49
      vertex -10.402113035321236 -19.11803399026394 49
      vertex 10.484229400753975 -18.750666469335556 49
    endloop
  endfacet
  facet normal 0 0 1
    outer loop
      vertex -10.496053457260132 -18.62558104097843 49
      vertex 10.484229400753975 -18.750666469335556 49
      vertex -10.5 -18.5 49
    endloop
  endfacet
  facet normal 0 0 1
    outer loop
      vertex -9.236249104142189 -20.35955297201872 49
      vertex -9.118033990263939 -20.402113035321236 49
      vertex 10.484229400753975 -18.750666469335556 49
    endloop
  endfacet
  facet normal 0 0 1
    outer loop
      vertex -9.118033990263939 -20.402113035321236 49
      vertex -8.997379772365093 -20.437166325747967 49
      vertex 10.484229400753975 -18.750666469335556 49
    endloop
  endfacet
  facet normal 0 0 1
    outer loop
      vertex -8.997379772365093 -20.437166325747967 49
      vertex -8.874762631952763 -20.46457450091839 49
      vertex 10.484229400753975 -18.750666469335556 49
    endloop
  endfacet
  facet normal 0 0 1
    outer loop
      vertex -8.874762631952763 -20.46457450091839 49
      vertex -8.750666469335556 -20.484229400753975 49
      vertex 10.484229400753975 -18.750666469335556 49
    endloop
  endfacet
  facet normal 0 0 1
    outer loop
      vertex -8.750666469335556 -20.484229400753975 49
      vertex -8.625581040978432 -20.496053457260132 49
      vertex 10.484229400753975 -18.750666469335556 49
    endloop
  endfacet
  facet normal 0 0 1
    outer loop
      vertex -8.625581040978432 -20.496053457260132 49
      vertex -8.5 -20.5 49
      vertex 10.484229400753975 -18.750666469335556 49
    endloop
  endfacet
  facet normal 0 0 1
    outer loop
      vertex -8.5 -20.5 49
      vertex 8.5 -20.5 49
      vertex 10.484229400753975 -18.750666469335556 49
    endloop
  endfacet
  facet normal 0.5620833869713721 0.8270805680771317 0
    outer loop
      vertex -9.571653589606285 -20.188655853271484 49
      vertex -9.675570502877235 -20.11803399026394 49
      vertex -9.571653589606285 -20.188655853271484 70.1
    endloop
  endfacet
  facet normal 0.509041387609629 0.8607420436463317 0
    outer loop
      vertex -9.571653589606285 -20.188655853271484 49
      vertex -9.46350734680891 -20.252613358199596 70.1
      vertex -9.46350734680891 -20.252613358199596 49
    endloop
  endfacet
  facet normal 0.45399048904788764 0.8910065296360402 0
    outer loop
      vertex -9.46350734680891 -20.252613358199596 49
      vertex -9.46350734680891 -20.252613358199596 70.1
      vertex -9.351558580994606 -20.309654101729393 49
    endloop
  endfacet
  facet normal 0.39714791636325447 0.9177546145502758 0
    outer loop
      vertex -9.351558580994606 -20.309654101729393 49
      vertex -9.236249104142189 -20.35955297201872 70.1
      vertex -9.236249104142189 -20.35955297201872 49
    endloop
  endfacet
  facet normal 0.33873794473376473 0.9408807601378322 0
    outer loop
      vertex -9.236249104142189 -20.35955297201872 49
      vertex -9.118033990263939 -20.402113035321236 70.1
      vertex -9.118033990263939 -20.402113035321236 49
    endloop
  endfacet
  facet normal 0.27899110419796797 0.9602936862118789 0
    outer loop
      vertex -9.118033990263939 -20.402113035321236 49
      vertex -8.997379772365093 -20.437166325747967 70.1
      vertex -8.997379772365093 -20.437166325747967 49
    endloop
  endfacet
  facet normal 0.2181432188917103 0.9759167669691732 0
    outer loop
      vertex -8.997379772365093 -20.437166325747967 49
      vertex -8.874762631952763 -20.46457450091839 70.1
      vertex -8.874762631952763 -20.46457450091839 49
    endloop
  endfacet
  facet normal 0.7501110840441693 0.6613118489745069 0
    outer loop
      vertex -9.957937255501747 -19.86909421533346 49
      vertex -10.04102648794651 -19.774847976863384 49
      vertex -10.04102648794651 -19.774847976863384 70.1
    endloop
  endfacet
  facet normal 0.8607420436463317 0.509041387609629 0
    outer loop
      vertex -10.188655853271484 -19.571653589606285 49
      vertex -10.252613358199596 -19.46350734680891 49
      vertex -10.188655853271484 -19.571653589606285 70.1
    endloop
  endfacet
  facet normal 0.7901550130016157 0.6129070528460384 0
    outer loop
      vertex -10.118033990263939 -19.675570502877235 49
      vertex -10.118033990263939 -19.675570502877235 70.1
      vertex -10.04102648794651 -19.774847976863384 49
    endloop
  endfacet
  facet normal 0.8270805680771317 0.5620833869713721 0
    outer loop
      vertex -10.188655853271484 -19.571653589606285 49
      vertex -10.118033990263939 -19.675570502877235 70.1
      vertex -10.118033990263939 -19.675570502877235 49
    endloop
  endfacet
  facet normal 0.9602936862118789 0.27899110419796797 0
    outer loop
      vertex -10.437166325747967 -18.997379772365093 49
      vertex -10.437166325747967 -18.997379772365093 70.1
      vertex -10.402113035321236 -19.11803399026394 49
    endloop
  endfacet
  facet normal 0.9759167669691732 0.2181432188917103 0
    outer loop
      vertex -10.437166325747967 -18.997379772365093 49
      vertex -10.464574500918388 -18.874762631952763 49
      vertex -10.437166325747967 -18.997379772365093 70.1
    endloop
  endfacet
  facet normal 0.987688342349933 0.15643445396088942 0
    outer loop
      vertex -10.464574500918388 -18.874762631952763 49
      vertex -10.484229400753975 -18.750666469335556 49
      vertex -10.464574500918388 -18.874762631952763 70.1
    endloop
  endfacet
  facet normal 0.9177546145502758 0.39714791636325447 0
    outer loop
      vertex -10.359552972018719 -19.23624910414219 49
      vertex -10.309654101729393 -19.351558580994606 70.1
      vertex -10.309654101729393 -19.351558580994606 49
    endloop
  endfacet
  facet normal 0.8910065296360402 0.45399048904788764 0
    outer loop
      vertex -10.309654101729393 -19.351558580994606 49
      vertex -10.309654101729393 -19.351558580994606 70.1
      vertex -10.252613358199596 -19.46350734680891 49
    endloop
  endfacet
  facet normal 0.9408807601378322 0.33873794473376473 0
    outer loop
      vertex -10.359552972018719 -19.23624910414219 49
      vertex -10.402113035321236 -19.11803399026394 49
      vertex -10.359552972018719 -19.23624910414219 70.1
    endloop
  endfacet
  facet normal 0.6613118489745069 0.7501110840441693 0
    outer loop
      vertex -9.869094215333462 -19.957937255501747 49
      vertex -9.869094215333462 -19.957937255501747 70.1
      vertex -9.774847976863384 -20.04102648794651 49
    endloop
  endfacet
  facet normal 0.6129070528460384 0.7901550130016157 0
    outer loop
      vertex -9.774847976863384 -20.04102648794651 49
      vertex -9.675570502877235 -20.11803399026394 70.1
      vertex -9.675570502877235 -20.11803399026394 49
    endloop
  endfacet
  facet normal 0.7071067811865476 0.7071067811865476 0
    outer loop
      vertex -9.957937255501747 -19.86909421533346 49
      vertex -9.869094215333462 -19.957937255501747 70.1
      vertex -9.869094215333462 -19.957937255501747 49
    endloop
  endfacet
  facet normal 0.9955619629242154 0.09410833107904502 0
    outer loop
      vertex -10.484229400753975 -18.750666469335556 49
      vertex -10.496053457260132 -18.62558104097843 49
      vertex -10.496053457260132 -18.62558104097843 70.1
    endloop
  endfacet
  facet normal 0.9995065604816545 0.031410755389397915 0
    outer loop
      vertex -10.496053457260132 -18.62558104097843 49
      vertex -10.5 -18.5 49
      vertex -10.496053457260132 -18.62558104097843 70.1
    endloop
  endfacet
  facet normal 0.09410833107904502 0.9955619629242154 0
    outer loop
      vertex -8.750666469335556 -20.484229400753975 49
      vertex -8.625581040978432 -20.496053457260132 70.1
      vertex -8.625581040978432 -20.496053457260132 49
    endloop
  endfacet
  facet normal 0.031410755389397915 0.9995065604816545 0
    outer loop
      vertex -8.625581040978432 -20.496053457260132 49
      vertex -8.625581040978432 -20.496053457260132 70.1
      vertex -8.5 -20.5 49
    endloop
  endfacet
  facet normal 0.15643445396088942 0.987688342349933 0
    outer loop
      vertex -8.874762631952763 -20.46457450091839 49
      vertex -8.750666469335556 -20.484229400753975 70.1
      vertex -8.750666469335556 -20.484229400753975 49
    endloop
  endfacet
  facet normal 0.5620833869713721 0.8270805680771317 0
    outer loop
      vertex -9.675570502877235 -20.11803399026394 49
      vertex -9.675570502877235 -20.11803399026394 70.1
      vertex -9.571653589606285 -20.188655853271484 70.1
    endloop
  endfacet
  facet normal 0.509041387609629 0.8607420436463317 0
    outer loop
      vertex -9.571653589606285 -20.188655853271484 49
      vertex -9.571653589606285 -20.188655853271484 70.1
      vertex -9.46350734680891 -20.252613358199596 70.1
    endloop
  endfacet
  facet normal 0.39714791636325447 0.9177546145502758 0
    outer loop
      vertex -9.351558580994606 -20.309654101729393 49
      vertex -9.351558580994606 -20.309654101729393 70.1
      vertex -9.236249104142189 -20.35955297201872 70.1
    endloop
  endfacet
  facet normal 0.33873794473376473 0.9408807601378322 0
    outer loop
      vertex -9.236249104142189 -20.35955297201872 49
      vertex -9.236249104142189 -20.35955297201872 70.1
      vertex -9.118033990263939 -20.402113035321236 70.1
    endloop
  endfacet
  facet normal 0.45399048904788764 0.8910065296360402 0
    outer loop
      vertex -9.351558580994606 -20.309654101729393 49
      vertex -9.46350734680891 -20.252613358199596 70.1
      vertex -9.351558580994606 -20.309654101729393 70.1
    endloop
  endfacet
  facet normal 0.27899110419796797 0.9602936862118789 0
    outer loop
      vertex -9.118033990263939 -20.402113035321236 49
      vertex -9.118033990263939 -20.402113035321236 70.1
      vertex -8.997379772365093 -20.437166325747967 70.1
    endloop
  endfacet
  facet normal 0.2181432188917103 0.9759167669691732 0
    outer loop
      vertex -8.997379772365093 -20.437166325747967 49
      vertex -8.997379772365093 -20.437166325747967 70.1
      vertex -8.874762631952763 -20.46457450091839 70.1
    endloop
  endfacet
  facet normal 0.7071067811865476 0.7071067811865476 0
    outer loop
      vertex -9.957937255501747 -19.86909421533346 49
      vertex -9.957937255501747 -19.86909421533346 70.1
      vertex -9.869094215333462 -19.957937255501747 70.1
    endloop
  endfacet
  facet normal 0.7501110840441693 0.6613118489745069 0
    outer loop
      vertex -9.957937255501747 -19.86909421533346 49
      vertex -10.04102648794651 -19.774847976863384 70.1
      vertex -9.957937255501747 -19.86909421533346 70.1
    endloop
  endfacet
  facet normal 0.8270805680771317 0.5620833869713721 0
    outer loop
      vertex -10.188655853271484 -19.571653589606285 49
      vertex -10.188655853271484 -19.571653589606285 70.1
      vertex -10.118033990263939 -19.675570502877235 70.1
    endloop
  endfacet
  facet normal 0.8607420436463317 0.509041387609629 0
    outer loop
      vertex -10.252613358199596 -19.46350734680891 49
      vertex -10.252613358199596 -19.46350734680891 70.1
      vertex -10.188655853271484 -19.571653589606285 70.1
    endloop
  endfacet
  facet normal 0.8910065296360402 0.45399048904788764 0
    outer loop
      vertex -10.252613358199596 -19.46350734680891 49
      vertex -10.309654101729393 -19.351558580994606 70.1
      vertex -10.252613358199596 -19.46350734680891 70.1
    endloop
  endfacet
  facet normal 0.7901550130016157 0.6129070528460384 0
    outer loop
      vertex -10.04102648794651 -19.774847976863384 49
      vertex -10.118033990263939 -19.675570502877235 70.1
      vertex -10.04102648794651 -19.774847976863384 70.1
    endloop
  endfacet
  facet normal 0.9759167669691732 0.2181432188917103 0
    outer loop
      vertex -10.464574500918388 -18.874762631952763 49
      vertex -10.464574500918388 -18.874762631952763 70.1
      vertex -10.437166325747967 -18.997379772365093 70.1
    endloop
  endfacet
  facet normal 0.987688342349933 0.15643445396088942 0
    outer loop
      vertex -10.484229400753975 -18.750666469335556 49
      vertex -10.484229400753975 -18.750666469335556 70.1
      vertex -10.464574500918388 -18.874762631952763 70.1
    endloop
  endfacet
  facet normal 0.9955619629242154 0.09410833107904502 0
    outer loop
      vertex -10.484229400753975 -18.750666469335556 49
      vertex -10.496053457260132 -18.62558104097843 70.1
      vertex -10.484229400753975 -18.750666469335556 70.1
    endloop
  endfacet
  facet normal 0.9177546145502758 0.39714791636325447 0
    outer loop
      vertex -10.359552972018719 -19.23624910414219 49
      vertex -10.359552972018719 -19.23624910414219 70.1
      vertex -10.309654101729393 -19.351558580994606 70.1
    endloop
  endfacet
  facet normal 0.9408807601378322 0.33873794473376473 0
    outer loop
      vertex -10.402113035321236 -19.11803399026394 49
      vertex -10.402113035321236 -19.11803399026394 70.1
      vertex -10.359552972018719 -19.23624910414219 70.1
    endloop
  endfacet
  facet normal 0.9602936862118789 0.27899110419796797 0
    outer loop
      vertex -10.402113035321236 -19.11803399026394 49
      vertex -10.437166325747967 -18.997379772365093 70.1
      vertex -10.402113035321236 -19.11803399026394 70.1
    endloop
  endfacet
  facet normal 0.6613118489745069 0.7501110840441693 0
    outer loop
      vertex -9.774847976863384 -20.04102648794651 49
      vertex -9.869094215333462 -19.957937255501747 70.1
      vertex -9.774847976863384 -20.04102648794651 70.1
    endloop
  endfacet
  facet normal 0.6129070528460384 0.7901550130016157 0
    outer loop
      vertex -9.774847976863384 -20.04102648794651 49
      vertex -9.774847976863384 -20.04102648794651 70.1
      vertex -9.675570502877235 -20.11803399026394 70.1
    endloop
  endfacet
  facet normal 0.9995065604816545 0.031410755389397915 0
    outer loop
      vertex -10.5 -18.5 49
      vertex -10.5 -18.5 70.1
      vertex -10.496053457260132 -18.62558104097843 70.1
    endloop
  endfacet
  facet normal 0.09410833107904502 0.9955619629242154 0
    outer loop
      vertex -8.750666469335556 -20.484229400753975 49
      vertex -8.750666469335556 -20.484229400753975 70.1
      vertex -8.625581040978432 -20.496053457260132 70.1
    endloop
  endfacet
  facet normal 0.031410755389397915 0.9995065604816545 0
    outer loop
      vertex -8.5 -20.5 49
      vertex -8.625581040978432 -20.496053457260132 70.1
      vertex -8.5 -20.5 70.1
    endloop
  endfacet
  facet normal 0.15643445396088942 0.987688342349933 0
    outer loop
      vertex -8.874762631952763 -20.46457450091839 49
      vertex -8.874762631952763 -20.46457450091839 70.1
      vertex -8.750666469335556 -20.484229400753975 70.1
    endloop
  endfacet
  facet normal 0 1 0
    outer loop
      vertex -8.5 -20.5 49
      vertex 8.5 -20.5 70.1
      vertex 8.5 -20.5 49
    endloop
  endfacet
  facet normal 0 1 0
    outer loop
      vertex -8.5 -20.5 49
      vertex -8.5 -20.5 70.1
      vertex 8.5 -20.5 70.1
    endloop
  endfacet
  facet normal 0 0 1
    outer loop
      vertex -10.5 -18.5 49
      vertex 10.484229400753975 -18.750666469335556 49
      vertex -10.5 18.5 49
    endloop
  endfacet
  facet normal 1 0 0
    outer loop
      vertex -10.5 -18.5 49
      vertex -10.5 18.5 49
      vertex -10.5 -18.5 70.1
    endloop
  endfacet
  facet normal 0 0 1
    outer loop
      vertex 8.5 -20.5 49
      vertex 8.625581040978432 -20.496053457260132 49
      vertex 10.484229400753975 -18.750666469335556 49
    endloop
  endfacet
  facet normal 0 0 1
    outer loop
      vertex 8.625581040978432 -20.496053457260132 49
      vertex 8.750666469335556 -20.484229400753975 49
      vertex 10.484229400753975 -18.750666469335556 49
    endloop
  endfacet
  facet normal 0 0 1
    outer loop
      vertex 8.750666469335556 -20.484229400753975 49
      vertex 8.874762631952763 -20.46457450091839 49
      vertex 10.484229400753975 -18.750666469335556 49
    endloop
  endfacet
  facet normal 0 0 1
    outer loop
      vertex 8.874762631952763 -20.46457450091839 49
      vertex 8.997379772365093 -20.437166325747967 49
      vertex 10.484229400753975 -18.750666469335556 49
    endloop
  endfacet
  facet normal 0 0 1
    outer loop
      vertex 8.997379772365093 -20.437166325747967 49
      vertex 9.118033990263939 -20.402113035321236 49
      vertex 10.484229400753975 -18.750666469335556 49
    endloop
  endfacet
  facet normal 0 0 1
    outer loop
      vertex 9.118033990263939 -20.402113035321236 49
      vertex 9.236249104142189 -20.35955297201872 49
      vertex 10.484229400753975 -18.750666469335556 49
    endloop
  endfacet
  facet normal 0 0 1
    outer loop
      vertex 9.236249104142189 -20.35955297201872 49
      vertex 9.351558580994606 -20.309654101729393 49
      vertex 10.484229400753975 -18.750666469335556 49
    endloop
  endfacet
  facet normal 0 0 1
    outer loop
      vertex 9.351558580994606 -20.309654101729393 49
      vertex 9.46350734680891 -20.252613358199596 49
      vertex 10.484229400753975 -18.750666469335556 49
    endloop
  endfacet
  facet normal 0 0 1
    outer loop
      vertex 9.46350734680891 -20.252613358199596 49
      vertex 9.571653589606285 -20.188655853271484 49
      vertex 10.484229400753975 -18.750666469335556 49
    endloop
  endfacet
  facet normal 0 0 1
    outer loop
      vertex 9.571653589606285 -20.188655853271484 49
      vertex 9.675570502877235 -20.11803399026394 49
      vertex 10.484229400753975 -18.750666469335556 49
    endloop
  endfacet
  facet normal 0 0 1
    outer loop
      vertex 9.675570502877235 -20.11803399026394 49
      vertex 9.774847976863384 -20.04102648794651 49
      vertex 10.484229400753975 -18.750666469335556 49
    endloop
  endfacet
  facet normal 0 0 1
    outer loop
      vertex 9.774847976863384 -20.04102648794651 49
      vertex 9.869094215333462 -19.957937255501747 49
      vertex 10.484229400753975 -18.750666469335556 49
    endloop
  endfacet
  facet normal 0 0 1
    outer loop
      vertex 9.869094215333462 -19.957937255501747 49
      vertex 9.957937255501747 -19.86909421533346 49
      vertex 10.484229400753975 -18.750666469335556 49
    endloop
  endfacet
  facet normal 0 0 1
    outer loop
      vertex 9.957937255501747 -19.86909421533346 49
      vertex 10.04102648794651 -19.774847976863384 49
      vertex 10.484229400753975 -18.750666469335556 49
    endloop
  endfacet
  facet normal 0 0 1
    outer loop
      vertex 10.04102648794651 -19.774847976863384 49
      vertex 10.118033990263939 -19.675570502877235 49
      vertex 10.484229400753975 -18.750666469335556 49
    endloop
  endfacet
  facet normal 0 0 1
    outer loop
      vertex 10.118033990263939 -19.675570502877235 49
      vertex 10.188655853271484 -19.571653589606285 49
      vertex 10.484229400753975 -18.750666469335556 49
    endloop
  endfacet
  facet normal 0 0 1
    outer loop
      vertex 10.188655853271484 -19.571653589606285 49
      vertex 10.252613358199596 -19.46350734680891 49
      vertex 10.484229400753975 -18.750666469335556 49
    endloop
  endfacet
  facet normal 0 0 1
    outer loop
      vertex 10.252613358199596 -19.46350734680891 49
      vertex 10.309654101729393 -19.351558580994606 49
      vertex 10.484229400753975 -18.750666469335556 49
    endloop
  endfacet
  facet normal 0 0 1
    outer loop
      vertex 10.309654101729393 -19.351558580994606 49
      vertex 10.359552972018719 -19.23624910414219 49
      vertex 10.484229400753975 -18.750666469335556 49
    endloop
  endfacet
  facet normal 0 0 1
    outer loop
      vertex 10.359552972018719 -19.23624910414219 49
      vertex 10.402113035321236 -19.11803399026394 49
      vertex 10.484229400753975 -18.750666469335556 49
    endloop
  endfacet
  facet normal 0 0 1
    outer loop
      vertex 10.402113035321236 -19.11803399026394 49
      vertex 10.437166325747967 -18.997379772365093 49
      vertex 10.484229400753975 -18.750666469335556 49
    endloop
  endfacet
  facet normal 0 0 1
    outer loop
      vertex 10.437166325747967 -18.997379772365093 49
      vertex 10.464574500918388 -18.874762631952763 49
      vertex 10.484229400753975 -18.750666469335556 49
    endloop
  endfacet
  facet normal 0 0 1
    outer loop
      vertex 10.484229400753975 -18.750666469335556 49
      vertex 10.496053457260132 -18.62558104097843 49
      vertex 10.5 -18.5 49
    endloop
  endfacet
  facet normal -0.031410755389397915 0.9995065604816545 0
    outer loop
      vertex 8.5 -20.5 49
      vertex 8.5 -20.5 70.1
      vertex 8.625581040978432 -20.496053457260132 49
    endloop
  endfacet
  facet normal -0.09410833107904502 0.9955619629242154 0
    outer loop
      vertex 8.625581040978432 -20.496053457260132 49
      vertex 8.750666469335556 -20.484229400753975 70.1
      vertex 8.750666469335556 -20.484229400753975 49
    endloop
  endfacet
  facet normal -0.15643445396088942 0.987688342349933 0
    outer loop
      vertex 8.750666469335556 -20.484229400753975 49
      vertex 8.750666469335556 -20.484229400753975 70.1
      vertex 8.874762631952763 -20.46457450091839 49
    endloop
  endfacet
  facet normal -0.2181432188917103 0.9759167669691732 0
    outer loop
      vertex 8.874762631952763 -20.46457450091839 49
      vertex 8.997379772365093 -20.437166325747967 70.1
      vertex 8.997379772365093 -20.437166325747967 49
    endloop
  endfacet
  facet normal -0.27899110419796797 0.9602936862118789 0
    outer loop
      vertex 8.997379772365093 -20.437166325747967 49
      vertex 8.997379772365093 -20.437166325747967 70.1
      vertex 9.118033990263939 -20.402113035321236 49
    endloop
  endfacet
  facet normal -0.33873794473376473 0.9408807601378322 0
    outer loop
      vertex 9.118033990263939 -20.402113035321236 49
      vertex 9.236249104142189 -20.35955297201872 70.1
      vertex 9.236249104142189 -20.35955297201872 49
    endloop
  endfacet
  facet normal -0.39714791636325447 0.9177546145502758 0
    outer loop
      vertex 9.236249104142189 -20.35955297201872 49
      vertex 9.351558580994606 -20.309654101729393 70.1
      vertex 9.351558580994606 -20.309654101729393 49
    endloop
  endfacet
  facet normal -0.45399048904788764 0.8910065296360402 0
    outer loop
      vertex 9.351558580994606 -20.309654101729393 49
      vertex 9.351558580994606 -20.309654101729393 70.1
      vertex 9.46350734680891 -20.252613358199596 49
    endloop
  endfacet
  facet normal -0.509041387609629 0.8607420436463317 0
    outer loop
      vertex 9.46350734680891 -20.252613358199596 49
      vertex 9.46350734680891 -20.252613358199596 70.1
      vertex 9.571653589606285 -20.188655853271484 49
    endloop
  endfacet
  facet normal -0.5620833869713721 0.8270805680771317 0
    outer loop
      vertex 9.571653589606285 -20.188655853271484 49
      vertex 9.675570502877235 -20.11803399026394 70.1
      vertex 9.675570502877235 -20.11803399026394 49
    endloop
  endfacet
  facet normal -0.6129070528460384 0.7901550130016157 0
    outer loop
      vertex 9.675570502877235 -20.11803399026394 49
      vertex 9.774847976863384 -20.04102648794651 70.1
      vertex 9.774847976863384 -20.04102648794651 49
    endloop
  endfacet
  facet normal -0.6613118489745069 0.7501110840441693 0
    outer loop
      vertex 9.774847976863384 -20.04102648794651 49
      vertex 9.774847976863384 -20.04102648794651 70.1
      vertex 9.869094215333462 -19.957937255501747 49
    endloop
  endfacet
  facet normal -0.7071067811865476 0.7071067811865476 0
    outer loop
      vertex 9.869094215333462 -19.957937255501747 49
      vertex 9.869094215333462 -19.957937255501747 70.1
      vertex 9.957937255501747 -19.86909421533346 49
    endloop
  endfacet
  facet normal -0.7501110840441693 0.6613118489745069 0
    outer loop
      vertex 9.957937255501747 -19.86909421533346 49
      vertex 10.04102648794651 -19.774847976863384 70.1
      vertex 10.04102648794651 -19.774847976863384 49
    endloop
  endfacet
  facet normal -0.7901550130016157 0.6129070528460384 0
    outer loop
      vertex 10.04102648794651 -19.774847976863384 49
      vertex 10.04102648794651 -19.774847976863384 70.1
      vertex 10.118033990263939 -19.675570502877235 49
    endloop
  endfacet
  facet normal -0.8270805680771317 0.5620833869713721 0
    outer loop
      vertex 10.118033990263939 -19.675570502877235 49
      vertex 10.118033990263939 -19.675570502877235 70.1
      vertex 10.188655853271484 -19.571653589606285 49
    endloop
  endfacet
  facet normal -0.8607420436463317 0.509041387609629 0
    outer loop
      vertex 10.188655853271484 -19.571653589606285 49
      vertex 10.252613358199596 -19.46350734680891 70.1
      vertex 10.252613358199596 -19.46350734680891 49
    endloop
  endfacet
  facet normal -0.8910065296360402 0.45399048904788764 0
    outer loop
      vertex 10.252613358199596 -19.46350734680891 49
      vertex 10.309654101729393 -19.351558580994606 70.1
      vertex 10.309654101729393 -19.351558580994606 49
    endloop
  endfacet
  facet normal -0.9177546145502758 0.39714791636325447 0
    outer loop
      vertex 10.309654101729393 -19.351558580994606 49
      vertex 10.309654101729393 -19.351558580994606 70.1
      vertex 10.359552972018719 -19.23624910414219 49
    endloop
  endfacet
  facet normal -0.9408807601378322 0.33873794473376473 0
    outer loop
      vertex 10.359552972018719 -19.23624910414219 49
      vertex 10.402113035321236 -19.11803399026394 70.1
      vertex 10.402113035321236 -19.11803399026394 49
    endloop
  endfacet
  facet normal -0.9602936862118789 0.27899110419796797 0
    outer loop
      vertex 10.402113035321236 -19.11803399026394 49
      vertex 10.402113035321236 -19.11803399026394 70.1
      vertex 10.437166325747967 -18.997379772365093 49
    endloop
  endfacet
  facet normal -0.9759167669691732 0.2181432188917103 0
    outer loop
      vertex 10.437166325747967 -18.997379772365093 49
      vertex 10.437166325747967 -18.997379772365093 70.1
      vertex 10.464574500918388 -18.874762631952763 49
    endloop
  endfacet
  facet normal -0.987688342349933 0.15643445396088942 0
    outer loop
      vertex 10.464574500918388 -18.874762631952763 49
      vertex 10.464574500918388 -18.874762631952763 70.1
      vertex 10.484229400753975 -18.750666469335556 49
    endloop
  endfacet
  facet normal -0.9955619629242154 0.09410833107904502 0
    outer loop
      vertex 10.484229400753975 -18.750666469335556 49
      vertex 10.496053457260132 -18.62558104097843 70.1
      vertex 10.496053457260132 -18.62558104097843 49
    endloop
  endfacet
  facet normal -0.9995065604816545 0.031410755389397915 0
    outer loop
      vertex 10.496053457260132 -18.62558104097843 49
      vertex 10.5 -18.5 70.1
      vertex 10.5 -18.5 49
    endloop
  endfacet
  facet normal -0.031410755389397915 0.9995065604816545 0
    outer loop
      vertex 8.625581040978432 -20.496053457260132 49
      vertex 8.5 -20.5 70.1
      vertex 8.625581040978432 -20.496053457260132 70.1
    endloop
  endfacet
  facet normal -0.09410833107904502 0.9955619629242154 0
    outer loop
      vertex 8.625581040978432 -20.496053457260132 49
      vertex 8.625581040978432 -20.496053457260132 70.1
      vertex 8.750666469335556 -20.484229400753975 70.1
    endloop
  endfacet
  facet normal -0.15643445396088942 0.987688342349933 0
    outer loop
      vertex 8.874762631952763 -20.46457450091839 49
      vertex 8.750666469335556 -20.484229400753975 70.1
      vertex 8.874762631952763 -20.46457450091839 70.1
    endloop
  endfacet
  facet normal -0.2181432188917103 0.9759167669691732 0
    outer loop
      vertex 8.874762631952763 -20.46457450091839 49
      vertex 8.874762631952763 -20.46457450091839 70.1
      vertex 8.997379772365093 -20.437166325747967 70.1
    endloop
  endfacet
  facet normal -0.27899110419796797 0.9602936862118789 0
    outer loop
      vertex 9.118033990263939 -20.402113035321236 49
      vertex 8.997379772365093 -20.437166325747967 70.1
      vertex 9.118033990263939 -20.402113035321236 70.1
    endloop
  endfacet
  facet normal -0.33873794473376473 0.9408807601378322 0
    outer loop
      vertex 9.118033990263939 -20.402113035321236 49
      vertex 9.118033990263939 -20.402113035321236 70.1
      vertex 9.236249104142189 -20.35955297201872 70.1
    endloop
  endfacet
  facet normal -0.39714791636325447 0.9177546145502758 0
    outer loop
      vertex 9.236249104142189 -20.35955297201872 49
      vertex 9.236249104142189 -20.35955297201872 70.1
      vertex 9.351558580994606 -20.309654101729393 70.1
    endloop
  endfacet
  facet normal -0.45399048904788764 0.8910065296360402 0
    outer loop
      vertex 9.46350734680891 -20.252613358199596 49
      vertex 9.351558580994606 -20.309654101729393 70.1
      vertex 9.46350734680891 -20.252613358199596 70.1
    endloop
  endfacet
  facet normal -0.509041387609629 0.8607420436463317 0
    outer loop
      vertex 9.571653589606285 -20.188655853271484 49
      vertex 9.46350734680891 -20.252613358199596 70.1
      vertex 9.571653589606285 -20.188655853271484 70.1
    endloop
  endfacet
  facet normal -0.5620833869713721 0.8270805680771317 0
    outer loop
      vertex 9.571653589606285 -20.188655853271484 49
      vertex 9.571653589606285 -20.188655853271484 70.1
      vertex 9.675570502877235 -20.11803399026394 70.1
    endloop
  endfacet
  facet normal -0.6129070528460384 0.7901550130016157 0
    outer loop
      vertex 9.675570502877235 -20.11803399026394 49
      vertex 9.675570502877235 -20.11803399026394 70.1
      vertex 9.774847976863384 -20.04102648794651 70.1
    endloop
  endfacet
  facet normal -0.6613118489745069 0.7501110840441693 0
    outer loop
      vertex 9.869094215333462 -19.957937255501747 49
      vertex 9.774847976863384 -20.04102648794651 70.1
      vertex 9.869094215333462 -19.957937255501747 70.1
    endloop
  endfacet
  facet normal -0.7071067811865476 0.7071067811865476 0
    outer loop
      vertex 9.957937255501747 -19.86909421533346 49
      vertex 9.869094215333462 -19.957937255501747 70.1
      vertex 9.957937255501747 -19.86909421533346 70.1
    endloop
  endfacet
  facet normal -0.7501110840441693 0.6613118489745069 0
    outer loop
      vertex 9.957937255501747 -19.86909421533346 49
      vertex 9.957937255501747 -19.86909421533346 70.1
      vertex 10.04102648794651 -19.774847976863384 70.1
    endloop
  endfacet
  facet normal -0.7901550130016157 0.6129070528460384 0
    outer loop
      vertex 10.118033990263939 -19.675570502877235 49
      vertex 10.04102648794651 -19.774847976863384 70.1
      vertex 10.118033990263939 -19.675570502877235 70.1
    endloop
  endfacet
  facet normal -0.8270805680771317 0.5620833869713721 0
    outer loop
      vertex 10.188655853271484 -19.571653589606285 49
      vertex 10.118033990263939 -19.675570502877235 70.1
      vertex 10.188655853271484 -19.571653589606285 70.1
    endloop
  endfacet
  facet normal -0.8607420436463317 0.509041387609629 0
    outer loop
      vertex 10.188655853271484 -19.571653589606285 49
      vertex 10.188655853271484 -19.571653589606285 70.1
      vertex 10.252613358199596 -19.46350734680891 70.1
    endloop
  endfacet
  facet normal -0.8910065296360402 0.45399048904788764 0
    outer loop
      vertex 10.252613358199596 -19.46350734680891 49
      vertex 10.252613358199596 -19.46350734680891 70.1
      vertex 10.309654101729393 -19.351558580994606 70.1
    endloop
  endfacet
  facet normal -0.9177546145502758 0.39714791636325447 0
    outer loop
      vertex 10.359552972018719 -19.23624910414219 49
      vertex 10.309654101729393 -19.351558580994606 70.1
      vertex 10.359552972018719 -19.23624910414219 70.1
    endloop
  endfacet
  facet normal -0.9408807601378322 0.33873794473376473 0
    outer loop
      vertex 10.359552972018719 -19.23624910414219 49
      vertex 10.359552972018719 -19.23624910414219 70.1
      vertex 10.402113035321236 -19.11803399026394 70.1
    endloop
  endfacet
  facet normal -0.9602936862118789 0.27899110419796797 0
    outer loop
      vertex 10.437166325747967 -18.997379772365093 49
      vertex 10.402113035321236 -19.11803399026394 70.1
      vertex 10.437166325747967 -18.997379772365093 70.1
    endloop
  endfacet
  facet normal -0.9759167669691732 0.2181432188917103 0
    outer loop
      vertex 10.464574500918388 -18.874762631952763 49
      vertex 10.437166325747967 -18.997379772365093 70.1
      vertex 10.464574500918388 -18.874762631952763 70.1
    endloop
  endfacet
  facet normal -0.987688342349933 0.15643445396088942 0
    outer loop
      vertex 10.484229400753975 -18.750666469335556 49
      vertex 10.464574500918388 -18.874762631952763 70.1
      vertex 10.484229400753975 -18.750666469335556 70.1
    endloop
  endfacet
  facet normal -0.9955619629242154 0.09410833107904502 0
    outer loop
      vertex 10.484229400753975 -18.750666469335556 49
      vertex 10.484229400753975 -18.750666469335556 70.1
      vertex 10.496053457260132 -18.62558104097843 70.1
    endloop
  endfacet
  facet normal -0.9995065604816545 0.031410755389397915 0
    outer loop
      vertex 10.496053457260132 -18.62558104097843 49
      vertex 10.496053457260132 -18.62558104097843 70.1
      vertex 10.5 -18.5 70.1
    endloop
  endfacet
  facet normal 0 0 1
    outer loop
      vertex 10.484229400753975 -18.750666469335556 49
      vertex 10.5 -18.5 49
      vertex 10.5 18.5 49
    endloop
  endfacet
  facet normal -1 0 0
    outer loop
      vertex 10.5 -18.5 49
      vertex 10.5 -18.5 70.1
      vertex 10.5 18.5 70.1
    endloop
  endfacet
  facet normal 0 0 1
    outer loop
      vertex -10.5 18.5 49
      vertex 10.484229400753975 -18.750666469335556 49
      vertex -10.496053457260132 18.62558104097843 49
    endloop
  endfacet
  facet normal 0 0 1
    outer loop
      vertex -10.496053457260132 18.62558104097843 49
      vertex 10.484229400753975 -18.750666469335556 49
      vertex -10.484229400753975 18.750666469335556 49
    endloop
  endfacet
  facet normal 0 0 1
    outer loop
      vertex -10.484229400753975 18.750666469335556 49
      vertex 10.484229400753975 -18.750666469335556 49
      vertex -10.464574500918388 18.874762631952763 49
    endloop
  endfacet
  facet normal 0 0 1
    outer loop
      vertex -10.464574500918388 18.874762631952763 49
      vertex 10.484229400753975 -18.750666469335556 49
      vertex -10.437166325747967 18.997379772365093 49
    endloop
  endfacet
  facet normal 0 0 1
    outer loop
      vertex -10.437166325747967 18.997379772365093 49
      vertex 10.484229400753975 -18.750666469335556 49
      vertex -10.402113035321236 19.11803399026394 49
    endloop
  endfacet
  facet normal 0 0 1
    outer loop
      vertex -10.402113035321236 19.11803399026394 49
      vertex 10.484229400753975 -18.750666469335556 49
      vertex -10.359552972018719 19.23624910414219 49
    endloop
  endfacet
  facet normal 0 0 1
    outer loop
      vertex -10.359552972018719 19.23624910414219 49
      vertex 10.484229400753975 -18.750666469335556 49
      vertex -10.309654101729393 19.351558580994606 49
    endloop
  endfacet
  facet normal 0 0 1
    outer loop
      vertex -10.309654101729393 19.351558580994606 49
      vertex 10.484229400753975 -18.750666469335556 49
      vertex -10.252613358199596 19.46350734680891 49
    endloop
  endfacet
  facet normal 0 0 1
    outer loop
      vertex -10.252613358199596 19.46350734680891 49
      vertex 10.484229400753975 -18.750666469335556 49
      vertex -10.188655853271484 19.571653589606285 49
    endloop
  endfacet
  facet normal 0 0 1
    outer loop
      vertex -10.188655853271484 19.571653589606285 49
      vertex 10.484229400753975 -18.750666469335556 49
      vertex -10.118033990263939 19.675570502877235 49
    endloop
  endfacet
  facet normal 0 0 1
    outer loop
      vertex -10.118033990263939 19.675570502877235 49
      vertex 10.484229400753975 -18.750666469335556 49
      vertex -10.04102648794651 19.774847976863384 49
    endloop
  endfacet
  facet normal 0 0 1
    outer loop
      vertex -10.04102648794651 19.774847976863384 49
      vertex 10.484229400753975 -18.750666469335556 49
      vertex -9.957937255501747 19.86909421533346 49
    endloop
  endfacet
  facet normal 0 0 1
    outer loop
      vertex -9.957937255501747 19.86909421533346 49
      vertex 10.484229400753975 -18.750666469335556 49
      vertex -9.869094215333462 19.957937255501747 49
    endloop
  endfacet
  facet normal 0 0 1
    outer loop
      vertex -9.869094215333462 19.957937255501747 49
      vertex 10.484229400753975 -18.750666469335556 49
      vertex -9.774847976863384 20.04102648794651 49
    endloop
  endfacet
  facet normal 0 0 1
    outer loop
      vertex -9.774847976863384 20.04102648794651 49
      vertex 10.484229400753975 -18.750666469335556 49
      vertex -9.675570502877235 20.11803399026394 49
    endloop
  endfacet
  facet normal 0 0 1
    outer loop
      vertex -9.675570502877235 20.11803399026394 49
      vertex 10.484229400753975 -18.750666469335556 49
      vertex -9.571653589606285 20.188655853271484 49
    endloop
  endfacet
  facet normal 0 0 1
    outer loop
      vertex -9.571653589606285 20.188655853271484 49
      vertex 10.484229400753975 -18.750666469335556 49
      vertex -9.46350734680891 20.252613358199596 49
    endloop
  endfacet
  facet normal 0 0 1
    outer loop
      vertex -9.46350734680891 20.252613358199596 49
      vertex 10.484229400753975 -18.750666469335556 49
      vertex -9.351558580994606 20.309654101729393 49
    endloop
  endfacet
  facet normal 0 0 1
    outer loop
      vertex -9.351558580994606 20.309654101729393 49
      vertex 10.484229400753975 -18.750666469335556 49
      vertex -9.236249104142189 20.35955297201872 49
    endloop
  endfacet
  facet normal 0 0 1
    outer loop
      vertex -9.236249104142189 20.35955297201872 49
      vertex 10.484229400753975 -18.750666469335556 49
      vertex -9.118033990263939 20.402113035321236 49
    endloop
  endfacet
  facet normal 0 0 1
    outer loop
      vertex -9.118033990263939 20.402113035321236 49
      vertex 10.484229400753975 -18.750666469335556 49
      vertex -8.997379772365093 20.437166325747967 49
    endloop
  endfacet
  facet normal 0 0 1
    outer loop
      vertex -8.997379772365093 20.437166325747967 49
      vertex 10.484229400753975 -18.750666469335556 49
      vertex -8.874762631952763 20.46457450091839 49
    endloop
  endfacet
  facet normal 0 0 1
    outer loop
      vertex -8.874762631952763 20.46457450091839 49
      vertex 10.484229400753975 -18.750666469335556 49
      vertex -8.750666469335556 20.484229400753975 49
    endloop
  endfacet
  facet normal 0 0 1
    outer loop
      vertex -8.750666469335556 20.484229400753975 49
      vertex 10.484229400753975 -18.750666469335556 49
      vertex -8.625581040978432 20.496053457260132 49
    endloop
  endfacet
  facet normal 0 0 1
    outer loop
      vertex -8.625581040978432 20.496053457260132 49
      vertex 10.484229400753975 -18.750666469335556 49
      vertex -8.5 20.5 49
    endloop
  endfacet
  facet normal 0 0 1
    outer loop
      vertex -8.5 20.5 49
      vertex 10.484229400753975 -18.750666469335556 49
      vertex 8.5 20.5 49
    endloop
  endfacet
  facet normal 1 0 0
    outer loop
      vertex -10.5 18.5 49
      vertex -10.5 18.5 70.1
      vertex -10.5 -18.5 70.1
    endloop
  endfacet
  facet normal 0.9995065604816545 -0.031410755389397915 0
    outer loop
      vertex -10.5 18.5 49
      vertex -10.496053457260132 18.62558104097843 49
      vertex -10.496053457260132 18.62558104097843 70.1
    endloop
  endfacet
  facet normal 0.9955619629242154 -0.09410833107904502 0
    outer loop
      vertex -10.496053457260132 18.62558104097843 49
      vertex -10.484229400753975 18.750666469335556 49
      vertex -10.496053457260132 18.62558104097843 70.1
    endloop
  endfacet
  facet normal 0.987688342349933 -0.15643445396088942 0
    outer loop
      vertex -10.484229400753975 18.750666469335556 49
      vertex -10.464574500918388 18.874762631952763 49
      vertex -10.464574500918388 18.874762631952763 70.1
    endloop
  endfacet
  facet normal 0.9759167669691732 -0.2181432188917103 0
    outer loop
      vertex -10.464574500918388 18.874762631952763 49
      vertex -10.437166325747967 18.997379772365093 49
      vertex -10.464574500918388 18.874762631952763 70.1
    endloop
  endfacet
  facet normal 0.9602936862118789 -0.27899110419796797 0
    outer loop
      vertex -10.437166325747967 18.997379772365093 49
      vertex -10.402113035321236 19.11803399026394 49
      vertex -10.402113035321236 19.11803399026394 70.1
    endloop
  endfacet
  facet normal 0.9408807601378322 -0.33873794473376473 0
    outer loop
      vertex -10.402113035321236 19.11803399026394 49
      vertex -10.359552972018719 19.23624910414219 49
      vertex -10.359552972018719 19.23624910414219 70.1
    endloop
  endfacet
  facet normal 0.9177546145502758 -0.39714791636325447 0
    outer loop
      vertex -10.359552972018719 19.23624910414219 49
      vertex -10.309654101729393 19.351558580994606 49
      vertex -10.359552972018719 19.23624910414219 70.1
    endloop
  endfacet
  facet normal 0.8910065296360402 -0.45399048904788764 0
    outer loop
      vertex -10.309654101729393 19.351558580994606 49
      vertex -10.252613358199596 19.46350734680891 49
      vertex -10.252613358199596 19.46350734680891 70.1
    endloop
  endfacet
  facet normal 0.8607420436463317 -0.509041387609629 0
    outer loop
      vertex -10.252613358199596 19.46350734680891 49
      vertex -10.188655853271484 19.571653589606285 49
      vertex -10.252613358199596 19.46350734680891 70.1
    endloop
  endfacet
  facet normal 0.8270805680771317 -0.5620833869713721 0
    outer loop
      vertex -10.188655853271484 19.571653589606285 49
      vertex -10.118033990263939 19.675570502877235 49
      vertex -10.188655853271484 19.571653589606285 70.1
    endloop
  endfacet
  facet normal 0.7901550130016157 -0.6129070528460384 0
    outer loop
      vertex -10.118033990263939 19.675570502877235 49
      vertex -10.04102648794651 19.774847976863384 49
      vertex -10.118033990263939 19.675570502877235 70.1
    endloop
  endfacet
  facet normal 0.7501110840441693 -0.6613118489745069 0
    outer loop
      vertex -10.04102648794651 19.774847976863384 49
      vertex -9.957937255501747 19.86909421533346 49
      vertex -9.957937255501747 19.86909421533346 70.1
    endloop
  endfacet
  facet normal 0.7071067811865476 -0.7071067811865476 0
    outer loop
      vertex -9.957937255501747 19.86909421533346 49
      vertex -9.869094215333462 19.957937255501747 49
      vertex -9.957937255501747 19.86909421533346 70.1
    endloop
  endfacet
  facet normal 0.6613118489745069 -0.7501110840441693 0
    outer loop
      vertex -9.869094215333462 19.957937255501747 49
      vertex -9.774847976863384 20.04102648794651 49
      vertex -9.869094215333462 19.957937255501747 70.1
    endloop
  endfacet
  facet normal 0.6129070528460384 -0.7901550130016157 0
    outer loop
      vertex -9.774847976863384 20.04102648794651 49
      vertex -9.675570502877235 20.11803399026394 49
      vertex -9.675570502877235 20.11803399026394 70.1
    endloop
  endfacet
  facet normal 0.5620833869713721 -0.8270805680771317 0
    outer loop
      vertex -9.675570502877235 20.11803399026394 49
      vertex -9.571653589606285 20.188655853271484 49
      vertex -9.571653589606285 20.188655853271484 70.1
    endloop
  endfacet
  facet normal 0.509041387609629 -0.8607420436463317 0
    outer loop
      vertex -9.571653589606285 20.188655853271484 49
      vertex -9.46350734680891 20.252613358199596 49
      vertex -9.571653589606285 20.188655853271484 70.1
    endloop
  endfacet
  facet normal 0.45399048904788764 -0.8910065296360402 0
    outer loop
      vertex -9.46350734680891 20.252613358199596 49
      vertex -9.351558580994606 20.309654101729393 49
      vertex -9.46350734680891 20.252613358199596 70.1
    endloop
  endfacet
  facet normal 0.39714791636325447 -0.9177546145502758 0
    outer loop
      vertex -9.351558580994606 20.309654101729393 49
      vertex -9.236249104142189 20.35955297201872 49
      vertex -9.236249104142189 20.35955297201872 70.1
    endloop
  endfacet
  facet normal 0.33873794473376473 -0.9408807601378322 0
    outer loop
      vertex -9.236249104142189 20.35955297201872 49
      vertex -9.118033990263939 20.402113035321236 49
      vertex -9.236249104142189 20.35955297201872 70.1
    endloop
  endfacet
  facet normal 0.27899110419796797 -0.9602936862118789 0
    outer loop
      vertex -9.118033990263939 20.402113035321236 49
      vertex -8.997379772365093 20.437166325747967 49
      vertex -9.118033990263939 20.402113035321236 70.1
    endloop
  endfacet
  facet normal 0.2181432188917103 -0.9759167669691732 0
    outer loop
      vertex -8.997379772365093 20.437166325747967 49
      vertex -8.874762631952763 20.46457450091839 49
      vertex -8.874762631952763 20.46457450091839 70.1
    endloop
  endfacet
  facet normal 0.15643445396088942 -0.987688342349933 0
    outer loop
      vertex -8.874762631952763 20.46457450091839 49
      vertex -8.750666469335556 20.484229400753975 49
      vertex -8.874762631952763 20.46457450091839 70.1
    endloop
  endfacet
  facet normal 0.09410833107904502 -0.9955619629242154 0
    outer loop
      vertex -8.750666469335556 20.484229400753975 49
      vertex -8.625581040978432 20.496053457260132 49
      vertex -8.625581040978432 20.496053457260132 70.1
    endloop
  endfacet
  facet normal 0.031410755389397915 -0.9995065604816545 0
    outer loop
      vertex -8.625581040978432 20.496053457260132 49
      vertex -8.5 20.5 49
      vertex -8.625581040978432 20.496053457260132 70.1
    endloop
  endfacet
  facet normal 0.9995065604816545 -0.031410755389397915 0
    outer loop
      vertex -10.5 18.5 49
      vertex -10.496053457260132 18.62558104097843 70.1
      vertex -10.5 18.5 70.1
    endloop
  endfacet
  facet normal 0.9955619629242154 -0.09410833107904502 0
    outer loop
      vertex -10.484229400753975 18.750666469335556 49
      vertex -10.484229400753975 18.750666469335556 70.1
      vertex -10.496053457260132 18.62558104097843 70.1
    endloop
  endfacet
  facet normal 0.987688342349933 -0.15643445396088942 0
    outer loop
      vertex -10.484229400753975 18.750666469335556 49
      vertex -10.464574500918388 18.874762631952763 70.1
      vertex -10.484229400753975 18.750666469335556 70.1
    endloop
  endfacet
  facet normal 0.9759167669691732 -0.2181432188917103 0
    outer loop
      vertex -10.437166325747967 18.997379772365093 49
      vertex -10.437166325747967 18.997379772365093 70.1
      vertex -10.464574500918388 18.874762631952763 70.1
    endloop
  endfacet
  facet normal 0.9602936862118789 -0.27899110419796797 0
    outer loop
      vertex -10.437166325747967 18.997379772365093 49
      vertex -10.402113035321236 19.11803399026394 70.1
      vertex -10.437166325747967 18.997379772365093 70.1
    endloop
  endfacet
  facet normal 0.9408807601378322 -0.33873794473376473 0
    outer loop
      vertex -10.402113035321236 19.11803399026394 49
      vertex -10.359552972018719 19.23624910414219 70.1
      vertex -10.402113035321236 19.11803399026394 70.1
    endloop
  endfacet
  facet normal 0.9177546145502758 -0.39714791636325447 0
    outer loop
      vertex -10.309654101729393 19.351558580994606 49
      vertex -10.309654101729393 19.351558580994606 70.1
      vertex -10.359552972018719 19.23624910414219 70.1
    endloop
  endfacet
  facet normal 0.8910065296360402 -0.45399048904788764 0
    outer loop
      vertex -10.309654101729393 19.351558580994606 49
      vertex -10.252613358199596 19.46350734680891 70.1
      vertex -10.309654101729393 19.351558580994606 70.1
    endloop
  endfacet
  facet normal 0.8607420436463317 -0.509041387609629 0
    outer loop
      vertex -10.188655853271484 19.571653589606285 49
      vertex -10.188655853271484 19.571653589606285 70.1
      vertex -10.252613358199596 19.46350734680891 70.1
    endloop
  endfacet
  facet normal 0.8270805680771317 -0.5620833869713721 0
    outer loop
      vertex -10.118033990263939 19.675570502877235 49
      vertex -10.118033990263939 19.675570502877235 70.1
      vertex -10.188655853271484 19.571653589606285 70.1
    endloop
  endfacet
  facet normal 0.7901550130016157 -0.6129070528460384 0
    outer loop
      vertex -10.04102648794651 19.774847976863384 49
      vertex -10.04102648794651 19.774847976863384 70.1
      vertex -10.118033990263939 19.675570502877235 70.1
    endloop
  endfacet
  facet normal 0.7501110840441693 -0.6613118489745069 0
    outer loop
      vertex -10.04102648794651 19.774847976863384 49
      vertex -9.957937255501747 19.86909421533346 70.1
      vertex -10.04102648794651 19.774847976863384 70.1
    endloop
  endfacet
  facet normal 0.7071067811865476 -0.7071067811865476 0
    outer loop
      vertex -9.869094215333462 19.957937255501747 49
      vertex -9.869094215333462 19.957937255501747 70.1
      vertex -9.957937255501747 19.86909421533346 70.1
    endloop
  endfacet
  facet normal 0.6613118489745069 -0.7501110840441693 0
    outer loop
      vertex -9.774847976863384 20.04102648794651 49
      vertex -9.774847976863384 20.04102648794651 70.1
      vertex -9.869094215333462 19.957937255501747 70.1
    endloop
  endfacet
  facet normal 0.6129070528460384 -0.7901550130016157 0
    outer loop
      vertex -9.774847976863384 20.04102648794651 49
      vertex -9.675570502877235 20.11803399026394 70.1
      vertex -9.774847976863384 20.04102648794651 70.1
    endloop
  endfacet
  facet normal 0.5620833869713721 -0.8270805680771317 0
    outer loop
      vertex -9.675570502877235 20.11803399026394 49
      vertex -9.571653589606285 20.188655853271484 70.1
      vertex -9.675570502877235 20.11803399026394 70.1
    endloop
  endfacet
  facet normal 0.509041387609629 -0.8607420436463317 0
    outer loop
      vertex -9.46350734680891 20.252613358199596 49
      vertex -9.46350734680891 20.252613358199596 70.1
      vertex -9.571653589606285 20.188655853271484 70.1
    endloop
  endfacet
  facet normal 0.45399048904788764 -0.8910065296360402 0
    outer loop
      vertex -9.351558580994606 20.309654101729393 49
      vertex -9.351558580994606 20.309654101729393 70.1
      vertex -9.46350734680891 20.252613358199596 70.1
    endloop
  endfacet
  facet normal 0.39714791636325447 -0.9177546145502758 0
    outer loop
      vertex -9.351558580994606 20.309654101729393 49
      vertex -9.236249104142189 20.35955297201872 70.1
      vertex -9.351558580994606 20.309654101729393 70.1
    endloop
  endfacet
  facet normal 0.33873794473376473 -0.9408807601378322 0
    outer loop
      vertex -9.118033990263939 20.402113035321236 49
      vertex -9.118033990263939 20.402113035321236 70.1
      vertex -9.236249104142189 20.35955297201872 70.1
    endloop
  endfacet
  facet normal 0.27899110419796797 -0.9602936862118789 0
    outer loop
      vertex -8.997379772365093 20.437166325747967 49
      vertex -8.997379772365093 20.437166325747967 70.1
      vertex -9.118033990263939 20.402113035321236 70.1
    endloop
  endfacet
  facet normal 0.2181432188917103 -0.9759167669691732 0
    outer loop
      vertex -8.997379772365093 20.437166325747967 49
      vertex -8.874762631952763 20.46457450091839 70.1
      vertex -8.997379772365093 20.437166325747967 70.1
    endloop
  endfacet
  facet normal 0.15643445396088942 -0.987688342349933 0
    outer loop
      vertex -8.750666469335556 20.484229400753975 49
      vertex -8.750666469335556 20.484229400753975 70.1
      vertex -8.874762631952763 20.46457450091839 70.1
    endloop
  endfacet
  facet normal 0.09410833107904502 -0.9955619629242154 0
    outer loop
      vertex -8.750666469335556 20.484229400753975 49
      vertex -8.625581040978432 20.496053457260132 70.1
      vertex -8.750666469335556 20.484229400753975 70.1
    endloop
  endfacet
  facet normal 0.031410755389397915 -0.9995065604816545 0
    outer loop
      vertex -8.5 20.5 49
      vertex -8.5 20.5 70.1
      vertex -8.625581040978432 20.496053457260132 70.1
    endloop
  endfacet
  facet normal 0 -1 0
    outer loop
      vertex -8.5 20.5 49
      vertex 8.5 20.5 49
      vertex -8.5 20.5 70.1
    endloop
  endfacet
  facet normal 0 -1 0
    outer loop
      vertex 8.5 20.5 49
      vertex 8.5 20.5 70.1
      vertex -8.5 20.5 70.1
    endloop
  endfacet
  facet normal 0 0 1
    outer loop
      vertex 10.484229400753975 -18.750666469335556 49
      vertex 8.625581040978432 20.496053457260132 49
      vertex 8.5 20.5 49
    endloop
  endfacet
  facet normal 0 0 1
    outer loop
      vertex 10.484229400753975 -18.750666469335556 49
      vertex 8.750666469335556 20.484229400753975 49
      vertex 8.625581040978432 20.496053457260132 49
    endloop
  endfacet
  facet normal 0 0 1
    outer loop
      vertex 10.484229400753975 -18.750666469335556 49
      vertex 8.874762631952763 20.46457450091839 49
      vertex 8.750666469335556 20.484229400753975 49
    endloop
  endfacet
  facet normal 0 0 1
    outer loop
      vertex 10.484229400753975 -18.750666469335556 49
      vertex 9.118033990263939 20.402113035321236 49
      vertex 8.997379772365093 20.437166325747967 49
    endloop
  endfacet
  facet normal 0 0 1
    outer loop
      vertex 10.484229400753975 -18.750666469335556 49
      vertex 9.236249104142189 20.35955297201872 49
      vertex 9.118033990263939 20.402113035321236 49
    endloop
  endfacet
  facet normal 0 0 1
    outer loop
      vertex 10.484229400753975 -18.750666469335556 49
      vertex 8.997379772365093 20.437166325747967 49
      vertex 8.874762631952763 20.46457450091839 49
    endloop
  endfacet
  facet normal 0 0 1
    outer loop
      vertex 10.484229400753975 -18.750666469335556 49
      vertex 10.437166325747967 18.997379772365093 49
      vertex 10.402113035321236 19.11803399026394 49
    endloop
  endfacet
  facet normal 0 0 1
    outer loop
      vertex 10.484229400753975 -18.750666469335556 49
      vertex 10.5 18.5 49
      vertex 10.496053457260132 18.62558104097843 49
    endloop
  endfacet
  facet normal 0 0 1
    outer loop
      vertex 10.484229400753975 -18.750666469335556 49
      vertex 10.496053457260132 18.62558104097843 49
      vertex 10.484229400753975 18.750666469335556 49
    endloop
  endfacet
  facet normal 0 0 1
    outer loop
      vertex 10.484229400753975 -18.750666469335556 49
      vertex 10.484229400753975 18.750666469335556 49
      vertex 10.464574500918388 18.874762631952763 49
    endloop
  endfacet
  facet normal 0 0 1
    outer loop
      vertex 10.484229400753975 -18.750666469335556 49
      vertex 10.464574500918388 18.874762631952763 49
      vertex 10.437166325747967 18.997379772365093 49
    endloop
  endfacet
  facet normal 0 0 1
    outer loop
      vertex 10.484229400753975 -18.750666469335556 49
      vertex 9.675570502877235 20.11803399026394 49
      vertex 9.571653589606285 20.188655853271484 49
    endloop
  endfacet
  facet normal 0 0 1
    outer loop
      vertex 10.484229400753975 -18.750666469335556 49
      vertex 10.04102648794651 19.774847976863384 49
      vertex 9.957937255501747 19.86909421533346 49
    endloop
  endfacet
  facet normal 0 0 1
    outer loop
      vertex 10.484229400753975 -18.750666469335556 49
      vertex 9.869094215333462 19.957937255501747 49
      vertex 9.774847976863384 20.04102648794651 49
    endloop
  endfacet
  facet normal 0 0 1
    outer loop
      vertex 10.484229400753975 -18.750666469335556 49
      vertex 9.774847976863384 20.04102648794651 49
      vertex 9.675570502877235 20.11803399026394 49
    endloop
  endfacet
  facet normal 0 0 1
    outer loop
      vertex 10.484229400753975 -18.750666469335556 49
      vertex 9.957937255501747 19.86909421533346 49
      vertex 9.869094215333462 19.957937255501747 49
    endloop
  endfacet
  facet normal 0 0 1
    outer loop
      vertex 10.484229400753975 -18.750666469335556 49
      vertex 10.402113035321236 19.11803399026394 49
      vertex 10.359552972018719 19.23624910414219 49
    endloop
  endfacet
  facet normal 0 0 1
    outer loop
      vertex 10.484229400753975 -18.750666469335556 49
      vertex 10.359552972018719 19.23624910414219 49
      vertex 10.309654101729393 19.351558580994606 49
    endloop
  endfacet
  facet normal 0 0 1
    outer loop
      vertex 10.484229400753975 -18.750666469335556 49
      vertex 10.252613358199596 19.46350734680891 49
      vertex 10.188655853271484 19.571653589606285 49
    endloop
  endfacet
  facet normal 0 0 1
    outer loop
      vertex 10.484229400753975 -18.750666469335556 49
      vertex 10.309654101729393 19.351558580994606 49
      vertex 10.252613358199596 19.46350734680891 49
    endloop
  endfacet
  facet normal 0 0 1
    outer loop
      vertex 10.484229400753975 -18.750666469335556 49
      vertex 10.188655853271484 19.571653589606285 49
      vertex 10.118033990263939 19.675570502877235 49
    endloop
  endfacet
  facet normal 0 0 1
    outer loop
      vertex 10.484229400753975 -18.750666469335556 49
      vertex 10.118033990263939 19.675570502877235 49
      vertex 10.04102648794651 19.774847976863384 49
    endloop
  endfacet
  facet normal 0 0 1
    outer loop
      vertex 10.484229400753975 -18.750666469335556 49
      vertex 9.46350734680891 20.252613358199596 49
      vertex 9.351558580994606 20.309654101729393 49
    endloop
  endfacet
  facet normal 0 0 1
    outer loop
      vertex 10.484229400753975 -18.750666469335556 49
      vertex 9.351558580994606 20.309654101729393 49
      vertex 9.236249104142189 20.35955297201872 49
    endloop
  endfacet
  facet normal 0 0 1
    outer loop
      vertex 10.484229400753975 -18.750666469335556 49
      vertex 9.571653589606285 20.188655853271484 49
      vertex 9.46350734680891 20.252613358199596 49
    endloop
  endfacet
  facet normal -1 0 0
    outer loop
      vertex 10.5 -18.5 49
      vertex 10.5 18.5 70.1
      vertex 10.5 18.5 49
    endloop
  endfacet
  facet normal -0.9995065604816545 -0.031410755389397915 0
    outer loop
      vertex 10.5 18.5 49
      vertex 10.496053457260132 18.62558104097843 70.1
      vertex 10.496053457260132 18.62558104097843 49
    endloop
  endfacet
  facet normal -0.9759167669691732 -0.2181432188917103 0
    outer loop
      vertex 10.464574500918388 18.874762631952763 49
      vertex 10.437166325747967 18.997379772365093 70.1
      vertex 10.437166325747967 18.997379772365093 49
    endloop
  endfacet
  facet normal -0.9602936862118789 -0.27899110419796797 0
    outer loop
      vertex 10.402113035321236 19.11803399026394 49
      vertex 10.437166325747967 18.997379772365093 49
      vertex 10.437166325747967 18.997379772365093 70.1
    endloop
  endfacet
  facet normal -0.9955619629242154 -0.09410833107904502 0
    outer loop
      vertex 10.496053457260132 18.62558104097843 49
      vertex 10.484229400753975 18.750666469335556 70.1
      vertex 10.484229400753975 18.750666469335556 49
    endloop
  endfacet
  facet normal -0.987688342349933 -0.15643445396088942 0
    outer loop
      vertex 10.484229400753975 18.750666469335556 49
      vertex 10.484229400753975 18.750666469335556 70.1
      vertex 10.464574500918388 18.874762631952763 49
    endloop
  endfacet
  facet normal -0.9408807601378322 -0.33873794473376473 0
    outer loop
      vertex 10.402113035321236 19.11803399026394 49
      vertex 10.402113035321236 19.11803399026394 70.1
      vertex 10.359552972018719 19.23624910414219 49
    endloop
  endfacet
  facet normal -0.9177546145502758 -0.39714791636325447 0
    outer loop
      vertex 10.309654101729393 19.351558580994606 49
      vertex 10.359552972018719 19.23624910414219 49
      vertex 10.309654101729393 19.351558580994606 70.1
    endloop
  endfacet
  facet normal -0.8910065296360402 -0.45399048904788764 0
    outer loop
      vertex 10.252613358199596 19.46350734680891 49
      vertex 10.309654101729393 19.351558580994606 49
      vertex 10.309654101729393 19.351558580994606 70.1
    endloop
  endfacet
  facet normal -0.8270805680771317 -0.5620833869713721 0
    outer loop
      vertex 10.118033990263939 19.675570502877235 49
      vertex 10.188655853271484 19.571653589606285 49
      vertex 10.118033990263939 19.675570502877235 70.1
    endloop
  endfacet
  facet normal -0.7901550130016157 -0.6129070528460384 0
    outer loop
      vertex 10.04102648794651 19.774847976863384 49
      vertex 10.118033990263939 19.675570502877235 49
      vertex 10.118033990263939 19.675570502877235 70.1
    endloop
  endfacet
  facet normal -0.7071067811865476 -0.7071067811865476 0
    outer loop
      vertex 9.869094215333462 19.957937255501747 49
      vertex 9.957937255501747 19.86909421533346 49
      vertex 9.869094215333462 19.957937255501747 70.1
    endloop
  endfacet
  facet normal -0.6613118489745069 -0.7501110840441693 0
    outer loop
      vertex 9.774847976863384 20.04102648794651 49
      vertex 9.869094215333462 19.957937255501747 49
      vertex 9.774847976863384 20.04102648794651 70.1
    endloop
  endfacet
  facet normal -0.6129070528460384 -0.7901550130016157 0
    outer loop
      vertex 9.675570502877235 20.11803399026394 49
      vertex 9.774847976863384 20.04102648794651 49
      vertex 9.675570502877235 20.11803399026394 70.1
    endloop
  endfacet
  facet normal -0.7501110840441693 -0.6613118489745069 0
    outer loop
      vertex 10.04102648794651 19.774847976863384 49
      vertex 9.957937255501747 19.86909421533346 70.1
      vertex 9.957937255501747 19.86909421533346 49
    endloop
  endfacet
  facet normal -0.8607420436463317 -0.509041387609629 0
    outer loop
      vertex 10.252613358199596 19.46350734680891 49
      vertex 10.188655853271484 19.571653589606285 70.1
      vertex 10.188655853271484 19.571653589606285 49
    endloop
  endfacet
  facet normal -0.031410755389397915 -0.9995065604816545 0
    outer loop
      vertex 8.5 20.5 49
      vertex 8.625581040978432 20.496053457260132 49
      vertex 8.625581040978432 20.496053457260132 70.1
    endloop
  endfacet
  facet normal -0.15643445396088942 -0.987688342349933 0
    outer loop
      vertex 8.750666469335556 20.484229400753975 49
      vertex 8.874762631952763 20.46457450091839 49
      vertex 8.750666469335556 20.484229400753975 70.1
    endloop
  endfacet
  facet normal -0.2181432188917103 -0.9759167669691732 0
    outer loop
      vertex 8.874762631952763 20.46457450091839 49
      vertex 8.997379772365093 20.437166325747967 49
      vertex 8.874762631952763 20.46457450091839 70.1
    endloop
  endfacet
  facet normal -0.27899110419796797 -0.9602936862118789 0
    outer loop
      vertex 8.997379772365093 20.437166325747967 49
      vertex 9.118033990263939 20.402113035321236 49
      vertex 8.997379772365093 20.437166325747967 70.1
    endloop
  endfacet
  facet normal -0.09410833107904502 -0.9955619629242154 0
    outer loop
      vertex 8.625581040978432 20.496053457260132 49
      vertex 8.750666469335556 20.484229400753975 49
      vertex 8.625581040978432 20.496053457260132 70.1
    endloop
  endfacet
  facet normal -0.45399048904788764 -0.8910065296360402 0
    outer loop
      vertex 9.351558580994606 20.309654101729393 49
      vertex 9.46350734680891 20.252613358199596 49
      vertex 9.46350734680891 20.252613358199596 70.1
    endloop
  endfacet
  facet normal -0.33873794473376473 -0.9408807601378322 0
    outer loop
      vertex 9.118033990263939 20.402113035321236 49
      vertex 9.236249104142189 20.35955297201872 49
      vertex 9.236249104142189 20.35955297201872 70.1
    endloop
  endfacet
  facet normal -0.39714791636325447 -0.9177546145502758 0
    outer loop
      vertex 9.236249104142189 20.35955297201872 49
      vertex 9.351558580994606 20.309654101729393 49
      vertex 9.236249104142189 20.35955297201872 70.1
    endloop
  endfacet
  facet normal -0.509041387609629 -0.8607420436463317 0
    outer loop
      vertex 9.46350734680891 20.252613358199596 49
      vertex 9.571653589606285 20.188655853271484 49
      vertex 9.46350734680891 20.252613358199596 70.1
    endloop
  endfacet
  facet normal -0.5620833869713721 -0.8270805680771317 0
    outer loop
      vertex 9.675570502877235 20.11803399026394 49
      vertex 9.675570502877235 20.11803399026394 70.1
      vertex 9.571653589606285 20.188655853271484 49
    endloop
  endfacet
  facet normal -0.9995065604816545 -0.031410755389397915 0
    outer loop
      vertex 10.5 18.5 49
      vertex 10.5 18.5 70.1
      vertex 10.496053457260132 18.62558104097843 70.1
    endloop
  endfacet
  facet normal -0.9955619629242154 -0.09410833107904502 0
    outer loop
      vertex 10.496053457260132 18.62558104097843 49
      vertex 10.496053457260132 18.62558104097843 70.1
      vertex 10.484229400753975 18.750666469335556 70.1
    endloop
  endfacet
  facet normal -0.9759167669691732 -0.2181432188917103 0
    outer loop
      vertex 10.464574500918388 18.874762631952763 49
      vertex 10.464574500918388 18.874762631952763 70.1
      vertex 10.437166325747967 18.997379772365093 70.1
    endloop
  endfacet
  facet normal -0.987688342349933 -0.15643445396088942 0
    outer loop
      vertex 10.464574500918388 18.874762631952763 49
      vertex 10.484229400753975 18.750666469335556 70.1
      vertex 10.464574500918388 18.874762631952763 70.1
    endloop
  endfacet
  facet normal -0.9602936862118789 -0.27899110419796797 0
    outer loop
      vertex 10.402113035321236 19.11803399026394 49
      vertex 10.437166325747967 18.997379772365093 70.1
      vertex 10.402113035321236 19.11803399026394 70.1
    endloop
  endfacet
  facet normal -0.9408807601378322 -0.33873794473376473 0
    outer loop
      vertex 10.359552972018719 19.23624910414219 49
      vertex 10.402113035321236 19.11803399026394 70.1
      vertex 10.359552972018719 19.23624910414219 70.1
    endloop
  endfacet
  facet normal -0.9177546145502758 -0.39714791636325447 0
    outer loop
      vertex 10.359552972018719 19.23624910414219 49
      vertex 10.359552972018719 19.23624910414219 70.1
      vertex 10.309654101729393 19.351558580994606 70.1
    endloop
  endfacet
  facet normal -0.7901550130016157 -0.6129070528460384 0
    outer loop
      vertex 10.04102648794651 19.774847976863384 49
      vertex 10.118033990263939 19.675570502877235 70.1
      vertex 10.04102648794651 19.774847976863384 70.1
    endloop
  endfacet
  facet normal -0.8270805680771317 -0.5620833869713721 0
    outer loop
      vertex 10.188655853271484 19.571653589606285 49
      vertex 10.188655853271484 19.571653589606285 70.1
      vertex 10.118033990263939 19.675570502877235 70.1
    endloop
  endfacet
  facet normal -0.7071067811865476 -0.7071067811865476 0
    outer loop
      vertex 9.957937255501747 19.86909421533346 49
      vertex 9.957937255501747 19.86909421533346 70.1
      vertex 9.869094215333462 19.957937255501747 70.1
    endloop
  endfacet
  facet normal -0.6129070528460384 -0.7901550130016157 0
    outer loop
      vertex 9.774847976863384 20.04102648794651 49
      vertex 9.774847976863384 20.04102648794651 70.1
      vertex 9.675570502877235 20.11803399026394 70.1
    endloop
  endfacet
  facet normal -0.6613118489745069 -0.7501110840441693 0
    outer loop
      vertex 9.869094215333462 19.957937255501747 49
      vertex 9.869094215333462 19.957937255501747 70.1
      vertex 9.774847976863384 20.04102648794651 70.1
    endloop
  endfacet
  facet normal -0.7501110840441693 -0.6613118489745069 0
    outer loop
      vertex 10.04102648794651 19.774847976863384 49
      vertex 10.04102648794651 19.774847976863384 70.1
      vertex 9.957937255501747 19.86909421533346 70.1
    endloop
  endfacet
  facet normal -0.8910065296360402 -0.45399048904788764 0
    outer loop
      vertex 10.252613358199596 19.46350734680891 49
      vertex 10.309654101729393 19.351558580994606 70.1
      vertex 10.252613358199596 19.46350734680891 70.1
    endloop
  endfacet
  facet normal -0.8607420436463317 -0.509041387609629 0
    outer loop
      vertex 10.252613358199596 19.46350734680891 49
      vertex 10.252613358199596 19.46350734680891 70.1
      vertex 10.188655853271484 19.571653589606285 70.1
    endloop
  endfacet
  facet normal -0.031410755389397915 -0.9995065604816545 0
    outer loop
      vertex 8.5 20.5 49
      vertex 8.625581040978432 20.496053457260132 70.1
      vertex 8.5 20.5 70.1
    endloop
  endfacet
  facet normal -0.15643445396088942 -0.987688342349933 0
    outer loop
      vertex 8.874762631952763 20.46457450091839 49
      vertex 8.874762631952763 20.46457450091839 70.1
      vertex 8.750666469335556 20.484229400753975 70.1
    endloop
  endfacet
  facet normal -0.2181432188917103 -0.9759167669691732 0
    outer loop
      vertex 8.997379772365093 20.437166325747967 49
      vertex 8.997379772365093 20.437166325747967 70.1
      vertex 8.874762631952763 20.46457450091839 70.1
    endloop
  endfacet
  facet normal -0.33873794473376473 -0.9408807601378322 0
    outer loop
      vertex 9.118033990263939 20.402113035321236 49
      vertex 9.236249104142189 20.35955297201872 70.1
      vertex 9.118033990263939 20.402113035321236 70.1
    endloop
  endfacet
  facet normal -0.27899110419796797 -0.9602936862118789 0
    outer loop
      vertex 9.118033990263939 20.402113035321236 49
      vertex 9.118033990263939 20.402113035321236 70.1
      vertex 8.997379772365093 20.437166325747967 70.1
    endloop
  endfacet
  facet normal -0.09410833107904502 -0.9955619629242154 0
    outer loop
      vertex 8.750666469335556 20.484229400753975 49
      vertex 8.750666469335556 20.484229400753975 70.1
      vertex 8.625581040978432 20.496053457260132 70.1
    endloop
  endfacet
  facet normal -0.45399048904788764 -0.8910065296360402 0
    outer loop
      vertex 9.351558580994606 20.309654101729393 49
      vertex 9.46350734680891 20.252613358199596 70.1
      vertex 9.351558580994606 20.309654101729393 70.1
    endloop
  endfacet
  facet normal -0.39714791636325447 -0.9177546145502758 0
    outer loop
      vertex 9.351558580994606 20.309654101729393 49
      vertex 9.351558580994606 20.309654101729393 70.1
      vertex 9.236249104142189 20.35955297201872 70.1
    endloop
  endfacet
  facet normal -0.509041387609629 -0.8607420436463317 0
    outer loop
      vertex 9.571653589606285 20.188655853271484 49
      vertex 9.571653589606285 20.188655853271484 70.1
      vertex 9.46350734680891 20.252613358199596 70.1
    endloop
  endfacet
  facet normal -0.5620833869713721 -0.8270805680771317 0
    outer loop
      vertex 9.571653589606285 20.188655853271484 49
      vertex 9.675570502877235 20.11803399026394 70.1
      vertex 9.571653589606285 20.188655853271484 70.1
    endloop
  endfacet
  facet normal 0 0 -1
    outer loop
      vertex 27.63090578466654 -22.457937255501747 0
      vertex 52.80965410172939 -21.851558580994606 0
      vertex 27.725152023136616 -22.54102648794651 0
    endloop
  endfacet
  facet normal 0 0 -1
    outer loop
      vertex 27.928346410393715 -22.688655853271484 0
      vertex 27.824429497122765 -22.61803399026394 0
      vertex 52.80965410172939 -21.851558580994606 0
    endloop
  endfacet
  facet normal 0 0 -1
    outer loop
      vertex 27.725152023136616 -22.54102648794651 0
      vertex 52.80965410172939 -21.851558580994606 0
      vertex 27.824429497122765 -22.61803399026394 0
    endloop
  endfacet
  facet normal 0 0 -1
    outer loop
      vertex 28.03649265319109 -22.752613358199596 0
      vertex 52.80965410172939 -21.851558580994606 0
      vertex 28.148441419005394 -22.809654101729393 0
    endloop
  endfacet
  facet normal 0 0 -1
    outer loop
      vertex 28.148441419005394 -22.809654101729393 0
      vertex 52.80965410172939 -21.851558580994606 0
      vertex 28.26375089585781 -22.85955297201872 0
    endloop
  endfacet
  facet normal 0 0 -1
    outer loop
      vertex 28.26375089585781 -22.85955297201872 0
      vertex 52.80965410172939 -21.851558580994606 0
      vertex 28.38196600973606 -22.902113035321236 0
    endloop
  endfacet
  facet normal 0 0 -1
    outer loop
      vertex 27.928346410393715 -22.688655853271484 0
      vertex 52.80965410172939 -21.851558580994606 0
      vertex 28.03649265319109 -22.752613358199596 0
    endloop
  endfacet
  facet normal 0 0 -1
    outer loop
      vertex 27.542062744498253 -22.36909421533346 0
      vertex 27.45897351205349 -22.274847976863384 0
      vertex 52.80965410172939 -21.851558580994606 0
    endloop
  endfacet
  facet normal 0 0 -1
    outer loop
      vertex 27.38196600973606 -22.175570502877235 0
      vertex 27.311344146728516 -22.071653589606285 0
      vertex 52.80965410172939 -21.851558580994606 0
    endloop
  endfacet
  facet normal 0 0 -1
    outer loop
      vertex 27.247386641800404 -21.96350734680891 0
      vertex 52.80965410172939 -21.851558580994606 0
      vertex 27.311344146728516 -22.071653589606285 0
    endloop
  endfacet
  facet normal 0 0 -1
    outer loop
      vertex 27.38196600973606 -22.175570502877235 0
      vertex 52.80965410172939 -21.851558580994606 0
      vertex 27.45897351205349 -22.274847976863384 0
    endloop
  endfacet
  facet normal 0 0 -1
    outer loop
      vertex 27.190345898270607 -21.851558580994606 0
      vertex 27.14044702798128 -21.73624910414219 0
      vertex 52.80965410172939 -21.851558580994606 0
    endloop
  endfacet
  facet normal 0 0 -1
    outer loop
      vertex 27.097886964678764 -21.61803399026394 0
      vertex 27.062833674252033 -21.497379772365093 0
      vertex 52.80965410172939 -21.851558580994606 0
    endloop
  endfacet
  facet normal 0 0 -1
    outer loop
      vertex 27.097886964678764 -21.61803399026394 0
      vertex 52.80965410172939 -21.851558580994606 0
      vertex 27.14044702798128 -21.73624910414219 0
    endloop
  endfacet
  facet normal 0 0 -1
    outer loop
      vertex 27.062833674252033 -21.497379772365093 0
      vertex 27.03542549908161 -21.374762631952763 0
      vertex 52.80965410172939 -21.851558580994606 0
    endloop
  endfacet
  facet normal 0 0 -1
    outer loop
      vertex 27.190345898270607 -21.851558580994606 0
      vertex 52.80965410172939 -21.851558580994606 0
      vertex 27.247386641800404 -21.96350734680891 0
    endloop
  endfacet
  facet normal 0 0 -1
    outer loop
      vertex 27.542062744498253 -22.36909421533346 0
      vertex 52.80965410172939 -21.851558580994606 0
      vertex 27.63090578466654 -22.457937255501747 0
    endloop
  endfacet
  facet normal 0 0 -1
    outer loop
      vertex 27.03542549908161 -21.374762631952763 0
      vertex 27.015770599246025 -21.250666469335556 0
      vertex 52.80965410172939 -21.851558580994606 0
    endloop
  endfacet
  facet normal 0 0 -1
    outer loop
      vertex 27.015770599246025 -21.250666469335556 0
      vertex 27.003946542739868 -21.12558104097843 0
      vertex 52.80965410172939 -21.851558580994606 0
    endloop
  endfacet
  facet normal 0 0 -1
    outer loop
      vertex 27.003946542739868 -21.12558104097843 0
      vertex 27 -21 0
      vertex 52.80965410172939 -21.851558580994606 0
    endloop
  endfacet
  facet normal -0.917754614550276 -0.3971479163632545 0
    outer loop
      vertex 27.190345898270607 -21.851558580994606 0
      vertex 27.14044702798128 -21.73624910414219 70.1
      vertex 27.14044702798128 -21.73624910414219 0
    endloop
  endfacet
  facet normal -0.960293686211879 -0.27899110419796797 0
    outer loop
      vertex 27.097886964678764 -21.61803399026394 0
      vertex 27.097886964678764 -21.61803399026394 70.1
      vertex 27.062833674252033 -21.497379772365093 0
    endloop
  endfacet
  facet normal -0.9408807601378323 -0.33873794473376473 0
    outer loop
      vertex 27.097886964678764 -21.61803399026394 0
      vertex 27.14044702798128 -21.73624910414219 0
      vertex 27.14044702798128 -21.73624910414219 70.1
    endloop
  endfacet
  facet normal -0.6613118489745071 -0.7501110840441694 0
    outer loop
      vertex 27.63090578466654 -22.457937255501747 0
      vertex 27.725152023136616 -22.54102648794651 0
      vertex 27.725152023136616 -22.54102648794651 70.1
    endloop
  endfacet
  facet normal -0.7071067811865475 -0.7071067811865475 0
    outer loop
      vertex 27.542062744498253 -22.36909421533346 0
      vertex 27.63090578466654 -22.457937255501747 0
      vertex 27.542062744498253 -22.36909421533346 70.1
    endloop
  endfacet
  facet normal -0.7501110840441694 -0.6613118489745071 0
    outer loop
      vertex 27.542062744498253 -22.36909421533346 0
      vertex 27.542062744498253 -22.36909421533346 70.1
      vertex 27.45897351205349 -22.274847976863384 0
    endloop
  endfacet
  facet normal -0.5620833869713721 -0.8270805680771316 0
    outer loop
      vertex 27.928346410393715 -22.688655853271484 0
      vertex 27.824429497122765 -22.61803399026394 70.1
      vertex 27.824429497122765 -22.61803399026394 0
    endloop
  endfacet
  facet normal -0.3971479163632545 -0.917754614550276 0
    outer loop
      vertex 28.148441419005394 -22.809654101729393 0
      vertex 28.26375089585781 -22.85955297201872 0
      vertex 28.26375089585781 -22.85955297201872 70.1
    endloop
  endfacet
  facet normal -0.5090413876096289 -0.8607420436463316 0
    outer loop
      vertex 27.928346410393715 -22.688655853271484 0
      vertex 28.03649265319109 -22.752613358199596 0
      vertex 28.03649265319109 -22.752613358199596 70.1
    endloop
  endfacet
  facet normal -0.4539904890478877 -0.8910065296360401 0
    outer loop
      vertex 28.03649265319109 -22.752613358199596 0
      vertex 28.148441419005394 -22.809654101729393 0
      vertex 28.148441419005394 -22.809654101729393 70.1
    endloop
  endfacet
  facet normal -0.6129070528460385 -0.7901550130016157 0
    outer loop
      vertex 27.725152023136616 -22.54102648794651 0
      vertex 27.824429497122765 -22.61803399026394 0
      vertex 27.725152023136616 -22.54102648794651 70.1
    endloop
  endfacet
  facet normal -0.8270805680771316 -0.5620833869713721 0
    outer loop
      vertex 27.38196600973606 -22.175570502877235 0
      vertex 27.311344146728516 -22.071653589606285 70.1
      vertex 27.311344146728516 -22.071653589606285 0
    endloop
  endfacet
  facet normal -0.7901550130016157 -0.6129070528460385 0
    outer loop
      vertex 27.38196600973606 -22.175570502877235 0
      vertex 27.45897351205349 -22.274847976863384 0
      vertex 27.45897351205349 -22.274847976863384 70.1
    endloop
  endfacet
  facet normal -0.8607420436463316 -0.5090413876096289 0
    outer loop
      vertex 27.247386641800404 -21.96350734680891 0
      vertex 27.311344146728516 -22.071653589606285 0
      vertex 27.311344146728516 -22.071653589606285 70.1
    endloop
  endfacet
  facet normal -0.8910065296360401 -0.4539904890478877 0
    outer loop
      vertex 27.190345898270607 -21.851558580994606 0
      vertex 27.247386641800404 -21.96350734680891 0
      vertex 27.247386641800404 -21.96350734680891 70.1
    endloop
  endfacet
  facet normal -0.9759167669691731 -0.2181432188917103 0
    outer loop
      vertex 27.062833674252033 -21.497379772365093 0
      vertex 27.03542549908161 -21.374762631952763 70.1
      vertex 27.03542549908161 -21.374762631952763 0
    endloop
  endfacet
  facet normal -0.9876883423499331 -0.15643445396088942 0
    outer loop
      vertex 27.03542549908161 -21.374762631952763 0
      vertex 27.015770599246025 -21.250666469335556 70.1
      vertex 27.015770599246025 -21.250666469335556 0
    endloop
  endfacet
  facet normal -0.9955619629242153 -0.09410833107904504 0
    outer loop
      vertex 27.015770599246025 -21.250666469335556 0
      vertex 27.015770599246025 -21.250666469335556 70.1
      vertex 27.003946542739868 -21.12558104097843 0
    endloop
  endfacet
  facet normal -0.9995065604816546 -0.031410755389397915 0
    outer loop
      vertex 27.003946542739868 -21.12558104097843 0
      vertex 27 -21 70.1
      vertex 27 -21 0
    endloop
  endfacet
  facet normal -0.33873794473376473 -0.9408807601378323 0
    outer loop
      vertex 28.26375089585781 -22.85955297201872 0
      vertex 28.38196600973606 -22.902113035321236 0
      vertex 28.38196600973606 -22.902113035321236 70.1
    endloop
  endfacet
  facet normal -0.27899110419796797 -0.960293686211879 0
    outer loop
      vertex 28.38196600973606 -22.902113035321236 0
      vertex 28.502620227634907 -22.937166325747967 0
      vertex 28.38196600973606 -22.902113035321236 70.1
    endloop
  endfacet
  facet normal -0.2181432188917103 -0.9759167669691731 0
    outer loop
      vertex 28.502620227634907 -22.937166325747967 0
      vertex 28.625237368047237 -22.96457450091839 0
      vertex 28.625237368047237 -22.96457450091839 70.1
    endloop
  endfacet
  facet normal -0.15643445396088942 -0.9876883423499331 0
    outer loop
      vertex 28.625237368047237 -22.96457450091839 0
      vertex 28.749333530664444 -22.984229400753975 0
      vertex 28.749333530664444 -22.984229400753975 70.1
    endloop
  endfacet
  facet normal -0.09410833107904504 -0.9955619629242153 0
    outer loop
      vertex 28.749333530664444 -22.984229400753975 0
      vertex 28.87441895902157 -22.996053457260132 0
      vertex 28.749333530664444 -22.984229400753975 70.1
    endloop
  endfacet
  facet normal -0.031410755389397915 -0.9995065604816546 0
    outer loop
      vertex 28.87441895902157 -22.996053457260132 0
      vertex 29 -23 0
      vertex 28.87441895902157 -22.996053457260132 70.1
    endloop
  endfacet
  facet normal 0 0 -1
    outer loop
      vertex 27 -21 0
      vertex 27 21 0
      vertex 52.80965410172939 -21.851558580994606 0
    endloop
  endfacet
  facet normal -1 0 0
    outer loop
      vertex 27 -21 0
      vertex 27 -21 70.1
      vertex 27 21 0
    endloop
  endfacet
  facet normal 0 0 -1
    outer loop
      vertex 28.38196600973606 -22.902113035321236 0
      vertex 52.80965410172939 -21.851558580994606 0
      vertex 28.502620227634907 -22.937166325747967 0
    endloop
  endfacet
  facet normal 0 0 -1
    outer loop
      vertex 28.502620227634907 -22.937166325747967 0
      vertex 52.80965410172939 -21.851558580994606 0
      vertex 28.625237368047237 -22.96457450091839 0
    endloop
  endfacet
  facet normal 0 0 -1
    outer loop
      vertex 28.625237368047237 -22.96457450091839 0
      vertex 52.80965410172939 -21.851558580994606 0
      vertex 28.749333530664444 -22.984229400753975 0
    endloop
  endfacet
  facet normal 0 0 -1
    outer loop
      vertex 28.749333530664444 -22.984229400753975 0
      vertex 52.80965410172939 -21.851558580994606 0
      vertex 28.87441895902157 -22.996053457260132 0
    endloop
  endfacet
  facet normal 0 0 -1
    outer loop
      vertex 28.87441895902157 -22.996053457260132 0
      vertex 52.80965410172939 -21.851558580994606 0
      vertex 29 -23 0
    endloop
  endfacet
  facet normal 0 0 -1
    outer loop
      vertex 29 -23 0
      vertex 52.80965410172939 -21.851558580994606 0
      vertex 51 -23 0
    endloop
  endfacet
  facet normal 0 0 -1
    outer loop
      vertex 51 -23 0
      vertex 52.80965410172939 -21.851558580994606 0
      vertex 51.12558104097843 -22.996053457260132 0
    endloop
  endfacet
  facet normal 0 0 -1
    outer loop
      vertex 51.12558104097843 -22.996053457260132 0
      vertex 52.80965410172939 -21.851558580994606 0
      vertex 51.250666469335556 -22.984229400753975 0
    endloop
  endfacet
  facet normal 0 0 -1
    outer loop
      vertex 51.250666469335556 -22.984229400753975 0
      vertex 52.80965410172939 -21.851558580994606 0
      vertex 51.37476263195276 -22.96457450091839 0
    endloop
  endfacet
  facet normal 0 0 -1
    outer loop
      vertex 51.37476263195276 -22.96457450091839 0
      vertex 52.80965410172939 -21.851558580994606 0
      vertex 51.49737977236509 -22.937166325747967 0
    endloop
  endfacet
  facet normal 0 0 -1
    outer loop
      vertex 51.49737977236509 -22.937166325747967 0
      vertex 52.80965410172939 -21.851558580994606 0
      vertex 51.61803399026394 -22.902113035321236 0
    endloop
  endfacet
  facet normal 0 0 -1
    outer loop
      vertex 51.61803399026394 -22.902113035321236 0
      vertex 52.80965410172939 -21.851558580994606 0
      vertex 51.73624910414219 -22.85955297201872 0
    endloop
  endfacet
  facet normal 0 0 -1
    outer loop
      vertex 51.73624910414219 -22.85955297201872 0
      vertex 52.80965410172939 -21.851558580994606 0
      vertex 51.851558580994606 -22.809654101729393 0
    endloop
  endfacet
  facet normal 0 0 -1
    outer loop
      vertex 51.851558580994606 -22.809654101729393 0
      vertex 52.80965410172939 -21.851558580994606 0
      vertex 51.96350734680891 -22.752613358199596 0
    endloop
  endfacet
  facet normal 0 0 -1
    outer loop
      vertex 51.96350734680891 -22.752613358199596 0
      vertex 52.80965410172939 -21.851558580994606 0
      vertex 52.071653589606285 -22.688655853271484 0
    endloop
  endfacet
  facet normal 0 0 -1
    outer loop
      vertex 52.071653589606285 -22.688655853271484 0
      vertex 52.80965410172939 -21.851558580994606 0
      vertex 52.175570502877235 -22.61803399026394 0
    endloop
  endfacet
  facet normal 0 0 -1
    outer loop
      vertex 52.175570502877235 -22.61803399026394 0
      vertex 52.80965410172939 -21.851558580994606 0
      vertex 52.274847976863384 -22.54102648794651 0
    endloop
  endfacet
  facet normal 0 0 -1
    outer loop
      vertex 52.274847976863384 -22.54102648794651 0
      vertex 52.80965410172939 -21.851558580994606 0
      vertex 52.36909421533346 -22.457937255501747 0
    endloop
  endfacet
  facet normal 0 0 -1
    outer loop
      vertex 52.36909421533346 -22.457937255501747 0
      vertex 52.80965410172939 -21.851558580994606 0
      vertex 52.45793725550175 -22.36909421533346 0
    endloop
  endfacet
  facet normal 0 0 -1
    outer loop
      vertex 52.45793725550175 -22.36909421533346 0
      vertex 52.80965410172939 -21.851558580994606 0
      vertex 52.54102648794651 -22.274847976863384 0
    endloop
  endfacet
  facet normal 0 0 -1
    outer loop
      vertex 52.54102648794651 -22.274847976863384 0
      vertex 52.80965410172939 -21.851558580994606 0
      vertex 52.61803399026394 -22.175570502877235 0
    endloop
  endfacet
  facet normal 0 0 -1
    outer loop
      vertex 52.61803399026394 -22.175570502877235 0
      vertex 52.80965410172939 -21.851558580994606 0
      vertex 52.688655853271484 -22.071653589606285 0
    endloop
  endfacet
  facet normal 0 0 -1
    outer loop
      vertex 52.688655853271484 -22.071653589606285 0
      vertex 52.80965410172939 -21.851558580994606 0
      vertex 52.752613358199596 -21.96350734680891 0
    endloop
  endfacet
  facet normal 0 0 -1
    outer loop
      vertex 52.80965410172939 -21.851558580994606 0
      vertex 52.902113035321236 -21.61803399026394 0
      vertex 52.85955297201872 -21.73624910414219 0
    endloop
  endfacet
  facet normal 0 0 -1
    outer loop
      vertex 52.80965410172939 -21.851558580994606 0
      vertex 52.93716632574797 -21.497379772365093 0
      vertex 52.902113035321236 -21.61803399026394 0
    endloop
  endfacet
  facet normal 0 0 -1
    outer loop
      vertex 52.80965410172939 -21.851558580994606 0
      vertex 52.96457450091839 -21.374762631952763 0
      vertex 52.93716632574797 -21.497379772365093 0
    endloop
  endfacet
  facet normal 0 0 -1
    outer loop
      vertex 52.80965410172939 -21.851558580994606 0
      vertex 52.984229400753975 -21.250666469335556 0
      vertex 52.96457450091839 -21.374762631952763 0
    endloop
  endfacet
  facet normal 0 0 -1
    outer loop
      vertex 52.80965410172939 -21.851558580994606 0
      vertex 52.99605345726013 -21.12558104097843 0
      vertex 52.984229400753975 -21.250666469335556 0
    endloop
  endfacet
  facet normal 0 0 -1
    outer loop
      vertex 52.80965410172939 -21.851558580994606 0
      vertex 53 -21 0
      vertex 52.99605345726013 -21.12558104097843 0
    endloop
  endfacet
  facet normal 0 -1 0
    outer loop
      vertex 29 -23 0
      vertex 51 -23 0
      vertex 51 -23 70.1
    endloop
  endfacet
  facet normal 0.031410755389397915 -0.9995065604816546 0
    outer loop
      vertex 51 -23 0
      vertex 51.12558104097843 -22.996053457260132 0
      vertex 51 -23 70.1
    endloop
  endfacet
  facet normal 0.09410833107904504 -0.9955619629242153 0
    outer loop
      vertex 51.12558104097843 -22.996053457260132 0
      vertex 51.250666469335556 -22.984229400753975 0
      vertex 51.250666469335556 -22.984229400753975 70.1
    endloop
  endfacet
  facet normal 0.15643445396088942 -0.9876883423499331 0
    outer loop
      vertex 51.250666469335556 -22.984229400753975 0
      vertex 51.37476263195276 -22.96457450091839 0
      vertex 51.250666469335556 -22.984229400753975 70.1
    endloop
  endfacet
  facet normal 0.2181432188917103 -0.9759167669691731 0
    outer loop
      vertex 51.37476263195276 -22.96457450091839 0
      vertex 51.49737977236509 -22.937166325747967 0
      vertex 51.49737977236509 -22.937166325747967 70.1
    endloop
  endfacet
  facet normal 0.27899110419796797 -0.960293686211879 0
    outer loop
      vertex 51.49737977236509 -22.937166325747967 0
      vertex 51.61803399026394 -22.902113035321236 0
      vertex 51.49737977236509 -22.937166325747967 70.1
    endloop
  endfacet
  facet normal 0.33873794473376473 -0.9408807601378323 0
    outer loop
      vertex 51.61803399026394 -22.902113035321236 0
      vertex 51.73624910414219 -22.85955297201872 0
      vertex 51.73624910414219 -22.85955297201872 70.1
    endloop
  endfacet
  facet normal 0.3971479163632545 -0.917754614550276 0
    outer loop
      vertex 51.73624910414219 -22.85955297201872 0
      vertex 51.851558580994606 -22.809654101729393 0
      vertex 51.851558580994606 -22.809654101729393 70.1
    endloop
  endfacet
  facet normal 0.4539904890478877 -0.8910065296360401 0
    outer loop
      vertex 51.851558580994606 -22.809654101729393 0
      vertex 51.96350734680891 -22.752613358199596 0
      vertex 51.96350734680891 -22.752613358199596 70.1
    endloop
  endfacet
  facet normal 0.5090413876096289 -0.8607420436463316 0
    outer loop
      vertex 51.96350734680891 -22.752613358199596 0
      vertex 52.071653589606285 -22.688655853271484 0
      vertex 51.96350734680891 -22.752613358199596 70.1
    endloop
  endfacet
  facet normal 0.5620833869713721 -0.8270805680771316 0
    outer loop
      vertex 52.071653589606285 -22.688655853271484 0
      vertex 52.175570502877235 -22.61803399026394 0
      vertex 52.175570502877235 -22.61803399026394 70.1
    endloop
  endfacet
  facet normal 0.6129070528460385 -0.7901550130016157 0
    outer loop
      vertex 52.175570502877235 -22.61803399026394 0
      vertex 52.274847976863384 -22.54102648794651 0
      vertex 52.175570502877235 -22.61803399026394 70.1
    endloop
  endfacet
  facet normal 0.6613118489745071 -0.7501110840441694 0
    outer loop
      vertex 52.274847976863384 -22.54102648794651 0
      vertex 52.36909421533346 -22.457937255501747 0
      vertex 52.36909421533346 -22.457937255501747 70.1
    endloop
  endfacet
  facet normal 0.7071067811865475 -0.7071067811865475 0
    outer loop
      vertex 52.36909421533346 -22.457937255501747 0
      vertex 52.45793725550175 -22.36909421533346 0
      vertex 52.45793725550175 -22.36909421533346 70.1
    endloop
  endfacet
  facet normal 0.7501110840441694 -0.6613118489745071 0
    outer loop
      vertex 52.45793725550175 -22.36909421533346 0
      vertex 52.54102648794651 -22.274847976863384 0
      vertex 52.54102648794651 -22.274847976863384 70.1
    endloop
  endfacet
  facet normal 0.7901550130016157 -0.6129070528460385 0
    outer loop
      vertex 52.54102648794651 -22.274847976863384 0
      vertex 52.61803399026394 -22.175570502877235 0
      vertex 52.61803399026394 -22.175570502877235 70.1
    endloop
  endfacet
  facet normal 0.8270805680771316 -0.5620833869713721 0
    outer loop
      vertex 52.61803399026394 -22.175570502877235 0
      vertex 52.688655853271484 -22.071653589606285 0
      vertex 52.61803399026394 -22.175570502877235 70.1
    endloop
  endfacet
  facet normal 0.8607420436463316 -0.5090413876096289 0
    outer loop
      vertex 52.688655853271484 -22.071653589606285 0
      vertex 52.752613358199596 -21.96350734680891 0
      vertex 52.752613358199596 -21.96350734680891 70.1
    endloop
  endfacet
  facet normal 0.8910065296360401 -0.4539904890478877 0
    outer loop
      vertex 52.752613358199596 -21.96350734680891 0
      vertex 52.80965410172939 -21.851558580994606 0
      vertex 52.752613358199596 -21.96350734680891 70.1
    endloop
  endfacet
  facet normal 0.917754614550276 -0.3971479163632545 0
    outer loop
      vertex 52.80965410172939 -21.851558580994606 0
      vertex 52.85955297201872 -21.73624910414219 0
      vertex 52.85955297201872 -21.73624910414219 70.1
    endloop
  endfacet
  facet normal 0.9408807601378323 -0.33873794473376473 0
    outer loop
      vertex 52.85955297201872 -21.73624910414219 0
      vertex 52.902113035321236 -21.61803399026394 0
      vertex 52.902113035321236 -21.61803399026394 70.1
    endloop
  endfacet
  facet normal 0.960293686211879 -0.27899110419796797 0
    outer loop
      vertex 52.902113035321236 -21.61803399026394 0
      vertex 52.93716632574797 -21.497379772365093 0
      vertex 52.902113035321236 -21.61803399026394 70.1
    endloop
  endfacet
  facet normal 0.9759167669691731 -0.2181432188917103 0
    outer loop
      vertex 52.93716632574797 -21.497379772365093 0
      vertex 52.96457450091839 -21.374762631952763 0
      vertex 52.96457450091839 -21.374762631952763 70.1
    endloop
  endfacet
  facet normal 0.9876883423499331 -0.15643445396088942 0
    outer loop
      vertex 52.96457450091839 -21.374762631952763 0
      vertex 52.984229400753975 -21.250666469335556 0
      vertex 52.984229400753975 -21.250666469335556 70.1
    endloop
  endfacet
  facet normal 0.9955619629242153 -0.09410833107904504 0
    outer loop
      vertex 52.984229400753975 -21.250666469335556 0
      vertex 52.99605345726013 -21.12558104097843 0
      vertex 52.99605345726013 -21.12558104097843 70.1
    endloop
  endfacet
  facet normal 0.9995065604816546 -0.031410755389397915 0
    outer loop
      vertex 52.99605345726013 -21.12558104097843 0
      vertex 53 -21 0
      vertex 52.99605345726013 -21.12558104097843 70.1
    endloop
  endfacet
  facet normal 0 0 -1
    outer loop
      vertex 52.80965410172939 -21.851558580994606 0
      vertex 53 21 0
      vertex 53 -21 0
    endloop
  endfacet
  facet normal 1 0 0
    outer loop
      vertex 53 -21 0
      vertex 53 21 0
      vertex 53 -21 70.1
    endloop
  endfacet
  facet normal -0.8910065296360401 -0.4539904890478877 0
    outer loop
      vertex 27.190345898270607 -21.851558580994606 0
      vertex 27.247386641800404 -21.96350734680891 70.1
      vertex 27.190345898270607 -21.851558580994606 70.1
    endloop
  endfacet
  facet normal -0.917754614550276 -0.3971479163632545 0
    outer loop
      vertex 27.190345898270607 -21.851558580994606 0
      vertex 27.190345898270607 -21.851558580994606 70.1
      vertex 27.14044702798128 -21.73624910414219 70.1
    endloop
  endfacet
  facet normal -0.9408807601378323 -0.33873794473376473 0
    outer loop
      vertex 27.097886964678764 -21.61803399026394 0
      vertex 27.14044702798128 -21.73624910414219 70.1
      vertex 27.097886964678764 -21.61803399026394 70.1
    endloop
  endfacet
  facet normal -0.6613118489745071 -0.7501110840441694 0
    outer loop
      vertex 27.63090578466654 -22.457937255501747 0
      vertex 27.725152023136616 -22.54102648794651 70.1
      vertex 27.63090578466654 -22.457937255501747 70.1
    endloop
  endfacet
  facet normal -0.7071067811865475 -0.7071067811865475 0
    outer loop
      vertex 27.63090578466654 -22.457937255501747 0
      vertex 27.63090578466654 -22.457937255501747 70.1
      vertex 27.542062744498253 -22.36909421533346 70.1
    endloop
  endfacet
  facet normal -0.7501110840441694 -0.6613118489745071 0
    outer loop
      vertex 27.45897351205349 -22.274847976863384 0
      vertex 27.542062744498253 -22.36909421533346 70.1
      vertex 27.45897351205349 -22.274847976863384 70.1
    endloop
  endfacet
  facet normal -0.5620833869713721 -0.8270805680771316 0
    outer loop
      vertex 27.928346410393715 -22.688655853271484 0
      vertex 27.928346410393715 -22.688655853271484 70.1
      vertex 27.824429497122765 -22.61803399026394 70.1
    endloop
  endfacet
  facet normal -0.5090413876096289 -0.8607420436463316 0
    outer loop
      vertex 27.928346410393715 -22.688655853271484 0
      vertex 28.03649265319109 -22.752613358199596 70.1
      vertex 27.928346410393715 -22.688655853271484 70.1
    endloop
  endfacet
  facet normal -0.3971479163632545 -0.917754614550276 0
    outer loop
      vertex 28.148441419005394 -22.809654101729393 0
      vertex 28.26375089585781 -22.85955297201872 70.1
      vertex 28.148441419005394 -22.809654101729393 70.1
    endloop
  endfacet
  facet normal -0.4539904890478877 -0.8910065296360401 0
    outer loop
      vertex 28.03649265319109 -22.752613358199596 0
      vertex 28.148441419005394 -22.809654101729393 70.1
      vertex 28.03649265319109 -22.752613358199596 70.1
    endloop
  endfacet
  facet normal -0.6129070528460385 -0.7901550130016157 0
    outer loop
      vertex 27.824429497122765 -22.61803399026394 0
      vertex 27.824429497122765 -22.61803399026394 70.1
      vertex 27.725152023136616 -22.54102648794651 70.1
    endloop
  endfacet
  facet normal -0.7901550130016157 -0.6129070528460385 0
    outer loop
      vertex 27.38196600973606 -22.175570502877235 0
      vertex 27.45897351205349 -22.274847976863384 70.1
      vertex 27.38196600973606 -22.175570502877235 70.1
    endloop
  endfacet
  facet normal -0.8270805680771316 -0.5620833869713721 0
    outer loop
      vertex 27.38196600973606 -22.175570502877235 0
      vertex 27.38196600973606 -22.175570502877235 70.1
      vertex 27.311344146728516 -22.071653589606285 70.1
    endloop
  endfacet
  facet normal -0.8607420436463316 -0.5090413876096289 0
    outer loop
      vertex 27.247386641800404 -21.96350734680891 0
      vertex 27.311344146728516 -22.071653589606285 70.1
      vertex 27.247386641800404 -21.96350734680891 70.1
    endloop
  endfacet
  facet normal -0.960293686211879 -0.27899110419796797 0
    outer loop
      vertex 27.062833674252033 -21.497379772365093 0
      vertex 27.097886964678764 -21.61803399026394 70.1
      vertex 27.062833674252033 -21.497379772365093 70.1
    endloop
  endfacet
  facet normal -0.9759167669691731 -0.2181432188917103 0
    outer loop
      vertex 27.062833674252033 -21.497379772365093 0
      vertex 27.062833674252033 -21.497379772365093 70.1
      vertex 27.03542549908161 -21.374762631952763 70.1
    endloop
  endfacet
  facet normal -0.9876883423499331 -0.15643445396088942 0
    outer loop
      vertex 27.03542549908161 -21.374762631952763 0
      vertex 27.03542549908161 -21.374762631952763 70.1
      vertex 27.015770599246025 -21.250666469335556 70.1
    endloop
  endfacet
  facet normal -0.9955619629242153 -0.09410833107904504 0
    outer loop
      vertex 27.003946542739868 -21.12558104097843 0
      vertex 27.015770599246025 -21.250666469335556 70.1
      vertex 27.003946542739868 -21.12558104097843 70.1
    endloop
  endfacet
  facet normal -0.9995065604816546 -0.031410755389397915 0
    outer loop
      vertex 27.003946542739868 -21.12558104097843 0
      vertex 27.003946542739868 -21.12558104097843 70.1
      vertex 27 -21 70.1
    endloop
  endfacet
  facet normal -0.33873794473376473 -0.9408807601378323 0
    outer loop
      vertex 28.26375089585781 -22.85955297201872 0
      vertex 28.38196600973606 -22.902113035321236 70.1
      vertex 28.26375089585781 -22.85955297201872 70.1
    endloop
  endfacet
  facet normal -0.27899110419796797 -0.960293686211879 0
    outer loop
      vertex 28.502620227634907 -22.937166325747967 0
      vertex 28.502620227634907 -22.937166325747967 70.1
      vertex 28.38196600973606 -22.902113035321236 70.1
    endloop
  endfacet
  facet normal -0.2181432188917103 -0.9759167669691731 0
    outer loop
      vertex 28.502620227634907 -22.937166325747967 0
      vertex 28.625237368047237 -22.96457450091839 70.1
      vertex 28.502620227634907 -22.937166325747967 70.1
    endloop
  endfacet
  facet normal -0.15643445396088942 -0.9876883423499331 0
    outer loop
      vertex 28.625237368047237 -22.96457450091839 0
      vertex 28.749333530664444 -22.984229400753975 70.1
      vertex 28.625237368047237 -22.96457450091839 70.1
    endloop
  endfacet
  facet normal -0.09410833107904504 -0.9955619629242153 0
    outer loop
      vertex 28.87441895902157 -22.996053457260132 0
      vertex 28.87441895902157 -22.996053457260132 70.1
      vertex 28.749333530664444 -22.984229400753975 70.1
    endloop
  endfacet
  facet normal -0.031410755389397915 -0.9995065604816546 0
    outer loop
      vertex 29 -23 0
      vertex 29 -23 70.1
      vertex 28.87441895902157 -22.996053457260132 70.1
    endloop
  endfacet
  facet normal 0 -1 0
    outer loop
      vertex 29 -23 0
      vertex 51 -23 70.1
      vertex 29 -23 70.1
    endloop
  endfacet
  facet normal 0 0 1
    outer loop
      vertex 29 -23 70.1
      vertex 30.042062744498253 -19.86909421533346 70.1
      vertex 29.95897351205349 -19.774847976863384 70.1
    endloop
  endfacet
  facet normal 0 0 1
    outer loop
      vertex 29 -23 70.1
      vertex 30.13090578466654 -19.957937255501747 70.1
      vertex 30.042062744498253 -19.86909421533346 70.1
    endloop
  endfacet
  facet normal 0 0 1
    outer loop
      vertex 29 -23 70.1
      vertex 30.225152023136616 -20.04102648794651 70.1
      vertex 30.13090578466654 -19.957937255501747 70.1
    endloop
  endfacet
  facet normal 0 0 1
    outer loop
      vertex 29 -23 70.1
      vertex 30.76375089585781 -20.35955297201872 70.1
      vertex 30.648441419005394 -20.309654101729393 70.1
    endloop
  endfacet
  facet normal 0 0 1
    outer loop
      vertex 29 -23 70.1
      vertex 30.88196600973606 -20.402113035321236 70.1
      vertex 30.76375089585781 -20.35955297201872 70.1
    endloop
  endfacet
  facet normal 0 0 1
    outer loop
      vertex 29 -23 70.1
      vertex 31.002620227634907 -20.437166325747967 70.1
      vertex 30.88196600973606 -20.402113035321236 70.1
    endloop
  endfacet
  facet normal 0 0 1
    outer loop
      vertex 29 -23 70.1
      vertex 30.324429497122765 -20.11803399026394 70.1
      vertex 30.225152023136616 -20.04102648794651 70.1
    endloop
  endfacet
  facet normal 0 0 1
    outer loop
      vertex 29 -23 70.1
      vertex 30.428346410393715 -20.188655853271484 70.1
      vertex 30.324429497122765 -20.11803399026394 70.1
    endloop
  endfacet
  facet normal 0 0 1
    outer loop
      vertex 29 -23 70.1
      vertex 30.53649265319109 -20.252613358199596 70.1
      vertex 30.428346410393715 -20.188655853271484 70.1
    endloop
  endfacet
  facet normal 0 0 1
    outer loop
      vertex 29 -23 70.1
      vertex 30.648441419005394 -20.309654101729393 70.1
      vertex 30.53649265319109 -20.252613358199596 70.1
    endloop
  endfacet
  facet normal 0 0 1
    outer loop
      vertex 29 -23 70.1
      vertex 29.811344146728516 -19.571653589606285 70.1
      vertex 29.747386641800404 -19.46350734680891 70.1
    endloop
  endfacet
  facet normal 0 0 1
    outer loop
      vertex 29 -23 70.1
      vertex 29.747386641800404 -19.46350734680891 70.1
      vertex 29.690345898270607 -19.351558580994606 70.1
    endloop
  endfacet
  facet normal 0 0 1
    outer loop
      vertex 29 -23 70.1
      vertex 29.690345898270607 -19.351558580994606 70.1
      vertex 29.64044702798128 -19.23624910414219 70.1
    endloop
  endfacet
  facet normal 0 0 1
    outer loop
      vertex 29 -23 70.1
      vertex 29.95897351205349 -19.774847976863384 70.1
      vertex 29.88196600973606 -19.675570502877235 70.1
    endloop
  endfacet
  facet normal 0 0 1
    outer loop
      vertex 29 -23 70.1
      vertex 29.88196600973606 -19.675570502877235 70.1
      vertex 29.811344146728516 -19.571653589606285 70.1
    endloop
  endfacet
  facet normal 0 0 1
    outer loop
      vertex 29 -23 70.1
      vertex 29.597886964678764 -19.11803399026394 70.1
      vertex 29.562833674252033 -18.997379772365093 70.1
    endloop
  endfacet
  facet normal 0 0 1
    outer loop
      vertex 29 -23 70.1
      vertex 29.64044702798128 -19.23624910414219 70.1
      vertex 29.597886964678764 -19.11803399026394 70.1
    endloop
  endfacet
  facet normal 0 0 1
    outer loop
      vertex 29 -23 70.1
      vertex 29.562833674252033 -18.997379772365093 70.1
      vertex 29.53542549908161 -18.874762631952763 70.1
    endloop
  endfacet
  facet normal 0 0 1
    outer loop
      vertex 29 -23 70.1
      vertex 29.515770599246025 -18.750666469335556 70.1
      vertex 29.503946542739868 -18.62558104097843 70.1
    endloop
  endfacet
  facet normal 0 0 1
    outer loop
      vertex 29 -23 70.1
      vertex 29.53542549908161 -18.874762631952763 70.1
      vertex 29.515770599246025 -18.750666469335556 70.1
    endloop
  endfacet
  facet normal 0 0 1
    outer loop
      vertex 29 -23 70.1
      vertex 31.125237368047237 -20.46457450091839 70.1
      vertex 31.002620227634907 -20.437166325747967 70.1
    endloop
  endfacet
  facet normal 0 0 1
    outer loop
      vertex 29 -23 70.1
      vertex 31.249333530664444 -20.484229400753975 70.1
      vertex 31.125237368047237 -20.46457450091839 70.1
    endloop
  endfacet
  facet normal 0 0 1
    outer loop
      vertex 29 -23 70.1
      vertex 31.37441895902157 -20.496053457260132 70.1
      vertex 31.249333530664444 -20.484229400753975 70.1
    endloop
  endfacet
  facet normal 0 0 1
    outer loop
      vertex 29 -23 70.1
      vertex 31.5 -20.5 70.1
      vertex 31.37441895902157 -20.496053457260132 70.1
    endloop
  endfacet
  facet normal 0 0 1
    outer loop
      vertex 29 -23 70.1
      vertex 29.503946542739868 -18.62558104097843 70.1
      vertex 29.5 -18.5 70.1
    endloop
  endfacet
  facet normal 0 0 1
    outer loop
      vertex 29 -23 70.1
      vertex 48.5 -20.5 70.1
      vertex 31.5 -20.5 70.1
    endloop
  endfacet
  facet normal 0 0 1
    outer loop
      vertex 27.190345898270607 -21.851558580994606 70.1
      vertex 27.247386641800404 21.96350734680891 70.1
      vertex 27.14044702798128 -21.73624910414219 70.1
    endloop
  endfacet
  facet normal 0 0 1
    outer loop
      vertex 28.26375089585781 -22.85955297201872 70.1
      vertex 28.38196600973606 -22.902113035321236 70.1
      vertex 27.247386641800404 21.96350734680891 70.1
    endloop
  endfacet
  facet normal 0 0 1
    outer loop
      vertex 28.38196600973606 -22.902113035321236 70.1
      vertex 28.502620227634907 -22.937166325747967 70.1
      vertex 27.247386641800404 21.96350734680891 70.1
    endloop
  endfacet
  facet normal 0 0 1
    outer loop
      vertex 28.502620227634907 -22.937166325747967 70.1
      vertex 28.625237368047237 -22.96457450091839 70.1
      vertex 27.247386641800404 21.96350734680891 70.1
    endloop
  endfacet
  facet normal 0 0 1
    outer loop
      vertex 28.625237368047237 -22.96457450091839 70.1
      vertex 28.749333530664444 -22.984229400753975 70.1
      vertex 27.247386641800404 21.96350734680891 70.1
    endloop
  endfacet
  facet normal 0 0 1
    outer loop
      vertex 27.542062744498253 -22.36909421533346 70.1
      vertex 27.63090578466654 -22.457937255501747 70.1
      vertex 27.247386641800404 21.96350734680891 70.1
    endloop
  endfacet
  facet normal 0 0 1
    outer loop
      vertex 27.542062744498253 -22.36909421533346 70.1
      vertex 27.247386641800404 21.96350734680891 70.1
      vertex 27.45897351205349 -22.274847976863384 70.1
    endloop
  endfacet
  facet normal 0 0 1
    outer loop
      vertex 27.725152023136616 -22.54102648794651 70.1
      vertex 27.824429497122765 -22.61803399026394 70.1
      vertex 27.247386641800404 21.96350734680891 70.1
    endloop
  endfacet
  facet normal 0 0 1
    outer loop
      vertex 27.928346410393715 -22.688655853271484 70.1
      vertex 27.247386641800404 21.96350734680891 70.1
      vertex 27.824429497122765 -22.61803399026394 70.1
    endloop
  endfacet
  facet normal 0 0 1
    outer loop
      vertex 27.63090578466654 -22.457937255501747 70.1
      vertex 27.725152023136616 -22.54102648794651 70.1
      vertex 27.247386641800404 21.96350734680891 70.1
    endloop
  endfacet
  facet normal 0 0 1
    outer loop
      vertex 27.38196600973606 -22.175570502877235 70.1
      vertex 27.247386641800404 21.96350734680891 70.1
      vertex 27.311344146728516 -22.071653589606285 70.1
    endloop
  endfacet
  facet normal 0 0 1
    outer loop
      vertex 27.38196600973606 -22.175570502877235 70.1
      vertex 27.45897351205349 -22.274847976863384 70.1
      vertex 27.247386641800404 21.96350734680891 70.1
    endloop
  endfacet
  facet normal 0 0 1
    outer loop
      vertex 27.247386641800404 -21.96350734680891 70.1
      vertex 27.311344146728516 -22.071653589606285 70.1
      vertex 27.247386641800404 21.96350734680891 70.1
    endloop
  endfacet
  facet normal 0 0 1
    outer loop
      vertex 27.190345898270607 -21.851558580994606 70.1
      vertex 27.247386641800404 -21.96350734680891 70.1
      vertex 27.247386641800404 21.96350734680891 70.1
    endloop
  endfacet
  facet normal 0 0 1
    outer loop
      vertex 27.928346410393715 -22.688655853271484 70.1
      vertex 28.03649265319109 -22.752613358199596 70.1
      vertex 27.247386641800404 21.96350734680891 70.1
    endloop
  endfacet
  facet normal 0 0 1
    outer loop
      vertex 28.03649265319109 -22.752613358199596 70.1
      vertex 28.148441419005394 -22.809654101729393 70.1
      vertex 27.247386641800404 21.96350734680891 70.1
    endloop
  endfacet
  facet normal 0 0 1
    outer loop
      vertex 28.148441419005394 -22.809654101729393 70.1
      vertex 28.26375089585781 -22.85955297201872 70.1
      vertex 27.247386641800404 21.96350734680891 70.1
    endloop
  endfacet
  facet normal 0 0 1
    outer loop
      vertex 27.097886964678764 -21.61803399026394 70.1
      vertex 27.14044702798128 -21.73624910414219 70.1
      vertex 27.247386641800404 21.96350734680891 70.1
    endloop
  endfacet
  facet normal 0 0 1
    outer loop
      vertex 27.097886964678764 -21.61803399026394 70.1
      vertex 27.247386641800404 21.96350734680891 70.1
      vertex 27.062833674252033 -21.497379772365093 70.1
    endloop
  endfacet
  facet normal 0 0 1
    outer loop
      vertex 27.062833674252033 -21.497379772365093 70.1
      vertex 27.247386641800404 21.96350734680891 70.1
      vertex 27.03542549908161 -21.374762631952763 70.1
    endloop
  endfacet
  facet normal 0 0 1
    outer loop
      vertex 27.03542549908161 -21.374762631952763 70.1
      vertex 27.247386641800404 21.96350734680891 70.1
      vertex 27.015770599246025 -21.250666469335556 70.1
    endloop
  endfacet
  facet normal 0 0 1
    outer loop
      vertex 27.015770599246025 -21.250666469335556 70.1
      vertex 27.247386641800404 21.96350734680891 70.1
      vertex 27.003946542739868 -21.12558104097843 70.1
    endloop
  endfacet
  facet normal 0 0 1
    outer loop
      vertex 27.003946542739868 -21.12558104097843 70.1
      vertex 27.247386641800404 21.96350734680891 70.1
      vertex 27 -21 70.1
    endloop
  endfacet
  facet normal 0 0 1
    outer loop
      vertex 28.749333530664444 -22.984229400753975 70.1
      vertex 28.87441895902157 -22.996053457260132 70.1
      vertex 27.247386641800404 21.96350734680891 70.1
    endloop
  endfacet
  facet normal 0 0 1
    outer loop
      vertex 28.87441895902157 -22.996053457260132 70.1
      vertex 29 -23 70.1
      vertex 27.247386641800404 21.96350734680891 70.1
    endloop
  endfacet
  facet normal 0 0 1
    outer loop
      vertex 29 -23 70.1
      vertex 29.5 -18.5 70.1
      vertex 29.5 18.5 70.1
    endloop
  endfacet
  facet normal 0.031410755389397915 -0.9995065604816546 0
    outer loop
      vertex 51.12558104097843 -22.996053457260132 0
      vertex 51.12558104097843 -22.996053457260132 70.1
      vertex 51 -23 70.1
    endloop
  endfacet
  facet normal 0.09410833107904504 -0.9955619629242153 0
    outer loop
      vertex 51.12558104097843 -22.996053457260132 0
      vertex 51.250666469335556 -22.984229400753975 70.1
      vertex 51.12558104097843 -22.996053457260132 70.1
    endloop
  endfacet
  facet normal 0.15643445396088942 -0.9876883423499331 0
    outer loop
      vertex 51.37476263195276 -22.96457450091839 0
      vertex 51.37476263195276 -22.96457450091839 70.1
      vertex 51.250666469335556 -22.984229400753975 70.1
    endloop
  endfacet
  facet normal 0.2181432188917103 -0.9759167669691731 0
    outer loop
      vertex 51.37476263195276 -22.96457450091839 0
      vertex 51.49737977236509 -22.937166325747967 70.1
      vertex 51.37476263195276 -22.96457450091839 70.1
    endloop
  endfacet
  facet normal 0.27899110419796797 -0.960293686211879 0
    outer loop
      vertex 51.61803399026394 -22.902113035321236 0
      vertex 51.61803399026394 -22.902113035321236 70.1
      vertex 51.49737977236509 -22.937166325747967 70.1
    endloop
  endfacet
  facet normal 0.33873794473376473 -0.9408807601378323 0
    outer loop
      vertex 51.61803399026394 -22.902113035321236 0
      vertex 51.73624910414219 -22.85955297201872 70.1
      vertex 51.61803399026394 -22.902113035321236 70.1
    endloop
  endfacet
  facet normal 0.3971479163632545 -0.917754614550276 0
    outer loop
      vertex 51.73624910414219 -22.85955297201872 0
      vertex 51.851558580994606 -22.809654101729393 70.1
      vertex 51.73624910414219 -22.85955297201872 70.1
    endloop
  endfacet
  facet normal 0.4539904890478877 -0.8910065296360401 0
    outer loop
      vertex 51.851558580994606 -22.809654101729393 0
      vertex 51.96350734680891 -22.752613358199596 70.1
      vertex 51.851558580994606 -22.809654101729393 70.1
    endloop
  endfacet
  facet normal 0.5090413876096289 -0.8607420436463316 0
    outer loop
      vertex 52.071653589606285 -22.688655853271484 0
      vertex 52.071653589606285 -22.688655853271484 70.1
      vertex 51.96350734680891 -22.752613358199596 70.1
    endloop
  endfacet
  facet normal 0.5620833869713721 -0.8270805680771316 0
    outer loop
      vertex 52.071653589606285 -22.688655853271484 0
      vertex 52.175570502877235 -22.61803399026394 70.1
      vertex 52.071653589606285 -22.688655853271484 70.1
    endloop
  endfacet
  facet normal 0.6129070528460385 -0.7901550130016157 0
    outer loop
      vertex 52.274847976863384 -22.54102648794651 0
      vertex 52.274847976863384 -22.54102648794651 70.1
      vertex 52.175570502877235 -22.61803399026394 70.1
    endloop
  endfacet
  facet normal 0.6613118489745071 -0.7501110840441694 0
    outer loop
      vertex 52.274847976863384 -22.54102648794651 0
      vertex 52.36909421533346 -22.457937255501747 70.1
      vertex 52.274847976863384 -22.54102648794651 70.1
    endloop
  endfacet
  facet normal 0.7071067811865475 -0.7071067811865475 0
    outer loop
      vertex 52.36909421533346 -22.457937255501747 0
      vertex 52.45793725550175 -22.36909421533346 70.1
      vertex 52.36909421533346 -22.457937255501747 70.1
    endloop
  endfacet
  facet normal 0.7501110840441694 -0.6613118489745071 0
    outer loop
      vertex 52.45793725550175 -22.36909421533346 0
      vertex 52.54102648794651 -22.274847976863384 70.1
      vertex 52.45793725550175 -22.36909421533346 70.1
    endloop
  endfacet
  facet normal 0.7901550130016157 -0.6129070528460385 0
    outer loop
      vertex 52.54102648794651 -22.274847976863384 0
      vertex 52.61803399026394 -22.175570502877235 70.1
      vertex 52.54102648794651 -22.274847976863384 70.1
    endloop
  endfacet
  facet normal 0.8270805680771316 -0.5620833869713721 0
    outer loop
      vertex 52.688655853271484 -22.071653589606285 0
      vertex 52.688655853271484 -22.071653589606285 70.1
      vertex 52.61803399026394 -22.175570502877235 70.1
    endloop
  endfacet
  facet normal 0.8607420436463316 -0.5090413876096289 0
    outer loop
      vertex 52.688655853271484 -22.071653589606285 0
      vertex 52.752613358199596 -21.96350734680891 70.1
      vertex 52.688655853271484 -22.071653589606285 70.1
    endloop
  endfacet
  facet normal 0.8910065296360401 -0.4539904890478877 0
    outer loop
      vertex 52.80965410172939 -21.851558580994606 0
      vertex 52.80965410172939 -21.851558580994606 70.1
      vertex 52.752613358199596 -21.96350734680891 70.1
    endloop
  endfacet
  facet normal 0.917754614550276 -0.3971479163632545 0
    outer loop
      vertex 52.80965410172939 -21.851558580994606 0
      vertex 52.85955297201872 -21.73624910414219 70.1
      vertex 52.80965410172939 -21.851558580994606 70.1
    endloop
  endfacet
  facet normal 0.9408807601378323 -0.33873794473376473 0
    outer loop
      vertex 52.85955297201872 -21.73624910414219 0
      vertex 52.902113035321236 -21.61803399026394 70.1
      vertex 52.85955297201872 -21.73624910414219 70.1
    endloop
  endfacet
  facet normal 0.960293686211879 -0.27899110419796797 0
    outer loop
      vertex 52.93716632574797 -21.497379772365093 0
      vertex 52.93716632574797 -21.497379772365093 70.1
      vertex 52.902113035321236 -21.61803399026394 70.1
    endloop
  endfacet
  facet normal 0.9759167669691731 -0.2181432188917103 0
    outer loop
      vertex 52.93716632574797 -21.497379772365093 0
      vertex 52.96457450091839 -21.374762631952763 70.1
      vertex 52.93716632574797 -21.497379772365093 70.1
    endloop
  endfacet
  facet normal 0.9876883423499331 -0.15643445396088942 0
    outer loop
      vertex 52.96457450091839 -21.374762631952763 0
      vertex 52.984229400753975 -21.250666469335556 70.1
      vertex 52.96457450091839 -21.374762631952763 70.1
    endloop
  endfacet
  facet normal 0.9955619629242153 -0.09410833107904504 0
    outer loop
      vertex 52.984229400753975 -21.250666469335556 0
      vertex 52.99605345726013 -21.12558104097843 70.1
      vertex 52.984229400753975 -21.250666469335556 70.1
    endloop
  endfacet
  facet normal 0.9995065604816546 -0.031410755389397915 0
    outer loop
      vertex 53 -21 0
      vertex 53 -21 70.1
      vertex 52.99605345726013 -21.12558104097843 70.1
    endloop
  endfacet
  facet normal 0 0 1
    outer loop
      vertex 29 -23 70.1
      vertex 48.62558104097843 -20.496053457260132 70.1
      vertex 48.5 -20.5 70.1
    endloop
  endfacet
  facet normal 0 0 1
    outer loop
      vertex 29 -23 70.1
      vertex 48.750666469335556 -20.484229400753975 70.1
      vertex 48.62558104097843 -20.496053457260132 70.1
    endloop
  endfacet
  facet normal 0 0 1
    outer loop
      vertex 29 -23 70.1
      vertex 51 -23 70.1
      vertex 48.750666469335556 -20.484229400753975 70.1
    endloop
  endfacet
  facet normal 0 0 1
    outer loop
      vertex 51 -23 70.1
      vertex 51.12558104097843 -22.996053457260132 70.1
      vertex 49.571653589606285 -20.188655853271484 70.1
    endloop
  endfacet
  facet normal 0 0 1
    outer loop
      vertex 51.12558104097843 -22.996053457260132 70.1
      vertex 51.250666469335556 -22.984229400753975 70.1
      vertex 49.675570502877235 -20.11803399026394 70.1
    endloop
  endfacet
  facet normal 0 0 1
    outer loop
      vertex 51.250666469335556 -22.984229400753975 70.1
      vertex 51.37476263195276 -22.96457450091839 70.1
      vertex 49.774847976863384 -20.04102648794651 70.1
    endloop
  endfacet
  facet normal 0 0 1
    outer loop
      vertex 51.37476263195276 -22.96457450091839 70.1
      vertex 51.49737977236509 -22.937166325747967 70.1
      vertex 49.86909421533346 -19.957937255501747 70.1
    endloop
  endfacet
  facet normal 0 0 1
    outer loop
      vertex 51 -23 70.1
      vertex 48.87476263195276 -20.46457450091839 70.1
      vertex 48.750666469335556 -20.484229400753975 70.1
    endloop
  endfacet
  facet normal 0 0 1
    outer loop
      vertex 51 -23 70.1
      vertex 48.99737977236509 -20.437166325747967 70.1
      vertex 48.87476263195276 -20.46457450091839 70.1
    endloop
  endfacet
  facet normal 0 0 1
    outer loop
      vertex 51 -23 70.1
      vertex 49.11803399026394 -20.402113035321236 70.1
      vertex 48.99737977236509 -20.437166325747967 70.1
    endloop
  endfacet
  facet normal 0 0 1
    outer loop
      vertex 51 -23 70.1
      vertex 49.23624910414219 -20.35955297201872 70.1
      vertex 49.11803399026394 -20.402113035321236 70.1
    endloop
  endfacet
  facet normal 0 0 1
    outer loop
      vertex 51 -23 70.1
      vertex 49.351558580994606 -20.309654101729393 70.1
      vertex 49.23624910414219 -20.35955297201872 70.1
    endloop
  endfacet
  facet normal 0 0 1
    outer loop
      vertex 51 -23 70.1
      vertex 49.46350734680891 -20.252613358199596 70.1
      vertex 49.351558580994606 -20.309654101729393 70.1
    endloop
  endfacet
  facet normal 0 0 1
    outer loop
      vertex 51 -23 70.1
      vertex 49.571653589606285 -20.188655853271484 70.1
      vertex 49.46350734680891 -20.252613358199596 70.1
    endloop
  endfacet
  facet normal 0 0 1
    outer loop
      vertex 51.12558104097843 -22.996053457260132 70.1
      vertex 49.675570502877235 -20.11803399026394 70.1
      vertex 49.571653589606285 -20.188655853271484 70.1
    endloop
  endfacet
  facet normal 0 0 1
    outer loop
      vertex 51.250666469335556 -22.984229400753975 70.1
      vertex 49.774847976863384 -20.04102648794651 70.1
      vertex 49.675570502877235 -20.11803399026394 70.1
    endloop
  endfacet
  facet normal 0 0 1
    outer loop
      vertex 51.37476263195276 -22.96457450091839 70.1
      vertex 49.86909421533346 -19.957937255501747 70.1
      vertex 49.774847976863384 -20.04102648794651 70.1
    endloop
  endfacet
  facet normal 0 0 1
    outer loop
      vertex 51.61803399026394 -22.902113035321236 70.1
      vertex 49.95793725550175 -19.86909421533346 70.1
      vertex 49.86909421533346 -19.957937255501747 70.1
    endloop
  endfacet
  facet normal 0 0 1
    outer loop
      vertex 51.73624910414219 -22.85955297201872 70.1
      vertex 50.04102648794651 -19.774847976863384 70.1
      vertex 49.95793725550175 -19.86909421533346 70.1
    endloop
  endfacet
  facet normal 0 0 1
    outer loop
      vertex 51.851558580994606 -22.809654101729393 70.1
      vertex 50.11803399026394 -19.675570502877235 70.1
      vertex 50.04102648794651 -19.774847976863384 70.1
    endloop
  endfacet
  facet normal 0 0 1
    outer loop
      vertex 51.96350734680891 -22.752613358199596 70.1
      vertex 50.188655853271484 -19.571653589606285 70.1
      vertex 50.11803399026394 -19.675570502877235 70.1
    endloop
  endfacet
  facet normal 0 0 1
    outer loop
      vertex 52.071653589606285 -22.688655853271484 70.1
      vertex 50.252613358199596 -19.46350734680891 70.1
      vertex 50.188655853271484 -19.571653589606285 70.1
    endloop
  endfacet
  facet normal 0 0 1
    outer loop
      vertex 52.175570502877235 -22.61803399026394 70.1
      vertex 50.30965410172939 -19.351558580994606 70.1
      vertex 50.252613358199596 -19.46350734680891 70.1
    endloop
  endfacet
  facet normal 0 0 1
    outer loop
      vertex 51.49737977236509 -22.937166325747967 70.1
      vertex 51.61803399026394 -22.902113035321236 70.1
      vertex 49.86909421533346 -19.957937255501747 70.1
    endloop
  endfacet
  facet normal 0 0 1
    outer loop
      vertex 51.61803399026394 -22.902113035321236 70.1
      vertex 51.73624910414219 -22.85955297201872 70.1
      vertex 49.95793725550175 -19.86909421533346 70.1
    endloop
  endfacet
  facet normal 0 0 1
    outer loop
      vertex 51.73624910414219 -22.85955297201872 70.1
      vertex 51.851558580994606 -22.809654101729393 70.1
      vertex 50.04102648794651 -19.774847976863384 70.1
    endloop
  endfacet
  facet normal 0 0 1
    outer loop
      vertex 51.851558580994606 -22.809654101729393 70.1
      vertex 51.96350734680891 -22.752613358199596 70.1
      vertex 50.11803399026394 -19.675570502877235 70.1
    endloop
  endfacet
  facet normal 0 0 1
    outer loop
      vertex 51.96350734680891 -22.752613358199596 70.1
      vertex 52.071653589606285 -22.688655853271484 70.1
      vertex 50.188655853271484 -19.571653589606285 70.1
    endloop
  endfacet
  facet normal 0 0 1
    outer loop
      vertex 52.071653589606285 -22.688655853271484 70.1
      vertex 52.175570502877235 -22.61803399026394 70.1
      vertex 50.252613358199596 -19.46350734680891 70.1
    endloop
  endfacet
  facet normal 0 0 1
    outer loop
      vertex 52.175570502877235 -22.61803399026394 70.1
      vertex 52.274847976863384 -22.54102648794651 70.1
      vertex 50.30965410172939 -19.351558580994606 70.1
    endloop
  endfacet
  facet normal 0 0 1
    outer loop
      vertex 52.274847976863384 -22.54102648794651 70.1
      vertex 52.36909421533346 -22.457937255501747 70.1
      vertex 50.35955297201872 -19.23624910414219 70.1
    endloop
  endfacet
  facet normal 0 0 1
    outer loop
      vertex 52.36909421533346 -22.457937255501747 70.1
      vertex 52.45793725550175 -22.36909421533346 70.1
      vertex 50.402113035321236 -19.11803399026394 70.1
    endloop
  endfacet
  facet normal 0 0 1
    outer loop
      vertex 52.45793725550175 -22.36909421533346 70.1
      vertex 52.54102648794651 -22.274847976863384 70.1
      vertex 50.46457450091839 -18.874762631952763 70.1
    endloop
  endfacet
  facet normal 0 0 1
    outer loop
      vertex 52.54102648794651 -22.274847976863384 70.1
      vertex 52.61803399026394 -22.175570502877235 70.1
      vertex 50.484229400753975 -18.750666469335556 70.1
    endloop
  endfacet
  facet normal 0 0 1
    outer loop
      vertex 52.61803399026394 -22.175570502877235 70.1
      vertex 52.688655853271484 -22.071653589606285 70.1
      vertex 50.5 -18.5 70.1
    endloop
  endfacet
  facet normal 0 0 1
    outer loop
      vertex 52.274847976863384 -22.54102648794651 70.1
      vertex 50.35955297201872 -19.23624910414219 70.1
      vertex 50.30965410172939 -19.351558580994606 70.1
    endloop
  endfacet
  facet normal 0 0 1
    outer loop
      vertex 52.36909421533346 -22.457937255501747 70.1
      vertex 50.402113035321236 -19.11803399026394 70.1
      vertex 50.35955297201872 -19.23624910414219 70.1
    endloop
  endfacet
  facet normal 0 0 1
    outer loop
      vertex 52.45793725550175 -22.36909421533346 70.1
      vertex 50.43716632574797 -18.997379772365093 70.1
      vertex 50.402113035321236 -19.11803399026394 70.1
    endloop
  endfacet
  facet normal 0 0 1
    outer loop
      vertex 52.688655853271484 -22.071653589606285 70.1
      vertex 52.752613358199596 -21.96350734680891 70.1
      vertex 50.5 -18.5 70.1
    endloop
  endfacet
  facet normal 0 0 1
    outer loop
      vertex 52.752613358199596 -21.96350734680891 70.1
      vertex 52.80965410172939 -21.851558580994606 70.1
      vertex 50.5 -18.5 70.1
    endloop
  endfacet
  facet normal 0 0 1
    outer loop
      vertex 52.80965410172939 -21.851558580994606 70.1
      vertex 52.85955297201872 -21.73624910414219 70.1
      vertex 50.5 -18.5 70.1
    endloop
  endfacet
  facet normal 0 0 1
    outer loop
      vertex 52.85955297201872 -21.73624910414219 70.1
      vertex 52.902113035321236 -21.61803399026394 70.1
      vertex 50.5 -18.5 70.1
    endloop
  endfacet
  facet normal 0 0 1
    outer loop
      vertex 52.902113035321236 -21.61803399026394 70.1
      vertex 52.93716632574797 -21.497379772365093 70.1
      vertex 50.5 -18.5 70.1
    endloop
  endfacet
  facet normal 0 0 1
    outer loop
      vertex 52.93716632574797 -21.497379772365093 70.1
      vertex 52.96457450091839 -21.374762631952763 70.1
      vertex 50.5 -18.5 70.1
    endloop
  endfacet
  facet normal 0 0 1
    outer loop
      vertex 52.96457450091839 -21.374762631952763 70.1
      vertex 52.984229400753975 -21.250666469335556 70.1
      vertex 50.5 -18.5 70.1
    endloop
  endfacet
  facet normal 0 0 1
    outer loop
      vertex 52.984229400753975 -21.250666469335556 70.1
      vertex 52.99605345726013 -21.12558104097843 70.1
      vertex 50.5 -18.5 70.1
    endloop
  endfacet
  facet normal 0 0 1
    outer loop
      vertex 52.99605345726013 -21.12558104097843 70.1
      vertex 53 -21 70.1
      vertex 50.5 -18.5 70.1
    endloop
  endfacet
  facet normal 0 0 1
    outer loop
      vertex 52.45793725550175 -22.36909421533346 70.1
      vertex 50.46457450091839 -18.874762631952763 70.1
      vertex 50.43716632574797 -18.997379772365093 70.1
    endloop
  endfacet
  facet normal 0 0 1
    outer loop
      vertex 52.54102648794651 -22.274847976863384 70.1
      vertex 50.484229400753975 -18.750666469335556 70.1
      vertex 50.46457450091839 -18.874762631952763 70.1
    endloop
  endfacet
  facet normal 0 0 1
    outer loop
      vertex 52.61803399026394 -22.175570502877235 70.1
      vertex 50.49605345726013 -18.62558104097843 70.1
      vertex 50.484229400753975 -18.750666469335556 70.1
    endloop
  endfacet
  facet normal 0 0 1
    outer loop
      vertex 52.61803399026394 -22.175570502877235 70.1
      vertex 50.5 -18.5 70.1
      vertex 50.49605345726013 -18.62558104097843 70.1
    endloop
  endfacet
  facet normal 0 0 1
    outer loop
      vertex 53 -21 70.1
      vertex 53 21 70.1
      vertex 50.5 -18.5 70.1
    endloop
  endfacet
  facet normal 0 0 -1
    outer loop
      vertex 27 21 0
      vertex 27.003946542739868 21.12558104097843 0
      vertex 52.80965410172939 -21.851558580994606 0
    endloop
  endfacet
  facet normal 0 0 -1
    outer loop
      vertex 27.003946542739868 21.12558104097843 0
      vertex 27.015770599246025 21.250666469335556 0
      vertex 52.80965410172939 -21.851558580994606 0
    endloop
  endfacet
  facet normal 0 0 -1
    outer loop
      vertex 27.015770599246025 21.250666469335556 0
      vertex 27.03542549908161 21.374762631952763 0
      vertex 52.80965410172939 -21.851558580994606 0
    endloop
  endfacet
  facet normal 0 0 -1
    outer loop
      vertex 27.03542549908161 21.374762631952763 0
      vertex 27.062833674252033 21.497379772365093 0
      vertex 52.80965410172939 -21.851558580994606 0
    endloop
  endfacet
  facet normal 0 0 -1
    outer loop
      vertex 27.062833674252033 21.497379772365093 0
      vertex 27.097886964678764 21.61803399026394 0
      vertex 52.80965410172939 -21.851558580994606 0
    endloop
  endfacet
  facet normal 0 0 -1
    outer loop
      vertex 27.097886964678764 21.61803399026394 0
      vertex 27.14044702798128 21.73624910414219 0
      vertex 52.80965410172939 -21.851558580994606 0
    endloop
  endfacet
  facet normal 0 0 -1
    outer loop
      vertex 27.14044702798128 21.73624910414219 0
      vertex 27.190345898270607 21.851558580994606 0
      vertex 52.80965410172939 -21.851558580994606 0
    endloop
  endfacet
  facet normal 0 0 -1
    outer loop
      vertex 27.190345898270607 21.851558580994606 0
      vertex 27.247386641800404 21.96350734680891 0
      vertex 52.80965410172939 -21.851558580994606 0
    endloop
  endfacet
  facet normal 0 0 -1
    outer loop
      vertex 27.247386641800404 21.96350734680891 0
      vertex 27.311344146728516 22.071653589606285 0
      vertex 52.80965410172939 -21.851558580994606 0
    endloop
  endfacet
  facet normal 0 0 -1
    outer loop
      vertex 27.311344146728516 22.071653589606285 0
      vertex 27.38196600973606 22.175570502877235 0
      vertex 52.80965410172939 -21.851558580994606 0
    endloop
  endfacet
  facet normal 0 0 -1
    outer loop
      vertex 27.38196600973606 22.175570502877235 0
      vertex 27.45897351205349 22.274847976863384 0
      vertex 52.80965410172939 -21.851558580994606 0
    endloop
  endfacet
  facet normal 0 0 -1
    outer loop
      vertex 27.45897351205349 22.274847976863384 0
      vertex 27.542062744498253 22.36909421533346 0
      vertex 52.80965410172939 -21.851558580994606 0
    endloop
  endfacet
  facet normal 0 0 -1
    outer loop
      vertex 27.542062744498253 22.36909421533346 0
      vertex 27.63090578466654 22.457937255501747 0
      vertex 52.80965410172939 -21.851558580994606 0
    endloop
  endfacet
  facet normal 0 0 -1
    outer loop
      vertex 27.63090578466654 22.457937255501747 0
      vertex 27.725152023136616 22.54102648794651 0
      vertex 52.80965410172939 -21.851558580994606 0
    endloop
  endfacet
  facet normal 0 0 -1
    outer loop
      vertex 27.725152023136616 22.54102648794651 0
      vertex 27.824429497122765 22.61803399026394 0
      vertex 52.80965410172939 -21.851558580994606 0
    endloop
  endfacet
  facet normal 0 0 -1
    outer loop
      vertex 27.824429497122765 22.61803399026394 0
      vertex 27.928346410393715 22.688655853271484 0
      vertex 52.80965410172939 -21.851558580994606 0
    endloop
  endfacet
  facet normal 0 0 -1
    outer loop
      vertex 27.928346410393715 22.688655853271484 0
      vertex 28.03649265319109 22.752613358199596 0
      vertex 52.80965410172939 -21.851558580994606 0
    endloop
  endfacet
  facet normal 0 0 -1
    outer loop
      vertex 28.03649265319109 22.752613358199596 0
      vertex 28.148441419005394 22.809654101729393 0
      vertex 52.80965410172939 -21.851558580994606 0
    endloop
  endfacet
  facet normal 0 0 -1
    outer loop
      vertex 28.148441419005394 22.809654101729393 0
      vertex 28.26375089585781 22.85955297201872 0
      vertex 52.80965410172939 -21.851558580994606 0
    endloop
  endfacet
  facet normal 0 0 -1
    outer loop
      vertex 28.26375089585781 22.85955297201872 0
      vertex 28.38196600973606 22.902113035321236 0
      vertex 52.80965410172939 -21.851558580994606 0
    endloop
  endfacet
  facet normal -0.9995065604816546 0.031410755389397915 0
    outer loop
      vertex 27 21 0
      vertex 27 21 70.1
      vertex 27.003946542739868 21.12558104097843 0
    endloop
  endfacet
  facet normal -0.9955619629242153 0.09410833107904504 0
    outer loop
      vertex 27.003946542739868 21.12558104097843 0
      vertex 27.015770599246025 21.250666469335556 70.1
      vertex 27.015770599246025 21.250666469335556 0
    endloop
  endfacet
  facet normal -0.9876883423499331 0.15643445396088942 0
    outer loop
      vertex 27.015770599246025 21.250666469335556 0
      vertex 27.015770599246025 21.250666469335556 70.1
      vertex 27.03542549908161 21.374762631952763 0
    endloop
  endfacet
  facet normal -0.9759167669691731 0.2181432188917103 0
    outer loop
      vertex 27.03542549908161 21.374762631952763 0
      vertex 27.062833674252033 21.497379772365093 70.1
      vertex 27.062833674252033 21.497379772365093 0
    endloop
  endfacet
  facet normal -0.960293686211879 0.27899110419796797 0
    outer loop
      vertex 27.062833674252033 21.497379772365093 0
      vertex 27.097886964678764 21.61803399026394 70.1
      vertex 27.097886964678764 21.61803399026394 0
    endloop
  endfacet
  facet normal -0.9408807601378323 0.33873794473376473 0
    outer loop
      vertex 27.097886964678764 21.61803399026394 0
      vertex 27.14044702798128 21.73624910414219 70.1
      vertex 27.14044702798128 21.73624910414219 0
    endloop
  endfacet
  facet normal -0.917754614550276 0.3971479163632545 0
    outer loop
      vertex 27.14044702798128 21.73624910414219 0
      vertex 27.14044702798128 21.73624910414219 70.1
      vertex 27.190345898270607 21.851558580994606 0
    endloop
  endfacet
  facet normal -0.8910065296360401 0.4539904890478877 0
    outer loop
      vertex 27.190345898270607 21.851558580994606 0
      vertex 27.247386641800404 21.96350734680891 70.1
      vertex 27.247386641800404 21.96350734680891 0
    endloop
  endfacet
  facet normal -0.8607420436463316 0.5090413876096289 0
    outer loop
      vertex 27.247386641800404 21.96350734680891 0
      vertex 27.247386641800404 21.96350734680891 70.1
      vertex 27.311344146728516 22.071653589606285 0
    endloop
  endfacet
  facet normal -0.8270805680771316 0.5620833869713721 0
    outer loop
      vertex 27.311344146728516 22.071653589606285 0
      vertex 27.311344146728516 22.071653589606285 70.1
      vertex 27.38196600973606 22.175570502877235 0
    endloop
  endfacet
  facet normal -0.7901550130016157 0.6129070528460385 0
    outer loop
      vertex 27.38196600973606 22.175570502877235 0
      vertex 27.38196600973606 22.175570502877235 70.1
      vertex 27.45897351205349 22.274847976863384 0
    endloop
  endfacet
  facet normal -0.7501110840441694 0.6613118489745071 0
    outer loop
      vertex 27.45897351205349 22.274847976863384 0
      vertex 27.45897351205349 22.274847976863384 70.1
      vertex 27.542062744498253 22.36909421533346 0
    endloop
  endfacet
  facet normal -0.7071067811865475 0.7071067811865475 0
    outer loop
      vertex 27.542062744498253 22.36909421533346 0
      vertex 27.542062744498253 22.36909421533346 70.1
      vertex 27.63090578466654 22.457937255501747 0
    endloop
  endfacet
  facet normal -0.6613118489745071 0.7501110840441694 0
    outer loop
      vertex 27.63090578466654 22.457937255501747 0
      vertex 27.63090578466654 22.457937255501747 70.1
      vertex 27.725152023136616 22.54102648794651 0
    endloop
  endfacet
  facet normal -0.6129070528460385 0.7901550130016157 0
    outer loop
      vertex 27.725152023136616 22.54102648794651 0
      vertex 27.824429497122765 22.61803399026394 70.1
      vertex 27.824429497122765 22.61803399026394 0
    endloop
  endfacet
  facet normal -0.5620833869713721 0.8270805680771316 0
    outer loop
      vertex 27.824429497122765 22.61803399026394 0
      vertex 27.824429497122765 22.61803399026394 70.1
      vertex 27.928346410393715 22.688655853271484 0
    endloop
  endfacet
  facet normal -0.5090413876096289 0.8607420436463316 0
    outer loop
      vertex 27.928346410393715 22.688655853271484 0
      vertex 27.928346410393715 22.688655853271484 70.1
      vertex 28.03649265319109 22.752613358199596 0
    endloop
  endfacet
  facet normal -0.4539904890478877 0.8910065296360401 0
    outer loop
      vertex 28.03649265319109 22.752613358199596 0
      vertex 28.148441419005394 22.809654101729393 70.1
      vertex 28.148441419005394 22.809654101729393 0
    endloop
  endfacet
  facet normal -0.3971479163632545 0.917754614550276 0
    outer loop
      vertex 28.148441419005394 22.809654101729393 0
      vertex 28.148441419005394 22.809654101729393 70.1
      vertex 28.26375089585781 22.85955297201872 0
    endloop
  endfacet
  facet normal -0.33873794473376473 0.9408807601378323 0
    outer loop
      vertex 28.26375089585781 22.85955297201872 0
      vertex 28.38196600973606 22.902113035321236 70.1
      vertex 28.38196600973606 22.902113035321236 0
    endloop
  endfacet
  facet normal -0.27899110419796797 0.960293686211879 0
    outer loop
      vertex 28.38196600973606 22.902113035321236 0
      vertex 28.38196600973606 22.902113035321236 70.1
      vertex 28.502620227634907 22.937166325747967 0
    endloop
  endfacet
  facet normal -0.2181432188917103 0.9759167669691731 0
    outer loop
      vertex 28.502620227634907 22.937166325747967 0
      vertex 28.625237368047237 22.96457450091839 70.1
      vertex 28.625237368047237 22.96457450091839 0
    endloop
  endfacet
  facet normal -0.15643445396088942 0.9876883423499331 0
    outer loop
      vertex 28.625237368047237 22.96457450091839 0
      vertex 28.749333530664444 22.984229400753975 70.1
      vertex 28.749333530664444 22.984229400753975 0
    endloop
  endfacet
  facet normal -0.09410833107904504 0.9955619629242153 0
    outer loop
      vertex 28.749333530664444 22.984229400753975 0
      vertex 28.749333530664444 22.984229400753975 70.1
      vertex 28.87441895902157 22.996053457260132 0
    endloop
  endfacet
  facet normal -0.031410755389397915 0.9995065604816546 0
    outer loop
      vertex 28.87441895902157 22.996053457260132 0
      vertex 29 23 70.1
      vertex 29 23 0
    endloop
  endfacet
  facet normal 0 1 0
    outer loop
      vertex 29 23 0
      vertex 29 23 70.1
      vertex 51 23 0
    endloop
  endfacet
  facet normal 0 0 -1
    outer loop
      vertex 28.38196600973606 22.902113035321236 0
      vertex 28.502620227634907 22.937166325747967 0
      vertex 52.80965410172939 -21.851558580994606 0
    endloop
  endfacet
  facet normal 0 0 -1
    outer loop
      vertex 28.502620227634907 22.937166325747967 0
      vertex 28.625237368047237 22.96457450091839 0
      vertex 52.80965410172939 -21.851558580994606 0
    endloop
  endfacet
  facet normal 0 0 -1
    outer loop
      vertex 28.625237368047237 22.96457450091839 0
      vertex 28.749333530664444 22.984229400753975 0
      vertex 52.80965410172939 -21.851558580994606 0
    endloop
  endfacet
  facet normal 0 0 -1
    outer loop
      vertex 28.749333530664444 22.984229400753975 0
      vertex 28.87441895902157 22.996053457260132 0
      vertex 52.80965410172939 -21.851558580994606 0
    endloop
  endfacet
  facet normal 0 0 -1
    outer loop
      vertex 28.87441895902157 22.996053457260132 0
      vertex 29 23 0
      vertex 52.80965410172939 -21.851558580994606 0
    endloop
  endfacet
  facet normal 0 0 -1
    outer loop
      vertex 29 23 0
      vertex 51 23 0
      vertex 52.80965410172939 -21.851558580994606 0
    endloop
  endfacet
  facet normal 0 0 -1
    outer loop
      vertex 52.80965410172939 -21.851558580994606 0
      vertex 52.99605345726013 21.12558104097843 0
      vertex 53 21 0
    endloop
  endfacet
  facet normal 0 0 -1
    outer loop
      vertex 52.80965410172939 -21.851558580994606 0
      vertex 52.984229400753975 21.250666469335556 0
      vertex 52.99605345726013 21.12558104097843 0
    endloop
  endfacet
  facet normal 0 0 -1
    outer loop
      vertex 52.80965410172939 -21.851558580994606 0
      vertex 52.96457450091839 21.374762631952763 0
      vertex 52.984229400753975 21.250666469335556 0
    endloop
  endfacet
  facet normal 0 0 -1
    outer loop
      vertex 52.80965410172939 -21.851558580994606 0
      vertex 52.93716632574797 21.497379772365093 0
      vertex 52.96457450091839 21.374762631952763 0
    endloop
  endfacet
  facet normal 0 0 -1
    outer loop
      vertex 52.80965410172939 -21.851558580994606 0
      vertex 52.85955297201872 21.73624910414219 0
      vertex 52.902113035321236 21.61803399026394 0
    endloop
  endfacet
  facet normal 0 0 -1
    outer loop
      vertex 52.80965410172939 -21.851558580994606 0
      vertex 52.902113035321236 21.61803399026394 0
      vertex 52.93716632574797 21.497379772365093 0
    endloop
  endfacet
  facet normal 0 0 -1
    outer loop
      vertex 52.80965410172939 -21.851558580994606 0
      vertex 51 23 0
      vertex 51.12558104097843 22.996053457260132 0
    endloop
  endfacet
  facet normal 0 0 -1
    outer loop
      vertex 52.80965410172939 -21.851558580994606 0
      vertex 51.12558104097843 22.996053457260132 0
      vertex 51.250666469335556 22.984229400753975 0
    endloop
  endfacet
  facet normal 0 0 -1
    outer loop
      vertex 52.80965410172939 -21.851558580994606 0
      vertex 51.250666469335556 22.984229400753975 0
      vertex 51.37476263195276 22.96457450091839 0
    endloop
  endfacet
  facet normal 0 0 -1
    outer loop
      vertex 52.80965410172939 -21.851558580994606 0
      vertex 51.37476263195276 22.96457450091839 0
      vertex 51.49737977236509 22.937166325747967 0
    endloop
  endfacet
  facet normal 0 0 -1
    outer loop
      vertex 52.80965410172939 -21.851558580994606 0
      vertex 51.851558580994606 22.809654101729393 0
      vertex 51.96350734680891 22.752613358199596 0
    endloop
  endfacet
  facet normal 0 0 -1
    outer loop
      vertex 52.80965410172939 -21.851558580994606 0
      vertex 51.96350734680891 22.752613358199596 0
      vertex 52.071653589606285 22.688655853271484 0
    endloop
  endfacet
  facet normal 0 0 -1
    outer loop
      vertex 52.80965410172939 -21.851558580994606 0
      vertex 52.071653589606285 22.688655853271484 0
      vertex 52.175570502877235 22.61803399026394 0
    endloop
  endfacet
  facet normal 0 0 -1
    outer loop
      vertex 52.80965410172939 -21.851558580994606 0
      vertex 52.175570502877235 22.61803399026394 0
      vertex 52.274847976863384 22.54102648794651 0
    endloop
  endfacet
  facet normal 0 0 -1
    outer loop
      vertex 52.80965410172939 -21.851558580994606 0
      vertex 52.54102648794651 22.274847976863384 0
      vertex 52.61803399026394 22.175570502877235 0
    endloop
  endfacet
  facet normal 0 0 -1
    outer loop
      vertex 52.80965410172939 -21.851558580994606 0
      vertex 52.61803399026394 22.175570502877235 0
      vertex 52.688655853271484 22.071653589606285 0
    endloop
  endfacet
  facet normal 0 0 -1
    outer loop
      vertex 52.80965410172939 -21.851558580994606 0
      vertex 52.80965410172939 21.851558580994606 0
      vertex 52.85955297201872 21.73624910414219 0
    endloop
  endfacet
  facet normal 0 0 -1
    outer loop
      vertex 52.80965410172939 -21.851558580994606 0
      vertex 52.752613358199596 21.96350734680891 0
      vertex 52.80965410172939 21.851558580994606 0
    endloop
  endfacet
  facet normal 0 0 -1
    outer loop
      vertex 52.80965410172939 -21.851558580994606 0
      vertex 52.688655853271484 22.071653589606285 0
      vertex 52.752613358199596 21.96350734680891 0
    endloop
  endfacet
  facet normal 0 0 -1
    outer loop
      vertex 52.80965410172939 -21.851558580994606 0
      vertex 52.45793725550175 22.36909421533346 0
      vertex 52.54102648794651 22.274847976863384 0
    endloop
  endfacet
  facet normal 0 0 -1
    outer loop
      vertex 52.80965410172939 -21.851558580994606 0
      vertex 52.36909421533346 22.457937255501747 0
      vertex 52.45793725550175 22.36909421533346 0
    endloop
  endfacet
  facet normal 0 0 -1
    outer loop
      vertex 52.80965410172939 -21.851558580994606 0
      vertex 52.274847976863384 22.54102648794651 0
      vertex 52.36909421533346 22.457937255501747 0
    endloop
  endfacet
  facet normal 0 0 -1
    outer loop
      vertex 52.80965410172939 -21.851558580994606 0
      vertex 51.49737977236509 22.937166325747967 0
      vertex 51.61803399026394 22.902113035321236 0
    endloop
  endfacet
  facet normal 0 0 -1
    outer loop
      vertex 52.80965410172939 -21.851558580994606 0
      vertex 51.61803399026394 22.902113035321236 0
      vertex 51.73624910414219 22.85955297201872 0
    endloop
  endfacet
  facet normal 0 0 -1
    outer loop
      vertex 52.80965410172939 -21.851558580994606 0
      vertex 51.73624910414219 22.85955297201872 0
      vertex 51.851558580994606 22.809654101729393 0
    endloop
  endfacet
  facet normal 0.9995065604816546 0.031410755389397915 0
    outer loop
      vertex 53 21 0
      vertex 52.99605345726013 21.12558104097843 0
      vertex 52.99605345726013 21.12558104097843 70.1
    endloop
  endfacet
  facet normal 0.9955619629242153 0.09410833107904504 0
    outer loop
      vertex 52.99605345726013 21.12558104097843 0
      vertex 52.984229400753975 21.250666469335556 0
      vertex 52.99605345726013 21.12558104097843 70.1
    endloop
  endfacet
  facet normal 0.9876883423499331 0.15643445396088942 0
    outer loop
      vertex 52.984229400753975 21.250666469335556 0
      vertex 52.96457450091839 21.374762631952763 0
      vertex 52.984229400753975 21.250666469335556 70.1
    endloop
  endfacet
  facet normal 0.9759167669691731 0.2181432188917103 0
    outer loop
      vertex 52.96457450091839 21.374762631952763 0
      vertex 52.93716632574797 21.497379772365093 0
      vertex 52.93716632574797 21.497379772365093 70.1
    endloop
  endfacet
  facet normal 0.031410755389397915 0.9995065604816546 0
    outer loop
      vertex 51 23 0
      vertex 51 23 70.1
      vertex 51.12558104097843 22.996053457260132 0
    endloop
  endfacet
  facet normal 0.09410833107904504 0.9955619629242153 0
    outer loop
      vertex 51.12558104097843 22.996053457260132 0
      vertex 51.250666469335556 22.984229400753975 70.1
      vertex 51.250666469335556 22.984229400753975 0
    endloop
  endfacet
  facet normal 0.15643445396088942 0.9876883423499331 0
    outer loop
      vertex 51.250666469335556 22.984229400753975 0
      vertex 51.250666469335556 22.984229400753975 70.1
      vertex 51.37476263195276 22.96457450091839 0
    endloop
  endfacet
  facet normal 0.2181432188917103 0.9759167669691731 0
    outer loop
      vertex 51.37476263195276 22.96457450091839 0
      vertex 51.49737977236509 22.937166325747967 70.1
      vertex 51.49737977236509 22.937166325747967 0
    endloop
  endfacet
  facet normal 0.27899110419796797 0.960293686211879 0
    outer loop
      vertex 51.49737977236509 22.937166325747967 0
      vertex 51.49737977236509 22.937166325747967 70.1
      vertex 51.61803399026394 22.902113035321236 0
    endloop
  endfacet
  facet normal 0.33873794473376473 0.9408807601378323 0
    outer loop
      vertex 51.61803399026394 22.902113035321236 0
      vertex 51.73624910414219 22.85955297201872 70.1
      vertex 51.73624910414219 22.85955297201872 0
    endloop
  endfacet
  facet normal 0.4539904890478877 0.8910065296360401 0
    outer loop
      vertex 51.851558580994606 22.809654101729393 0
      vertex 51.851558580994606 22.809654101729393 70.1
      vertex 51.96350734680891 22.752613358199596 0
    endloop
  endfacet
  facet normal 0.3971479163632545 0.917754614550276 0
    outer loop
      vertex 51.73624910414219 22.85955297201872 0
      vertex 51.73624910414219 22.85955297201872 70.1
      vertex 51.851558580994606 22.809654101729393 0
    endloop
  endfacet
  facet normal 0.960293686211879 0.27899110419796797 0
    outer loop
      vertex 52.93716632574797 21.497379772365093 0
      vertex 52.902113035321236 21.61803399026394 0
      vertex 52.902113035321236 21.61803399026394 70.1
    endloop
  endfacet
  facet normal 0.9408807601378323 0.33873794473376473 0
    outer loop
      vertex 52.85955297201872 21.73624910414219 0
      vertex 52.902113035321236 21.61803399026394 70.1
      vertex 52.902113035321236 21.61803399026394 0
    endloop
  endfacet
  facet normal 0.917754614550276 0.3971479163632545 0
    outer loop
      vertex 52.85955297201872 21.73624910414219 0
      vertex 52.80965410172939 21.851558580994606 0
      vertex 52.85955297201872 21.73624910414219 70.1
    endloop
  endfacet
  facet normal 0.8910065296360401 0.4539904890478877 0
    outer loop
      vertex 52.752613358199596 21.96350734680891 0
      vertex 52.80965410172939 21.851558580994606 70.1
      vertex 52.80965410172939 21.851558580994606 0
    endloop
  endfacet
  facet normal 0.8607420436463316 0.5090413876096289 0
    outer loop
      vertex 52.688655853271484 22.071653589606285 0
      vertex 52.688655853271484 22.071653589606285 70.1
      vertex 52.752613358199596 21.96350734680891 0
    endloop
  endfacet
  facet normal 0.7901550130016157 0.6129070528460385 0
    outer loop
      vertex 52.54102648794651 22.274847976863384 0
      vertex 52.61803399026394 22.175570502877235 70.1
      vertex 52.61803399026394 22.175570502877235 0
    endloop
  endfacet
  facet normal 0.8270805680771316 0.5620833869713721 0
    outer loop
      vertex 52.688655853271484 22.071653589606285 0
      vertex 52.61803399026394 22.175570502877235 0
      vertex 52.688655853271484 22.071653589606285 70.1
    endloop
  endfacet
  facet normal 0.7071067811865475 0.7071067811865475 0
    outer loop
      vertex 52.36909421533346 22.457937255501747 0
      vertex 52.36909421533346 22.457937255501747 70.1
      vertex 52.45793725550175 22.36909421533346 0
    endloop
  endfacet
  facet normal 0.6613118489745071 0.7501110840441694 0
    outer loop
      vertex 52.274847976863384 22.54102648794651 0
      vertex 52.36909421533346 22.457937255501747 70.1
      vertex 52.36909421533346 22.457937255501747 0
    endloop
  endfacet
  facet normal 0.6129070528460385 0.7901550130016157 0
    outer loop
      vertex 52.175570502877235 22.61803399026394 0
      vertex 52.274847976863384 22.54102648794651 70.1
      vertex 52.274847976863384 22.54102648794651 0
    endloop
  endfacet
  facet normal 0.5090413876096289 0.8607420436463316 0
    outer loop
      vertex 51.96350734680891 22.752613358199596 0
      vertex 52.071653589606285 22.688655853271484 70.1
      vertex 52.071653589606285 22.688655853271484 0
    endloop
  endfacet
  facet normal 0.5620833869713721 0.8270805680771316 0
    outer loop
      vertex 52.175570502877235 22.61803399026394 0
      vertex 52.071653589606285 22.688655853271484 0
      vertex 52.071653589606285 22.688655853271484 70.1
    endloop
  endfacet
  facet normal 0.7501110840441694 0.6613118489745071 0
    outer loop
      vertex 52.54102648794651 22.274847976863384 0
      vertex 52.45793725550175 22.36909421533346 0
      vertex 52.45793725550175 22.36909421533346 70.1
    endloop
  endfacet
  facet normal -1 0 0
    outer loop
      vertex 27 -21 70.1
      vertex 27 21 70.1
      vertex 27 21 0
    endloop
  endfacet
  facet normal 0 0 1
    outer loop
      vertex 27 -21 70.1
      vertex 27.247386641800404 21.96350734680891 70.1
      vertex 27 21 70.1
    endloop
  endfacet
  facet normal 0 0 1
    outer loop
      vertex 29 -23 70.1
      vertex 29.5 18.5 70.1
      vertex 27.247386641800404 21.96350734680891 70.1
    endloop
  endfacet
  facet normal -0.9995065604816546 0.031410755389397915 0
    outer loop
      vertex 27.003946542739868 21.12558104097843 0
      vertex 27 21 70.1
      vertex 27.003946542739868 21.12558104097843 70.1
    endloop
  endfacet
  facet normal -0.9955619629242153 0.09410833107904504 0
    outer loop
      vertex 27.003946542739868 21.12558104097843 0
      vertex 27.003946542739868 21.12558104097843 70.1
      vertex 27.015770599246025 21.250666469335556 70.1
    endloop
  endfacet
  facet normal -0.9876883423499331 0.15643445396088942 0
    outer loop
      vertex 27.03542549908161 21.374762631952763 0
      vertex 27.015770599246025 21.250666469335556 70.1
      vertex 27.03542549908161 21.374762631952763 70.1
    endloop
  endfacet
  facet normal -0.9759167669691731 0.2181432188917103 0
    outer loop
      vertex 27.03542549908161 21.374762631952763 0
      vertex 27.03542549908161 21.374762631952763 70.1
      vertex 27.062833674252033 21.497379772365093 70.1
    endloop
  endfacet
  facet normal -0.960293686211879 0.27899110419796797 0
    outer loop
      vertex 27.062833674252033 21.497379772365093 0
      vertex 27.062833674252033 21.497379772365093 70.1
      vertex 27.097886964678764 21.61803399026394 70.1
    endloop
  endfacet
  facet normal -0.9408807601378323 0.33873794473376473 0
    outer loop
      vertex 27.097886964678764 21.61803399026394 0
      vertex 27.097886964678764 21.61803399026394 70.1
      vertex 27.14044702798128 21.73624910414219 70.1
    endloop
  endfacet
  facet normal -0.917754614550276 0.3971479163632545 0
    outer loop
      vertex 27.190345898270607 21.851558580994606 0
      vertex 27.14044702798128 21.73624910414219 70.1
      vertex 27.190345898270607 21.851558580994606 70.1
    endloop
  endfacet
  facet normal -0.8910065296360401 0.4539904890478877 0
    outer loop
      vertex 27.190345898270607 21.851558580994606 0
      vertex 27.190345898270607 21.851558580994606 70.1
      vertex 27.247386641800404 21.96350734680891 70.1
    endloop
  endfacet
  facet normal -0.8607420436463316 0.5090413876096289 0
    outer loop
      vertex 27.311344146728516 22.071653589606285 0
      vertex 27.247386641800404 21.96350734680891 70.1
      vertex 27.311344146728516 22.071653589606285 70.1
    endloop
  endfacet
  facet normal -0.8270805680771316 0.5620833869713721 0
    outer loop
      vertex 27.38196600973606 22.175570502877235 0
      vertex 27.311344146728516 22.071653589606285 70.1
      vertex 27.38196600973606 22.175570502877235 70.1
    endloop
  endfacet
  facet normal -0.7901550130016157 0.6129070528460385 0
    outer loop
      vertex 27.45897351205349 22.274847976863384 0
      vertex 27.38196600973606 22.175570502877235 70.1
      vertex 27.45897351205349 22.274847976863384 70.1
    endloop
  endfacet
  facet normal -0.7501110840441694 0.6613118489745071 0
    outer loop
      vertex 27.542062744498253 22.36909421533346 0
      vertex 27.45897351205349 22.274847976863384 70.1
      vertex 27.542062744498253 22.36909421533346 70.1
    endloop
  endfacet
  facet normal -0.7071067811865475 0.7071067811865475 0
    outer loop
      vertex 27.63090578466654 22.457937255501747 0
      vertex 27.542062744498253 22.36909421533346 70.1
      vertex 27.63090578466654 22.457937255501747 70.1
    endloop
  endfacet
  facet normal -0.6613118489745071 0.7501110840441694 0
    outer loop
      vertex 27.725152023136616 22.54102648794651 0
      vertex 27.63090578466654 22.457937255501747 70.1
      vertex 27.725152023136616 22.54102648794651 70.1
    endloop
  endfacet
  facet normal -0.6129070528460385 0.7901550130016157 0
    outer loop
      vertex 27.725152023136616 22.54102648794651 0
      vertex 27.725152023136616 22.54102648794651 70.1
      vertex 27.824429497122765 22.61803399026394 70.1
    endloop
  endfacet
  facet normal -0.5620833869713721 0.8270805680771316 0
    outer loop
      vertex 27.928346410393715 22.688655853271484 0
      vertex 27.824429497122765 22.61803399026394 70.1
      vertex 27.928346410393715 22.688655853271484 70.1
    endloop
  endfacet
  facet normal -0.5090413876096289 0.8607420436463316 0
    outer loop
      vertex 28.03649265319109 22.752613358199596 0
      vertex 27.928346410393715 22.688655853271484 70.1
      vertex 28.03649265319109 22.752613358199596 70.1
    endloop
  endfacet
  facet normal -0.4539904890478877 0.8910065296360401 0
    outer loop
      vertex 28.03649265319109 22.752613358199596 0
      vertex 28.03649265319109 22.752613358199596 70.1
      vertex 28.148441419005394 22.809654101729393 70.1
    endloop
  endfacet
  facet normal -0.3971479163632545 0.917754614550276 0
    outer loop
      vertex 28.26375089585781 22.85955297201872 0
      vertex 28.148441419005394 22.809654101729393 70.1
      vertex 28.26375089585781 22.85955297201872 70.1
    endloop
  endfacet
  facet normal -0.33873794473376473 0.9408807601378323 0
    outer loop
      vertex 28.26375089585781 22.85955297201872 0
      vertex 28.26375089585781 22.85955297201872 70.1
      vertex 28.38196600973606 22.902113035321236 70.1
    endloop
  endfacet
  facet normal -0.27899110419796797 0.960293686211879 0
    outer loop
      vertex 28.502620227634907 22.937166325747967 0
      vertex 28.38196600973606 22.902113035321236 70.1
      vertex 28.502620227634907 22.937166325747967 70.1
    endloop
  endfacet
  facet normal -0.2181432188917103 0.9759167669691731 0
    outer loop
      vertex 28.502620227634907 22.937166325747967 0
      vertex 28.502620227634907 22.937166325747967 70.1
      vertex 28.625237368047237 22.96457450091839 70.1
    endloop
  endfacet
  facet normal -0.15643445396088942 0.9876883423499331 0
    outer loop
      vertex 28.625237368047237 22.96457450091839 0
      vertex 28.625237368047237 22.96457450091839 70.1
      vertex 28.749333530664444 22.984229400753975 70.1
    endloop
  endfacet
  facet normal -0.09410833107904504 0.9955619629242153 0
    outer loop
      vertex 28.87441895902157 22.996053457260132 0
      vertex 28.749333530664444 22.984229400753975 70.1
      vertex 28.87441895902157 22.996053457260132 70.1
    endloop
  endfacet
  facet normal -0.031410755389397915 0.9995065604816546 0
    outer loop
      vertex 28.87441895902157 22.996053457260132 0
      vertex 28.87441895902157 22.996053457260132 70.1
      vertex 29 23 70.1
    endloop
  endfacet
  facet normal 0 0 1
    outer loop
      vertex 27 21 70.1
      vertex 27.247386641800404 21.96350734680891 70.1
      vertex 27.003946542739868 21.12558104097843 70.1
    endloop
  endfacet
  facet normal 0 0 1
    outer loop
      vertex 27.003946542739868 21.12558104097843 70.1
      vertex 27.247386641800404 21.96350734680891 70.1
      vertex 27.015770599246025 21.250666469335556 70.1
    endloop
  endfacet
  facet normal 0 0 1
    outer loop
      vertex 27.015770599246025 21.250666469335556 70.1
      vertex 27.247386641800404 21.96350734680891 70.1
      vertex 27.03542549908161 21.374762631952763 70.1
    endloop
  endfacet
  facet normal 0 0 1
    outer loop
      vertex 27.03542549908161 21.374762631952763 70.1
      vertex 27.247386641800404 21.96350734680891 70.1
      vertex 27.062833674252033 21.497379772365093 70.1
    endloop
  endfacet
  facet normal 0 0 1
    outer loop
      vertex 27.062833674252033 21.497379772365093 70.1
      vertex 27.247386641800404 21.96350734680891 70.1
      vertex 27.097886964678764 21.61803399026394 70.1
    endloop
  endfacet
  facet normal 0 0 1
    outer loop
      vertex 27.097886964678764 21.61803399026394 70.1
      vertex 27.247386641800404 21.96350734680891 70.1
      vertex 27.14044702798128 21.73624910414219 70.1
    endloop
  endfacet
  facet normal 0 0 1
    outer loop
      vertex 27.14044702798128 21.73624910414219 70.1
      vertex 27.247386641800404 21.96350734680891 70.1
      vertex 27.190345898270607 21.851558580994606 70.1
    endloop
  endfacet
  facet normal 0 0 1
    outer loop
      vertex 27.247386641800404 21.96350734680891 70.1
      vertex 27.38196600973606 22.175570502877235 70.1
      vertex 27.311344146728516 22.071653589606285 70.1
    endloop
  endfacet
  facet normal 0 0 1
    outer loop
      vertex 27.247386641800404 21.96350734680891 70.1
      vertex 27.45897351205349 22.274847976863384 70.1
      vertex 27.38196600973606 22.175570502877235 70.1
    endloop
  endfacet
  facet normal 0 0 1
    outer loop
      vertex 27.247386641800404 21.96350734680891 70.1
      vertex 27.542062744498253 22.36909421533346 70.1
      vertex 27.45897351205349 22.274847976863384 70.1
    endloop
  endfacet
  facet normal 0 0 1
    outer loop
      vertex 27.247386641800404 21.96350734680891 70.1
      vertex 27.63090578466654 22.457937255501747 70.1
      vertex 27.542062744498253 22.36909421533346 70.1
    endloop
  endfacet
  facet normal 0 0 1
    outer loop
      vertex 27.247386641800404 21.96350734680891 70.1
      vertex 27.725152023136616 22.54102648794651 70.1
      vertex 27.63090578466654 22.457937255501747 70.1
    endloop
  endfacet
  facet normal 0 0 1
    outer loop
      vertex 27.247386641800404 21.96350734680891 70.1
      vertex 27.824429497122765 22.61803399026394 70.1
      vertex 27.725152023136616 22.54102648794651 70.1
    endloop
  endfacet
  facet normal 0 0 1
    outer loop
      vertex 27.247386641800404 21.96350734680891 70.1
      vertex 27.928346410393715 22.688655853271484 70.1
      vertex 27.824429497122765 22.61803399026394 70.1
    endloop
  endfacet
  facet normal 0 0 1
    outer loop
      vertex 27.247386641800404 21.96350734680891 70.1
      vertex 28.03649265319109 22.752613358199596 70.1
      vertex 27.928346410393715 22.688655853271484 70.1
    endloop
  endfacet
  facet normal 0 0 1
    outer loop
      vertex 27.247386641800404 21.96350734680891 70.1
      vertex 28.148441419005394 22.809654101729393 70.1
      vertex 28.03649265319109 22.752613358199596 70.1
    endloop
  endfacet
  facet normal 0 0 1
    outer loop
      vertex 27.247386641800404 21.96350734680891 70.1
      vertex 28.26375089585781 22.85955297201872 70.1
      vertex 28.148441419005394 22.809654101729393 70.1
    endloop
  endfacet
  facet normal 0 0 1
    outer loop
      vertex 27.247386641800404 21.96350734680891 70.1
      vertex 28.38196600973606 22.902113035321236 70.1
      vertex 28.26375089585781 22.85955297201872 70.1
    endloop
  endfacet
  facet normal 0 0 1
    outer loop
      vertex 27.247386641800404 21.96350734680891 70.1
      vertex 28.502620227634907 22.937166325747967 70.1
      vertex 28.38196600973606 22.902113035321236 70.1
    endloop
  endfacet
  facet normal 0 0 1
    outer loop
      vertex 27.247386641800404 21.96350734680891 70.1
      vertex 28.625237368047237 22.96457450091839 70.1
      vertex 28.502620227634907 22.937166325747967 70.1
    endloop
  endfacet
  facet normal 0 0 1
    outer loop
      vertex 27.247386641800404 21.96350734680891 70.1
      vertex 28.749333530664444 22.984229400753975 70.1
      vertex 28.625237368047237 22.96457450091839 70.1
    endloop
  endfacet
  facet normal 0 0 1
    outer loop
      vertex 27.247386641800404 21.96350734680891 70.1
      vertex 29.5 18.5 70.1
      vertex 29.503946542739868 18.62558104097843 70.1
    endloop
  endfacet
  facet normal 0 0 1
    outer loop
      vertex 27.247386641800404 21.96350734680891 70.1
      vertex 29.503946542739868 18.62558104097843 70.1
      vertex 29.515770599246025 18.750666469335556 70.1
    endloop
  endfacet
  facet normal 0 0 1
    outer loop
      vertex 27.247386641800404 21.96350734680891 70.1
      vertex 29.515770599246025 18.750666469335556 70.1
      vertex 29.53542549908161 18.874762631952763 70.1
    endloop
  endfacet
  facet normal 0 0 1
    outer loop
      vertex 27.247386641800404 21.96350734680891 70.1
      vertex 29.53542549908161 18.874762631952763 70.1
      vertex 29.562833674252033 18.997379772365093 70.1
    endloop
  endfacet
  facet normal 0 0 1
    outer loop
      vertex 27.247386641800404 21.96350734680891 70.1
      vertex 29.562833674252033 18.997379772365093 70.1
      vertex 29.597886964678764 19.11803399026394 70.1
    endloop
  endfacet
  facet normal 0 0 1
    outer loop
      vertex 27.247386641800404 21.96350734680891 70.1
      vertex 29.597886964678764 19.11803399026394 70.1
      vertex 29.64044702798128 19.23624910414219 70.1
    endloop
  endfacet
  facet normal 0 0 1
    outer loop
      vertex 27.247386641800404 21.96350734680891 70.1
      vertex 29.64044702798128 19.23624910414219 70.1
      vertex 29.690345898270607 19.351558580994606 70.1
    endloop
  endfacet
  facet normal 0 0 1
    outer loop
      vertex 27.247386641800404 21.96350734680891 70.1
      vertex 29.690345898270607 19.351558580994606 70.1
      vertex 29.747386641800404 19.46350734680891 70.1
    endloop
  endfacet
  facet normal 0 0 1
    outer loop
      vertex 27.247386641800404 21.96350734680891 70.1
      vertex 29.747386641800404 19.46350734680891 70.1
      vertex 29.811344146728516 19.571653589606285 70.1
    endloop
  endfacet
  facet normal 0 0 1
    outer loop
      vertex 27.247386641800404 21.96350734680891 70.1
      vertex 29.811344146728516 19.571653589606285 70.1
      vertex 29.88196600973606 19.675570502877235 70.1
    endloop
  endfacet
  facet normal 0 0 1
    outer loop
      vertex 27.247386641800404 21.96350734680891 70.1
      vertex 29.88196600973606 19.675570502877235 70.1
      vertex 29.95897351205349 19.774847976863384 70.1
    endloop
  endfacet
  facet normal 0 0 1
    outer loop
      vertex 27.247386641800404 21.96350734680891 70.1
      vertex 29.95897351205349 19.774847976863384 70.1
      vertex 30.042062744498253 19.86909421533346 70.1
    endloop
  endfacet
  facet normal 0 0 1
    outer loop
      vertex 27.247386641800404 21.96350734680891 70.1
      vertex 30.042062744498253 19.86909421533346 70.1
      vertex 30.13090578466654 19.957937255501747 70.1
    endloop
  endfacet
  facet normal 0 0 1
    outer loop
      vertex 27.247386641800404 21.96350734680891 70.1
      vertex 30.13090578466654 19.957937255501747 70.1
      vertex 30.225152023136616 20.04102648794651 70.1
    endloop
  endfacet
  facet normal 0 0 1
    outer loop
      vertex 27.247386641800404 21.96350734680891 70.1
      vertex 30.225152023136616 20.04102648794651 70.1
      vertex 30.324429497122765 20.11803399026394 70.1
    endloop
  endfacet
  facet normal 0 0 1
    outer loop
      vertex 27.247386641800404 21.96350734680891 70.1
      vertex 30.324429497122765 20.11803399026394 70.1
      vertex 30.428346410393715 20.188655853271484 70.1
    endloop
  endfacet
  facet normal 0 0 1
    outer loop
      vertex 27.247386641800404 21.96350734680891 70.1
      vertex 30.428346410393715 20.188655853271484 70.1
      vertex 30.53649265319109 20.252613358199596 70.1
    endloop
  endfacet
  facet normal 0 0 1
    outer loop
      vertex 27.247386641800404 21.96350734680891 70.1
      vertex 30.53649265319109 20.252613358199596 70.1
      vertex 30.648441419005394 20.309654101729393 70.1
    endloop
  endfacet
  facet normal 0 0 1
    outer loop
      vertex 27.247386641800404 21.96350734680891 70.1
      vertex 30.648441419005394 20.309654101729393 70.1
      vertex 30.76375089585781 20.35955297201872 70.1
    endloop
  endfacet
  facet normal 0 0 1
    outer loop
      vertex 27.247386641800404 21.96350734680891 70.1
      vertex 30.76375089585781 20.35955297201872 70.1
      vertex 30.88196600973606 20.402113035321236 70.1
    endloop
  endfacet
  facet normal 0 0 1
    outer loop
      vertex 27.247386641800404 21.96350734680891 70.1
      vertex 30.88196600973606 20.402113035321236 70.1
      vertex 31.002620227634907 20.437166325747967 70.1
    endloop
  endfacet
  facet normal 0 0 1
    outer loop
      vertex 27.247386641800404 21.96350734680891 70.1
      vertex 31.002620227634907 20.437166325747967 70.1
      vertex 31.125237368047237 20.46457450091839 70.1
    endloop
  endfacet
  facet normal 0 0 1
    outer loop
      vertex 27.247386641800404 21.96350734680891 70.1
      vertex 31.125237368047237 20.46457450091839 70.1
      vertex 31.249333530664444 20.484229400753975 70.1
    endloop
  endfacet
  facet normal 0 0 1
    outer loop
      vertex 27.247386641800404 21.96350734680891 70.1
      vertex 31.249333530664444 20.484229400753975 70.1
      vertex 31.37441895902157 20.496053457260132 70.1
    endloop
  endfacet
  facet normal 0 0 1
    outer loop
      vertex 27.247386641800404 21.96350734680891 70.1
      vertex 31.37441895902157 20.496053457260132 70.1
      vertex 31.5 20.5 70.1
    endloop
  endfacet
  facet normal 0 0 1
    outer loop
      vertex 27.247386641800404 21.96350734680891 70.1
      vertex 28.87441895902157 22.996053457260132 70.1
      vertex 28.749333530664444 22.984229400753975 70.1
    endloop
  endfacet
  facet normal 0 0 1
    outer loop
      vertex 27.247386641800404 21.96350734680891 70.1
      vertex 29 23 70.1
      vertex 28.87441895902157 22.996053457260132 70.1
    endloop
  endfacet
  facet normal 0 0 1
    outer loop
      vertex 27.247386641800404 21.96350734680891 70.1
      vertex 51 23 70.1
      vertex 29 23 70.1
    endloop
  endfacet
  facet normal 1 0 0
    outer loop
      vertex 53 -21 70.1
      vertex 53 21 0
      vertex 53 21 70.1
    endloop
  endfacet
  facet normal 0 0 1
    outer loop
      vertex 53 21 70.1
      vertex 50.5 18.5 70.1
      vertex 50.5 -18.5 70.1
    endloop
  endfacet
  facet normal 0 1 0
    outer loop
      vertex 29 23 70.1
      vertex 51 23 70.1
      vertex 51 23 0
    endloop
  endfacet
  facet normal 0.9995065604816546 0.031410755389397915 0
    outer loop
      vertex 53 21 0
      vertex 52.99605345726013 21.12558104097843 70.1
      vertex 53 21 70.1
    endloop
  endfacet
  facet normal 0.9955619629242153 0.09410833107904504 0
    outer loop
      vertex 52.984229400753975 21.250666469335556 0
      vertex 52.984229400753975 21.250666469335556 70.1
      vertex 52.99605345726013 21.12558104097843 70.1
    endloop
  endfacet
  facet normal 0.9876883423499331 0.15643445396088942 0
    outer loop
      vertex 52.96457450091839 21.374762631952763 0
      vertex 52.96457450091839 21.374762631952763 70.1
      vertex 52.984229400753975 21.250666469335556 70.1
    endloop
  endfacet
  facet normal 0.9759167669691731 0.2181432188917103 0
    outer loop
      vertex 52.96457450091839 21.374762631952763 0
      vertex 52.93716632574797 21.497379772365093 70.1
      vertex 52.96457450091839 21.374762631952763 70.1
    endloop
  endfacet
  facet normal 0.960293686211879 0.27899110419796797 0
    outer loop
      vertex 52.93716632574797 21.497379772365093 0
      vertex 52.902113035321236 21.61803399026394 70.1
      vertex 52.93716632574797 21.497379772365093 70.1
    endloop
  endfacet
  facet normal 0.031410755389397915 0.9995065604816546 0
    outer loop
      vertex 51.12558104097843 22.996053457260132 0
      vertex 51 23 70.1
      vertex 51.12558104097843 22.996053457260132 70.1
    endloop
  endfacet
  facet normal 0.09410833107904504 0.9955619629242153 0
    outer loop
      vertex 51.12558104097843 22.996053457260132 0
      vertex 51.12558104097843 22.996053457260132 70.1
      vertex 51.250666469335556 22.984229400753975 70.1
    endloop
  endfacet
  facet normal 0.15643445396088942 0.9876883423499331 0
    outer loop
      vertex 51.37476263195276 22.96457450091839 0
      vertex 51.250666469335556 22.984229400753975 70.1
      vertex 51.37476263195276 22.96457450091839 70.1
    endloop
  endfacet
  facet normal 0.2181432188917103 0.9759167669691731 0
    outer loop
      vertex 51.37476263195276 22.96457450091839 0
      vertex 51.37476263195276 22.96457450091839 70.1
      vertex 51.49737977236509 22.937166325747967 70.1
    endloop
  endfacet
  facet normal 0.27899110419796797 0.960293686211879 0
    outer loop
      vertex 51.61803399026394 22.902113035321236 0
      vertex 51.49737977236509 22.937166325747967 70.1
      vertex 51.61803399026394 22.902113035321236 70.1
    endloop
  endfacet
  facet normal 0.33873794473376473 0.9408807601378323 0
    outer loop
      vertex 51.61803399026394 22.902113035321236 0
      vertex 51.61803399026394 22.902113035321236 70.1
      vertex 51.73624910414219 22.85955297201872 70.1
    endloop
  endfacet
  facet normal 0.4539904890478877 0.8910065296360401 0
    outer loop
      vertex 51.96350734680891 22.752613358199596 0
      vertex 51.851558580994606 22.809654101729393 70.1
      vertex 51.96350734680891 22.752613358199596 70.1
    endloop
  endfacet
  facet normal 0.3971479163632545 0.917754614550276 0
    outer loop
      vertex 51.851558580994606 22.809654101729393 0
      vertex 51.73624910414219 22.85955297201872 70.1
      vertex 51.851558580994606 22.809654101729393 70.1
    endloop
  endfacet
  facet normal 0.9408807601378323 0.33873794473376473 0
    outer loop
      vertex 52.85955297201872 21.73624910414219 0
      vertex 52.85955297201872 21.73624910414219 70.1
      vertex 52.902113035321236 21.61803399026394 70.1
    endloop
  endfacet
  facet normal 0.917754614550276 0.3971479163632545 0
    outer loop
      vertex 52.80965410172939 21.851558580994606 0
      vertex 52.80965410172939 21.851558580994606 70.1
      vertex 52.85955297201872 21.73624910414219 70.1
    endloop
  endfacet
  facet normal 0.8607420436463316 0.5090413876096289 0
    outer loop
      vertex 52.752613358199596 21.96350734680891 0
      vertex 52.688655853271484 22.071653589606285 70.1
      vertex 52.752613358199596 21.96350734680891 70.1
    endloop
  endfacet
  facet normal 0.7901550130016157 0.6129070528460385 0
    outer loop
      vertex 52.54102648794651 22.274847976863384 0
      vertex 52.54102648794651 22.274847976863384 70.1
      vertex 52.61803399026394 22.175570502877235 70.1
    endloop
  endfacet
  facet normal 0.8270805680771316 0.5620833869713721 0
    outer loop
      vertex 52.61803399026394 22.175570502877235 0
      vertex 52.61803399026394 22.175570502877235 70.1
      vertex 52.688655853271484 22.071653589606285 70.1
    endloop
  endfacet
  facet normal 0.8910065296360401 0.4539904890478877 0
    outer loop
      vertex 52.752613358199596 21.96350734680891 0
      vertex 52.752613358199596 21.96350734680891 70.1
      vertex 52.80965410172939 21.851558580994606 70.1
    endloop
  endfacet
  facet normal 0.6129070528460385 0.7901550130016157 0
    outer loop
      vertex 52.175570502877235 22.61803399026394 0
      vertex 52.175570502877235 22.61803399026394 70.1
      vertex 52.274847976863384 22.54102648794651 70.1
    endloop
  endfacet
  facet normal 0.7071067811865475 0.7071067811865475 0
    outer loop
      vertex 52.45793725550175 22.36909421533346 0
      vertex 52.36909421533346 22.457937255501747 70.1
      vertex 52.45793725550175 22.36909421533346 70.1
    endloop
  endfacet
  facet normal 0.6613118489745071 0.7501110840441694 0
    outer loop
      vertex 52.274847976863384 22.54102648794651 0
      vertex 52.274847976863384 22.54102648794651 70.1
      vertex 52.36909421533346 22.457937255501747 70.1
    endloop
  endfacet
  facet normal 0.5090413876096289 0.8607420436463316 0
    outer loop
      vertex 51.96350734680891 22.752613358199596 0
      vertex 51.96350734680891 22.752613358199596 70.1
      vertex 52.071653589606285 22.688655853271484 70.1
    endloop
  endfacet
  facet normal 0.5620833869713721 0.8270805680771316 0
    outer loop
      vertex 52.175570502877235 22.61803399026394 0
      vertex 52.071653589606285 22.688655853271484 70.1
      vertex 52.175570502877235 22.61803399026394 70.1
    endloop
  endfacet
  facet normal 0.7501110840441694 0.6613118489745071 0
    outer loop
      vertex 52.54102648794651 22.274847976863384 0
      vertex 52.45793725550175 22.36909421533346 70.1
      vertex 52.54102648794651 22.274847976863384 70.1
    endloop
  endfacet
  facet normal 0 0 1
    outer loop
      vertex 27.247386641800404 21.96350734680891 70.1
      vertex 31.5 20.5 70.1
      vertex 53 21 70.1
    endloop
  endfacet
  facet normal 0 0 1
    outer loop
      vertex 53 21 70.1
      vertex 31.5 20.5 70.1
      vertex 48.5 20.5 70.1
    endloop
  endfacet
  facet normal 0 0 1
    outer loop
      vertex 27.247386641800404 21.96350734680891 70.1
      vertex 53 21 70.1
      vertex 52.99605345726013 21.12558104097843 70.1
    endloop
  endfacet
  facet normal 0 0 1
    outer loop
      vertex 27.247386641800404 21.96350734680891 70.1
      vertex 52.99605345726013 21.12558104097843 70.1
      vertex 52.984229400753975 21.250666469335556 70.1
    endloop
  endfacet
  facet normal 0 0 1
    outer loop
      vertex 27.247386641800404 21.96350734680891 70.1
      vertex 52.984229400753975 21.250666469335556 70.1
      vertex 52.96457450091839 21.374762631952763 70.1
    endloop
  endfacet
  facet normal 0 0 1
    outer loop
      vertex 27.247386641800404 21.96350734680891 70.1
      vertex 51.12558104097843 22.996053457260132 70.1
      vertex 51 23 70.1
    endloop
  endfacet
  facet normal 0 0 1
    outer loop
      vertex 27.247386641800404 21.96350734680891 70.1
      vertex 51.37476263195276 22.96457450091839 70.1
      vertex 51.250666469335556 22.984229400753975 70.1
    endloop
  endfacet
  facet normal 0 0 1
    outer loop
      vertex 27.247386641800404 21.96350734680891 70.1
      vertex 51.49737977236509 22.937166325747967 70.1
      vertex 51.37476263195276 22.96457450091839 70.1
    endloop
  endfacet
  facet normal 0 0 1
    outer loop
      vertex 27.247386641800404 21.96350734680891 70.1
      vertex 51.61803399026394 22.902113035321236 70.1
      vertex 51.49737977236509 22.937166325747967 70.1
    endloop
  endfacet
  facet normal 0 0 1
    outer loop
      vertex 27.247386641800404 21.96350734680891 70.1
      vertex 51.73624910414219 22.85955297201872 70.1
      vertex 51.61803399026394 22.902113035321236 70.1
    endloop
  endfacet
  facet normal 0 0 1
    outer loop
      vertex 27.247386641800404 21.96350734680891 70.1
      vertex 51.851558580994606 22.809654101729393 70.1
      vertex 51.73624910414219 22.85955297201872 70.1
    endloop
  endfacet
  facet normal 0 0 1
    outer loop
      vertex 27.247386641800404 21.96350734680891 70.1
      vertex 51.96350734680891 22.752613358199596 70.1
      vertex 51.851558580994606 22.809654101729393 70.1
    endloop
  endfacet
  facet normal 0 0 1
    outer loop
      vertex 27.247386641800404 21.96350734680891 70.1
      vertex 51.250666469335556 22.984229400753975 70.1
      vertex 51.12558104097843 22.996053457260132 70.1
    endloop
  endfacet
  facet normal 0 0 1
    outer loop
      vertex 27.247386641800404 21.96350734680891 70.1
      vertex 52.752613358199596 21.96350734680891 70.1
      vertex 52.688655853271484 22.071653589606285 70.1
    endloop
  endfacet
  facet normal 0 0 1
    outer loop
      vertex 27.247386641800404 21.96350734680891 70.1
      vertex 52.688655853271484 22.071653589606285 70.1
      vertex 52.61803399026394 22.175570502877235 70.1
    endloop
  endfacet
  facet normal 0 0 1
    outer loop
      vertex 27.247386641800404 21.96350734680891 70.1
      vertex 52.45793725550175 22.36909421533346 70.1
      vertex 52.36909421533346 22.457937255501747 70.1
    endloop
  endfacet
  facet normal 0 0 1
    outer loop
      vertex 27.247386641800404 21.96350734680891 70.1
      vertex 52.54102648794651 22.274847976863384 70.1
      vertex 52.45793725550175 22.36909421533346 70.1
    endloop
  endfacet
  facet normal 0 0 1
    outer loop
      vertex 27.247386641800404 21.96350734680891 70.1
      vertex 52.61803399026394 22.175570502877235 70.1
      vertex 52.54102648794651 22.274847976863384 70.1
    endloop
  endfacet
  facet normal 0 0 1
    outer loop
      vertex 27.247386641800404 21.96350734680891 70.1
      vertex 52.93716632574797 21.497379772365093 70.1
      vertex 52.902113035321236 21.61803399026394 70.1
    endloop
  endfacet
  facet normal 0 0 1
    outer loop
      vertex 27.247386641800404 21.96350734680891 70.1
      vertex 52.96457450091839 21.374762631952763 70.1
      vertex 52.93716632574797 21.497379772365093 70.1
    endloop
  endfacet
  facet normal 0 0 1
    outer loop
      vertex 27.247386641800404 21.96350734680891 70.1
      vertex 52.902113035321236 21.61803399026394 70.1
      vertex 52.85955297201872 21.73624910414219 70.1
    endloop
  endfacet
  facet normal 0 0 1
    outer loop
      vertex 27.247386641800404 21.96350734680891 70.1
      vertex 52.85955297201872 21.73624910414219 70.1
      vertex 52.80965410172939 21.851558580994606 70.1
    endloop
  endfacet
  facet normal 0 0 1
    outer loop
      vertex 27.247386641800404 21.96350734680891 70.1
      vertex 52.80965410172939 21.851558580994606 70.1
      vertex 52.752613358199596 21.96350734680891 70.1
    endloop
  endfacet
  facet normal 0 0 1
    outer loop
      vertex 27.247386641800404 21.96350734680891 70.1
      vertex 52.175570502877235 22.61803399026394 70.1
      vertex 52.071653589606285 22.688655853271484 70.1
    endloop
  endfacet
  facet normal 0 0 1
    outer loop
      vertex 27.247386641800404 21.96350734680891 70.1
      vertex 52.36909421533346 22.457937255501747 70.1
      vertex 52.274847976863384 22.54102648794651 70.1
    endloop
  endfacet
  facet normal 0 0 1
    outer loop
      vertex 27.247386641800404 21.96350734680891 70.1
      vertex 52.274847976863384 22.54102648794651 70.1
      vertex 52.175570502877235 22.61803399026394 70.1
    endloop
  endfacet
  facet normal 0 0 1
    outer loop
      vertex 27.247386641800404 21.96350734680891 70.1
      vertex 52.071653589606285 22.688655853271484 70.1
      vertex 51.96350734680891 22.752613358199596 70.1
    endloop
  endfacet
  facet normal 0 0 1
    outer loop
      vertex 53 21 70.1
      vertex 50.49605345726013 18.62558104097843 70.1
      vertex 50.5 18.5 70.1
    endloop
  endfacet
  facet normal 0 0 1
    outer loop
      vertex 53 21 70.1
      vertex 50.46457450091839 18.874762631952763 70.1
      vertex 50.484229400753975 18.750666469335556 70.1
    endloop
  endfacet
  facet normal 0 0 1
    outer loop
      vertex 53 21 70.1
      vertex 50.484229400753975 18.750666469335556 70.1
      vertex 50.49605345726013 18.62558104097843 70.1
    endloop
  endfacet
  facet normal 0 0 1
    outer loop
      vertex 53 21 70.1
      vertex 50.43716632574797 18.997379772365093 70.1
      vertex 50.46457450091839 18.874762631952763 70.1
    endloop
  endfacet
  facet normal 0 0 1
    outer loop
      vertex 53 21 70.1
      vertex 50.402113035321236 19.11803399026394 70.1
      vertex 50.43716632574797 18.997379772365093 70.1
    endloop
  endfacet
  facet normal 0 0 1
    outer loop
      vertex 53 21 70.1
      vertex 50.252613358199596 19.46350734680891 70.1
      vertex 50.30965410172939 19.351558580994606 70.1
    endloop
  endfacet
  facet normal 0 0 1
    outer loop
      vertex 53 21 70.1
      vertex 50.188655853271484 19.571653589606285 70.1
      vertex 50.252613358199596 19.46350734680891 70.1
    endloop
  endfacet
  facet normal 0 0 1
    outer loop
      vertex 53 21 70.1
      vertex 50.11803399026394 19.675570502877235 70.1
      vertex 50.188655853271484 19.571653589606285 70.1
    endloop
  endfacet
  facet normal 0 0 1
    outer loop
      vertex 53 21 70.1
      vertex 50.35955297201872 19.23624910414219 70.1
      vertex 50.402113035321236 19.11803399026394 70.1
    endloop
  endfacet
  facet normal 0 0 1
    outer loop
      vertex 53 21 70.1
      vertex 50.30965410172939 19.351558580994606 70.1
      vertex 50.35955297201872 19.23624910414219 70.1
    endloop
  endfacet
  facet normal 0 0 1
    outer loop
      vertex 53 21 70.1
      vertex 48.62558104097843 20.496053457260132 70.1
      vertex 48.750666469335556 20.484229400753975 70.1
    endloop
  endfacet
  facet normal 0 0 1
    outer loop
      vertex 53 21 70.1
      vertex 48.5 20.5 70.1
      vertex 48.62558104097843 20.496053457260132 70.1
    endloop
  endfacet
  facet normal 0 0 1
    outer loop
      vertex 53 21 70.1
      vertex 48.750666469335556 20.484229400753975 70.1
      vertex 48.87476263195276 20.46457450091839 70.1
    endloop
  endfacet
  facet normal 0 0 1
    outer loop
      vertex 53 21 70.1
      vertex 48.87476263195276 20.46457450091839 70.1
      vertex 48.99737977236509 20.437166325747967 70.1
    endloop
  endfacet
  facet normal 0 0 1
    outer loop
      vertex 53 21 70.1
      vertex 48.99737977236509 20.437166325747967 70.1
      vertex 49.11803399026394 20.402113035321236 70.1
    endloop
  endfacet
  facet normal 0 0 1
    outer loop
      vertex 53 21 70.1
      vertex 49.46350734680891 20.252613358199596 70.1
      vertex 49.571653589606285 20.188655853271484 70.1
    endloop
  endfacet
  facet normal 0 0 1
    outer loop
      vertex 53 21 70.1
      vertex 49.571653589606285 20.188655853271484 70.1
      vertex 49.675570502877235 20.11803399026394 70.1
    endloop
  endfacet
  facet normal 0 0 1
    outer loop
      vertex 53 21 70.1
      vertex 49.675570502877235 20.11803399026394 70.1
      vertex 49.774847976863384 20.04102648794651 70.1
    endloop
  endfacet
  facet normal 0 0 1
    outer loop
      vertex 53 21 70.1
      vertex 49.774847976863384 20.04102648794651 70.1
      vertex 49.86909421533346 19.957937255501747 70.1
    endloop
  endfacet
  facet normal 0 0 1
    outer loop
      vertex 53 21 70.1
      vertex 49.23624910414219 20.35955297201872 70.1
      vertex 49.351558580994606 20.309654101729393 70.1
    endloop
  endfacet
  facet normal 0 0 1
    outer loop
      vertex 53 21 70.1
      vertex 49.11803399026394 20.402113035321236 70.1
      vertex 49.23624910414219 20.35955297201872 70.1
    endloop
  endfacet
  facet normal 0 0 1
    outer loop
      vertex 53 21 70.1
      vertex 49.351558580994606 20.309654101729393 70.1
      vertex 49.46350734680891 20.252613358199596 70.1
    endloop
  endfacet
  facet normal 0 0 1
    outer loop
      vertex 53 21 70.1
      vertex 49.95793725550175 19.86909421533346 70.1
      vertex 50.04102648794651 19.774847976863384 70.1
    endloop
  endfacet
  facet normal 0 0 1
    outer loop
      vertex 53 21 70.1
      vertex 50.04102648794651 19.774847976863384 70.1
      vertex 50.11803399026394 19.675570502877235 70.1
    endloop
  endfacet
  facet normal 0 0 1
    outer loop
      vertex 53 21 70.1
      vertex 49.86909421533346 19.957937255501747 70.1
      vertex 49.95793725550175 19.86909421533346 70.1
    endloop
  endfacet
  facet normal 0.6129070528460384 0.7901550130016156 0
    outer loop
      vertex 30.225152023136616 -21.54102648794651 49
      vertex 30.225152023136616 -21.54102648794651 49.1
      vertex 30.324429497122765 -21.61803399026394 49
    endloop
  endfacet
  facet normal 0.6129070528460384 0.7901550130016156 0
    outer loop
      vertex 30.225152023136616 -21.54102648794651 49.1
      vertex 30.324429497122765 -21.61803399026394 49.1
      vertex 30.324429497122765 -21.61803399026394 49
    endloop
  endfacet
  facet normal 0.8607420436463316 0.509041387609629 0
    outer loop
      vertex 29.811344146728516 -21.071653589606285 49
      vertex 29.747386641800404 -20.96350734680891 49.1
      vertex 29.811344146728516 -21.071653589606285 49.1
    endloop
  endfacet
  facet normal 0.8607420436463316 0.509041387609629 0
    outer loop
      vertex 29.811344146728516 -21.071653589606285 49
      vertex 29.747386641800404 -20.96350734680891 49
      vertex 29.747386641800404 -20.96350734680891 49.1
    endloop
  endfacet
  facet normal 0.8910065296360402 0.4539904890478877 0
    outer loop
      vertex 29.690345898270607 -20.851558580994606 49
      vertex 29.690345898270607 -20.851558580994606 49.1
      vertex 29.747386641800404 -20.96350734680891 49.1
    endloop
  endfacet
  facet normal 0.8910065296360402 0.4539904890478877 0
    outer loop
      vertex 29.690345898270607 -20.851558580994606 49
      vertex 29.747386641800404 -20.96350734680891 49.1
      vertex 29.747386641800404 -20.96350734680891 49
    endloop
  endfacet
  facet normal 0.7901550130016156 0.6129070528460384 0
    outer loop
      vertex 29.88196600973606 -21.175570502877235 49
      vertex 29.88196600973606 -21.175570502877235 49.1
      vertex 29.95897351205349 -21.274847976863384 49
    endloop
  endfacet
  facet normal 0.7501110840441693 0.661311848974507 0
    outer loop
      vertex 30.042062744498253 -21.36909421533346 49.1
      vertex 29.95897351205349 -21.274847976863384 49
      vertex 29.95897351205349 -21.274847976863384 49.1
    endloop
  endfacet
  facet normal 0.7501110840441693 0.661311848974507 0
    outer loop
      vertex 30.042062744498253 -21.36909421533346 49
      vertex 29.95897351205349 -21.274847976863384 49
      vertex 30.042062744498253 -21.36909421533346 49.1
    endloop
  endfacet
  facet normal 0.7901550130016156 0.6129070528460384 0
    outer loop
      vertex 29.88196600973606 -21.175570502877235 49.1
      vertex 29.95897351205349 -21.274847976863384 49.1
      vertex 29.95897351205349 -21.274847976863384 49
    endloop
  endfacet
  facet normal 0.661311848974507 0.7501110840441693 0
    outer loop
      vertex 30.13090578466654 -21.457937255501747 49
      vertex 30.13090578466654 -21.457937255501747 49.1
      vertex 30.225152023136616 -21.54102648794651 49.1
    endloop
  endfacet
  facet normal 0.7071067811865476 0.7071067811865476 0
    outer loop
      vertex 30.042062744498253 -21.36909421533346 49
      vertex 30.13090578466654 -21.457937255501747 49.1
      vertex 30.13090578466654 -21.457937255501747 49
    endloop
  endfacet
  facet normal 0.7071067811865476 0.7071067811865476 0
    outer loop
      vertex 30.042062744498253 -21.36909421533346 49
      vertex 30.042062744498253 -21.36909421533346 49.1
      vertex 30.13090578466654 -21.457937255501747 49.1
    endloop
  endfacet
  facet normal 0.661311848974507 0.7501110840441693 0
    outer loop
      vertex 30.13090578466654 -21.457937255501747 49
      vertex 30.225152023136616 -21.54102648794651 49.1
      vertex 30.225152023136616 -21.54102648794651 49
    endloop
  endfacet
  facet normal 0.8270805680771316 0.5620833869713721 0
    outer loop
      vertex 29.811344146728516 -21.071653589606285 49
      vertex 29.88196600973606 -21.175570502877235 49.1
      vertex 29.88196600973606 -21.175570502877235 49
    endloop
  endfacet
  facet normal 0.8270805680771316 0.5620833869713721 0
    outer loop
      vertex 29.811344146728516 -21.071653589606285 49
      vertex 29.811344146728516 -21.071653589606285 49.1
      vertex 29.88196600973606 -21.175570502877235 49.1
    endloop
  endfacet
  facet normal 0.9177546145502758 0.39714791636325447 0
    outer loop
      vertex 29.64044702798128 -20.73624910414219 49
      vertex 29.64044702798128 -20.73624910414219 49.1
      vertex 29.690345898270607 -20.851558580994606 49
    endloop
  endfacet
  facet normal 0.9408807601378322 0.33873794473376473 0
    outer loop
      vertex 29.64044702798128 -20.73624910414219 49
      vertex 29.597886964678764 -20.61803399026394 49
      vertex 29.64044702798128 -20.73624910414219 49.1
    endloop
  endfacet
  facet normal 0.9177546145502758 0.39714791636325447 0
    outer loop
      vertex 29.64044702798128 -20.73624910414219 49.1
      vertex 29.690345898270607 -20.851558580994606 49.1
      vertex 29.690345898270607 -20.851558580994606 49
    endloop
  endfacet
  facet normal 0.9602936862118788 0.2789911041979679 0
    outer loop
      vertex 29.562833674252033 -20.497379772365093 49.1
      vertex 29.597886964678764 -20.61803399026394 49.1
      vertex 29.597886964678764 -20.61803399026394 49
    endloop
  endfacet
  facet normal 0.9408807601378322 0.33873794473376473 0
    outer loop
      vertex 29.64044702798128 -20.73624910414219 49.1
      vertex 29.597886964678764 -20.61803399026394 49
      vertex 29.597886964678764 -20.61803399026394 49.1
    endloop
  endfacet
  facet normal 0.9602936862118788 0.2789911041979679 0
    outer loop
      vertex 29.562833674252033 -20.497379772365093 49
      vertex 29.562833674252033 -20.497379772365093 49.1
      vertex 29.597886964678764 -20.61803399026394 49
    endloop
  endfacet
  facet normal 0.987688342349933 0.15643445396088942 0
    outer loop
      vertex 29.53542549908161 -20.374762631952763 49
      vertex 29.515770599246025 -20.250666469335556 49
      vertex 29.53542549908161 -20.374762631952763 49.1
    endloop
  endfacet
  facet normal 0.987688342349933 0.15643445396088942 0
    outer loop
      vertex 29.53542549908161 -20.374762631952763 49.1
      vertex 29.515770599246025 -20.250666469335556 49
      vertex 29.515770599246025 -20.250666469335556 49.1
    endloop
  endfacet
  facet normal 0.9955619629242155 0.09410833107904504 0
    outer loop
      vertex 29.515770599246025 -20.250666469335556 49
      vertex 29.503946542739868 -20.12558104097843 49.1
      vertex 29.515770599246025 -20.250666469335556 49.1
    endloop
  endfacet
  facet normal 0.9955619629242155 0.09410833107904504 0
    outer loop
      vertex 29.515770599246025 -20.250666469335556 49
      vertex 29.503946542739868 -20.12558104097843 49
      vertex 29.503946542739868 -20.12558104097843 49.1
    endloop
  endfacet
  facet normal 0.9759167669691732 0.2181432188917103 0
    outer loop
      vertex 29.562833674252033 -20.497379772365093 49
      vertex 29.53542549908161 -20.374762631952763 49.1
      vertex 29.562833674252033 -20.497379772365093 49.1
    endloop
  endfacet
  facet normal 0.9759167669691732 0.2181432188917103 0
    outer loop
      vertex 29.53542549908161 -20.374762631952763 49
      vertex 29.53542549908161 -20.374762631952763 49.1
      vertex 29.562833674252033 -20.497379772365093 49
    endloop
  endfacet
  facet normal 0.5620833869713721 0.8270805680771316 0
    outer loop
      vertex 30.428346410393715 -21.688655853271484 49
      vertex 30.324429497122765 -21.61803399026394 49.1
      vertex 30.428346410393715 -21.688655853271484 49.1
    endloop
  endfacet
  facet normal 0.5620833869713721 0.8270805680771316 0
    outer loop
      vertex 30.428346410393715 -21.688655853271484 49
      vertex 30.324429497122765 -21.61803399026394 49
      vertex 30.324429497122765 -21.61803399026394 49.1
    endloop
  endfacet
  facet normal 0.509041387609629 0.8607420436463316 0
    outer loop
      vertex 30.428346410393715 -21.688655853271484 49
      vertex 30.428346410393715 -21.688655853271484 49.1
      vertex 30.53649265319109 -21.752613358199596 49
    endloop
  endfacet
  facet normal 0.509041387609629 0.8607420436463316 0
    outer loop
      vertex 30.428346410393715 -21.688655853271484 49.1
      vertex 30.53649265319109 -21.752613358199596 49.1
      vertex 30.53649265319109 -21.752613358199596 49
    endloop
  endfacet
  facet normal 0.4539904890478877 0.8910065296360402 0
    outer loop
      vertex 30.53649265319109 -21.752613358199596 49
      vertex 30.648441419005394 -21.809654101729393 49.1
      vertex 30.648441419005394 -21.809654101729393 49
    endloop
  endfacet
  facet normal 0.4539904890478877 0.8910065296360402 0
    outer loop
      vertex 30.53649265319109 -21.752613358199596 49
      vertex 30.53649265319109 -21.752613358199596 49.1
      vertex 30.648441419005394 -21.809654101729393 49.1
    endloop
  endfacet
  facet normal 0.39714791636325447 0.9177546145502758 0
    outer loop
      vertex 30.648441419005394 -21.809654101729393 49
      vertex 30.648441419005394 -21.809654101729393 49.1
      vertex 30.76375089585781 -21.85955297201872 49
    endloop
  endfacet
  facet normal 0.39714791636325447 0.9177546145502758 0
    outer loop
      vertex 30.648441419005394 -21.809654101729393 49.1
      vertex 30.76375089585781 -21.85955297201872 49.1
      vertex 30.76375089585781 -21.85955297201872 49
    endloop
  endfacet
  facet normal 0.33873794473376473 0.9408807601378322 0
    outer loop
      vertex 30.76375089585781 -21.85955297201872 49
      vertex 30.76375089585781 -21.85955297201872 49.1
      vertex 30.88196600973606 -21.902113035321236 49.1
    endloop
  endfacet
  facet normal 0.2789911041979679 0.9602936862118788 0
    outer loop
      vertex 30.88196600973606 -21.902113035321236 49.1
      vertex 31.002620227634907 -21.937166325747967 49.1
      vertex 31.002620227634907 -21.937166325747967 49
    endloop
  endfacet
  facet normal 0.2181432188917103 0.9759167669691732 0
    outer loop
      vertex 31.002620227634907 -21.937166325747967 49
      vertex 31.002620227634907 -21.937166325747967 49.1
      vertex 31.125237368047237 -21.96457450091839 49.1
    endloop
  endfacet
  facet normal 0.2181432188917103 0.9759167669691732 0
    outer loop
      vertex 31.002620227634907 -21.937166325747967 49
      vertex 31.125237368047237 -21.96457450091839 49.1
      vertex 31.125237368047237 -21.96457450091839 49
    endloop
  endfacet
  facet normal 0.15643445396088942 0.987688342349933 0
    outer loop
      vertex 31.125237368047237 -21.96457450091839 49
      vertex 31.125237368047237 -21.96457450091839 49.1
      vertex 31.249333530664444 -21.984229400753975 49
    endloop
  endfacet
  facet normal 0.15643445396088942 0.987688342349933 0
    outer loop
      vertex 31.125237368047237 -21.96457450091839 49.1
      vertex 31.249333530664444 -21.984229400753975 49.1
      vertex 31.249333530664444 -21.984229400753975 49
    endloop
  endfacet
  facet normal 0.09410833107904504 0.9955619629242155 0
    outer loop
      vertex 31.249333530664444 -21.984229400753975 49
      vertex 31.249333530664444 -21.984229400753975 49.1
      vertex 31.37441895902157 -21.996053457260132 49.1
    endloop
  endfacet
  facet normal 0.09410833107904504 0.9955619629242155 0
    outer loop
      vertex 31.249333530664444 -21.984229400753975 49
      vertex 31.37441895902157 -21.996053457260132 49.1
      vertex 31.37441895902157 -21.996053457260132 49
    endloop
  endfacet
  facet normal 0.33873794473376473 0.9408807601378322 0
    outer loop
      vertex 30.76375089585781 -21.85955297201872 49
      vertex 30.88196600973606 -21.902113035321236 49.1
      vertex 30.88196600973606 -21.902113035321236 49
    endloop
  endfacet
  facet normal 0.2789911041979679 0.9602936862118788 0
    outer loop
      vertex 30.88196600973606 -21.902113035321236 49
      vertex 30.88196600973606 -21.902113035321236 49.1
      vertex 31.002620227634907 -21.937166325747967 49
    endloop
  endfacet
  facet normal 0.031410755389397915 0.9995065604816545 0
    outer loop
      vertex 31.37441895902157 -21.996053457260132 49
      vertex 31.37441895902157 -21.996053457260132 49.1
      vertex 31.5 -22 49
    endloop
  endfacet
  facet normal 0.031410755389397915 0.9995065604816545 0
    outer loop
      vertex 31.37441895902157 -21.996053457260132 49.1
      vertex 31.5 -22 49.1
      vertex 31.5 -22 49
    endloop
  endfacet
  facet normal 0.9995065604816545 0.031410755389397915 0
    outer loop
      vertex 29.503946542739868 -20.12558104097843 49
      vertex 29.5 -20 49.1
      vertex 29.503946542739868 -20.12558104097843 49.1
    endloop
  endfacet
  facet normal 0.9995065604816545 0.031410755389397915 0
    outer loop
      vertex 29.503946542739868 -20.12558104097843 49
      vertex 29.5 -20 49
      vertex 29.5 -20 49.1
    endloop
  endfacet
  facet normal 0 0 1
    outer loop
      vertex 30.042062744498253 -21.36909421533346 49
      vertex 30.13090578466654 -21.457937255501747 49
      vertex 48.87476263195276 -21.96457450091839 49
    endloop
  endfacet
  facet normal 0 0 1
    outer loop
      vertex 30.13090578466654 -21.457937255501747 49
      vertex 30.225152023136616 -21.54102648794651 49
      vertex 48.87476263195276 -21.96457450091839 49
    endloop
  endfacet
  facet normal 0 0 1
    outer loop
      vertex 30.225152023136616 -21.54102648794651 49
      vertex 30.324429497122765 -21.61803399026394 49
      vertex 48.87476263195276 -21.96457450091839 49
    endloop
  endfacet
  facet normal 0 0 1
    outer loop
      vertex 29.53542549908161 -20.374762631952763 49
      vertex 48.87476263195276 -21.96457450091839 49
      vertex 29.515770599246025 -20.250666469335556 49
    endloop
  endfacet
  facet normal 0 0 1
    outer loop
      vertex 29.88196600973606 -21.175570502877235 49
      vertex 29.95897351205349 -21.274847976863384 49
      vertex 48.87476263195276 -21.96457450091839 49
    endloop
  endfacet
  facet normal 0 0 1
    outer loop
      vertex 29.811344146728516 -21.071653589606285 49
      vertex 29.88196600973606 -21.175570502877235 49
      vertex 48.87476263195276 -21.96457450091839 49
    endloop
  endfacet
  facet normal 0 0 1
    outer loop
      vertex 29.690345898270607 -20.851558580994606 49
      vertex 29.747386641800404 -20.96350734680891 49
      vertex 48.87476263195276 -21.96457450091839 49
    endloop
  endfacet
  facet normal 0 0 1
    outer loop
      vertex 29.811344146728516 -21.071653589606285 49
      vertex 48.87476263195276 -21.96457450091839 49
      vertex 29.747386641800404 -20.96350734680891 49
    endloop
  endfacet
  facet normal 0 0 1
    outer loop
      vertex 30.042062744498253 -21.36909421533346 49
      vertex 48.87476263195276 -21.96457450091839 49
      vertex 29.95897351205349 -21.274847976863384 49
    endloop
  endfacet
  facet normal 0 0 1
    outer loop
      vertex 29.64044702798128 -20.73624910414219 49
      vertex 29.690345898270607 -20.851558580994606 49
      vertex 48.87476263195276 -21.96457450091839 49
    endloop
  endfacet
  facet normal 0 0 1
    outer loop
      vertex 29.64044702798128 -20.73624910414219 49
      vertex 48.87476263195276 -21.96457450091839 49
      vertex 29.597886964678764 -20.61803399026394 49
    endloop
  endfacet
  facet normal 0 0 1
    outer loop
      vertex 29.562833674252033 -20.497379772365093 49
      vertex 29.597886964678764 -20.61803399026394 49
      vertex 48.87476263195276 -21.96457450091839 49
    endloop
  endfacet
  facet normal 0 0 1
    outer loop
      vertex 29.53542549908161 -20.374762631952763 49
      vertex 29.562833674252033 -20.497379772365093 49
      vertex 48.87476263195276 -21.96457450091839 49
    endloop
  endfacet
  facet normal 0 0 1
    outer loop
      vertex 29.515770599246025 -20.250666469335556 49
      vertex 48.87476263195276 -21.96457450091839 49
      vertex 29.503946542739868 -20.12558104097843 49
    endloop
  endfacet
  facet normal 0 0 1
    outer loop
      vertex 29.503946542739868 -20.12558104097843 49
      vertex 48.87476263195276 -21.96457450091839 49
      vertex 29.5 -20 49
    endloop
  endfacet
  facet normal 0.6119331915613442 0.7888995185959039 -0.056349965613993164
    outer loop
      vertex 30.225152023136616 -21.54102648794651 49.1
      vertex 30.324429497122765 -20.11803399026394 70.1
      vertex 30.324429497122765 -21.61803399026394 49.1
    endloop
  endfacet
  facet normal 0.6603646579622648 0.749036706686359 -0.053502621906168515
    outer loop
      vertex 30.13090578466654 -21.457937255501747 49.1
      vertex 30.13090578466654 -19.957937255501747 70.1
      vertex 30.225152023136616 -21.54102648794651 49.1
    endloop
  endfacet
  facet normal 0.7062065812274456 0.7062065812274456 -0.050443327230531854
    outer loop
      vertex 30.042062744498253 -21.36909421533346 49.1
      vertex 30.042062744498253 -19.86909421533346 70.1
      vertex 30.13090578466654 -21.457937255501747 49.1
    endloop
  endfacet
  facet normal 0.8601736322491805 0.5087052300715202 -0.036336087862251454
    outer loop
      vertex 29.811344146728516 -21.071653589606285 49.1
      vertex 29.747386641800404 -20.96350734680891 49.1
      vertex 29.747386641800404 -19.46350734680891 70.1
    endloop
  endfacet
  facet normal 0.890538421729904 0.45375197616367713 -0.03241085544026266
    outer loop
      vertex 29.690345898270607 -20.851558580994606 49.1
      vertex 29.747386641800404 -19.46350734680891 70.1
      vertex 29.747386641800404 -20.96350734680891 49.1
    endloop
  endfacet
  facet normal 0.9173855663711602 0.3969882149430167 -0.02835630106735835
    outer loop
      vertex 29.64044702798128 -20.73624910414219 49.1
      vertex 29.64044702798128 -19.23624910414219 70.1
      vertex 29.690345898270607 -20.851558580994606 49.1
    endloop
  endfacet
  facet normal 0.9406054732139157 0.3386388353346036 -0.02418848823818598
    outer loop
      vertex 29.64044702798128 -20.73624910414219 49.1
      vertex 29.597886964678764 -20.61803399026394 49.1
      vertex 29.597886964678764 -19.11803399026394 70.1
    endloop
  endfacet
  facet normal 0.7893988912369593 0.6123205446865727 -0.04373718176332664
    outer loop
      vertex 29.88196600973606 -21.175570502877235 49.1
      vertex 29.88196600973606 -19.675570502877235 70.1
      vertex 29.95897351205349 -21.274847976863384 49.1
    endloop
  endfacet
  facet normal 0.7492756232242344 0.6605752912148241 -0.047183949372487446
    outer loop
      vertex 30.042062744498253 -21.36909421533346 49.1
      vertex 29.95897351205349 -21.274847976863384 49.1
      vertex 30.042062744498253 -19.86909421533346 70.1
    endloop
  endfacet
  facet normal 0.8264147760374748 0.5616309151577265 -0.04011649393983762
    outer loop
      vertex 29.811344146728516 -21.071653589606285 49.1
      vertex 29.88196600973606 -19.675570502877235 70.1
      vertex 29.88196600973606 -21.175570502877235 49.1
    endloop
  endfacet
  facet normal 0.508082022390944 0.8591198455323202 -0.06136570325230861
    outer loop
      vertex 30.428346410393715 -21.688655853271484 49.1
      vertex 30.428346410393715 -20.188655853271484 70.1
      vertex 30.53649265319109 -21.752613358199596 49.1
    endloop
  endfacet
  facet normal 0.4530738347467055 0.8892074942212561 -0.06351482101580404
    outer loop
      vertex 30.53649265319109 -21.752613358199596 49.1
      vertex 30.648441419005394 -20.309654101729393 70.1
      vertex 30.648441419005394 -21.809654101729393 49.1
    endloop
  endfacet
  facet normal 0.3962973221973368 0.9157890075592361 -0.06541350053994546
    outer loop
      vertex 30.648441419005394 -21.809654101729393 49.1
      vertex 30.76375089585781 -20.35955297201872 70.1
      vertex 30.76375089585781 -21.85955297201872 49.1
    endloop
  endfacet
  facet normal 0.3379755518433541 0.9387631325929847 -0.0670545094709275
    outer loop
      vertex 30.76375089585781 -21.85955297201872 49.1
      vertex 30.76375089585781 -20.35955297201872 70.1
      vertex 30.88196600973606 -21.902113035321236 49.1
    endloop
  endfacet
  facet normal 0.561105079593488 0.8256410325195798 -0.058974359465684294
    outer loop
      vertex 30.428346410393715 -21.688655853271484 49.1
      vertex 30.324429497122765 -21.61803399026394 49.1
      vertex 30.324429497122765 -20.11803399026394 70.1
    endloop
  endfacet
  facet normal 0.278337095927358 0.9580425749630004 -0.0684316124973572
    outer loop
      vertex 30.88196600973606 -21.902113035321236 49.1
      vertex 31.002620227634907 -20.437166325747967 70.1
      vertex 31.002620227634907 -21.937166325747967 49.1
    endloop
  endfacet
  facet normal 0.21761513616334444 0.9735542603940094 -0.06953959002814356
    outer loop
      vertex 31.002620227634907 -21.937166325747967 49.1
      vertex 31.002620227634907 -20.437166325747967 70.1
      vertex 31.125237368047237 -21.96457450091839 49.1
    endloop
  endfacet
  facet normal 0.15604659956965797 0.985239525922036 -0.07037425185157402
    outer loop
      vertex 31.125237368047237 -21.96457450091839 49.1
      vertex 31.249333530664444 -20.484229400753975 70.1
      vertex 31.249333530664444 -21.984229400753975 49.1
    endloop
  endfacet
  facet normal 0.09387128363472812 0.9930542633798244 -0.07093244738427319
    outer loop
      vertex 31.249333530664444 -21.984229400753975 49.1
      vertex 31.249333530664444 -20.484229400753975 70.1
      vertex 31.37441895902157 -21.996053457260132 49.1
    endloop
  endfacet
  facet normal 0.03133100968909235 0.9969690108545445 -0.07121207220389605
    outer loop
      vertex 31.37441895902157 -21.996053457260132 49.1
      vertex 31.5 -20.5 70.1
      vertex 31.5 -22 49.1
    endloop
  endfacet
  facet normal 0.9876266888101611 0.15642468900020756 -0.011173192071443402
    outer loop
      vertex 29.53542549908161 -20.374762631952763 49.1
      vertex 29.515770599246025 -20.250666469335556 49.1
      vertex 29.515770599246025 -18.750666469335556 70.1
    endloop
  endfacet
  facet normal 0.9601030658058216 0.2789357238509635 -0.01992398027506883
    outer loop
      vertex 29.562833674252033 -20.497379772365093 49.1
      vertex 29.597886964678764 -19.11803399026394 70.1
      vertex 29.597886964678764 -20.61803399026394 49.1
    endloop
  endfacet
  facet normal 0.9757983180575104 0.21811674242595122 -0.01557976731613938
    outer loop
      vertex 29.53542549908161 -20.374762631952763 49.1
      vertex 29.562833674252033 -18.997379772365093 70.1
      vertex 29.562833674252033 -20.497379772365093 49.1
    endloop
  endfacet
  facet normal 0.9955394711531635 0.0941062049803033 -0.00672187178430738
    outer loop
      vertex 29.515770599246025 -20.250666469335556 49.1
      vertex 29.503946542739868 -20.12558104097843 49.1
      vertex 29.503946542739868 -18.62558104097843 70.1
    endloop
  endfacet
  facet normal 0.9995040448056697 0.03141067633110443 -0.0022436197379360314
    outer loop
      vertex 29.503946542739868 -20.12558104097843 49.1
      vertex 29.5 -20 49.1
      vertex 29.503946542739868 -18.62558104097843 70.1
    endloop
  endfacet
  facet normal 0.6603646579622648 0.749036706686359 -0.053502621906168515
    outer loop
      vertex 30.225152023136616 -21.54102648794651 49.1
      vertex 30.13090578466654 -19.957937255501747 70.1
      vertex 30.225152023136616 -20.04102648794651 70.1
    endloop
  endfacet
  facet normal 0.6119331915613444 0.7888995185959039 -0.056349965613993164
    outer loop
      vertex 30.225152023136616 -21.54102648794651 49.1
      vertex 30.225152023136616 -20.04102648794651 70.1
      vertex 30.324429497122765 -20.11803399026394 70.1
    endloop
  endfacet
  facet normal 0.7492756232242346 0.6605752912148241 -0.047183949372487446
    outer loop
      vertex 29.95897351205349 -21.274847976863384 49.1
      vertex 29.95897351205349 -19.774847976863384 70.1
      vertex 30.042062744498253 -19.86909421533346 70.1
    endloop
  endfacet
  facet normal 0.7893988912369593 0.6123205446865727 -0.04373718176332664
    outer loop
      vertex 29.95897351205349 -21.274847976863384 49.1
      vertex 29.88196600973606 -19.675570502877235 70.1
      vertex 29.95897351205349 -19.774847976863384 70.1
    endloop
  endfacet
  facet normal 0.7062065812274456 0.7062065812274456 -0.050443327230531854
    outer loop
      vertex 30.13090578466654 -21.457937255501747 49.1
      vertex 30.042062744498253 -19.86909421533346 70.1
      vertex 30.13090578466654 -19.957937255501747 70.1
    endloop
  endfacet
  facet normal 0.3379755518433541 0.9387631325929847 -0.0670545094709275
    outer loop
      vertex 30.88196600973606 -21.902113035321236 49.1
      vertex 30.76375089585781 -20.35955297201872 70.1
      vertex 30.88196600973606 -20.402113035321236 70.1
    endloop
  endfacet
  facet normal 0.2783370959273581 0.9580425749630004 -0.0684316124973572
    outer loop
      vertex 30.88196600973606 -21.902113035321236 49.1
      vertex 30.88196600973606 -20.402113035321236 70.1
      vertex 31.002620227634907 -20.437166325747967 70.1
    endloop
  endfacet
  facet normal 0.21761513616334444 0.9735542603940094 -0.06953959002814356
    outer loop
      vertex 31.125237368047237 -21.96457450091839 49.1
      vertex 31.002620227634907 -20.437166325747967 70.1
      vertex 31.125237368047237 -20.46457450091839 70.1
    endloop
  endfacet
  facet normal 0.15604659956965802 0.985239525922036 -0.07037425185157402
    outer loop
      vertex 31.125237368047237 -21.96457450091839 49.1
      vertex 31.125237368047237 -20.46457450091839 70.1
      vertex 31.249333530664444 -20.484229400753975 70.1
    endloop
  endfacet
  facet normal 0.09387128363472812 0.9930542633798244 -0.07093244738427319
    outer loop
      vertex 31.37441895902157 -21.996053457260132 49.1
      vertex 31.249333530664444 -20.484229400753975 70.1
      vertex 31.37441895902157 -20.496053457260132 70.1
    endloop
  endfacet
  facet normal 0.561105079593488 0.8256410325195798 -0.058974359465684294
    outer loop
      vertex 30.428346410393715 -21.688655853271484 49.1
      vertex 30.324429497122765 -20.11803399026394 70.1
      vertex 30.428346410393715 -20.188655853271484 70.1
    endloop
  endfacet
  facet normal 0.508082022390944 0.8591198455323202 -0.06136570325230861
    outer loop
      vertex 30.53649265319109 -21.752613358199596 49.1
      vertex 30.428346410393715 -20.188655853271484 70.1
      vertex 30.53649265319109 -20.252613358199596 70.1
    endloop
  endfacet
  facet normal 0.45307383474670565 0.8892074942212561 -0.06351482101580404
    outer loop
      vertex 30.53649265319109 -21.752613358199596 49.1
      vertex 30.53649265319109 -20.252613358199596 70.1
      vertex 30.648441419005394 -20.309654101729393 70.1
    endloop
  endfacet
  facet normal 0.396297322197337 0.9157890075592361 -0.06541350053994546
    outer loop
      vertex 30.648441419005394 -21.809654101729393 49.1
      vertex 30.648441419005394 -20.309654101729393 70.1
      vertex 30.76375089585781 -20.35955297201872 70.1
    endloop
  endfacet
  facet normal 0.031331009689092366 0.9969690108545445 -0.07121207220389605
    outer loop
      vertex 31.37441895902157 -21.996053457260132 49.1
      vertex 31.37441895902157 -20.496053457260132 70.1
      vertex 31.5 -20.5 70.1
    endloop
  endfacet
  facet normal 0.8601736322491805 0.5087052300715202 -0.036336087862251454
    outer loop
      vertex 29.811344146728516 -21.071653589606285 49.1
      vertex 29.747386641800404 -19.46350734680891 70.1
      vertex 29.811344146728516 -19.571653589606285 70.1
    endloop
  endfacet
  facet normal 0.890538421729904 0.45375197616367696 -0.032410855440262655
    outer loop
      vertex 29.690345898270607 -20.851558580994606 49.1
      vertex 29.690345898270607 -19.351558580994606 70.1
      vertex 29.747386641800404 -19.46350734680891 70.1
    endloop
  endfacet
  facet normal 0.9173855663711602 0.3969882149430167 -0.02835630106735835
    outer loop
      vertex 29.690345898270607 -20.851558580994606 49.1
      vertex 29.64044702798128 -19.23624910414219 70.1
      vertex 29.690345898270607 -19.351558580994606 70.1
    endloop
  endfacet
  facet normal 0.9406054732139157 0.3386388353346036 -0.02418848823818598
    outer loop
      vertex 29.64044702798128 -20.73624910414219 49.1
      vertex 29.597886964678764 -19.11803399026394 70.1
      vertex 29.64044702798128 -19.23624910414219 70.1
    endloop
  endfacet
  facet normal 0.9601030658058214 0.2789357238509634 -0.01992398027506882
    outer loop
      vertex 29.562833674252033 -20.497379772365093 49.1
      vertex 29.562833674252033 -18.997379772365093 70.1
      vertex 29.597886964678764 -19.11803399026394 70.1
    endloop
  endfacet
  facet normal 0.9757983180575104 0.21811674242595117 -0.015579767316139375
    outer loop
      vertex 29.53542549908161 -20.374762631952763 49.1
      vertex 29.53542549908161 -18.874762631952763 70.1
      vertex 29.562833674252033 -18.997379772365093 70.1
    endloop
  endfacet
  facet normal 0.8264147760374748 0.5616309151577263 -0.04011649393983761
    outer loop
      vertex 29.811344146728516 -21.071653589606285 49.1
      vertex 29.811344146728516 -19.571653589606285 70.1
      vertex 29.88196600973606 -19.675570502877235 70.1
    endloop
  endfacet
  facet normal 0.9876266888101611 0.15642468900020756 -0.011173192071443402
    outer loop
      vertex 29.53542549908161 -20.374762631952763 49.1
      vertex 29.515770599246025 -18.750666469335556 70.1
      vertex 29.53542549908161 -18.874762631952763 70.1
    endloop
  endfacet
  facet normal 0.9955394711531635 0.0941062049803033 -0.00672187178430738
    outer loop
      vertex 29.515770599246025 -20.250666469335556 49.1
      vertex 29.503946542739868 -18.62558104097843 70.1
      vertex 29.515770599246025 -18.750666469335556 70.1
    endloop
  endfacet
  facet normal 0.9995040448056697 0.03141067633110442 -0.0022436197379360305
    outer loop
      vertex 29.5 -20 49.1
      vertex 29.5 -18.5 70.1
      vertex 29.503946542739868 -18.62558104097843 70.1
    endloop
  endfacet
  facet normal 0 0 1
    outer loop
      vertex 29.5 -20 49
      vertex 48.87476263195276 -21.96457450091839 49
      vertex 29.5 17 49
    endloop
  endfacet
  facet normal 1 0 0
    outer loop
      vertex 29.5 -20 49
      vertex 29.5 18.5 70
      vertex 29.5 -20 49.1
    endloop
  endfacet
  facet normal 1 0 0
    outer loop
      vertex 29.5 -20 49.1
      vertex 29.5 18.5 70
      vertex 29.5 -18.5 70.1
    endloop
  endfacet
  facet normal 0 0 1
    outer loop
      vertex 30.88196600973606 -21.902113035321236 49
      vertex 31.002620227634907 -21.937166325747967 49
      vertex 48.87476263195276 -21.96457450091839 49
    endloop
  endfacet
  facet normal 0 0 1
    outer loop
      vertex 31.002620227634907 -21.937166325747967 49
      vertex 31.125237368047237 -21.96457450091839 49
      vertex 48.87476263195276 -21.96457450091839 49
    endloop
  endfacet
  facet normal 0 0 1
    outer loop
      vertex 30.428346410393715 -21.688655853271484 49
      vertex 48.87476263195276 -21.96457450091839 49
      vertex 30.324429497122765 -21.61803399026394 49
    endloop
  endfacet
  facet normal 0 0 1
    outer loop
      vertex 30.428346410393715 -21.688655853271484 49
      vertex 30.53649265319109 -21.752613358199596 49
      vertex 48.87476263195276 -21.96457450091839 49
    endloop
  endfacet
  facet normal 0 0 1
    outer loop
      vertex 30.53649265319109 -21.752613358199596 49
      vertex 30.648441419005394 -21.809654101729393 49
      vertex 48.87476263195276 -21.96457450091839 49
    endloop
  endfacet
  facet normal 0 0 1
    outer loop
      vertex 30.648441419005394 -21.809654101729393 49
      vertex 30.76375089585781 -21.85955297201872 49
      vertex 48.87476263195276 -21.96457450091839 49
    endloop
  endfacet
  facet normal 0 0 1
    outer loop
      vertex 30.76375089585781 -21.85955297201872 49
      vertex 30.88196600973606 -21.902113035321236 49
      vertex 48.87476263195276 -21.96457450091839 49
    endloop
  endfacet
  facet normal 0 0 1
    outer loop
      vertex 31.125237368047237 -21.96457450091839 49
      vertex 31.249333530664444 -21.984229400753975 49
      vertex 48.87476263195276 -21.96457450091839 49
    endloop
  endfacet
  facet normal 0 0 1
    outer loop
      vertex 31.249333530664444 -21.984229400753975 49
      vertex 31.37441895902157 -21.996053457260132 49
      vertex 48.87476263195276 -21.96457450091839 49
    endloop
  endfacet
  facet normal 0 0 1
    outer loop
      vertex 31.37441895902157 -21.996053457260132 49
      vertex 31.5 -22 49
      vertex 48.87476263195276 -21.96457450091839 49
    endloop
  endfacet
  facet normal 0 1 0
    outer loop
      vertex 31.5 -22 49
      vertex 31.5 -22 49.1
      vertex 48.5 -22 49
    endloop
  endfacet
  facet normal 0 1 0
    outer loop
      vertex 31.5 -22 49.1
      vertex 48.5 -22 49.1
      vertex 48.5 -22 49
    endloop
  endfacet
  facet normal 0 0 1
    outer loop
      vertex 31.5 -22 49
      vertex 48.5 -22 49
      vertex 48.87476263195276 -21.96457450091839 49
    endloop
  endfacet
  facet normal -0.031410755389397915 0.9995065604816545 0
    outer loop
      vertex 48.5 -22 49
      vertex 48.5 -22 49.1
      vertex 48.62558104097843 -21.996053457260132 49
    endloop
  endfacet
  facet normal -0.031410755389397915 0.9995065604816545 0
    outer loop
      vertex 48.5 -22 49.1
      vertex 48.62558104097843 -21.996053457260132 49.1
      vertex 48.62558104097843 -21.996053457260132 49
    endloop
  endfacet
  facet normal 0 0 1
    outer loop
      vertex 48.5 -22 49
      vertex 48.62558104097843 -21.996053457260132 49
      vertex 48.87476263195276 -21.96457450091839 49
    endloop
  endfacet
  facet normal 0 0 1
    outer loop
      vertex 48.62558104097843 -21.996053457260132 49
      vertex 48.750666469335556 -21.984229400753975 49
      vertex 48.87476263195276 -21.96457450091839 49
    endloop
  endfacet
  facet normal -0.09410833107904504 0.9955619629242155 0
    outer loop
      vertex 48.62558104097843 -21.996053457260132 49
      vertex 48.62558104097843 -21.996053457260132 49.1
      vertex 48.750666469335556 -21.984229400753975 49.1
    endloop
  endfacet
  facet normal -0.09410833107904504 0.9955619629242155 0
    outer loop
      vertex 48.62558104097843 -21.996053457260132 49
      vertex 48.750666469335556 -21.984229400753975 49.1
      vertex 48.750666469335556 -21.984229400753975 49
    endloop
  endfacet
  facet normal -0.15643445396088942 0.987688342349933 0
    outer loop
      vertex 48.750666469335556 -21.984229400753975 49
      vertex 48.750666469335556 -21.984229400753975 49.1
      vertex 48.87476263195276 -21.96457450091839 49
    endloop
  endfacet
  facet normal -0.15643445396088942 0.987688342349933 0
    outer loop
      vertex 48.750666469335556 -21.984229400753975 49.1
      vertex 48.87476263195276 -21.96457450091839 49.1
      vertex 48.87476263195276 -21.96457450091839 49
    endloop
  endfacet
  facet normal 0 0 1
    outer loop
      vertex 48.87476263195276 -21.96457450091839 49
      vertex 48.99737977236509 -21.937166325747967 49
      vertex 49.11803399026394 -21.902113035321236 49
    endloop
  endfacet
  facet normal -0.2181432188917103 0.9759167669691732 0
    outer loop
      vertex 48.87476263195276 -21.96457450091839 49
      vertex 48.87476263195276 -21.96457450091839 49.1
      vertex 48.99737977236509 -21.937166325747967 49.1
    endloop
  endfacet
  facet normal -0.2181432188917103 0.9759167669691732 0
    outer loop
      vertex 48.87476263195276 -21.96457450091839 49
      vertex 48.99737977236509 -21.937166325747967 49.1
      vertex 48.99737977236509 -21.937166325747967 49
    endloop
  endfacet
  facet normal -0.2789911041979679 0.9602936862118788 0
    outer loop
      vertex 48.99737977236509 -21.937166325747967 49
      vertex 48.99737977236509 -21.937166325747967 49.1
      vertex 49.11803399026394 -21.902113035321236 49.1
    endloop
  endfacet
  facet normal 0 0 1
    outer loop
      vertex 48.87476263195276 -21.96457450091839 49
      vertex 49.11803399026394 -21.902113035321236 49
      vertex 49.23624910414219 -21.85955297201872 49
    endloop
  endfacet
  facet normal -0.2789911041979679 0.9602936862118788 0
    outer loop
      vertex 48.99737977236509 -21.937166325747967 49
      vertex 49.11803399026394 -21.902113035321236 49.1
      vertex 49.11803399026394 -21.902113035321236 49
    endloop
  endfacet
  facet normal 0 0 1
    outer loop
      vertex 48.87476263195276 -21.96457450091839 49
      vertex 49.23624910414219 -21.85955297201872 49
      vertex 49.351558580994606 -21.809654101729393 49
    endloop
  endfacet
  facet normal 0 0 1
    outer loop
      vertex 48.87476263195276 -21.96457450091839 49
      vertex 49.351558580994606 -21.809654101729393 49
      vertex 49.46350734680891 -21.752613358199596 49
    endloop
  endfacet
  facet normal 0 0 1
    outer loop
      vertex 48.87476263195276 -21.96457450091839 49
      vertex 49.46350734680891 -21.752613358199596 49
      vertex 49.571653589606285 -21.688655853271484 49
    endloop
  endfacet
  facet normal 0 0 1
    outer loop
      vertex 48.87476263195276 -21.96457450091839 49
      vertex 49.571653589606285 -21.688655853271484 49
      vertex 49.675570502877235 -21.61803399026394 49
    endloop
  endfacet
  facet normal -0.33873794473376473 0.9408807601378322 0
    outer loop
      vertex 49.11803399026394 -21.902113035321236 49
      vertex 49.11803399026394 -21.902113035321236 49.1
      vertex 49.23624910414219 -21.85955297201872 49
    endloop
  endfacet
  facet normal -0.33873794473376473 0.9408807601378322 0
    outer loop
      vertex 49.11803399026394 -21.902113035321236 49.1
      vertex 49.23624910414219 -21.85955297201872 49.1
      vertex 49.23624910414219 -21.85955297201872 49
    endloop
  endfacet
  facet normal -0.39714791636325447 0.9177546145502758 0
    outer loop
      vertex 49.23624910414219 -21.85955297201872 49
      vertex 49.23624910414219 -21.85955297201872 49.1
      vertex 49.351558580994606 -21.809654101729393 49.1
    endloop
  endfacet
  facet normal -0.39714791636325447 0.9177546145502758 0
    outer loop
      vertex 49.23624910414219 -21.85955297201872 49
      vertex 49.351558580994606 -21.809654101729393 49.1
      vertex 49.351558580994606 -21.809654101729393 49
    endloop
  endfacet
  facet normal -0.4539904890478877 0.8910065296360402 0
    outer loop
      vertex 49.351558580994606 -21.809654101729393 49
      vertex 49.351558580994606 -21.809654101729393 49.1
      vertex 49.46350734680891 -21.752613358199596 49.1
    endloop
  endfacet
  facet normal -0.4539904890478877 0.8910065296360402 0
    outer loop
      vertex 49.351558580994606 -21.809654101729393 49
      vertex 49.46350734680891 -21.752613358199596 49.1
      vertex 49.46350734680891 -21.752613358199596 49
    endloop
  endfacet
  facet normal 0 0 1
    outer loop
      vertex 48.87476263195276 -21.96457450091839 49
      vertex 49.675570502877235 -21.61803399026394 49
      vertex 49.774847976863384 -21.54102648794651 49
    endloop
  endfacet
  facet normal 0 0 1
    outer loop
      vertex 48.87476263195276 -21.96457450091839 49
      vertex 49.774847976863384 -21.54102648794651 49
      vertex 49.86909421533346 -21.457937255501747 49
    endloop
  endfacet
  facet normal 0 0 1
    outer loop
      vertex 48.87476263195276 -21.96457450091839 49
      vertex 49.86909421533346 -21.457937255501747 49
      vertex 49.95793725550175 -21.36909421533346 49
    endloop
  endfacet
  facet normal -0.509041387609629 0.8607420436463316 0
    outer loop
      vertex 49.46350734680891 -21.752613358199596 49
      vertex 49.46350734680891 -21.752613358199596 49.1
      vertex 49.571653589606285 -21.688655853271484 49
    endloop
  endfacet
  facet normal -0.509041387609629 0.8607420436463316 0
    outer loop
      vertex 49.46350734680891 -21.752613358199596 49.1
      vertex 49.571653589606285 -21.688655853271484 49.1
      vertex 49.571653589606285 -21.688655853271484 49
    endloop
  endfacet
  facet normal -0.5620833869713721 0.8270805680771316 0
    outer loop
      vertex 49.571653589606285 -21.688655853271484 49
      vertex 49.571653589606285 -21.688655853271484 49.1
      vertex 49.675570502877235 -21.61803399026394 49.1
    endloop
  endfacet
  facet normal -0.5620833869713721 0.8270805680771316 0
    outer loop
      vertex 49.571653589606285 -21.688655853271484 49
      vertex 49.675570502877235 -21.61803399026394 49.1
      vertex 49.675570502877235 -21.61803399026394 49
    endloop
  endfacet
  facet normal -0.6129070528460384 0.7901550130016156 0
    outer loop
      vertex 49.675570502877235 -21.61803399026394 49
      vertex 49.675570502877235 -21.61803399026394 49.1
      vertex 49.774847976863384 -21.54102648794651 49
    endloop
  endfacet
  facet normal -0.6129070528460384 0.7901550130016156 0
    outer loop
      vertex 49.675570502877235 -21.61803399026394 49.1
      vertex 49.774847976863384 -21.54102648794651 49.1
      vertex 49.774847976863384 -21.54102648794651 49
    endloop
  endfacet
  facet normal 0 0 1
    outer loop
      vertex 48.87476263195276 -21.96457450091839 49
      vertex 49.95793725550175 -21.36909421533346 49
      vertex 50.04102648794651 -21.274847976863384 49
    endloop
  endfacet
  facet normal 0 0 1
    outer loop
      vertex 48.87476263195276 -21.96457450091839 49
      vertex 50.04102648794651 -21.274847976863384 49
      vertex 50.11803399026394 -21.175570502877235 49
    endloop
  endfacet
  facet normal 0 0 1
    outer loop
      vertex 48.87476263195276 -21.96457450091839 49
      vertex 50.11803399026394 -21.175570502877235 49
      vertex 50.188655853271484 -21.071653589606285 49
    endloop
  endfacet
  facet normal -0.661311848974507 0.7501110840441693 0
    outer loop
      vertex 49.774847976863384 -21.54102648794651 49
      vertex 49.774847976863384 -21.54102648794651 49.1
      vertex 49.86909421533346 -21.457937255501747 49.1
    endloop
  endfacet
  facet normal -0.661311848974507 0.7501110840441693 0
    outer loop
      vertex 49.774847976863384 -21.54102648794651 49
      vertex 49.86909421533346 -21.457937255501747 49.1
      vertex 49.86909421533346 -21.457937255501747 49
    endloop
  endfacet
  facet normal -0.7071067811865476 0.7071067811865476 0
    outer loop
      vertex 49.86909421533346 -21.457937255501747 49
      vertex 49.86909421533346 -21.457937255501747 49.1
      vertex 49.95793725550175 -21.36909421533346 49
    endloop
  endfacet
  facet normal 0 0 1
    outer loop
      vertex 48.87476263195276 -21.96457450091839 49
      vertex 50.188655853271484 -21.071653589606285 49
      vertex 50.252613358199596 -20.96350734680891 49
    endloop
  endfacet
  facet normal 0 0 1
    outer loop
      vertex 48.87476263195276 -21.96457450091839 49
      vertex 50.252613358199596 -20.96350734680891 49
      vertex 50.30965410172939 -20.851558580994606 49
    endloop
  endfacet
  facet normal 0 0 1
    outer loop
      vertex 48.87476263195276 -21.96457450091839 49
      vertex 50.30965410172939 -20.851558580994606 49
      vertex 50.35955297201872 -20.73624910414219 49
    endloop
  endfacet
  facet normal 0 0 1
    outer loop
      vertex 48.87476263195276 -21.96457450091839 49
      vertex 50.35955297201872 -20.73624910414219 49
      vertex 50.402113035321236 -20.61803399026394 49
    endloop
  endfacet
  facet normal 0 0 1
    outer loop
      vertex 48.87476263195276 -21.96457450091839 49
      vertex 50.402113035321236 -20.61803399026394 49
      vertex 50.43716632574797 -20.497379772365093 49
    endloop
  endfacet
  facet normal -0.7071067811865476 0.7071067811865476 0
    outer loop
      vertex 49.86909421533346 -21.457937255501747 49.1
      vertex 49.95793725550175 -21.36909421533346 49.1
      vertex 49.95793725550175 -21.36909421533346 49
    endloop
  endfacet
  facet normal -0.7501110840441693 0.661311848974507 0
    outer loop
      vertex 49.95793725550175 -21.36909421533346 49
      vertex 49.95793725550175 -21.36909421533346 49.1
      vertex 50.04102648794651 -21.274847976863384 49
    endloop
  endfacet
  facet normal -0.7501110840441693 0.661311848974507 0
    outer loop
      vertex 49.95793725550175 -21.36909421533346 49.1
      vertex 50.04102648794651 -21.274847976863384 49.1
      vertex 50.04102648794651 -21.274847976863384 49
    endloop
  endfacet
  facet normal -0.7901550130016156 0.6129070528460384 0
    outer loop
      vertex 50.04102648794651 -21.274847976863384 49
      vertex 50.04102648794651 -21.274847976863384 49.1
      vertex 50.11803399026394 -21.175570502877235 49.1
    endloop
  endfacet
  facet normal -0.7901550130016156 0.6129070528460384 0
    outer loop
      vertex 50.04102648794651 -21.274847976863384 49
      vertex 50.11803399026394 -21.175570502877235 49.1
      vertex 50.11803399026394 -21.175570502877235 49
    endloop
  endfacet
  facet normal -0.8270805680771316 0.5620833869713721 0
    outer loop
      vertex 50.11803399026394 -21.175570502877235 49
      vertex 50.11803399026394 -21.175570502877235 49.1
      vertex 50.188655853271484 -21.071653589606285 49.1
    endloop
  endfacet
  facet normal 0 0 1
    outer loop
      vertex 48.87476263195276 -21.96457450091839 49
      vertex 50.43716632574797 -20.497379772365093 49
      vertex 50.46457450091839 -20.374762631952763 49
    endloop
  endfacet
  facet normal 0 0 1
    outer loop
      vertex 48.87476263195276 -21.96457450091839 49
      vertex 50.46457450091839 -20.374762631952763 49
      vertex 50.484229400753975 -20.250666469335556 49
    endloop
  endfacet
  facet normal -0.8270805680771316 0.5620833869713721 0
    outer loop
      vertex 50.11803399026394 -21.175570502877235 49
      vertex 50.188655853271484 -21.071653589606285 49.1
      vertex 50.188655853271484 -21.071653589606285 49
    endloop
  endfacet
  facet normal -0.8607420436463316 0.509041387609629 0
    outer loop
      vertex 50.188655853271484 -21.071653589606285 49
      vertex 50.188655853271484 -21.071653589606285 49.1
      vertex 50.252613358199596 -20.96350734680891 49.1
    endloop
  endfacet
  facet normal -0.8607420436463316 0.509041387609629 0
    outer loop
      vertex 50.188655853271484 -21.071653589606285 49
      vertex 50.252613358199596 -20.96350734680891 49.1
      vertex 50.252613358199596 -20.96350734680891 49
    endloop
  endfacet
  facet normal -0.8910065296360402 0.4539904890478877 0
    outer loop
      vertex 50.252613358199596 -20.96350734680891 49
      vertex 50.252613358199596 -20.96350734680891 49.1
      vertex 50.30965410172939 -20.851558580994606 49
    endloop
  endfacet
  facet normal -0.8910065296360402 0.4539904890478877 0
    outer loop
      vertex 50.252613358199596 -20.96350734680891 49.1
      vertex 50.30965410172939 -20.851558580994606 49.1
      vertex 50.30965410172939 -20.851558580994606 49
    endloop
  endfacet
  facet normal 0 0 1
    outer loop
      vertex 48.87476263195276 -21.96457450091839 49
      vertex 50.484229400753975 -20.250666469335556 49
      vertex 50.49605345726013 -20.12558104097843 49
    endloop
  endfacet
  facet normal 0 0 1
    outer loop
      vertex 48.87476263195276 -21.96457450091839 49
      vertex 50.49605345726013 -20.12558104097843 49
      vertex 50.5 -20 49
    endloop
  endfacet
  facet normal -0.9177546145502758 0.39714791636325447 0
    outer loop
      vertex 50.30965410172939 -20.851558580994606 49
      vertex 50.30965410172939 -20.851558580994606 49.1
      vertex 50.35955297201872 -20.73624910414219 49
    endloop
  endfacet
  facet normal -0.9177546145502758 0.39714791636325447 0
    outer loop
      vertex 50.30965410172939 -20.851558580994606 49.1
      vertex 50.35955297201872 -20.73624910414219 49.1
      vertex 50.35955297201872 -20.73624910414219 49
    endloop
  endfacet
  facet normal -0.9408807601378322 0.33873794473376473 0
    outer loop
      vertex 50.35955297201872 -20.73624910414219 49
      vertex 50.35955297201872 -20.73624910414219 49.1
      vertex 50.402113035321236 -20.61803399026394 49
    endloop
  endfacet
  facet normal -0.9408807601378322 0.33873794473376473 0
    outer loop
      vertex 50.35955297201872 -20.73624910414219 49.1
      vertex 50.402113035321236 -20.61803399026394 49.1
      vertex 50.402113035321236 -20.61803399026394 49
    endloop
  endfacet
  facet normal -0.9602936862118788 0.2789911041979679 0
    outer loop
      vertex 50.402113035321236 -20.61803399026394 49
      vertex 50.402113035321236 -20.61803399026394 49.1
      vertex 50.43716632574797 -20.497379772365093 49
    endloop
  endfacet
  facet normal -0.9602936862118788 0.2789911041979679 0
    outer loop
      vertex 50.402113035321236 -20.61803399026394 49.1
      vertex 50.43716632574797 -20.497379772365093 49.1
      vertex 50.43716632574797 -20.497379772365093 49
    endloop
  endfacet
  facet normal -0.9759167669691732 0.2181432188917103 0
    outer loop
      vertex 50.43716632574797 -20.497379772365093 49
      vertex 50.43716632574797 -20.497379772365093 49.1
      vertex 50.46457450091839 -20.374762631952763 49.1
    endloop
  endfacet
  facet normal -0.9759167669691732 0.2181432188917103 0
    outer loop
      vertex 50.43716632574797 -20.497379772365093 49
      vertex 50.46457450091839 -20.374762631952763 49.1
      vertex 50.46457450091839 -20.374762631952763 49
    endloop
  endfacet
  facet normal -0.987688342349933 0.15643445396088942 0
    outer loop
      vertex 50.46457450091839 -20.374762631952763 49
      vertex 50.46457450091839 -20.374762631952763 49.1
      vertex 50.484229400753975 -20.250666469335556 49
    endloop
  endfacet
  facet normal -0.987688342349933 0.15643445396088942 0
    outer loop
      vertex 50.46457450091839 -20.374762631952763 49.1
      vertex 50.484229400753975 -20.250666469335556 49.1
      vertex 50.484229400753975 -20.250666469335556 49
    endloop
  endfacet
  facet normal -0.9955619629242155 0.09410833107904504 0
    outer loop
      vertex 50.484229400753975 -20.250666469335556 49
      vertex 50.484229400753975 -20.250666469335556 49.1
      vertex 50.49605345726013 -20.12558104097843 49.1
    endloop
  endfacet
  facet normal -0.9955619629242155 0.09410833107904504 0
    outer loop
      vertex 50.484229400753975 -20.250666469335556 49
      vertex 50.49605345726013 -20.12558104097843 49.1
      vertex 50.49605345726013 -20.12558104097843 49
    endloop
  endfacet
  facet normal -0.9995065604816545 0.031410755389397915 0
    outer loop
      vertex 50.49605345726013 -20.12558104097843 49
      vertex 50.49605345726013 -20.12558104097843 49.1
      vertex 50.5 -20 49
    endloop
  endfacet
  facet normal -0.9995065604816545 0.031410755389397915 0
    outer loop
      vertex 50.49605345726013 -20.12558104097843 49.1
      vertex 50.5 -20 49.1
      vertex 50.5 -20 49
    endloop
  endfacet
  facet normal 0 0.997458699830735 -0.07124704998790966
    outer loop
      vertex 31.5 -22 49.1
      vertex 48.5 -20.5 70.1
      vertex 48.5 -22 49.1
    endloop
  endfacet
  facet normal 0 0.997458699830735 -0.07124704998790966
    outer loop
      vertex 31.5 -22 49.1
      vertex 31.5 -20.5 70.1
      vertex 48.5 -20.5 70.1
    endloop
  endfacet
  facet normal -0.03133100968909235 0.9969690108545445 -0.07121207220389605
    outer loop
      vertex 48.5 -22 49.1
      vertex 48.5 -20.5 70.1
      vertex 48.62558104097843 -21.996053457260132 49.1
    endloop
  endfacet
  facet normal -0.09387128363472812 0.9930542633798244 -0.07093244738427319
    outer loop
      vertex 48.62558104097843 -21.996053457260132 49.1
      vertex 48.750666469335556 -20.484229400753975 70.1
      vertex 48.750666469335556 -21.984229400753975 49.1
    endloop
  endfacet
  facet normal -0.15604659956965797 0.985239525922036 -0.07037425185157402
    outer loop
      vertex 48.750666469335556 -21.984229400753975 49.1
      vertex 48.750666469335556 -20.484229400753975 70.1
      vertex 48.87476263195276 -21.96457450091839 49.1
    endloop
  endfacet
  facet normal -0.21761513616334444 0.9735542603940094 -0.06953959002814356
    outer loop
      vertex 48.87476263195276 -21.96457450091839 49.1
      vertex 48.99737977236509 -20.437166325747967 70.1
      vertex 48.99737977236509 -21.937166325747967 49.1
    endloop
  endfacet
  facet normal -0.278337095927358 0.9580425749630004 -0.0684316124973572
    outer loop
      vertex 48.99737977236509 -21.937166325747967 49.1
      vertex 48.99737977236509 -20.437166325747967 70.1
      vertex 49.11803399026394 -21.902113035321236 49.1
    endloop
  endfacet
  facet normal -0.3379755518433541 0.9387631325929847 -0.0670545094709275
    outer loop
      vertex 49.11803399026394 -21.902113035321236 49.1
      vertex 49.23624910414219 -20.35955297201872 70.1
      vertex 49.23624910414219 -21.85955297201872 49.1
    endloop
  endfacet
  facet normal -0.3962973221973368 0.9157890075592361 -0.06541350053994546
    outer loop
      vertex 49.23624910414219 -21.85955297201872 49.1
      vertex 49.351558580994606 -20.309654101729393 70.1
      vertex 49.351558580994606 -21.809654101729393 49.1
    endloop
  endfacet
  facet normal -0.4530738347467055 0.8892074942212561 -0.06351482101580404
    outer loop
      vertex 49.351558580994606 -21.809654101729393 49.1
      vertex 49.46350734680891 -20.252613358199596 70.1
      vertex 49.46350734680891 -21.752613358199596 49.1
    endloop
  endfacet
  facet normal -0.508082022390944 0.8591198455323202 -0.06136570325230861
    outer loop
      vertex 49.46350734680891 -21.752613358199596 49.1
      vertex 49.46350734680891 -20.252613358199596 70.1
      vertex 49.571653589606285 -21.688655853271484 49.1
    endloop
  endfacet
  facet normal -0.561105079593488 0.8256410325195798 -0.058974359465684294
    outer loop
      vertex 49.571653589606285 -21.688655853271484 49.1
      vertex 49.571653589606285 -20.188655853271484 70.1
      vertex 49.675570502877235 -21.61803399026394 49.1
    endloop
  endfacet
  facet normal -0.6119331915613442 0.7888995185959039 -0.056349965613993164
    outer loop
      vertex 49.675570502877235 -21.61803399026394 49.1
      vertex 49.774847976863384 -20.04102648794651 70.1
      vertex 49.774847976863384 -21.54102648794651 49.1
    endloop
  endfacet
  facet normal -0.6603646579622648 0.749036706686359 -0.053502621906168515
    outer loop
      vertex 49.774847976863384 -21.54102648794651 49.1
      vertex 49.774847976863384 -20.04102648794651 70.1
      vertex 49.86909421533346 -21.457937255501747 49.1
    endloop
  endfacet
  facet normal -0.7062065812274456 0.7062065812274456 -0.050443327230531854
    outer loop
      vertex 49.86909421533346 -21.457937255501747 49.1
      vertex 49.95793725550175 -19.86909421533346 70.1
      vertex 49.95793725550175 -21.36909421533346 49.1
    endloop
  endfacet
  facet normal -0.7492756232242344 0.6605752912148241 -0.047183949372487446
    outer loop
      vertex 49.95793725550175 -21.36909421533346 49.1
      vertex 49.95793725550175 -19.86909421533346 70.1
      vertex 50.04102648794651 -21.274847976863384 49.1
    endloop
  endfacet
  facet normal -0.7893988912369593 0.6123205446865727 -0.04373718176332664
    outer loop
      vertex 50.04102648794651 -21.274847976863384 49.1
      vertex 50.11803399026394 -19.675570502877235 70.1
      vertex 50.11803399026394 -21.175570502877235 49.1
    endloop
  endfacet
  facet normal -0.8264147760374748 0.5616309151577265 -0.04011649393983762
    outer loop
      vertex 50.11803399026394 -21.175570502877235 49.1
      vertex 50.11803399026394 -19.675570502877235 70.1
      vertex 50.188655853271484 -21.071653589606285 49.1
    endloop
  endfacet
  facet normal -0.8601736322491805 0.5087052300715202 -0.036336087862251454
    outer loop
      vertex 50.188655853271484 -21.071653589606285 49.1
      vertex 50.188655853271484 -19.571653589606285 70.1
      vertex 50.252613358199596 -20.96350734680891 49.1
    endloop
  endfacet
  facet normal -0.890538421729904 0.45375197616367713 -0.03241085544026266
    outer loop
      vertex 50.252613358199596 -20.96350734680891 49.1
      vertex 50.30965410172939 -19.351558580994606 70.1
      vertex 50.30965410172939 -20.851558580994606 49.1
    endloop
  endfacet
  facet normal -0.9173855663711602 0.3969882149430167 -0.02835630106735835
    outer loop
      vertex 50.30965410172939 -20.851558580994606 49.1
      vertex 50.30965410172939 -19.351558580994606 70.1
      vertex 50.35955297201872 -20.73624910414219 49.1
    endloop
  endfacet
  facet normal -0.9406054732139157 0.3386388353346036 -0.02418848823818598
    outer loop
      vertex 50.35955297201872 -20.73624910414219 49.1
      vertex 50.402113035321236 -19.11803399026394 70.1
      vertex 50.402113035321236 -20.61803399026394 49.1
    endloop
  endfacet
  facet normal -0.9601030658058216 0.2789357238509635 -0.01992398027506883
    outer loop
      vertex 50.402113035321236 -20.61803399026394 49.1
      vertex 50.43716632574797 -18.997379772365093 70.1
      vertex 50.43716632574797 -20.497379772365093 49.1
    endloop
  endfacet
  facet normal -0.9757983180575104 0.21811674242595122 -0.01557976731613938
    outer loop
      vertex 50.43716632574797 -20.497379772365093 49.1
      vertex 50.43716632574797 -18.997379772365093 70.1
      vertex 50.46457450091839 -20.374762631952763 49.1
    endloop
  endfacet
  facet normal -0.9876266888101611 0.15642468900020756 -0.011173192071443402
    outer loop
      vertex 50.46457450091839 -20.374762631952763 49.1
      vertex 50.46457450091839 -18.874762631952763 70.1
      vertex 50.484229400753975 -20.250666469335556 49.1
    endloop
  endfacet
  facet normal -0.9955394711531635 0.0941062049803033 -0.00672187178430738
    outer loop
      vertex 50.484229400753975 -20.250666469335556 49.1
      vertex 50.484229400753975 -18.750666469335556 70.1
      vertex 50.49605345726013 -20.12558104097843 49.1
    endloop
  endfacet
  facet normal -0.9995040448056697 0.03141067633110443 -0.0022436197379360314
    outer loop
      vertex 50.49605345726013 -20.12558104097843 49.1
      vertex 50.5 -18.5 70.1
      vertex 50.5 -20 49.1
    endloop
  endfacet
  facet normal -1 0 0
    outer loop
      vertex 50.5 -20 49
      vertex 50.5 -20 49.1
      vertex 50.5 -18.5 70.1
    endloop
  endfacet
  facet normal -0.03133100968909235 0.9969690108545445 -0.07121207220389605
    outer loop
      vertex 48.62558104097843 -21.996053457260132 49.1
      vertex 48.5 -20.5 70.1
      vertex 48.62558104097843 -20.496053457260132 70.1
    endloop
  endfacet
  facet normal -0.09387128363472816 0.9930542633798244 -0.07093244738427319
    outer loop
      vertex 48.62558104097843 -21.996053457260132 49.1
      vertex 48.62558104097843 -20.496053457260132 70.1
      vertex 48.750666469335556 -20.484229400753975 70.1
    endloop
  endfacet
  facet normal -0.15604659956965797 0.985239525922036 -0.07037425185157402
    outer loop
      vertex 48.87476263195276 -21.96457450091839 49.1
      vertex 48.750666469335556 -20.484229400753975 70.1
      vertex 48.87476263195276 -20.46457450091839 70.1
    endloop
  endfacet
  facet normal -0.21761513616334324 0.9735542603940097 -0.06953959002814357
    outer loop
      vertex 48.87476263195276 -21.96457450091839 49.1
      vertex 48.87476263195276 -20.46457450091839 70.1
      vertex 48.99737977236509 -20.437166325747967 70.1
    endloop
  endfacet
  facet normal -0.278337095927358 0.9580425749630004 -0.0684316124973572
    outer loop
      vertex 49.11803399026394 -21.902113035321236 49.1
      vertex 48.99737977236509 -20.437166325747967 70.1
      vertex 49.11803399026394 -20.402113035321236 70.1
    endloop
  endfacet
  facet normal -0.337975551843353 0.938763132592985 -0.06705450947092753
    outer loop
      vertex 49.11803399026394 -21.902113035321236 49.1
      vertex 49.11803399026394 -20.402113035321236 70.1
      vertex 49.23624910414219 -20.35955297201872 70.1
    endloop
  endfacet
  facet normal -0.3962973221973358 0.9157890075592366 -0.06541350053994549
    outer loop
      vertex 49.23624910414219 -21.85955297201872 49.1
      vertex 49.23624910414219 -20.35955297201872 70.1
      vertex 49.351558580994606 -20.309654101729393 70.1
    endloop
  endfacet
  facet normal -0.45307383474670454 0.8892074942212566 -0.06351482101580407
    outer loop
      vertex 49.351558580994606 -21.809654101729393 49.1
      vertex 49.351558580994606 -20.309654101729393 70.1
      vertex 49.46350734680891 -20.252613358199596 70.1
    endloop
  endfacet
  facet normal -0.508082022390944 0.8591198455323202 -0.06136570325230861
    outer loop
      vertex 49.571653589606285 -21.688655853271484 49.1
      vertex 49.46350734680891 -20.252613358199596 70.1
      vertex 49.571653589606285 -20.188655853271484 70.1
    endloop
  endfacet
  facet normal -0.561105079593488 0.8256410325195798 -0.058974359465684294
    outer loop
      vertex 49.675570502877235 -21.61803399026394 49.1
      vertex 49.571653589606285 -20.188655853271484 70.1
      vertex 49.675570502877235 -20.11803399026394 70.1
    endloop
  endfacet
  facet normal -0.6119331915613435 0.7888995185959046 -0.056349965613993205
    outer loop
      vertex 49.675570502877235 -21.61803399026394 49.1
      vertex 49.675570502877235 -20.11803399026394 70.1
      vertex 49.774847976863384 -20.04102648794651 70.1
    endloop
  endfacet
  facet normal -0.6603646579622648 0.749036706686359 -0.053502621906168515
    outer loop
      vertex 49.86909421533346 -21.457937255501747 49.1
      vertex 49.774847976863384 -20.04102648794651 70.1
      vertex 49.86909421533346 -19.957937255501747 70.1
    endloop
  endfacet
  facet normal -0.7062065812274451 0.7062065812274462 -0.05044332723053189
    outer loop
      vertex 49.86909421533346 -21.457937255501747 49.1
      vertex 49.86909421533346 -19.957937255501747 70.1
      vertex 49.95793725550175 -19.86909421533346 70.1
    endloop
  endfacet
  facet normal -0.7492756232242344 0.6605752912148241 -0.047183949372487446
    outer loop
      vertex 50.04102648794651 -21.274847976863384 49.1
      vertex 49.95793725550175 -19.86909421533346 70.1
      vertex 50.04102648794651 -19.774847976863384 70.1
    endloop
  endfacet
  facet normal -0.7893988912369589 0.6123205446865733 -0.04373718176332667
    outer loop
      vertex 50.04102648794651 -21.274847976863384 49.1
      vertex 50.04102648794651 -19.774847976863384 70.1
      vertex 50.11803399026394 -19.675570502877235 70.1
    endloop
  endfacet
  facet normal -0.8264147760374748 0.5616309151577265 -0.04011649393983762
    outer loop
      vertex 50.188655853271484 -21.071653589606285 49.1
      vertex 50.11803399026394 -19.675570502877235 70.1
      vertex 50.188655853271484 -19.571653589606285 70.1
    endloop
  endfacet
  facet normal -0.8601736322491805 0.5087052300715202 -0.036336087862251454
    outer loop
      vertex 50.252613358199596 -20.96350734680891 49.1
      vertex 50.188655853271484 -19.571653589606285 70.1
      vertex 50.252613358199596 -19.46350734680891 70.1
    endloop
  endfacet
  facet normal -0.8905384217299038 0.4537519761636775 -0.03241085544026269
    outer loop
      vertex 50.252613358199596 -20.96350734680891 49.1
      vertex 50.252613358199596 -19.46350734680891 70.1
      vertex 50.30965410172939 -19.351558580994606 70.1
    endloop
  endfacet
  facet normal -0.9173855663711602 0.3969882149430167 -0.02835630106735835
    outer loop
      vertex 50.35955297201872 -20.73624910414219 49.1
      vertex 50.30965410172939 -19.351558580994606 70.1
      vertex 50.35955297201872 -19.23624910414219 70.1
    endloop
  endfacet
  facet normal -0.9406054732139156 0.3386388353346039 -0.024188488238186003
    outer loop
      vertex 50.35955297201872 -20.73624910414219 49.1
      vertex 50.35955297201872 -19.23624910414219 70.1
      vertex 50.402113035321236 -19.11803399026394 70.1
    endloop
  endfacet
  facet normal -0.9601030658058214 0.27893572385096377 -0.019923980275068844
    outer loop
      vertex 50.402113035321236 -20.61803399026394 49.1
      vertex 50.402113035321236 -19.11803399026394 70.1
      vertex 50.43716632574797 -18.997379772365093 70.1
    endloop
  endfacet
  facet normal -0.9757983180575104 0.21811674242595122 -0.01557976731613938
    outer loop
      vertex 50.46457450091839 -20.374762631952763 49.1
      vertex 50.43716632574797 -18.997379772365093 70.1
      vertex 50.46457450091839 -18.874762631952763 70.1
    endloop
  endfacet
  facet normal -0.9876266888101611 0.15642468900020756 -0.011173192071443402
    outer loop
      vertex 50.484229400753975 -20.250666469335556 49.1
      vertex 50.46457450091839 -18.874762631952763 70.1
      vertex 50.484229400753975 -18.750666469335556 70.1
    endloop
  endfacet
  facet normal -0.9955394711531635 0.0941062049803033 -0.00672187178430738
    outer loop
      vertex 50.49605345726013 -20.12558104097843 49.1
      vertex 50.484229400753975 -18.750666469335556 70.1
      vertex 50.49605345726013 -18.62558104097843 70.1
    endloop
  endfacet
  facet normal -0.9995040448056697 0.03141067633110446 -0.0022436197379360335
    outer loop
      vertex 50.49605345726013 -20.12558104097843 49.1
      vertex 50.49605345726013 -18.62558104097843 70.1
      vertex 50.5 -18.5 70.1
    endloop
  endfacet
  facet normal 0 0 1
    outer loop
      vertex 48.87476263195276 -21.96457450091839 49
      vertex 50.5 -20 49
      vertex 50.5 17 49
    endloop
  endfacet
  facet normal -1 0 0
    outer loop
      vertex 50.5 -20 49
      vertex 50.5 -18.5 70.1
      vertex 50.5 17 49
    endloop
  endfacet
  facet normal 0 0 1
    outer loop
      vertex 29.5 17 49
      vertex 48.87476263195276 -21.96457450091839 49
      vertex 29.503946542739868 17.12558104097843 49
    endloop
  endfacet
  facet normal 0 0 1
    outer loop
      vertex 29.503946542739868 17.12558104097843 49
      vertex 48.87476263195276 -21.96457450091839 49
      vertex 29.515770599246025 17.250666469335556 49
    endloop
  endfacet
  facet normal 0 0 1
    outer loop
      vertex 29.515770599246025 17.250666469335556 49
      vertex 48.87476263195276 -21.96457450091839 49
      vertex 29.53542549908161 17.374762631952763 49
    endloop
  endfacet
  facet normal 0 0 1
    outer loop
      vertex 29.53542549908161 17.374762631952763 49
      vertex 48.87476263195276 -21.96457450091839 49
      vertex 29.562833674252033 17.497379772365093 49
    endloop
  endfacet
  facet normal 0 0 1
    outer loop
      vertex 29.562833674252033 17.497379772365093 49
      vertex 48.87476263195276 -21.96457450091839 49
      vertex 29.597886964678764 17.61803399026394 49
    endloop
  endfacet
  facet normal 0 0 1
    outer loop
      vertex 29.597886964678764 17.61803399026394 49
      vertex 48.87476263195276 -21.96457450091839 49
      vertex 29.64044702798128 17.73624910414219 49
    endloop
  endfacet
  facet normal 0 0 1
    outer loop
      vertex 29.64044702798128 17.73624910414219 49
      vertex 48.87476263195276 -21.96457450091839 49
      vertex 29.690345898270607 17.851558580994606 49
    endloop
  endfacet
  facet normal 0 0 1
    outer loop
      vertex 29.690345898270607 17.851558580994606 49
      vertex 48.87476263195276 -21.96457450091839 49
      vertex 29.747386641800404 17.96350734680891 49
    endloop
  endfacet
  facet normal 0 0 1
    outer loop
      vertex 29.747386641800404 17.96350734680891 49
      vertex 48.87476263195276 -21.96457450091839 49
      vertex 29.811344146728516 18.071653589606285 49
    endloop
  endfacet
  facet normal 0 0 1
    outer loop
      vertex 29.811344146728516 18.071653589606285 49
      vertex 48.87476263195276 -21.96457450091839 49
      vertex 29.88196600973606 18.175570502877235 49
    endloop
  endfacet
  facet normal 0 0 1
    outer loop
      vertex 29.88196600973606 18.175570502877235 49
      vertex 48.87476263195276 -21.96457450091839 49
      vertex 29.95897351205349 18.274847976863384 49
    endloop
  endfacet
  facet normal 0 0 1
    outer loop
      vertex 29.95897351205349 18.274847976863384 49
      vertex 48.87476263195276 -21.96457450091839 49
      vertex 30.042062744498253 18.36909421533346 49
    endloop
  endfacet
  facet normal 0 0 1
    outer loop
      vertex 30.042062744498253 18.36909421533346 49
      vertex 48.87476263195276 -21.96457450091839 49
      vertex 30.13090578466654 18.457937255501747 49
    endloop
  endfacet
  facet normal 0 0 1
    outer loop
      vertex 30.13090578466654 18.457937255501747 49
      vertex 48.87476263195276 -21.96457450091839 49
      vertex 30.225152023136616 18.54102648794651 49
    endloop
  endfacet
  facet normal 0 0 1
    outer loop
      vertex 30.225152023136616 18.54102648794651 49
      vertex 48.87476263195276 -21.96457450091839 49
      vertex 30.324429497122765 18.61803399026394 49
    endloop
  endfacet
  facet normal 1 0 0
    outer loop
      vertex 29.5 -20 49
      vertex 29.5 17 49
      vertex 29.5 18.5 70
    endloop
  endfacet
  facet normal 1 0 0
    outer loop
      vertex 29.5 18.5 70
      vertex 29.5 18.5 70.1
      vertex 29.5 -18.5 70.1
    endloop
  endfacet
  facet normal 0.9995040448056697 -0.03141067633110443 0.0022436197379360305
    outer loop
      vertex 29.5 17 49
      vertex 29.503946542739868 17.12558104097843 49
      vertex 29.5 18.5 70
    endloop
  endfacet
  facet normal 0.9955394711531635 -0.0941062049803033 0.006721871784307378
    outer loop
      vertex 29.503946542739868 17.12558104097843 49
      vertex 29.515770599246025 17.250666469335556 49
      vertex 29.515770599246025 18.750666469335556 70
    endloop
  endfacet
  facet normal 0.9876266888101611 -0.15642468900020756 0.011173192071443398
    outer loop
      vertex 29.515770599246025 17.250666469335556 49
      vertex 29.53542549908161 17.374762631952763 49
      vertex 29.515770599246025 18.750666469335556 70
    endloop
  endfacet
  facet normal 0.9757983180575104 -0.21811674242595125 0.015579767316139375
    outer loop
      vertex 29.53542549908161 17.374762631952763 49
      vertex 29.562833674252033 17.497379772365093 49
      vertex 29.562833674252033 18.997379772365093 70
    endloop
  endfacet
  facet normal 0.9601030658058214 -0.27893572385096344 0.01992398027506882
    outer loop
      vertex 29.562833674252033 17.497379772365093 49
      vertex 29.597886964678764 17.61803399026394 49
      vertex 29.562833674252033 18.997379772365093 70
    endloop
  endfacet
  facet normal 0.9406054732139157 -0.3386388353346036 0.02418848823818597
    outer loop
      vertex 29.597886964678764 17.61803399026394 49
      vertex 29.64044702798128 17.73624910414219 49
      vertex 29.597886964678764 19.11803399026394 70
    endloop
  endfacet
  facet normal 0.9173855663711602 -0.3969882149430167 0.028356301067358338
    outer loop
      vertex 29.64044702798128 17.73624910414219 49
      vertex 29.690345898270607 17.851558580994606 49
      vertex 29.690345898270607 19.351558580994606 70
    endloop
  endfacet
  facet normal 0.8905384217299039 -0.4537519761636771 0.03241085544026265
    outer loop
      vertex 29.690345898270607 17.851558580994606 49
      vertex 29.747386641800404 17.96350734680891 49
      vertex 29.690345898270607 19.351558580994606 70
    endloop
  endfacet
  facet normal 0.8601736322491805 -0.5087052300715201 0.03633608786225144
    outer loop
      vertex 29.747386641800404 17.96350734680891 49
      vertex 29.811344146728516 18.071653589606285 49
      vertex 29.811344146728516 19.571653589606285 70
    endloop
  endfacet
  facet normal 0.8264147760374748 -0.5616309151577265 0.04011649393983761
    outer loop
      vertex 29.811344146728516 18.071653589606285 49
      vertex 29.88196600973606 18.175570502877235 49
      vertex 29.811344146728516 19.571653589606285 70
    endloop
  endfacet
  facet normal 0.7893988912369593 -0.6123205446865727 0.04373718176332662
    outer loop
      vertex 29.88196600973606 18.175570502877235 49
      vertex 29.95897351205349 18.274847976863384 49
      vertex 29.88196600973606 19.675570502877235 70
    endloop
  endfacet
  facet normal 0.7492756232242345 -0.6605752912148242 0.04718394937248744
    outer loop
      vertex 29.95897351205349 18.274847976863384 49
      vertex 30.042062744498253 18.36909421533346 49
      vertex 30.042062744498253 19.86909421533346 70
    endloop
  endfacet
  facet normal 0.7062065812274457 -0.7062065812274457 0.05044332723053183
    outer loop
      vertex 30.042062744498253 18.36909421533346 49
      vertex 30.13090578466654 18.457937255501747 49
      vertex 30.13090578466654 19.957937255501747 70
    endloop
  endfacet
  facet normal 0.6603646579622648 -0.749036706686359 0.0535026219061685
    outer loop
      vertex 30.13090578466654 18.457937255501747 49
      vertex 30.225152023136616 18.54102648794651 49
      vertex 30.225152023136616 20.04102648794651 70
    endloop
  endfacet
  facet normal 0.6119331915613442 -0.788899518595904 0.05634996561399314
    outer loop
      vertex 30.225152023136616 18.54102648794651 49
      vertex 30.324429497122765 18.61803399026394 49
      vertex 30.225152023136616 20.04102648794651 70
    endloop
  endfacet
  facet normal 0.5611050795934879 -0.8256410325195798 0.05897435946568427
    outer loop
      vertex 30.324429497122765 18.61803399026394 49
      vertex 30.428346410393715 18.688655853271484 49
      vertex 30.428346410393715 20.188655853271484 70
    endloop
  endfacet
  facet normal 0.508082022390944 -0.8591198455323202 0.06136570325230859
    outer loop
      vertex 30.428346410393715 18.688655853271484 49
      vertex 30.53649265319109 18.752613358199596 49
      vertex 30.53649265319109 20.252613358199596 70
    endloop
  endfacet
  facet normal 0.45307383474670554 -0.8892074942212562 0.06351482101580401
    outer loop
      vertex 30.53649265319109 18.752613358199596 49
      vertex 30.648441419005394 18.809654101729393 49
      vertex 30.53649265319109 20.252613358199596 70
    endloop
  endfacet
  facet normal 0.3962973221973368 -0.9157890075592362 0.06541350053994544
    outer loop
      vertex 30.648441419005394 18.809654101729393 49
      vertex 30.76375089585781 18.85955297201872 49
      vertex 30.76375089585781 20.35955297201872 70
    endloop
  endfacet
  facet normal 0.33797555184335404 -0.9387631325929846 0.06705450947092748
    outer loop
      vertex 30.76375089585781 18.85955297201872 49
      vertex 30.88196600973606 18.902113035321236 49
      vertex 30.76375089585781 20.35955297201872 70
    endloop
  endfacet
  facet normal 0.278337095927358 -0.9580425749630004 0.06843161249735717
    outer loop
      vertex 30.88196600973606 18.902113035321236 49
      vertex 31.002620227634907 18.937166325747967 49
      vertex 30.88196600973606 20.402113035321236 70
    endloop
  endfacet
  facet normal 0.21761513616334444 -0.9735542603940094 0.06953959002814353
    outer loop
      vertex 31.002620227634907 18.937166325747967 49
      vertex 31.125237368047237 18.96457450091839 49
      vertex 31.002620227634907 20.437166325747967 70
    endloop
  endfacet
  facet normal 0.15604659956965794 -0.9852395259220359 0.07037425185157399
    outer loop
      vertex 31.125237368047237 18.96457450091839 49
      vertex 31.249333530664444 18.984229400753975 49
      vertex 31.249333530664444 20.484229400753975 70
    endloop
  endfacet
  facet normal 0.09387128363472812 -0.9930542633798244 0.07093244738427318
    outer loop
      vertex 31.249333530664444 18.984229400753975 49
      vertex 31.37441895902157 18.996053457260132 49
      vertex 31.37441895902157 20.496053457260132 70
    endloop
  endfacet
  facet normal 0.03133100968909236 -0.9969690108545447 0.07121207220389605
    outer loop
      vertex 31.37441895902157 18.996053457260132 49
      vertex 31.5 19 49
      vertex 31.37441895902157 20.496053457260132 70
    endloop
  endfacet
  facet normal 0.9995040448056697 -0.03141067633110443 0.0022436197379360305
    outer loop
      vertex 29.503946542739868 17.12558104097843 49
      vertex 29.503946542739868 18.62558104097843 70
      vertex 29.5 18.5 70
    endloop
  endfacet
  facet normal 0.9955394711531635 -0.0941062049803033 0.006721871784307378
    outer loop
      vertex 29.503946542739868 17.12558104097843 49
      vertex 29.515770599246025 18.750666469335556 70
      vertex 29.503946542739868 18.62558104097843 70
    endloop
  endfacet
  facet normal 0.9876266888101611 -0.15642468900020756 0.011173192071443398
    outer loop
      vertex 29.53542549908161 17.374762631952763 49
      vertex 29.53542549908161 18.874762631952763 70
      vertex 29.515770599246025 18.750666469335556 70
    endloop
  endfacet
  facet normal 0.9757983180575104 -0.21811674242595125 0.015579767316139375
    outer loop
      vertex 29.53542549908161 17.374762631952763 49
      vertex 29.562833674252033 18.997379772365093 70
      vertex 29.53542549908161 18.874762631952763 70
    endloop
  endfacet
  facet normal 0.9601030658058214 -0.27893572385096344 0.01992398027506882
    outer loop
      vertex 29.597886964678764 17.61803399026394 49
      vertex 29.597886964678764 19.11803399026394 70
      vertex 29.562833674252033 18.997379772365093 70
    endloop
  endfacet
  facet normal 0.9406054732139157 -0.3386388353346036 0.02418848823818597
    outer loop
      vertex 29.64044702798128 17.73624910414219 49
      vertex 29.64044702798128 19.23624910414219 70
      vertex 29.597886964678764 19.11803399026394 70
    endloop
  endfacet
  facet normal 0.9173855663711602 -0.3969882149430167 0.028356301067358338
    outer loop
      vertex 29.64044702798128 17.73624910414219 49
      vertex 29.690345898270607 19.351558580994606 70
      vertex 29.64044702798128 19.23624910414219 70
    endloop
  endfacet
  facet normal 0.8905384217299039 -0.4537519761636771 0.03241085544026265
    outer loop
      vertex 29.747386641800404 17.96350734680891 49
      vertex 29.747386641800404 19.46350734680891 70
      vertex 29.690345898270607 19.351558580994606 70
    endloop
  endfacet
  facet normal 0.8601736322491805 -0.5087052300715201 0.03633608786225144
    outer loop
      vertex 29.747386641800404 17.96350734680891 49
      vertex 29.811344146728516 19.571653589606285 70
      vertex 29.747386641800404 19.46350734680891 70
    endloop
  endfacet
  facet normal 0.8264147760374748 -0.5616309151577265 0.04011649393983761
    outer loop
      vertex 29.88196600973606 18.175570502877235 49
      vertex 29.88196600973606 19.675570502877235 70
      vertex 29.811344146728516 19.571653589606285 70
    endloop
  endfacet
  facet normal 0.7893988912369593 -0.6123205446865727 0.04373718176332662
    outer loop
      vertex 29.95897351205349 18.274847976863384 49
      vertex 29.95897351205349 19.774847976863384 70
      vertex 29.88196600973606 19.675570502877235 70
    endloop
  endfacet
  facet normal 0.7492756232242345 -0.6605752912148242 0.04718394937248744
    outer loop
      vertex 29.95897351205349 18.274847976863384 49
      vertex 30.042062744498253 19.86909421533346 70
      vertex 29.95897351205349 19.774847976863384 70
    endloop
  endfacet
  facet normal 0.7062065812274457 -0.7062065812274457 0.05044332723053183
    outer loop
      vertex 30.042062744498253 18.36909421533346 49
      vertex 30.13090578466654 19.957937255501747 70
      vertex 30.042062744498253 19.86909421533346 70
    endloop
  endfacet
  facet normal 0.6603646579622648 -0.749036706686359 0.0535026219061685
    outer loop
      vertex 30.13090578466654 18.457937255501747 49
      vertex 30.225152023136616 20.04102648794651 70
      vertex 30.13090578466654 19.957937255501747 70
    endloop
  endfacet
  facet normal 0.6119331915613442 -0.788899518595904 0.05634996561399314
    outer loop
      vertex 30.324429497122765 18.61803399026394 49
      vertex 30.324429497122765 20.11803399026394 70
      vertex 30.225152023136616 20.04102648794651 70
    endloop
  endfacet
  facet normal 0.5611050795934879 -0.8256410325195798 0.05897435946568427
    outer loop
      vertex 30.324429497122765 18.61803399026394 49
      vertex 30.428346410393715 20.188655853271484 70
      vertex 30.324429497122765 20.11803399026394 70
    endloop
  endfacet
  facet normal 0.508082022390944 -0.8591198455323202 0.06136570325230859
    outer loop
      vertex 30.428346410393715 18.688655853271484 49
      vertex 30.53649265319109 20.252613358199596 70
      vertex 30.428346410393715 20.188655853271484 70
    endloop
  endfacet
  facet normal 0.45307383474670554 -0.8892074942212562 0.06351482101580401
    outer loop
      vertex 30.648441419005394 18.809654101729393 49
      vertex 30.648441419005394 20.309654101729393 70
      vertex 30.53649265319109 20.252613358199596 70
    endloop
  endfacet
  facet normal 0.3962973221973368 -0.9157890075592362 0.06541350053994544
    outer loop
      vertex 30.648441419005394 18.809654101729393 49
      vertex 30.76375089585781 20.35955297201872 70
      vertex 30.648441419005394 20.309654101729393 70
    endloop
  endfacet
  facet normal 0.33797555184335404 -0.9387631325929846 0.06705450947092748
    outer loop
      vertex 30.88196600973606 18.902113035321236 49
      vertex 30.88196600973606 20.402113035321236 70
      vertex 30.76375089585781 20.35955297201872 70
    endloop
  endfacet
  facet normal 0.278337095927358 -0.9580425749630004 0.06843161249735717
    outer loop
      vertex 31.002620227634907 18.937166325747967 49
      vertex 31.002620227634907 20.437166325747967 70
      vertex 30.88196600973606 20.402113035321236 70
    endloop
  endfacet
  facet normal 0.21761513616334444 -0.9735542603940094 0.06953959002814353
    outer loop
      vertex 31.125237368047237 18.96457450091839 49
      vertex 31.125237368047237 20.46457450091839 70
      vertex 31.002620227634907 20.437166325747967 70
    endloop
  endfacet
  facet normal 0.15604659956965794 -0.9852395259220359 0.07037425185157399
    outer loop
      vertex 31.125237368047237 18.96457450091839 49
      vertex 31.249333530664444 20.484229400753975 70
      vertex 31.125237368047237 20.46457450091839 70
    endloop
  endfacet
  facet normal 0.09387128363472812 -0.9930542633798244 0.07093244738427318
    outer loop
      vertex 31.249333530664444 18.984229400753975 49
      vertex 31.37441895902157 20.496053457260132 70
      vertex 31.249333530664444 20.484229400753975 70
    endloop
  endfacet
  facet normal 0.03133100968909236 -0.9969690108545447 0.07121207220389605
    outer loop
      vertex 31.5 19 49
      vertex 31.5 20.5 70
      vertex 31.37441895902157 20.496053457260132 70
    endloop
  endfacet
  facet normal 0.9995065604816545 -0.03141075538939791 0
    outer loop
      vertex 29.5 18.5 70
      vertex 29.503946542739868 18.62558104097843 70.1
      vertex 29.5 18.5 70.1
    endloop
  endfacet
  facet normal 0.9995065604816545 -0.03141075538939791 0
    outer loop
      vertex 29.5 18.5 70
      vertex 29.503946542739868 18.62558104097843 70
      vertex 29.503946542739868 18.62558104097843 70.1
    endloop
  endfacet
  facet normal 0.9955619629242153 -0.09410833107904502 0
    outer loop
      vertex 29.503946542739868 18.62558104097843 70
      vertex 29.515770599246025 18.750666469335556 70.1
      vertex 29.503946542739868 18.62558104097843 70.1
    endloop
  endfacet
  facet normal 0.9955619629242153 -0.09410833107904502 0
    outer loop
      vertex 29.503946542739868 18.62558104097843 70
      vertex 29.515770599246025 18.750666469335556 70
      vertex 29.515770599246025 18.750666469335556 70.1
    endloop
  endfacet
  facet normal 0.987688342349933 -0.15643445396088942 0
    outer loop
      vertex 29.515770599246025 18.750666469335556 70
      vertex 29.53542549908161 18.874762631952763 70
      vertex 29.515770599246025 18.750666469335556 70.1
    endloop
  endfacet
  facet normal 0.987688342349933 -0.15643445396088942 0
    outer loop
      vertex 29.53542549908161 18.874762631952763 70
      vertex 29.53542549908161 18.874762631952763 70.1
      vertex 29.515770599246025 18.750666469335556 70.1
    endloop
  endfacet
  facet normal 0.9759167669691731 -0.21814321889171026 0
    outer loop
      vertex 29.53542549908161 18.874762631952763 70
      vertex 29.562833674252033 18.997379772365093 70
      vertex 29.53542549908161 18.874762631952763 70.1
    endloop
  endfacet
  facet normal 0.9759167669691731 -0.21814321889171026 0
    outer loop
      vertex 29.562833674252033 18.997379772365093 70
      vertex 29.562833674252033 18.997379772365093 70.1
      vertex 29.53542549908161 18.874762631952763 70.1
    endloop
  endfacet
  facet normal 0.9602936862118789 -0.27899110419796797 0
    outer loop
      vertex 29.562833674252033 18.997379772365093 70
      vertex 29.597886964678764 19.11803399026394 70.1
      vertex 29.562833674252033 18.997379772365093 70.1
    endloop
  endfacet
  facet normal 0.9602936862118789 -0.27899110419796797 0
    outer loop
      vertex 29.562833674252033 18.997379772365093 70
      vertex 29.597886964678764 19.11803399026394 70
      vertex 29.597886964678764 19.11803399026394 70.1
    endloop
  endfacet
  facet normal 0.9408807601378323 -0.33873794473376473 0
    outer loop
      vertex 29.597886964678764 19.11803399026394 70
      vertex 29.64044702798128 19.23624910414219 70.1
      vertex 29.597886964678764 19.11803399026394 70.1
    endloop
  endfacet
  facet normal 0.9408807601378323 -0.33873794473376473 0
    outer loop
      vertex 29.597886964678764 19.11803399026394 70
      vertex 29.64044702798128 19.23624910414219 70
      vertex 29.64044702798128 19.23624910414219 70.1
    endloop
  endfacet
  facet normal 0.9177546145502758 -0.39714791636325447 0
    outer loop
      vertex 29.64044702798128 19.23624910414219 70
      vertex 29.690345898270607 19.351558580994606 70.1
      vertex 29.64044702798128 19.23624910414219 70.1
    endloop
  endfacet
  facet normal 0.9177546145502758 -0.39714791636325447 0
    outer loop
      vertex 29.64044702798128 19.23624910414219 70
      vertex 29.690345898270607 19.351558580994606 70
      vertex 29.690345898270607 19.351558580994606 70.1
    endloop
  endfacet
  facet normal 0.8910065296360402 -0.4539904890478877 0
    outer loop
      vertex 29.690345898270607 19.351558580994606 70
      vertex 29.747386641800404 19.46350734680891 70
      vertex 29.690345898270607 19.351558580994606 70.1
    endloop
  endfacet
  facet normal 0.8910065296360402 -0.4539904890478877 0
    outer loop
      vertex 29.747386641800404 19.46350734680891 70
      vertex 29.747386641800404 19.46350734680891 70.1
      vertex 29.690345898270607 19.351558580994606 70.1
    endloop
  endfacet
  facet normal 0.8607420436463317 -0.509041387609629 0
    outer loop
      vertex 29.747386641800404 19.46350734680891 70
      vertex 29.811344146728516 19.571653589606285 70
      vertex 29.747386641800404 19.46350734680891 70.1
    endloop
  endfacet
  facet normal 0.8607420436463317 -0.509041387609629 0
    outer loop
      vertex 29.811344146728516 19.571653589606285 70
      vertex 29.811344146728516 19.571653589606285 70.1
      vertex 29.747386641800404 19.46350734680891 70.1
    endloop
  endfacet
  facet normal 0.8270805680771317 -0.5620833869713721 0
    outer loop
      vertex 29.811344146728516 19.571653589606285 70
      vertex 29.88196600973606 19.675570502877235 70.1
      vertex 29.811344146728516 19.571653589606285 70.1
    endloop
  endfacet
  facet normal 0.8270805680771317 -0.5620833869713721 0
    outer loop
      vertex 29.811344146728516 19.571653589606285 70
      vertex 29.88196600973606 19.675570502877235 70
      vertex 29.88196600973606 19.675570502877235 70.1
    endloop
  endfacet
  facet normal 0.7901550130016156 -0.6129070528460385 0
    outer loop
      vertex 29.88196600973606 19.675570502877235 70
      vertex 29.95897351205349 19.774847976863384 70.1
      vertex 29.88196600973606 19.675570502877235 70.1
    endloop
  endfacet
  facet normal 0.7901550130016156 -0.6129070528460385 0
    outer loop
      vertex 29.88196600973606 19.675570502877235 70
      vertex 29.95897351205349 19.774847976863384 70
      vertex 29.95897351205349 19.774847976863384 70.1
    endloop
  endfacet
  facet normal 0.7501110840441693 -0.661311848974507 0
    outer loop
      vertex 29.95897351205349 19.774847976863384 70
      vertex 30.042062744498253 19.86909421533346 70
      vertex 29.95897351205349 19.774847976863384 70.1
    endloop
  endfacet
  facet normal 0.7501110840441693 -0.661311848974507 0
    outer loop
      vertex 30.042062744498253 19.86909421533346 70
      vertex 30.042062744498253 19.86909421533346 70.1
      vertex 29.95897351205349 19.774847976863384 70.1
    endloop
  endfacet
  facet normal 0.7071067811865476 -0.7071067811865476 0
    outer loop
      vertex 30.042062744498253 19.86909421533346 70
      vertex 30.13090578466654 19.957937255501747 70.1
      vertex 30.042062744498253 19.86909421533346 70.1
    endloop
  endfacet
  facet normal 0.7071067811865476 -0.7071067811865476 0
    outer loop
      vertex 30.042062744498253 19.86909421533346 70
      vertex 30.13090578466654 19.957937255501747 70
      vertex 30.13090578466654 19.957937255501747 70.1
    endloop
  endfacet
  facet normal 0.661311848974507 -0.7501110840441693 0
    outer loop
      vertex 30.13090578466654 19.957937255501747 70
      vertex 30.225152023136616 20.04102648794651 70
      vertex 30.13090578466654 19.957937255501747 70.1
    endloop
  endfacet
  facet normal 0.661311848974507 -0.7501110840441693 0
    outer loop
      vertex 30.225152023136616 20.04102648794651 70
      vertex 30.225152023136616 20.04102648794651 70.1
      vertex 30.13090578466654 19.957937255501747 70.1
    endloop
  endfacet
  facet normal 0.6129070528460385 -0.7901550130016156 0
    outer loop
      vertex 30.225152023136616 20.04102648794651 70
      vertex 30.324429497122765 20.11803399026394 70.1
      vertex 30.225152023136616 20.04102648794651 70.1
    endloop
  endfacet
  facet normal 0.6129070528460385 -0.7901550130016156 0
    outer loop
      vertex 30.225152023136616 20.04102648794651 70
      vertex 30.324429497122765 20.11803399026394 70
      vertex 30.324429497122765 20.11803399026394 70.1
    endloop
  endfacet
  facet normal 0.5620833869713721 -0.8270805680771317 0
    outer loop
      vertex 30.324429497122765 20.11803399026394 70
      vertex 30.428346410393715 20.188655853271484 70.1
      vertex 30.324429497122765 20.11803399026394 70.1
    endloop
  endfacet
  facet normal 0.5620833869713721 -0.8270805680771317 0
    outer loop
      vertex 30.324429497122765 20.11803399026394 70
      vertex 30.428346410393715 20.188655853271484 70
      vertex 30.428346410393715 20.188655853271484 70.1
    endloop
  endfacet
  facet normal 0.509041387609629 -0.8607420436463317 0
    outer loop
      vertex 30.428346410393715 20.188655853271484 70
      vertex 30.53649265319109 20.252613358199596 70
      vertex 30.428346410393715 20.188655853271484 70.1
    endloop
  endfacet
  facet normal 0.509041387609629 -0.8607420436463317 0
    outer loop
      vertex 30.53649265319109 20.252613358199596 70
      vertex 30.53649265319109 20.252613358199596 70.1
      vertex 30.428346410393715 20.188655853271484 70.1
    endloop
  endfacet
  facet normal 0.4539904890478877 -0.8910065296360402 0
    outer loop
      vertex 30.53649265319109 20.252613358199596 70
      vertex 30.648441419005394 20.309654101729393 70.1
      vertex 30.53649265319109 20.252613358199596 70.1
    endloop
  endfacet
  facet normal 0.4539904890478877 -0.8910065296360402 0
    outer loop
      vertex 30.53649265319109 20.252613358199596 70
      vertex 30.648441419005394 20.309654101729393 70
      vertex 30.648441419005394 20.309654101729393 70.1
    endloop
  endfacet
  facet normal 0.39714791636325447 -0.9177546145502758 0
    outer loop
      vertex 30.648441419005394 20.309654101729393 70
      vertex 30.76375089585781 20.35955297201872 70.1
      vertex 30.648441419005394 20.309654101729393 70.1
    endloop
  endfacet
  facet normal 0.39714791636325447 -0.9177546145502758 0
    outer loop
      vertex 30.648441419005394 20.309654101729393 70
      vertex 30.76375089585781 20.35955297201872 70
      vertex 30.76375089585781 20.35955297201872 70.1
    endloop
  endfacet
  facet normal 0.33873794473376473 -0.9408807601378323 0
    outer loop
      vertex 30.76375089585781 20.35955297201872 70
      vertex 30.88196600973606 20.402113035321236 70
      vertex 30.76375089585781 20.35955297201872 70.1
    endloop
  endfacet
  facet normal 0.33873794473376473 -0.9408807601378323 0
    outer loop
      vertex 30.88196600973606 20.402113035321236 70
      vertex 30.88196600973606 20.402113035321236 70.1
      vertex 30.76375089585781 20.35955297201872 70.1
    endloop
  endfacet
  facet normal 0.27899110419796797 -0.9602936862118789 0
    outer loop
      vertex 30.88196600973606 20.402113035321236 70
      vertex 31.002620227634907 20.437166325747967 70.1
      vertex 30.88196600973606 20.402113035321236 70.1
    endloop
  endfacet
  facet normal 0.27899110419796797 -0.9602936862118789 0
    outer loop
      vertex 30.88196600973606 20.402113035321236 70
      vertex 31.002620227634907 20.437166325747967 70
      vertex 31.002620227634907 20.437166325747967 70.1
    endloop
  endfacet
  facet normal 0.21814321889171026 -0.9759167669691731 0
    outer loop
      vertex 31.002620227634907 20.437166325747967 70
      vertex 31.125237368047237 20.46457450091839 70.1
      vertex 31.002620227634907 20.437166325747967 70.1
    endloop
  endfacet
  facet normal 0.21814321889171026 -0.9759167669691731 0
    outer loop
      vertex 31.002620227634907 20.437166325747967 70
      vertex 31.125237368047237 20.46457450091839 70
      vertex 31.125237368047237 20.46457450091839 70.1
    endloop
  endfacet
  facet normal 0.15643445396088942 -0.987688342349933 0
    outer loop
      vertex 31.125237368047237 20.46457450091839 70
      vertex 31.249333530664444 20.484229400753975 70.1
      vertex 31.125237368047237 20.46457450091839 70.1
    endloop
  endfacet
  facet normal 0.15643445396088942 -0.987688342349933 0
    outer loop
      vertex 31.125237368047237 20.46457450091839 70
      vertex 31.249333530664444 20.484229400753975 70
      vertex 31.249333530664444 20.484229400753975 70.1
    endloop
  endfacet
  facet normal 0.09410833107904502 -0.9955619629242153 0
    outer loop
      vertex 31.249333530664444 20.484229400753975 70
      vertex 31.37441895902157 20.496053457260132 70
      vertex 31.249333530664444 20.484229400753975 70.1
    endloop
  endfacet
  facet normal 0.09410833107904502 -0.9955619629242153 0
    outer loop
      vertex 31.37441895902157 20.496053457260132 70
      vertex 31.37441895902157 20.496053457260132 70.1
      vertex 31.249333530664444 20.484229400753975 70.1
    endloop
  endfacet
  facet normal 0.03141075538939791 -0.9995065604816545 0
    outer loop
      vertex 31.37441895902157 20.496053457260132 70
      vertex 31.5 20.5 70.1
      vertex 31.37441895902157 20.496053457260132 70.1
    endloop
  endfacet
  facet normal 0.03141075538939791 -0.9995065604816545 0
    outer loop
      vertex 31.37441895902157 20.496053457260132 70
      vertex 31.5 20.5 70
      vertex 31.5 20.5 70.1
    endloop
  endfacet
  facet normal 0 0 1
    outer loop
      vertex 30.324429497122765 18.61803399026394 49
      vertex 48.87476263195276 -21.96457450091839 49
      vertex 30.428346410393715 18.688655853271484 49
    endloop
  endfacet
  facet normal 0 0 1
    outer loop
      vertex 30.428346410393715 18.688655853271484 49
      vertex 48.87476263195276 -21.96457450091839 49
      vertex 30.53649265319109 18.752613358199596 49
    endloop
  endfacet
  facet normal 0 0 1
    outer loop
      vertex 30.53649265319109 18.752613358199596 49
      vertex 48.87476263195276 -21.96457450091839 49
      vertex 30.648441419005394 18.809654101729393 49
    endloop
  endfacet
  facet normal 0 0 1
    outer loop
      vertex 30.648441419005394 18.809654101729393 49
      vertex 48.87476263195276 -21.96457450091839 49
      vertex 30.76375089585781 18.85955297201872 49
    endloop
  endfacet
  facet normal 0 0 1
    outer loop
      vertex 30.76375089585781 18.85955297201872 49
      vertex 48.87476263195276 -21.96457450091839 49
      vertex 30.88196600973606 18.902113035321236 49
    endloop
  endfacet
  facet normal 0 0 1
    outer loop
      vertex 30.88196600973606 18.902113035321236 49
      vertex 48.87476263195276 -21.96457450091839 49
      vertex 31.002620227634907 18.937166325747967 49
    endloop
  endfacet
  facet normal 0 0 1
    outer loop
      vertex 31.002620227634907 18.937166325747967 49
      vertex 48.87476263195276 -21.96457450091839 49
      vertex 31.125237368047237 18.96457450091839 49
    endloop
  endfacet
  facet normal 0 0 1
    outer loop
      vertex 31.125237368047237 18.96457450091839 49
      vertex 48.87476263195276 -21.96457450091839 49
      vertex 31.249333530664444 18.984229400753975 49
    endloop
  endfacet
  facet normal 0 0 1
    outer loop
      vertex 31.249333530664444 18.984229400753975 49
      vertex 48.87476263195276 -21.96457450091839 49
      vertex 31.37441895902157 18.996053457260132 49
    endloop
  endfacet
  facet normal 0 0 1
    outer loop
      vertex 31.37441895902157 18.996053457260132 49
      vertex 48.87476263195276 -21.96457450091839 49
      vertex 31.5 19 49
    endloop
  endfacet
  facet normal 0 0 1
    outer loop
      vertex 31.5 19 49
      vertex 48.87476263195276 -21.96457450091839 49
      vertex 48.5 19 49
    endloop
  endfacet
  facet normal 0 0 1
    outer loop
      vertex 48.87476263195276 -21.96457450091839 49
      vertex 48.62558104097843 18.996053457260132 49
      vertex 48.5 19 49
    endloop
  endfacet
  facet normal 0 0 1
    outer loop
      vertex 48.87476263195276 -21.96457450091839 49
      vertex 48.750666469335556 18.984229400753975 49
      vertex 48.62558104097843 18.996053457260132 49
    endloop
  endfacet
  facet normal 0 0 1
    outer loop
      vertex 48.87476263195276 -21.96457450091839 49
      vertex 48.87476263195276 18.96457450091839 49
      vertex 48.750666469335556 18.984229400753975 49
    endloop
  endfacet
  facet normal 0 0 1
    outer loop
      vertex 48.87476263195276 -21.96457450091839 49
      vertex 50.5 17 49
      vertex 50.49605345726013 17.12558104097843 49
    endloop
  endfacet
  facet normal 0 0 1
    outer loop
      vertex 48.87476263195276 -21.96457450091839 49
      vertex 50.49605345726013 17.12558104097843 49
      vertex 50.484229400753975 17.250666469335556 49
    endloop
  endfacet
  facet normal 0 0 1
    outer loop
      vertex 48.87476263195276 -21.96457450091839 49
      vertex 50.484229400753975 17.250666469335556 49
      vertex 50.46457450091839 17.374762631952763 49
    endloop
  endfacet
  facet normal 0 0 1
    outer loop
      vertex 48.87476263195276 -21.96457450091839 49
      vertex 50.46457450091839 17.374762631952763 49
      vertex 50.43716632574797 17.497379772365093 49
    endloop
  endfacet
  facet normal 0 0 1
    outer loop
      vertex 48.87476263195276 -21.96457450091839 49
      vertex 50.43716632574797 17.497379772365093 49
      vertex 50.402113035321236 17.61803399026394 49
    endloop
  endfacet
  facet normal 0 0 1
    outer loop
      vertex 48.87476263195276 -21.96457450091839 49
      vertex 50.402113035321236 17.61803399026394 49
      vertex 50.35955297201872 17.73624910414219 49
    endloop
  endfacet
  facet normal 0 0 1
    outer loop
      vertex 48.87476263195276 -21.96457450091839 49
      vertex 50.35955297201872 17.73624910414219 49
      vertex 50.30965410172939 17.851558580994606 49
    endloop
  endfacet
  facet normal 0 0 1
    outer loop
      vertex 48.87476263195276 -21.96457450091839 49
      vertex 50.30965410172939 17.851558580994606 49
      vertex 50.252613358199596 17.96350734680891 49
    endloop
  endfacet
  facet normal 0 0 1
    outer loop
      vertex 48.87476263195276 -21.96457450091839 49
      vertex 49.86909421533346 18.457937255501747 49
      vertex 49.774847976863384 18.54102648794651 49
    endloop
  endfacet
  facet normal 0 0 1
    outer loop
      vertex 48.87476263195276 -21.96457450091839 49
      vertex 50.04102648794651 18.274847976863384 49
      vertex 49.95793725550175 18.36909421533346 49
    endloop
  endfacet
  facet normal 0 0 1
    outer loop
      vertex 48.87476263195276 -21.96457450091839 49
      vertex 49.95793725550175 18.36909421533346 49
      vertex 49.86909421533346 18.457937255501747 49
    endloop
  endfacet
  facet normal 0 0 1
    outer loop
      vertex 48.87476263195276 -21.96457450091839 49
      vertex 50.252613358199596 17.96350734680891 49
      vertex 50.188655853271484 18.071653589606285 49
    endloop
  endfacet
  facet normal 0 0 1
    outer loop
      vertex 48.87476263195276 -21.96457450091839 49
      vertex 50.188655853271484 18.071653589606285 49
      vertex 50.11803399026394 18.175570502877235 49
    endloop
  endfacet
  facet normal 0 0 1
    outer loop
      vertex 48.87476263195276 -21.96457450091839 49
      vertex 50.11803399026394 18.175570502877235 49
      vertex 50.04102648794651 18.274847976863384 49
    endloop
  endfacet
  facet normal 0 0 1
    outer loop
      vertex 48.87476263195276 -21.96457450091839 49
      vertex 49.11803399026394 18.902113035321236 49
      vertex 48.99737977236509 18.937166325747967 49
    endloop
  endfacet
  facet normal 0 0 1
    outer loop
      vertex 48.87476263195276 -21.96457450091839 49
      vertex 48.99737977236509 18.937166325747967 49
      vertex 48.87476263195276 18.96457450091839 49
    endloop
  endfacet
  facet normal 0 0 1
    outer loop
      vertex 48.87476263195276 -21.96457450091839 49
      vertex 49.23624910414219 18.85955297201872 49
      vertex 49.11803399026394 18.902113035321236 49
    endloop
  endfacet
  facet normal 0 0 1
    outer loop
      vertex 48.87476263195276 -21.96457450091839 49
      vertex 49.46350734680891 18.752613358199596 49
      vertex 49.351558580994606 18.809654101729393 49
    endloop
  endfacet
  facet normal 0 0 1
    outer loop
      vertex 48.87476263195276 -21.96457450091839 49
      vertex 49.675570502877235 18.61803399026394 49
      vertex 49.571653589606285 18.688655853271484 49
    endloop
  endfacet
  facet normal 0 0 1
    outer loop
      vertex 48.87476263195276 -21.96457450091839 49
      vertex 49.571653589606285 18.688655853271484 49
      vertex 49.46350734680891 18.752613358199596 49
    endloop
  endfacet
  facet normal 0 0 1
    outer loop
      vertex 48.87476263195276 -21.96457450091839 49
      vertex 49.351558580994606 18.809654101729393 49
      vertex 49.23624910414219 18.85955297201872 49
    endloop
  endfacet
  facet normal 0 0 1
    outer loop
      vertex 48.87476263195276 -21.96457450091839 49
      vertex 49.774847976863384 18.54102648794651 49
      vertex 49.675570502877235 18.61803399026394 49
    endloop
  endfacet
  facet normal -1 0 0
    outer loop
      vertex 50.5 17 49
      vertex 50.5 -18.5 70.1
      vertex 50.5 18.5 70
    endloop
  endfacet
  facet normal -1 0 0
    outer loop
      vertex 50.5 18.5 70
      vertex 50.5 -18.5 70.1
      vertex 50.5 18.5 70.1
    endloop
  endfacet
  facet normal 0 -0.997458699830735 0.07124704998790964
    outer loop
      vertex 31.5 19 49
      vertex 48.5 19 49
      vertex 31.5 20.5 70
    endloop
  endfacet
  facet normal 0 -1 0
    outer loop
      vertex 31.5 20.5 70
      vertex 48.5 20.5 70.1
      vertex 31.5 20.5 70.1
    endloop
  endfacet
  facet normal 0 -0.997458699830735 0.07124704998790964
    outer loop
      vertex 31.5 20.5 70
      vertex 48.5 19 49
      vertex 48.5 20.5 70
    endloop
  endfacet
  facet normal 0 -1 0
    outer loop
      vertex 31.5 20.5 70
      vertex 48.5 20.5 70
      vertex 48.5 20.5 70.1
    endloop
  endfacet
  facet normal -0.03133100968909236 -0.9969690108545447 0.07121207220389605
    outer loop
      vertex 48.5 19 49
      vertex 48.62558104097843 18.996053457260132 49
      vertex 48.62558104097843 20.496053457260132 70
    endloop
  endfacet
  facet normal -0.09387128363472812 -0.9930542633798244 0.07093244738427318
    outer loop
      vertex 48.62558104097843 18.996053457260132 49
      vertex 48.750666469335556 18.984229400753975 49
      vertex 48.750666469335556 20.484229400753975 70
    endloop
  endfacet
  facet normal -0.15604659956965794 -0.9852395259220359 0.07037425185157399
    outer loop
      vertex 48.750666469335556 18.984229400753975 49
      vertex 48.87476263195276 18.96457450091839 49
      vertex 48.87476263195276 20.46457450091839 70
    endloop
  endfacet
  facet normal -0.9995040448056697 -0.03141067633110443 0.0022436197379360305
    outer loop
      vertex 50.5 17 49
      vertex 50.5 18.5 70
      vertex 50.49605345726013 17.12558104097843 49
    endloop
  endfacet
  facet normal -0.9955394711531635 -0.0941062049803033 0.006721871784307378
    outer loop
      vertex 50.49605345726013 17.12558104097843 49
      vertex 50.484229400753975 18.750666469335556 70
      vertex 50.484229400753975 17.250666469335556 49
    endloop
  endfacet
  facet normal -0.9876266888101611 -0.15642468900020756 0.011173192071443398
    outer loop
      vertex 50.484229400753975 17.250666469335556 49
      vertex 50.484229400753975 18.750666469335556 70
      vertex 50.46457450091839 17.374762631952763 49
    endloop
  endfacet
  facet normal -0.9757983180575104 -0.21811674242595125 0.015579767316139375
    outer loop
      vertex 50.43716632574797 17.497379772365093 49
      vertex 50.46457450091839 17.374762631952763 49
      vertex 50.43716632574797 18.997379772365093 70
    endloop
  endfacet
  facet normal -0.9406054732139157 -0.3386388353346036 0.02418848823818597
    outer loop
      vertex 50.402113035321236 17.61803399026394 49
      vertex 50.402113035321236 19.11803399026394 70
      vertex 50.35955297201872 17.73624910414219 49
    endloop
  endfacet
  facet normal -0.9173855663711602 -0.3969882149430167 0.028356301067358338
    outer loop
      vertex 50.35955297201872 17.73624910414219 49
      vertex 50.35955297201872 19.23624910414219 70
      vertex 50.30965410172939 17.851558580994606 49
    endloop
  endfacet
  facet normal -0.8905384217299039 -0.4537519761636771 0.03241085544026265
    outer loop
      vertex 50.252613358199596 17.96350734680891 49
      vertex 50.30965410172939 17.851558580994606 49
      vertex 50.252613358199596 19.46350734680891 70
    endloop
  endfacet
  facet normal -0.8601736322491805 -0.5087052300715201 0.03633608786225144
    outer loop
      vertex 50.252613358199596 17.96350734680891 49
      vertex 50.252613358199596 19.46350734680891 70
      vertex 50.188655853271484 18.071653589606285 49
    endloop
  endfacet
  facet normal -0.8264147760374748 -0.5616309151577265 0.04011649393983761
    outer loop
      vertex 50.11803399026394 18.175570502877235 49
      vertex 50.188655853271484 18.071653589606285 49
      vertex 50.188655853271484 19.571653589606285 70
    endloop
  endfacet
  facet normal -0.9601030658058214 -0.27893572385096344 0.01992398027506882
    outer loop
      vertex 50.43716632574797 17.497379772365093 49
      vertex 50.43716632574797 18.997379772365093 70
      vertex 50.402113035321236 17.61803399026394 49
    endloop
  endfacet
  facet normal -0.33797555184335404 -0.9387631325929846 0.06705450947092748
    outer loop
      vertex 49.11803399026394 18.902113035321236 49
      vertex 49.23624910414219 18.85955297201872 49
      vertex 49.23624910414219 20.35955297201872 70
    endloop
  endfacet
  facet normal -0.45307383474670554 -0.8892074942212562 0.06351482101580401
    outer loop
      vertex 49.351558580994606 18.809654101729393 49
      vertex 49.46350734680891 18.752613358199596 49
      vertex 49.351558580994606 20.309654101729393 70
    endloop
  endfacet
  facet normal -0.3962973221973368 -0.9157890075592362 0.06541350053994544
    outer loop
      vertex 49.351558580994606 18.809654101729393 49
      vertex 49.23624910414219 20.35955297201872 70
      vertex 49.23624910414219 18.85955297201872 49
    endloop
  endfacet
  facet normal -0.6603646579622648 -0.749036706686359 0.0535026219061685
    outer loop
      vertex 49.774847976863384 18.54102648794651 49
      vertex 49.86909421533346 18.457937255501747 49
      vertex 49.86909421533346 19.957937255501747 70
    endloop
  endfacet
  facet normal -0.508082022390944 -0.8591198455323202 0.06136570325230859
    outer loop
      vertex 49.46350734680891 18.752613358199596 49
      vertex 49.571653589606285 18.688655853271484 49
      vertex 49.571653589606285 20.188655853271484 70
    endloop
  endfacet
  facet normal -0.5611050795934879 -0.8256410325195798 0.05897435946568427
    outer loop
      vertex 49.571653589606285 18.688655853271484 49
      vertex 49.675570502877235 18.61803399026394 49
      vertex 49.571653589606285 20.188655853271484 70
    endloop
  endfacet
  facet normal -0.6119331915613442 -0.788899518595904 0.05634996561399314
    outer loop
      vertex 49.675570502877235 18.61803399026394 49
      vertex 49.774847976863384 18.54102648794651 49
      vertex 49.675570502877235 20.11803399026394 70
    endloop
  endfacet
  facet normal -0.21761513616334444 -0.9735542603940094 0.06953959002814353
    outer loop
      vertex 48.87476263195276 18.96457450091839 49
      vertex 48.99737977236509 18.937166325747967 49
      vertex 48.87476263195276 20.46457450091839 70
    endloop
  endfacet
  facet normal -0.278337095927358 -0.9580425749630004 0.06843161249735717
    outer loop
      vertex 48.99737977236509 18.937166325747967 49
      vertex 49.11803399026394 18.902113035321236 49
      vertex 48.99737977236509 20.437166325747967 70
    endloop
  endfacet
  facet normal -0.7492756232242345 -0.6605752912148242 0.04718394937248744
    outer loop
      vertex 49.95793725550175 18.36909421533346 49
      vertex 50.04102648794651 18.274847976863384 49
      vertex 49.95793725550175 19.86909421533346 70
    endloop
  endfacet
  facet normal -0.7893988912369593 -0.6123205446865727 0.04373718176332662
    outer loop
      vertex 50.11803399026394 18.175570502877235 49
      vertex 50.11803399026394 19.675570502877235 70
      vertex 50.04102648794651 18.274847976863384 49
    endloop
  endfacet
  facet normal -0.7062065812274457 -0.7062065812274457 0.05044332723053183
    outer loop
      vertex 49.86909421533346 18.457937255501747 49
      vertex 49.95793725550175 18.36909421533346 49
      vertex 49.95793725550175 19.86909421533346 70
    endloop
  endfacet
  facet normal -0.03133100968909236 -0.9969690108545447 0.07121207220389605
    outer loop
      vertex 48.5 19 49
      vertex 48.62558104097843 20.496053457260132 70
      vertex 48.5 20.5 70
    endloop
  endfacet
  facet normal -0.09387128363472812 -0.9930542633798244 0.07093244738427318
    outer loop
      vertex 48.62558104097843 18.996053457260132 49
      vertex 48.750666469335556 20.484229400753975 70
      vertex 48.62558104097843 20.496053457260132 70
    endloop
  endfacet
  facet normal -0.15604659956965794 -0.9852395259220359 0.07037425185157399
    outer loop
      vertex 48.750666469335556 18.984229400753975 49
      vertex 48.87476263195276 20.46457450091839 70
      vertex 48.750666469335556 20.484229400753975 70
    endloop
  endfacet
  facet normal -0.15643445396088942 -0.987688342349933 0
    outer loop
      vertex 48.750666469335556 20.484229400753975 70
      vertex 48.87476263195276 20.46457450091839 70
      vertex 48.750666469335556 20.484229400753975 70.1
    endloop
  endfacet
  facet normal -0.15643445396088942 -0.987688342349933 0
    outer loop
      vertex 48.87476263195276 20.46457450091839 70
      vertex 48.87476263195276 20.46457450091839 70.1
      vertex 48.750666469335556 20.484229400753975 70.1
    endloop
  endfacet
  facet normal -0.03141075538939791 -0.9995065604816545 0
    outer loop
      vertex 48.5 20.5 70
      vertex 48.62558104097843 20.496053457260132 70
      vertex 48.5 20.5 70.1
    endloop
  endfacet
  facet normal -0.03141075538939791 -0.9995065604816545 0
    outer loop
      vertex 48.62558104097843 20.496053457260132 70
      vertex 48.62558104097843 20.496053457260132 70.1
      vertex 48.5 20.5 70.1
    endloop
  endfacet
  facet normal -0.09410833107904502 -0.9955619629242153 0
    outer loop
      vertex 48.62558104097843 20.496053457260132 70
      vertex 48.750666469335556 20.484229400753975 70.1
      vertex 48.62558104097843 20.496053457260132 70.1
    endloop
  endfacet
  facet normal -0.09410833107904502 -0.9955619629242153 0
    outer loop
      vertex 48.62558104097843 20.496053457260132 70
      vertex 48.750666469335556 20.484229400753975 70
      vertex 48.750666469335556 20.484229400753975 70.1
    endloop
  endfacet
  facet normal -0.9601030658058214 -0.27893572385096344 0.01992398027506882
    outer loop
      vertex 50.402113035321236 17.61803399026394 49
      vertex 50.43716632574797 18.997379772365093 70
      vertex 50.402113035321236 19.11803399026394 70
    endloop
  endfacet
  facet normal -0.9995040448056697 -0.03141067633110443 0.0022436197379360305
    outer loop
      vertex 50.49605345726013 17.12558104097843 49
      vertex 50.5 18.5 70
      vertex 50.49605345726013 18.62558104097843 70
    endloop
  endfacet
  facet normal -0.9955394711531635 -0.0941062049803033 0.006721871784307378
    outer loop
      vertex 50.49605345726013 17.12558104097843 49
      vertex 50.49605345726013 18.62558104097843 70
      vertex 50.484229400753975 18.750666469335556 70
    endloop
  endfacet
  facet normal -0.9876266888101611 -0.15642468900020756 0.011173192071443398
    outer loop
      vertex 50.46457450091839 17.374762631952763 49
      vertex 50.484229400753975 18.750666469335556 70
      vertex 50.46457450091839 18.874762631952763 70
    endloop
  endfacet
  facet normal -0.9757983180575104 -0.21811674242595125 0.015579767316139375
    outer loop
      vertex 50.46457450091839 17.374762631952763 49
      vertex 50.46457450091839 18.874762631952763 70
      vertex 50.43716632574797 18.997379772365093 70
    endloop
  endfacet
  facet normal -0.278337095927358 -0.9580425749630004 0.06843161249735717
    outer loop
      vertex 49.11803399026394 18.902113035321236 49
      vertex 49.11803399026394 20.402113035321236 70
      vertex 48.99737977236509 20.437166325747967 70
    endloop
  endfacet
  facet normal -0.21761513616334444 -0.9735542603940094 0.06953959002814353
    outer loop
      vertex 48.99737977236509 18.937166325747967 49
      vertex 48.99737977236509 20.437166325747967 70
      vertex 48.87476263195276 20.46457450091839 70
    endloop
  endfacet
  facet normal -0.33797555184335404 -0.9387631325929846 0.06705450947092748
    outer loop
      vertex 49.11803399026394 18.902113035321236 49
      vertex 49.23624910414219 20.35955297201872 70
      vertex 49.11803399026394 20.402113035321236 70
    endloop
  endfacet
  facet normal -0.3962973221973368 -0.9157890075592362 0.06541350053994544
    outer loop
      vertex 49.351558580994606 18.809654101729393 49
      vertex 49.351558580994606 20.309654101729393 70
      vertex 49.23624910414219 20.35955297201872 70
    endloop
  endfacet
  facet normal -0.508082022390944 -0.8591198455323202 0.06136570325230859
    outer loop
      vertex 49.46350734680891 18.752613358199596 49
      vertex 49.571653589606285 20.188655853271484 70
      vertex 49.46350734680891 20.252613358199596 70
    endloop
  endfacet
  facet normal -0.5611050795934879 -0.8256410325195798 0.05897435946568427
    outer loop
      vertex 49.675570502877235 18.61803399026394 49
      vertex 49.675570502877235 20.11803399026394 70
      vertex 49.571653589606285 20.188655853271484 70
    endloop
  endfacet
  facet normal -0.6119331915613442 -0.788899518595904 0.05634996561399314
    outer loop
      vertex 49.774847976863384 18.54102648794651 49
      vertex 49.774847976863384 20.04102648794651 70
      vertex 49.675570502877235 20.11803399026394 70
    endloop
  endfacet
  facet normal -0.7062065812274457 -0.7062065812274457 0.05044332723053183
    outer loop
      vertex 49.86909421533346 18.457937255501747 49
      vertex 49.95793725550175 19.86909421533346 70
      vertex 49.86909421533346 19.957937255501747 70
    endloop
  endfacet
  facet normal -0.6603646579622648 -0.749036706686359 0.0535026219061685
    outer loop
      vertex 49.774847976863384 18.54102648794651 49
      vertex 49.86909421533346 19.957937255501747 70
      vertex 49.774847976863384 20.04102648794651 70
    endloop
  endfacet
  facet normal -0.45307383474670554 -0.8892074942212562 0.06351482101580401
    outer loop
      vertex 49.46350734680891 18.752613358199596 49
      vertex 49.46350734680891 20.252613358199596 70
      vertex 49.351558580994606 20.309654101729393 70
    endloop
  endfacet
  facet normal -0.9406054732139157 -0.3386388353346036 0.02418848823818597
    outer loop
      vertex 50.35955297201872 17.73624910414219 49
      vertex 50.402113035321236 19.11803399026394 70
      vertex 50.35955297201872 19.23624910414219 70
    endloop
  endfacet
  facet normal -0.9173855663711602 -0.3969882149430167 0.028356301067358338
    outer loop
      vertex 50.30965410172939 17.851558580994606 49
      vertex 50.35955297201872 19.23624910414219 70
      vertex 50.30965410172939 19.351558580994606 70
    endloop
  endfacet
  facet normal -0.8905384217299039 -0.4537519761636771 0.03241085544026265
    outer loop
      vertex 50.30965410172939 17.851558580994606 49
      vertex 50.30965410172939 19.351558580994606 70
      vertex 50.252613358199596 19.46350734680891 70
    endloop
  endfacet
  facet normal -0.8601736322491805 -0.5087052300715201 0.03633608786225144
    outer loop
      vertex 50.188655853271484 18.071653589606285 49
      vertex 50.252613358199596 19.46350734680891 70
      vertex 50.188655853271484 19.571653589606285 70
    endloop
  endfacet
  facet normal -0.8264147760374748 -0.5616309151577265 0.04011649393983761
    outer loop
      vertex 50.11803399026394 18.175570502877235 49
      vertex 50.188655853271484 19.571653589606285 70
      vertex 50.11803399026394 19.675570502877235 70
    endloop
  endfacet
  facet normal -0.7492756232242345 -0.6605752912148242 0.04718394937248744
    outer loop
      vertex 50.04102648794651 18.274847976863384 49
      vertex 50.04102648794651 19.774847976863384 70
      vertex 49.95793725550175 19.86909421533346 70
    endloop
  endfacet
  facet normal -0.7893988912369593 -0.6123205446865727 0.04373718176332662
    outer loop
      vertex 50.04102648794651 18.274847976863384 49
      vertex 50.11803399026394 19.675570502877235 70
      vertex 50.04102648794651 19.774847976863384 70
    endloop
  endfacet
  facet normal -0.9995065604816545 -0.03141075538939791 0
    outer loop
      vertex 50.5 18.5 70
      vertex 50.5 18.5 70.1
      vertex 50.49605345726013 18.62558104097843 70.1
    endloop
  endfacet
  facet normal -0.9995065604816545 -0.03141075538939791 0
    outer loop
      vertex 50.5 18.5 70
      vertex 50.49605345726013 18.62558104097843 70.1
      vertex 50.49605345726013 18.62558104097843 70
    endloop
  endfacet
  facet normal -0.9955619629242153 -0.09410833107904502 0
    outer loop
      vertex 50.49605345726013 18.62558104097843 70
      vertex 50.49605345726013 18.62558104097843 70.1
      vertex 50.484229400753975 18.750666469335556 70.1
    endloop
  endfacet
  facet normal -0.7071067811865476 -0.7071067811865476 0
    outer loop
      vertex 49.86909421533346 19.957937255501747 70
      vertex 49.95793725550175 19.86909421533346 70
      vertex 49.86909421533346 19.957937255501747 70.1
    endloop
  endfacet
  facet normal -0.6129070528460385 -0.7901550130016156 0
    outer loop
      vertex 49.675570502877235 20.11803399026394 70
      vertex 49.774847976863384 20.04102648794651 70
      vertex 49.675570502877235 20.11803399026394 70.1
    endloop
  endfacet
  facet normal -0.6129070528460385 -0.7901550130016156 0
    outer loop
      vertex 49.774847976863384 20.04102648794651 70
      vertex 49.774847976863384 20.04102648794651 70.1
      vertex 49.675570502877235 20.11803399026394 70.1
    endloop
  endfacet
  facet normal -0.661311848974507 -0.7501110840441693 0
    outer loop
      vertex 49.774847976863384 20.04102648794651 70
      vertex 49.86909421533346 19.957937255501747 70
      vertex 49.86909421533346 19.957937255501747 70.1
    endloop
  endfacet
  facet normal -0.661311848974507 -0.7501110840441693 0
    outer loop
      vertex 49.774847976863384 20.04102648794651 70
      vertex 49.86909421533346 19.957937255501747 70.1
      vertex 49.774847976863384 20.04102648794651 70.1
    endloop
  endfacet
  facet normal -0.9602936862118789 -0.27899110419796797 0
    outer loop
      vertex 50.402113035321236 19.11803399026394 70
      vertex 50.43716632574797 18.997379772365093 70
      vertex 50.402113035321236 19.11803399026394 70.1
    endloop
  endfacet
  facet normal -0.9408807601378323 -0.33873794473376473 0
    outer loop
      vertex 50.402113035321236 19.11803399026394 70
      vertex 50.402113035321236 19.11803399026394 70.1
      vertex 50.35955297201872 19.23624910414219 70.1
    endloop
  endfacet
  facet normal -0.9408807601378323 -0.33873794473376473 0
    outer loop
      vertex 50.402113035321236 19.11803399026394 70
      vertex 50.35955297201872 19.23624910414219 70.1
      vertex 50.35955297201872 19.23624910414219 70
    endloop
  endfacet
  facet normal -0.8910065296360402 -0.4539904890478877 0
    outer loop
      vertex 50.252613358199596 19.46350734680891 70
      vertex 50.30965410172939 19.351558580994606 70
      vertex 50.30965410172939 19.351558580994606 70.1
    endloop
  endfacet
  facet normal -0.9177546145502758 -0.39714791636325447 0
    outer loop
      vertex 50.30965410172939 19.351558580994606 70
      vertex 50.35955297201872 19.23624910414219 70
      vertex 50.30965410172939 19.351558580994606 70.1
    endloop
  endfacet
  facet normal -0.9177546145502758 -0.39714791636325447 0
    outer loop
      vertex 50.35955297201872 19.23624910414219 70
      vertex 50.35955297201872 19.23624910414219 70.1
      vertex 50.30965410172939 19.351558580994606 70.1
    endloop
  endfacet
  facet normal -0.9955619629242153 -0.09410833107904502 0
    outer loop
      vertex 50.49605345726013 18.62558104097843 70
      vertex 50.484229400753975 18.750666469335556 70.1
      vertex 50.484229400753975 18.750666469335556 70
    endloop
  endfacet
  facet normal -0.987688342349933 -0.15643445396088942 0
    outer loop
      vertex 50.484229400753975 18.750666469335556 70
      vertex 50.484229400753975 18.750666469335556 70.1
      vertex 50.46457450091839 18.874762631952763 70
    endloop
  endfacet
  facet normal -0.987688342349933 -0.15643445396088942 0
    outer loop
      vertex 50.46457450091839 18.874762631952763 70
      vertex 50.484229400753975 18.750666469335556 70.1
      vertex 50.46457450091839 18.874762631952763 70.1
    endloop
  endfacet
  facet normal -0.9759167669691731 -0.21814321889171026 0
    outer loop
      vertex 50.43716632574797 18.997379772365093 70
      vertex 50.46457450091839 18.874762631952763 70
      vertex 50.46457450091839 18.874762631952763 70.1
    endloop
  endfacet
  facet normal -0.9759167669691731 -0.21814321889171026 0
    outer loop
      vertex 50.43716632574797 18.997379772365093 70
      vertex 50.46457450091839 18.874762631952763 70.1
      vertex 50.43716632574797 18.997379772365093 70.1
    endloop
  endfacet
  facet normal -0.9602936862118789 -0.27899110419796797 0
    outer loop
      vertex 50.43716632574797 18.997379772365093 70
      vertex 50.43716632574797 18.997379772365093 70.1
      vertex 50.402113035321236 19.11803399026394 70.1
    endloop
  endfacet
  facet normal -0.8270805680771317 -0.5620833869713721 0
    outer loop
      vertex 50.11803399026394 19.675570502877235 70
      vertex 50.188655853271484 19.571653589606285 70.1
      vertex 50.11803399026394 19.675570502877235 70.1
    endloop
  endfacet
  facet normal -0.7901550130016156 -0.6129070528460385 0
    outer loop
      vertex 50.11803399026394 19.675570502877235 70
      vertex 50.11803399026394 19.675570502877235 70.1
      vertex 50.04102648794651 19.774847976863384 70.1
    endloop
  endfacet
  facet normal -0.7901550130016156 -0.6129070528460385 0
    outer loop
      vertex 50.04102648794651 19.774847976863384 70
      vertex 50.11803399026394 19.675570502877235 70
      vertex 50.04102648794651 19.774847976863384 70.1
    endloop
  endfacet
  facet normal -0.8910065296360402 -0.4539904890478877 0
    outer loop
      vertex 50.252613358199596 19.46350734680891 70
      vertex 50.30965410172939 19.351558580994606 70.1
      vertex 50.252613358199596 19.46350734680891 70.1
    endloop
  endfacet
  facet normal -0.8607420436463317 -0.509041387609629 0
    outer loop
      vertex 50.252613358199596 19.46350734680891 70
      vertex 50.188655853271484 19.571653589606285 70.1
      vertex 50.188655853271484 19.571653589606285 70
    endloop
  endfacet
  facet normal -0.8607420436463317 -0.509041387609629 0
    outer loop
      vertex 50.252613358199596 19.46350734680891 70
      vertex 50.252613358199596 19.46350734680891 70.1
      vertex 50.188655853271484 19.571653589606285 70.1
    endloop
  endfacet
  facet normal -0.8270805680771317 -0.5620833869713721 0
    outer loop
      vertex 50.11803399026394 19.675570502877235 70
      vertex 50.188655853271484 19.571653589606285 70
      vertex 50.188655853271484 19.571653589606285 70.1
    endloop
  endfacet
  facet normal -0.7501110840441693 -0.661311848974507 0
    outer loop
      vertex 50.04102648794651 19.774847976863384 70
      vertex 50.04102648794651 19.774847976863384 70.1
      vertex 49.95793725550175 19.86909421533346 70
    endloop
  endfacet
  facet normal -0.7501110840441693 -0.661311848974507 0
    outer loop
      vertex 49.95793725550175 19.86909421533346 70
      vertex 50.04102648794651 19.774847976863384 70.1
      vertex 49.95793725550175 19.86909421533346 70.1
    endloop
  endfacet
  facet normal -0.7071067811865476 -0.7071067811865476 0
    outer loop
      vertex 49.95793725550175 19.86909421533346 70
      vertex 49.95793725550175 19.86909421533346 70.1
      vertex 49.86909421533346 19.957937255501747 70.1
    endloop
  endfacet
  facet normal -0.21814321889171026 -0.9759167669691731 0
    outer loop
      vertex 48.87476263195276 20.46457450091839 70
      vertex 48.99737977236509 20.437166325747967 70
      vertex 48.87476263195276 20.46457450091839 70.1
    endloop
  endfacet
  facet normal -0.21814321889171026 -0.9759167669691731 0
    outer loop
      vertex 48.99737977236509 20.437166325747967 70
      vertex 48.99737977236509 20.437166325747967 70.1
      vertex 48.87476263195276 20.46457450091839 70.1
    endloop
  endfacet
  facet normal -0.27899110419796797 -0.9602936862118789 0
    outer loop
      vertex 48.99737977236509 20.437166325747967 70
      vertex 49.11803399026394 20.402113035321236 70
      vertex 48.99737977236509 20.437166325747967 70.1
    endloop
  endfacet
  facet normal -0.27899110419796797 -0.9602936862118789 0
    outer loop
      vertex 49.11803399026394 20.402113035321236 70
      vertex 49.11803399026394 20.402113035321236 70.1
      vertex 48.99737977236509 20.437166325747967 70.1
    endloop
  endfacet
  facet normal -0.4539904890478877 -0.8910065296360402 0
    outer loop
      vertex 49.351558580994606 20.309654101729393 70
      vertex 49.46350734680891 20.252613358199596 70.1
      vertex 49.351558580994606 20.309654101729393 70.1
    endloop
  endfacet
  facet normal -0.33873794473376473 -0.9408807601378323 0
    outer loop
      vertex 49.11803399026394 20.402113035321236 70
      vertex 49.23624910414219 20.35955297201872 70.1
      vertex 49.11803399026394 20.402113035321236 70.1
    endloop
  endfacet
  facet normal -0.33873794473376473 -0.9408807601378323 0
    outer loop
      vertex 49.11803399026394 20.402113035321236 70
      vertex 49.23624910414219 20.35955297201872 70
      vertex 49.23624910414219 20.35955297201872 70.1
    endloop
  endfacet
  facet normal -0.39714791636325447 -0.9177546145502758 0
    outer loop
      vertex 49.23624910414219 20.35955297201872 70
      vertex 49.351558580994606 20.309654101729393 70
      vertex 49.23624910414219 20.35955297201872 70.1
    endloop
  endfacet
  facet normal -0.39714791636325447 -0.9177546145502758 0
    outer loop
      vertex 49.351558580994606 20.309654101729393 70
      vertex 49.351558580994606 20.309654101729393 70.1
      vertex 49.23624910414219 20.35955297201872 70.1
    endloop
  endfacet
  facet normal -0.4539904890478877 -0.8910065296360402 0
    outer loop
      vertex 49.351558580994606 20.309654101729393 70
      vertex 49.46350734680891 20.252613358199596 70
      vertex 49.46350734680891 20.252613358199596 70.1
    endloop
  endfacet
  facet normal -0.509041387609629 -0.8607420436463317 0
    outer loop
      vertex 49.46350734680891 20.252613358199596 70
      vertex 49.571653589606285 20.188655853271484 70
      vertex 49.46350734680891 20.252613358199596 70.1
    endloop
  endfacet
  facet normal -0.509041387609629 -0.8607420436463317 0
    outer loop
      vertex 49.571653589606285 20.188655853271484 70
      vertex 49.571653589606285 20.188655853271484 70.1
      vertex 49.46350734680891 20.252613358199596 70.1
    endloop
  endfacet
  facet normal -0.5620833869713721 -0.8270805680771317 0
    outer loop
      vertex 49.571653589606285 20.188655853271484 70
      vertex 49.675570502877235 20.11803399026394 70.1
      vertex 49.571653589606285 20.188655853271484 70.1
    endloop
  endfacet
  facet normal -0.5620833869713721 -0.8270805680771317 0
    outer loop
      vertex 49.675570502877235 20.11803399026394 70
      vertex 49.675570502877235 20.11803399026394 70.1
      vertex 49.571653589606285 20.188655853271484 70
    endloop
  endfacet
endsolid OpenSCAD_Model
