solid OpenSCAD_Model
  facet normal -0.5089127727277919 -0.8605245035321974 -0.022480404248494883
    outer loop
      vertex -9.243012213387692 -14.564656714909757 0
      vertex -8.31025087825459 -15.116290230756645 0
      vertex -8.792004552356305 -15.992596910800508 44.449999999999996
    endloop
  endfacet
  facet normal -0.6127521620989618 -0.7899553273874871 -0.022480404248494935
    outer loop
      vertex -10.139295602045161 -13.955543152967843 0
      vertex -10.727080854337634 -14.764560147342792 44.449999999999996
      vertex -10.995563823164897 -13.291353437882366 0
    endloop
  endfacet
  facet normal -0.5619413302653669 -0.8268715575979222 -0.02248040424849494
    outer loop
      vertex -10.139295602045161 -13.955543152967843 0
      vertex -9.243012213387692 -14.564656714909757 0
      vertex -9.778839008366688 -15.408984640411774 44.449999999999996
    endloop
  endfacet
  facet normal -0.7899553273874871 -0.6127521620989618 -0.022480404248494935
    outer loop
      vertex -13.955543152967843 -10.139295602045161 0
      vertex -13.291353437882366 -10.995563823164897 0
      vertex -14.764560147342792 -10.727080854337634 44.449999999999996
    endloop
  endfacet
  facet normal -0.8268715575979222 -0.5619413302653669 -0.02248040424849494
    outer loop
      vertex -14.564656714909757 -9.243012213387692 0
      vertex -13.955543152967843 -10.139295602045161 0
      vertex -15.408984640411774 -9.778839008366688 44.449999999999996
    endloop
  endfacet
  facet normal -0.6611447410885876 -0.7499215043961127 -0.02248040424849491
    outer loop
      vertex -11.808437577269876 -12.574708823019352 0
      vertex -10.995563823164897 -13.291353437882366 0
      vertex -11.632987812913585 -14.061866680658156 44.449999999999996
    endloop
  endfacet
  facet normal -0.7069280838334351 -0.7069280838334351 -0.02248040424849493
    outer loop
      vertex -12.574708823019352 -11.808437577269876 0
      vertex -11.808437577269876 -12.574708823019352 0
      vertex -13.303677450440762 -12.492984683198566 44.449999999999996
    endloop
  endfacet
  facet normal -0.7499215043961127 -0.6611447410885876 -0.02248040424849491
    outer loop
      vertex -12.574708823019352 -11.808437577269876 0
      vertex -14.061866680658156 -11.632987812913585 44.449999999999996
      vertex -13.291353437882366 -10.995563823164897 0
    endloop
  endfacet
  facet normal -0.3970475249209461 -0.9175226942037864 -0.022480404248494977
    outer loop
      vertex -7.3446927794975 -15.608266655038838 0
      vertex -6.350148533810693 -16.038644381572336 0
      vertex -6.718273086495371 -16.96842086746059 44.449999999999996
    endloop
  endfacet
  facet normal -0.33865231567840276 -0.9406429931225129 -0.022480404248494918
    outer loop
      vertex -6.350148533810693 -16.038644381572336 0
      vertex -5.330543152967842 -16.405724906091397 0
      vertex -5.63956014734279 -17.35678142238655 44.449999999999996
    endloop
  endfacet
  facet normal -0.2789206004614074 -0.9600510038862894 -0.022480404248494918
    outer loop
      vertex -5.330543152967842 -16.405724906091397 0
      vertex -4.289900553593746 -16.708059529468887 0
      vertex -4.538590440758601 -17.676642690597518 44.449999999999996
    endloop
  endfacet
  facet normal -0.45387576897638576 -0.890781352387284 -0.022480404248494918
    outer loop
      vertex -8.31025087825459 -15.116290230756645 0
      vertex -7.3446927794975 -15.608266655038838 0
      vertex -7.770472071062572 -16.513093707504858 44.449999999999996
    endloop
  endfacet
  facet normal -0.21808811306108536 -0.9756701319433119 -0.022480404248494925
    outer loop
      vertex -4.289900553593746 -16.708059529468887 0
      vertex -3.232327676603753 -16.94445507506988 0
      vertex -3.419708991189478 -17.926742325798568 44.449999999999996
    endloop
  endfacet
  facet normal -0.15639493151349812 -0.9874387357308364 -0.02248040424849491
    outer loop
      vertex -3.232327676603753 -16.94445507506988 0
      vertex -2.161998278984245 -17.113978597674745 0
      vertex -2.2873315125485494 -18.106093298989222 44.449999999999996
    endloop
  endfacet
  facet normal -0.09408453062126977 -0.9953103699462794 -0.022480404248494925
    outer loop
      vertex -2.161998278984245 -17.113978597674745 0
      vertex -1.0831364618806625 -17.215961065387685 0
      vertex -1.1459269814099762 -18.213987793815956 44.449999999999996
    endloop
  endfacet
  facet normal -0.03140282106981591 -0.999253968845599 -0.022480404248494918
    outer loop
      vertex -1.0831364618806625 -17.215961065387685 0
      vertex 0 -17.25 0
      vertex 0 -18.25 44.449999999999996
    endloop
  endfacet
  facet normal 0.03140282106981591 -0.999253968845599 -0.02248040424849492
    outer loop
      vertex 0 -17.25 0
      vertex 1.0831364618806625 -17.215961065387685 0
      vertex 1.1459269814099762 -18.213987793815956 44.449999999999996
    endloop
  endfacet
  facet normal 0 0 -1
    outer loop
      vertex -10.139295602045161 -13.955543152967843 0
      vertex -9.243012213387692 14.564656714909757 0
      vertex -9.243012213387692 -14.564656714909757 0
    endloop
  endfacet
  facet normal 0 0 -1
    outer loop
      vertex -15.116290230756645 -8.31025087825459 0
      vertex -15.608266655038838 -7.3446927794975 0
      vertex -15.116290230756645 8.31025087825459 0
    endloop
  endfacet
  facet normal 0 0 -1
    outer loop
      vertex -14.564656714909757 -9.243012213387692 0
      vertex -15.116290230756645 -8.31025087825459 0
      vertex -14.564656714909757 9.243012213387692 0
    endloop
  endfacet
  facet normal 0 0 -1
    outer loop
      vertex -14.564656714909757 -9.243012213387692 0
      vertex -13.955543152967843 10.139295602045161 0
      vertex -13.955543152967843 -10.139295602045161 0
    endloop
  endfacet
  facet normal 0 0 -1
    outer loop
      vertex -13.955543152967843 -10.139295602045161 0
      vertex -13.291353437882366 10.995563823164897 0
      vertex -13.291353437882366 -10.995563823164897 0
    endloop
  endfacet
  facet normal 0 0 -1
    outer loop
      vertex -16.038644381572336 -6.350148533810693 0
      vertex -16.405724906091397 -5.330543152967842 0
      vertex -16.038644381572336 6.350148533810693 0
    endloop
  endfacet
  facet normal 0 0 -1
    outer loop
      vertex -16.405724906091397 -5.330543152967842 0
      vertex -16.708059529468887 -4.289900553593746 0
      vertex -16.405724906091397 5.330543152967842 0
    endloop
  endfacet
  facet normal 0 0 -1
    outer loop
      vertex -17.113978597674745 -2.161998278984245 0
      vertex -17.215961065387685 -1.083136461880654 0
      vertex -17.113978597674745 2.161998278984245 0
    endloop
  endfacet
  facet normal 0 0 -1
    outer loop
      vertex -16.708059529468887 -4.289900553593746 0
      vertex -16.94445507506988 -3.232327676603753 0
      vertex -16.708059529468887 4.289900553593746 0
    endloop
  endfacet
  facet normal 0 0 -1
    outer loop
      vertex -16.94445507506988 -3.232327676603753 0
      vertex -17.113978597674745 -2.161998278984245 0
      vertex -16.94445507506988 3.232327676603753 0
    endloop
  endfacet
  facet normal 0 0 -1
    outer loop
      vertex -16.038644381572336 -6.350148533810693 0
      vertex -15.608266655038838 7.3446927794975 0
      vertex -15.608266655038838 -7.3446927794975 0
    endloop
  endfacet
  facet normal 0 0 -1
    outer loop
      vertex -12.574708823019352 -11.808437577269876 0
      vertex -13.291353437882366 -10.995563823164897 0
      vertex -12.574708823019352 11.808437577269876 0
    endloop
  endfacet
  facet normal 0 0 -1
    outer loop
      vertex -11.808437577269876 -12.574708823019352 0
      vertex -10.995563823164897 13.291353437882366 0
      vertex -10.995563823164897 -13.291353437882366 0
    endloop
  endfacet
  facet normal 0 0 -1
    outer loop
      vertex -12.574708823019352 -11.808437577269876 0
      vertex -11.808437577269876 12.574708823019352 0
      vertex -11.808437577269876 -12.574708823019352 0
    endloop
  endfacet
  facet normal 0 0 -1
    outer loop
      vertex -10.139295602045161 -13.955543152967843 0
      vertex -10.995563823164897 -13.291353437882366 0
      vertex -10.139295602045161 13.955543152967843 0
    endloop
  endfacet
  facet normal 0 0 -1
    outer loop
      vertex -9.243012213387692 -14.564656714909757 0
      vertex -8.310250878254587 15.116290230756647 0
      vertex -8.31025087825459 -15.116290230756645 0
    endloop
  endfacet
  facet normal 0 0 -1
    outer loop
      vertex -8.31025087825459 -15.116290230756645 0
      vertex -7.344692779497504 15.608266655038836 0
      vertex -7.3446927794975 -15.608266655038838 0
    endloop
  endfacet
  facet normal 0 0 -1
    outer loop
      vertex -7.3446927794975 -15.608266655038838 0
      vertex -6.350148533810693 16.038644381572336 0
      vertex -6.350148533810693 -16.038644381572336 0
    endloop
  endfacet
  facet normal 0 0 -1
    outer loop
      vertex -6.350148533810693 -16.038644381572336 0
      vertex -5.330543152967842 16.405724906091397 0
      vertex -5.330543152967842 -16.405724906091397 0
    endloop
  endfacet
  facet normal 0 0 -1
    outer loop
      vertex -5.330543152967842 -16.405724906091397 0
      vertex -4.289900553593746 16.708059529468887 0
      vertex -4.289900553593746 -16.708059529468887 0
    endloop
  endfacet
  facet normal 0 0 -1
    outer loop
      vertex -4.289900553593746 -16.708059529468887 0
      vertex -3.2323276766037488 16.94445507506988 0
      vertex -3.232327676603753 -16.94445507506988 0
    endloop
  endfacet
  facet normal 0 0 -1
    outer loop
      vertex -3.232327676603753 -16.94445507506988 0
      vertex -2.161998278984249 17.113978597674745 0
      vertex -2.161998278984245 -17.113978597674745 0
    endloop
  endfacet
  facet normal 0 0 -1
    outer loop
      vertex -2.161998278984245 -17.113978597674745 0
      vertex -1.083136461880654 17.215961065387685 0
      vertex -1.0831364618806625 -17.215961065387685 0
    endloop
  endfacet
  facet normal 0 0 -1
    outer loop
      vertex -1.0831364618806625 -17.215961065387685 0
      vertex 0 17.25 0
      vertex 0 -17.25 0
    endloop
  endfacet
  facet normal 0 0 -1
    outer loop
      vertex 0 -17.25 0
      vertex 1.083136461880654 17.215961065387685 0
      vertex 1.0831364618806625 -17.215961065387685 0
    endloop
  endfacet
  facet normal -0.8605245035321974 -0.5089127727277919 -0.022480404248494883
    outer loop
      vertex -14.564656714909757 -9.243012213387692 0
      vertex -15.992596910800508 -8.792004552356305 44.449999999999996
      vertex -15.116290230756645 -8.31025087825459 0
    endloop
  endfacet
  facet normal -0.890781352387284 -0.45387576897638576 -0.022480404248494918
    outer loop
      vertex -15.116290230756645 -8.31025087825459 0
      vertex -16.513093707504858 -7.770472071062572 44.449999999999996
      vertex -15.608266655038838 -7.3446927794975 0
    endloop
  endfacet
  facet normal -0.9175226942037864 -0.3970475249209461 -0.022480404248494977
    outer loop
      vertex -16.038644381572336 -6.350148533810693 0
      vertex -15.608266655038838 -7.3446927794975 0
      vertex -16.96842086746059 -6.718273086495371 44.449999999999996
    endloop
  endfacet
  facet normal -0.9406429931225129 -0.33865231567840276 -0.022480404248494918
    outer loop
      vertex -16.038644381572336 -6.350148533810693 0
      vertex -17.35678142238655 -5.63956014734279 44.449999999999996
      vertex -16.405724906091397 -5.330543152967842 0
    endloop
  endfacet
  facet normal -0.9600510038862894 -0.2789206004614074 -0.022480404248494918
    outer loop
      vertex -16.405724906091397 -5.330543152967842 0
      vertex -17.676642690597518 -4.538590440758601 44.449999999999996
      vertex -16.708059529468887 -4.289900553593746 0
    endloop
  endfacet
  facet normal -0.9756701319433119 -0.21808811306108536 -0.022480404248494925
    outer loop
      vertex -16.708059529468887 -4.289900553593746 0
      vertex -17.926742325798568 -3.419708991189478 44.449999999999996
      vertex -16.94445507506988 -3.232327676603753 0
    endloop
  endfacet
  facet normal -0.9874387357308364 -0.15639493151349812 -0.02248040424849491
    outer loop
      vertex -16.94445507506988 -3.232327676603753 0
      vertex -18.106093298989222 -2.2873315125485494 44.449999999999996
      vertex -17.113978597674745 -2.161998278984245 0
    endloop
  endfacet
  facet normal -0.9953103699462795 -0.09408453062126905 -0.022480404248494925
    outer loop
      vertex -17.113978597674745 -2.161998278984245 0
      vertex -18.213987793815956 -1.1459269814099673 44.449999999999996
      vertex -17.215961065387685 -1.083136461880654 0
    endloop
  endfacet
  facet normal -0.999253968845599 -0.03140282106981616 -0.022480404248494918
    outer loop
      vertex -17.215961065387685 -1.083136461880654 0
      vertex -18.25 0 44.449999999999996
      vertex -17.25 0 0
    endloop
  endfacet
  facet normal 0.09408453062126977 -0.9953103699462794 -0.02248040424849491
    outer loop
      vertex 1.0831364618806625 -17.215961065387685 0
      vertex 2.161998278984245 -17.113978597674745 0
      vertex 2.2873315125485494 -18.106093298989222 44.449999999999996
    endloop
  endfacet
  facet normal 0.15639493151349812 -0.9874387357308364 -0.022480404248494925
    outer loop
      vertex 2.161998278984245 -17.113978597674745 0
      vertex 3.232327676603753 -16.94445507506988 0
      vertex 3.419708991189478 -17.926742325798568 44.449999999999996
    endloop
  endfacet
  facet normal 0.21808811306108675 -0.9756701319433115 -0.022480404248494915
    outer loop
      vertex 3.232327676603753 -16.94445507506988 0
      vertex 4.289900553593739 -16.708059529468887 0
      vertex 4.538590440758593 -17.676642690597518 44.449999999999996
    endloop
  endfacet
  facet normal 0.2789206004614056 -0.9600510038862899 -0.022480404248494915
    outer loop
      vertex 4.289900553593739 -16.708059529468887 0
      vertex 5.330543152967842 -16.405724906091397 0
      vertex 4.538590440758593 -17.676642690597518 44.449999999999996
    endloop
  endfacet
  facet normal 0.33865231567840326 -0.9406429931225126 -0.022480404248494918
    outer loop
      vertex 5.330543152967842 -16.405724906091397 0
      vertex 6.350148533810701 -16.038644381572333 0
      vertex 5.63956014734279 -17.35678142238655 44.449999999999996
    endloop
  endfacet
  facet normal 0.397047524920946 -0.9175226942037864 -0.022480404248494908
    outer loop
      vertex 6.350148533810701 -16.038644381572333 0
      vertex 7.3446927794975 -15.608266655038838 0
      vertex 6.71827308649538 -16.968420867460583 44.449999999999996
    endloop
  endfacet
  facet normal 0.45387576897638576 -0.890781352387284 -0.022480404248494918
    outer loop
      vertex 7.3446927794975 -15.608266655038838 0
      vertex 8.31025087825459 -15.116290230756645 0
      vertex 7.770472071062572 -16.513093707504858 44.449999999999996
    endloop
  endfacet
  facet normal 0.50891277272779 -0.8605245035321988 -0.02248040424849489
    outer loop
      vertex 8.31025087825459 -15.116290230756645 0
      vertex 9.243012213387685 -14.564656714909765 0
      vertex 8.792004552356305 -15.992596910800508 44.449999999999996
    endloop
  endfacet
  facet normal 0.5619413302653682 -0.8268715575979213 -0.022480404248494908
    outer loop
      vertex 9.243012213387685 -14.564656714909765 0
      vertex 10.139295602045161 -13.955543152967843 0
      vertex 9.778839008366681 -15.408984640411779 44.449999999999996
    endloop
  endfacet
  facet normal 0.6127521620989625 -0.7899553273874865 -0.022480404248494935
    outer loop
      vertex 10.139295602045161 -13.955543152967843 0
      vertex 10.995563823164902 -13.29135343788236 0
      vertex 10.727080854337634 -14.764560147342792 44.449999999999996
    endloop
  endfacet
  facet normal 0.6611447410885871 -0.749921504396113 -0.022480404248494935
    outer loop
      vertex 10.995563823164902 -13.29135343788236 0
      vertex 11.808437577269876 -12.574708823019352 0
      vertex 11.632987812913592 -14.06186668065815 44.449999999999996
    endloop
  endfacet
  facet normal 0.7069280838334351 -0.7069280838334351 -0.02248040424849493
    outer loop
      vertex 11.808437577269876 -12.574708823019352 0
      vertex 12.574708823019352 -11.808437577269876 0
      vertex 13.303677450440762 -12.492984683198566 44.449999999999996
    endloop
  endfacet
  facet normal 0.749921504396113 -0.6611447410885871 -0.022480404248494942
    outer loop
      vertex 12.574708823019352 -11.808437577269876 0
      vertex 13.29135343788236 -10.995563823164902 0
      vertex 14.06186668065815 -11.632987812913592 44.449999999999996
    endloop
  endfacet
  facet normal 0.7899553273874865 -0.6127521620989625 -0.022480404248494935
    outer loop
      vertex 13.29135343788236 -10.995563823164902 0
      vertex 13.955543152967843 -10.139295602045161 0
      vertex 14.764560147342792 -10.727080854337634 44.449999999999996
    endloop
  endfacet
  facet normal 0.8268715575979213 -0.5619413302653682 -0.022480404248494908
    outer loop
      vertex 13.955543152967843 -10.139295602045161 0
      vertex 14.564656714909765 -9.243012213387685 0
      vertex 15.408984640411779 -9.778839008366681 44.449999999999996
    endloop
  endfacet
  facet normal 0 0 -1
    outer loop
      vertex 1.0831364618806625 -17.215961065387685 0
      vertex 2.161998278984249 17.113978597674745 0
      vertex 2.161998278984245 -17.113978597674745 0
    endloop
  endfacet
  facet normal 0 0 -1
    outer loop
      vertex 2.161998278984245 -17.113978597674745 0
      vertex 3.2323276766037488 16.94445507506988 0
      vertex 3.232327676603753 -16.94445507506988 0
    endloop
  endfacet
  facet normal 0 0 -1
    outer loop
      vertex 3.232327676603753 -16.94445507506988 0
      vertex 4.289900553593746 16.708059529468887 0
      vertex 4.289900553593739 -16.708059529468887 0
    endloop
  endfacet
  facet normal 0 0 -1
    outer loop
      vertex 4.289900553593739 -16.708059529468887 0
      vertex 5.330543152967842 16.405724906091397 0
      vertex 5.330543152967842 -16.405724906091397 0
    endloop
  endfacet
  facet normal 0 0 -1
    outer loop
      vertex 5.330543152967842 -16.405724906091397 0
      vertex 6.350148533810693 16.038644381572336 0
      vertex 6.350148533810701 -16.038644381572333 0
    endloop
  endfacet
  facet normal 0 0 -1
    outer loop
      vertex 6.350148533810701 -16.038644381572333 0
      vertex 7.344692779497504 15.608266655038836 0
      vertex 7.3446927794975 -15.608266655038838 0
    endloop
  endfacet
  facet normal 0 0 -1
    outer loop
      vertex 7.3446927794975 -15.608266655038838 0
      vertex 8.310250878254587 15.116290230756647 0
      vertex 8.31025087825459 -15.116290230756645 0
    endloop
  endfacet
  facet normal 0 0 -1
    outer loop
      vertex 8.31025087825459 -15.116290230756645 0
      vertex 9.243012213387692 14.56465671490976 0
      vertex 9.243012213387685 -14.564656714909765 0
    endloop
  endfacet
  facet normal 0 0 -1
    outer loop
      vertex 9.243012213387685 -14.564656714909765 0
      vertex 10.139295602045161 13.955543152967843 0
      vertex 10.139295602045161 -13.955543152967843 0
    endloop
  endfacet
  facet normal 0 0 -1
    outer loop
      vertex 10.139295602045161 -13.955543152967843 0
      vertex 10.995563823164899 13.291353437882362 0
      vertex 10.995563823164902 -13.29135343788236 0
    endloop
  endfacet
  facet normal 0 0 -1
    outer loop
      vertex 10.995563823164902 -13.29135343788236 0
      vertex 11.808437577269881 12.57470882301935 0
      vertex 11.808437577269876 -12.574708823019352 0
    endloop
  endfacet
  facet normal 0 0 -1
    outer loop
      vertex 11.808437577269876 -12.574708823019352 0
      vertex 12.57470882301935 11.808437577269881 0
      vertex 12.574708823019352 -11.808437577269876 0
    endloop
  endfacet
  facet normal 0 0 -1
    outer loop
      vertex 12.574708823019352 -11.808437577269876 0
      vertex 13.291353437882362 10.995563823164899 0
      vertex 13.29135343788236 -10.995563823164902 0
    endloop
  endfacet
  facet normal 0 0 -1
    outer loop
      vertex 13.29135343788236 -10.995563823164902 0
      vertex 13.955543152967843 10.139295602045161 0
      vertex 13.955543152967843 -10.139295602045161 0
    endloop
  endfacet
  facet normal 0 0 -1
    outer loop
      vertex 13.955543152967843 -10.139295602045161 0
      vertex 14.56465671490976 9.243012213387692 0
      vertex 14.564656714909765 -9.243012213387685 0
    endloop
  endfacet
  facet normal 0 0 -1
    outer loop
      vertex 14.564656714909765 -9.243012213387685 0
      vertex 15.116290230756647 8.310250878254589 0
      vertex 15.116290230756645 -8.31025087825459 0
    endloop
  endfacet
  facet normal 0 0 -1
    outer loop
      vertex 15.116290230756645 -8.31025087825459 0
      vertex 15.608266655038838 7.344692779497503 0
      vertex 15.608266655038838 -7.3446927794975 0
    endloop
  endfacet
  facet normal 0 0 -1
    outer loop
      vertex 15.608266655038838 -7.3446927794975 0
      vertex 16.038644381572336 6.350148533810695 0
      vertex 16.038644381572333 -6.350148533810701 0
    endloop
  endfacet
  facet normal 0 0 -1
    outer loop
      vertex 16.038644381572333 -6.350148533810701 0
      vertex 16.405724906091397 5.330543152967842 0
      vertex 16.405724906091397 -5.330543152967842 0
    endloop
  endfacet
  facet normal 0 0 -1
    outer loop
      vertex 16.405724906091397 -5.330543152967842 0
      vertex 16.708059529468887 4.289900553593745 0
      vertex 16.708059529468887 -4.289900553593739 0
    endloop
  endfacet
  facet normal 0 0 -1
    outer loop
      vertex 16.708059529468887 -4.289900553593739 0
      vertex 16.94445507506988 3.2323276766037496 0
      vertex 16.94445507506988 -3.232327676603753 0
    endloop
  endfacet
  facet normal 0 0 -1
    outer loop
      vertex 16.94445507506988 -3.232327676603753 0
      vertex 17.113978597674745 2.1619982789842487 0
      vertex 17.113978597674745 -2.161998278984245 0
    endloop
  endfacet
  facet normal 0 0 -1
    outer loop
      vertex 17.113978597674745 -2.161998278984245 0
      vertex 17.215961065387685 1.0831364618806556 0
      vertex 17.215961065387685 -1.0831364618806625 0
    endloop
  endfacet
  facet normal 0 0 -1
    outer loop
      vertex 17.215961065387685 -1.0831364618806625 0
      vertex 17.215961065387685 1.0831364618806556 0
      vertex 17.25 0 0
    endloop
  endfacet
  facet normal 0.8605245035321988 -0.50891277272779 -0.02248040424849489
    outer loop
      vertex 14.564656714909765 -9.243012213387685 0
      vertex 15.116290230756645 -8.31025087825459 0
      vertex 15.992596910800508 -8.792004552356305 44.449999999999996
    endloop
  endfacet
  facet normal 0.890781352387284 -0.45387576897638576 -0.022480404248494918
    outer loop
      vertex 15.116290230756645 -8.31025087825459 0
      vertex 15.608266655038838 -7.3446927794975 0
      vertex 16.513093707504858 -7.770472071062572 44.449999999999996
    endloop
  endfacet
  facet normal 0.9175226942037864 -0.397047524920946 -0.022480404248494915
    outer loop
      vertex 15.608266655038838 -7.3446927794975 0
      vertex 16.038644381572333 -6.350148533810701 0
      vertex 16.968420867460583 -6.71827308649538 44.449999999999996
    endloop
  endfacet
  facet normal 0.9406429931225126 -0.33865231567840326 -0.022480404248494918
    outer loop
      vertex 16.038644381572333 -6.350148533810701 0
      vertex 16.405724906091397 -5.330543152967842 0
      vertex 17.35678142238655 -5.63956014734279 44.449999999999996
    endloop
  endfacet
  facet normal 0.9600510038862899 -0.2789206004614056 -0.022480404248494915
    outer loop
      vertex 16.405724906091397 -5.330543152967842 0
      vertex 16.708059529468887 -4.289900553593739 0
      vertex 17.676642690597518 -4.538590440758593 44.449999999999996
    endloop
  endfacet
  facet normal 0.9756701319433115 -0.21808811306108675 -0.022480404248494918
    outer loop
      vertex 16.708059529468887 -4.289900553593739 0
      vertex 16.94445507506988 -3.232327676603753 0
      vertex 17.926742325798568 -3.419708991189478 44.449999999999996
    endloop
  endfacet
  facet normal 0.9874387357308364 -0.15639493151349812 -0.02248040424849491
    outer loop
      vertex 16.94445507506988 -3.232327676603753 0
      vertex 17.113978597674745 -2.161998278984245 0
      vertex 18.106093298989222 -2.2873315125485494 44.449999999999996
    endloop
  endfacet
  facet normal 0.9953103699462794 -0.09408453062126977 -0.022480404248494925
    outer loop
      vertex 17.113978597674745 -2.161998278984245 0
      vertex 17.215961065387685 -1.0831364618806625 0
      vertex 18.213987793815956 -1.1459269814099762 44.449999999999996
    endloop
  endfacet
  facet normal 0.999253968845599 -0.03140282106981591 -0.022480404248494918
    outer loop
      vertex 17.215961065387685 -1.0831364618806625 0
      vertex 17.25 0 0
      vertex 18.25 0 44.449999999999996
    endloop
  endfacet
  facet normal -0.6127521620989627 -0.7899553273874865 -0.022480404248494908
    outer loop
      vertex -10.995563823164897 -13.291353437882366 0
      vertex -10.727080854337634 -14.764560147342792 44.449999999999996
      vertex -11.632987812913585 -14.061866680658156 44.449999999999996
    endloop
  endfacet
  facet normal -0.5089127727277902 -0.8605245035321986 -0.02248040424849494
    outer loop
      vertex -9.243012213387692 -14.564656714909757 0
      vertex -8.792004552356305 -15.992596910800508 44.449999999999996
      vertex -9.778839008366688 -15.408984640411774 44.449999999999996
    endloop
  endfacet
  facet normal -0.5619413302653669 -0.8268715575979222 -0.02248040424849494
    outer loop
      vertex -10.139295602045161 -13.955543152967843 0
      vertex -9.778839008366688 -15.408984640411774 44.449999999999996
      vertex -10.727080854337634 -14.764560147342792 44.449999999999996
    endloop
  endfacet
  facet normal -0.7899553273874865 -0.6127521620989627 -0.022480404248494908
    outer loop
      vertex -13.291353437882366 -10.995563823164897 0
      vertex -14.061866680658156 -11.632987812913585 44.449999999999996
      vertex -14.764560147342792 -10.727080854337634 44.449999999999996
    endloop
  endfacet
  facet normal -0.8268715575979222 -0.5619413302653669 -0.02248040424849494
    outer loop
      vertex -13.955543152967843 -10.139295602045161 0
      vertex -14.764560147342792 -10.727080854337634 44.449999999999996
      vertex -15.408984640411774 -9.778839008366688 44.449999999999996
    endloop
  endfacet
  facet normal -0.8605245035321986 -0.5089127727277902 -0.02248040424849494
    outer loop
      vertex -14.564656714909757 -9.243012213387692 0
      vertex -15.408984640411774 -9.778839008366688 44.449999999999996
      vertex -15.992596910800508 -8.792004552356305 44.449999999999996
    endloop
  endfacet
  facet normal -0.7069280838334351 -0.7069280838334351 -0.022480404248494932
    outer loop
      vertex -11.808437577269876 -12.574708823019352 0
      vertex -12.492984683198566 -13.303677450440762 44.449999999999996
      vertex -13.303677450440762 -12.492984683198566 44.449999999999996
    endloop
  endfacet
  facet normal -0.6611447410885868 -0.7499215043961132 -0.02248040424849493
    outer loop
      vertex -11.808437577269876 -12.574708823019352 0
      vertex -11.632987812913585 -14.061866680658156 44.449999999999996
      vertex -12.492984683198566 -13.303677450440762 44.449999999999996
    endloop
  endfacet
  facet normal -0.7499215043961132 -0.6611447410885868 -0.02248040424849493
    outer loop
      vertex -12.574708823019352 -11.808437577269876 0
      vertex -13.303677450440762 -12.492984683198566 44.449999999999996
      vertex -14.061866680658156 -11.632987812913585 44.449999999999996
    endloop
  endfacet
  facet normal -0.3970475249209481 -0.9175226942037855 -0.022480404248494925
    outer loop
      vertex -7.3446927794975 -15.608266655038838 0
      vertex -6.718273086495371 -16.96842086746059 44.449999999999996
      vertex -7.770472071062572 -16.513093707504858 44.449999999999996
    endloop
  endfacet
  facet normal -0.2789206004614072 -0.9600510038862896 -0.02248040424849492
    outer loop
      vertex -5.330543152967842 -16.405724906091397 0
      vertex -4.538590440758601 -17.676642690597518 44.449999999999996
      vertex -5.63956014734279 -17.35678142238655 44.449999999999996
    endloop
  endfacet
  facet normal -0.2180881130610855 -0.9756701319433119 -0.022480404248494918
    outer loop
      vertex -4.289900553593746 -16.708059529468887 0
      vertex -3.419708991189478 -17.926742325798568 44.449999999999996
      vertex -4.538590440758601 -17.676642690597518 44.449999999999996
    endloop
  endfacet
  facet normal -0.33865231567840065 -0.9406429931225135 -0.022480404248494977
    outer loop
      vertex -6.350148533810693 -16.038644381572336 0
      vertex -5.63956014734279 -17.35678142238655 44.449999999999996
      vertex -6.718273086495371 -16.96842086746059 44.449999999999996
    endloop
  endfacet
  facet normal -0.453875768976387 -0.8907813523872835 -0.02248040424849489
    outer loop
      vertex -8.31025087825459 -15.116290230756645 0
      vertex -7.770472071062572 -16.513093707504858 44.449999999999996
      vertex -8.792004552356305 -15.992596910800508 44.449999999999996
    endloop
  endfacet
  facet normal -0.15639493151349756 -0.9874387357308364 -0.022480404248494925
    outer loop
      vertex -3.232327676603753 -16.94445507506988 0
      vertex -2.2873315125485494 -18.106093298989222 44.449999999999996
      vertex -3.419708991189478 -17.926742325798568 44.449999999999996
    endloop
  endfacet
  facet normal -0.09408453062127023 -0.9953103699462794 -0.022480404248494915
    outer loop
      vertex -2.161998278984245 -17.113978597674745 0
      vertex -1.1459269814099762 -18.213987793815956 44.449999999999996
      vertex -2.2873315125485494 -18.106093298989222 44.449999999999996
    endloop
  endfacet
  facet normal -0.03140282106981579 -0.999253968845599 -0.02248040424849492
    outer loop
      vertex -1.0831364618806625 -17.215961065387685 0
      vertex 0 -18.25 44.449999999999996
      vertex -1.1459269814099762 -18.213987793815956 44.449999999999996
    endloop
  endfacet
  facet normal 0.031402821069815734 -0.999253968845599 -0.022480404248494918
    outer loop
      vertex 0 -17.25 0
      vertex 1.1459269814099762 -18.213987793815956 44.449999999999996
      vertex 0 -18.25 44.449999999999996
    endloop
  endfacet
  facet normal 0 0 1
    outer loop
      vertex -9.778839008366688 -15.408984640411774 44.449999999999996
      vertex -8.792004552356305 -15.992596910800508 44.449999999999996
      vertex -9.109055514642943 -14.353574733534254 44.449999999999996
    endloop
  endfacet
  facet normal 0 0 1
    outer loop
      vertex -8.792004552356305 -15.992596910800508 44.449999999999996
      vertex -8.189812459729161 -14.89721356074568 44.449999999999996
      vertex -9.109055514642943 -14.353574733534254 44.449999999999996
    endloop
  endfacet
  facet normal 0 0 1
    outer loop
      vertex -10.727080854337634 -14.764560147342792 44.449999999999996
      vertex -9.778839008366688 -15.408984640411774 44.449999999999996
      vertex -9.992349288972044 -13.753288904374106 44.449999999999996
    endloop
  endfacet
  facet normal 0 0 1
    outer loop
      vertex -11.632987812913585 -14.061866680658156 44.449999999999996
      vertex -10.727080854337634 -14.764560147342792 44.449999999999996
      vertex -10.836207825727724 -13.09872512718842 44.449999999999996
    endloop
  endfacet
  facet normal 0 0 1
    outer loop
      vertex -10.727080854337634 -14.764560147342792 44.449999999999996
      vertex -9.992349288972044 -13.753288904374106 44.449999999999996
      vertex -10.836207825727724 -13.09872512718842 44.449999999999996
    endloop
  endfacet
  facet normal 0 0 1
    outer loop
      vertex -9.778839008366688 -15.408984640411774 44.449999999999996
      vertex -9.109055514642943 -14.353574733534254 44.449999999999996
      vertex -9.992349288972044 -13.753288904374106 44.449999999999996
    endloop
  endfacet
  facet normal 0 0 1
    outer loop
      vertex -14.061866680658156 -11.632987812913585 44.449999999999996
      vertex -13.303677450440762 -12.492984683198566 44.449999999999996
      vertex -13.753288904374106 -9.992349288972044 44.449999999999996
    endloop
  endfacet
  facet normal 0 0 1
    outer loop
      vertex -14.061866680658156 -11.632987812913585 44.449999999999996
      vertex -14.353574733534254 -9.109055514642943 44.449999999999996
      vertex -14.764560147342792 -10.727080854337634 44.449999999999996
    endloop
  endfacet
  facet normal 0 0 1
    outer loop
      vertex -15.408984640411774 -9.778839008366688 44.449999999999996
      vertex -14.764560147342792 -10.727080854337634 44.449999999999996
      vertex -14.89721356074568 -8.189812459729161 44.449999999999996
    endloop
  endfacet
  facet normal 0 0 1
    outer loop
      vertex -14.764560147342792 -10.727080854337634 44.449999999999996
      vertex -14.353574733534254 -9.109055514642943 44.449999999999996
      vertex -14.89721356074568 -8.189812459729161 44.449999999999996
    endloop
  endfacet
  facet normal 0 0 1
    outer loop
      vertex -14.061866680658156 -11.632987812913585 44.449999999999996
      vertex -13.753288904374106 -9.992349288972044 44.449999999999996
      vertex -14.353574733534254 -9.109055514642943 44.449999999999996
    endloop
  endfacet
  facet normal 0 0 1
    outer loop
      vertex -11.632987812913585 -14.061866680658156 44.449999999999996
      vertex -10.836207825727724 -13.09872512718842 44.449999999999996
      vertex -11.637300800787704 -12.392466666163998 44.449999999999996
    endloop
  endfacet
  facet normal 0 0 1
    outer loop
      vertex -11.632987812913585 -14.061866680658156 44.449999999999996
      vertex -12.392466666163998 -11.637300800787704 44.449999999999996
      vertex -12.492984683198566 -13.303677450440762 44.449999999999996
    endloop
  endfacet
  facet normal 0 0 1
    outer loop
      vertex -11.632987812913585 -14.061866680658156 44.449999999999996
      vertex -11.637300800787704 -12.392466666163998 44.449999999999996
      vertex -12.392466666163998 -11.637300800787704 44.449999999999996
    endloop
  endfacet
  facet normal 0 0 1
    outer loop
      vertex -13.303677450440762 -12.492984683198566 44.449999999999996
      vertex -12.492984683198566 -13.303677450440762 44.449999999999996
      vertex -13.09872512718842 -10.836207825727724 44.449999999999996
    endloop
  endfacet
  facet normal 0 0 1
    outer loop
      vertex -12.492984683198566 -13.303677450440762 44.449999999999996
      vertex -12.392466666163998 -11.637300800787704 44.449999999999996
      vertex -13.09872512718842 -10.836207825727724 44.449999999999996
    endloop
  endfacet
  facet normal 0 0 1
    outer loop
      vertex -13.303677450440762 -12.492984683198566 44.449999999999996
      vertex -13.09872512718842 -10.836207825727724 44.449999999999996
      vertex -13.753288904374106 -9.992349288972044 44.449999999999996
    endloop
  endfacet
  facet normal 0 0 1
    outer loop
      vertex -7.770472071062572 -16.513093707504858 44.449999999999996
      vertex -6.718273086495371 -16.96842086746059 44.449999999999996
      vertex -7.238247956606232 -15.382059891922333 44.449999999999996
    endloop
  endfacet
  facet normal 0 0 1
    outer loop
      vertex -6.718273086495371 -16.96842086746059 44.449999999999996
      vertex -6.258117395639523 -15.806200260100274 44.449999999999996
      vertex -7.238247956606232 -15.382059891922333 44.449999999999996
    endloop
  endfacet
  facet normal 0 0 1
    outer loop
      vertex -4.538590440758601 -17.676642690597518 44.449999999999996
      vertex -3.419708991189478 -17.926742325798568 44.449999999999996
      vertex -4.227728081802533 -16.46591373918673 44.449999999999996
    endloop
  endfacet
  facet normal 0 0 1
    outer loop
      vertex -6.718273086495371 -16.96842086746059 44.449999999999996
      vertex -5.63956014734279 -17.35678142238655 44.449999999999996
      vertex -6.258117395639523 -15.806200260100274 44.449999999999996
    endloop
  endfacet
  facet normal 0 0 1
    outer loop
      vertex -5.63956014734279 -17.35678142238655 44.449999999999996
      vertex -4.538590440758601 -17.676642690597518 44.449999999999996
      vertex -5.253288904374106 -16.16796077701761 44.449999999999996
    endloop
  endfacet
  facet normal 0 0 1
    outer loop
      vertex -5.63956014734279 -17.35678142238655 44.449999999999996
      vertex -5.253288904374106 -16.16796077701761 44.449999999999996
      vertex -6.258117395639523 -15.806200260100274 44.449999999999996
    endloop
  endfacet
  facet normal 0 0 1
    outer loop
      vertex -4.538590440758601 -17.676642690597518 44.449999999999996
      vertex -4.227728081802533 -16.46591373918673 44.449999999999996
      vertex -5.253288904374106 -16.16796077701761 44.449999999999996
    endloop
  endfacet
  facet normal 0 0 1
    outer loop
      vertex -8.792004552356305 -15.992596910800508 44.449999999999996
      vertex -7.770472071062572 -16.513093707504858 44.449999999999996
      vertex -8.189812459729161 -14.89721356074568 44.449999999999996
    endloop
  endfacet
  facet normal 0 0 1
    outer loop
      vertex -7.770472071062572 -16.513093707504858 44.449999999999996
      vertex -7.238247956606232 -15.382059891922333 44.449999999999996
      vertex -8.189812459729161 -14.89721356074568 44.449999999999996
    endloop
  endfacet
  facet normal 0 0 1
    outer loop
      vertex -3.419708991189478 -17.926742325798568 44.449999999999996
      vertex -2.2873315125485494 -18.106093298989222 44.449999999999996
      vertex -3.185482347957322 -16.698883262387707 44.449999999999996
    endloop
  endfacet
  facet normal 0 0 1
    outer loop
      vertex -2.2873315125485494 -18.106093298989222 44.449999999999996
      vertex -1.1459269814099762 -18.213987793815956 44.449999999999996
      vertex -2.1306649705931693 -16.865949922346125 44.449999999999996
    endloop
  endfacet
  facet normal 0 0 1
    outer loop
      vertex -2.2873315125485494 -18.106093298989222 44.449999999999996
      vertex -2.1306649705931693 -16.865949922346125 44.449999999999996
      vertex -3.185482347957322 -16.698883262387707 44.449999999999996
    endloop
  endfacet
  facet normal 0 0 1
    outer loop
      vertex -3.419708991189478 -17.926742325798568 44.449999999999996
      vertex -3.185482347957322 -16.698883262387707 44.449999999999996
      vertex -4.227728081802533 -16.46591373918673 44.449999999999996
    endloop
  endfacet
  facet normal 0 0 1
    outer loop
      vertex -1.1459269814099762 -18.213987793815956 44.449999999999996
      vertex 0 -18.25 44.449999999999996
      vertex -1.067438831998334 -16.966454383280617 44.449999999999996
    endloop
  endfacet
  facet normal 0 0 1
    outer loop
      vertex -1.1459269814099762 -18.213987793815956 44.449999999999996
      vertex -1.067438831998334 -16.966454383280617 44.449999999999996
      vertex -2.1306649705931693 -16.865949922346125 44.449999999999996
    endloop
  endfacet
  facet normal 0 0 1
    outer loop
      vertex 0 -18.25 44.449999999999996
      vertex 0 -17 44.449999999999996
      vertex -1.067438831998334 -16.966454383280617 44.449999999999996
    endloop
  endfacet
  facet normal 0 0 1
    outer loop
      vertex 0 -18.25 44.449999999999996
      vertex 1.1459269814099762 -18.213987793815956 44.449999999999996
      vertex 1.067438831998334 -16.966454383280617 44.449999999999996
    endloop
  endfacet
  facet normal 0 0 1
    outer loop
      vertex 0 -18.25 44.449999999999996
      vertex 1.067438831998334 -16.966454383280617 44.449999999999996
      vertex 0 -17 44.449999999999996
    endloop
  endfacet
  facet normal -0.8907813523872835 -0.453875768976387 -0.02248040424849489
    outer loop
      vertex -15.116290230756645 -8.31025087825459 0
      vertex -15.992596910800508 -8.792004552356305 44.449999999999996
      vertex -16.513093707504858 -7.770472071062572 44.449999999999996
    endloop
  endfacet
  facet normal -0.9175226942037855 -0.3970475249209481 -0.022480404248494925
    outer loop
      vertex -15.608266655038838 -7.3446927794975 0
      vertex -16.513093707504858 -7.770472071062572 44.449999999999996
      vertex -16.96842086746059 -6.718273086495371 44.449999999999996
    endloop
  endfacet
  facet normal -0.9406429931225135 -0.33865231567840065 -0.022480404248494977
    outer loop
      vertex -16.038644381572336 -6.350148533810693 0
      vertex -16.96842086746059 -6.718273086495371 44.449999999999996
      vertex -17.35678142238655 -5.63956014734279 44.449999999999996
    endloop
  endfacet
  facet normal -0.9600510038862896 -0.2789206004614072 -0.02248040424849492
    outer loop
      vertex -16.405724906091397 -5.330543152967842 0
      vertex -17.35678142238655 -5.63956014734279 44.449999999999996
      vertex -17.676642690597518 -4.538590440758601 44.449999999999996
    endloop
  endfacet
  facet normal -0.9756701319433119 -0.2180881130610855 -0.022480404248494918
    outer loop
      vertex -16.708059529468887 -4.289900553593746 0
      vertex -17.676642690597518 -4.538590440758601 44.449999999999996
      vertex -17.926742325798568 -3.419708991189478 44.449999999999996
    endloop
  endfacet
  facet normal -0.9874387357308364 -0.15639493151349756 -0.022480404248494925
    outer loop
      vertex -16.94445507506988 -3.232327676603753 0
      vertex -17.926742325798568 -3.419708991189478 44.449999999999996
      vertex -18.106093298989222 -2.2873315125485494 44.449999999999996
    endloop
  endfacet
  facet normal -0.9953103699462795 -0.0940845306212695 -0.02248040424849491
    outer loop
      vertex -17.113978597674745 -2.161998278984245 0
      vertex -18.106093298989222 -2.2873315125485494 44.449999999999996
      vertex -18.213987793815956 -1.1459269814099673 44.449999999999996
    endloop
  endfacet
  facet normal -0.999253968845599 -0.03140282106981603 -0.022480404248494925
    outer loop
      vertex -17.215961065387685 -1.083136461880654 0
      vertex -18.213987793815956 -1.1459269814099673 44.449999999999996
      vertex -18.25 0 44.449999999999996
    endloop
  endfacet
  facet normal 0 0 1
    outer loop
      vertex -15.992596910800508 -8.792004552356305 44.449999999999996
      vertex -16.16796077701761 -5.253288904374106 44.449999999999996
      vertex -16.513093707504858 -7.770472071062572 44.449999999999996
    endloop
  endfacet
  facet normal 0 0 1
    outer loop
      vertex -15.408984640411774 -9.778839008366688 44.449999999999996
      vertex -15.806200260100274 -6.258117395639523 44.449999999999996
      vertex -15.992596910800508 -8.792004552356305 44.449999999999996
    endloop
  endfacet
  facet normal 0 0 1
    outer loop
      vertex -15.408984640411774 -9.778839008366688 44.449999999999996
      vertex -14.89721356074568 -8.189812459729161 44.449999999999996
      vertex -15.382059891922333 -7.238247956606232 44.449999999999996
    endloop
  endfacet
  facet normal 0 0 1
    outer loop
      vertex -15.408984640411774 -9.778839008366688 44.449999999999996
      vertex -15.382059891922333 -7.238247956606232 44.449999999999996
      vertex -15.806200260100274 -6.258117395639523 44.449999999999996
    endloop
  endfacet
  facet normal 0 0 1
    outer loop
      vertex -15.992596910800508 -8.792004552356305 44.449999999999996
      vertex -15.806200260100274 -6.258117395639523 44.449999999999996
      vertex -16.16796077701761 -5.253288904374106 44.449999999999996
    endloop
  endfacet
  facet normal 0 0 1
    outer loop
      vertex -16.513093707504858 -7.770472071062572 44.449999999999996
      vertex -16.698883262387707 -3.185482347957322 44.449999999999996
      vertex -16.96842086746059 -6.718273086495371 44.449999999999996
    endloop
  endfacet
  facet normal 0 0 1
    outer loop
      vertex -16.513093707504858 -7.770472071062572 44.449999999999996
      vertex -16.16796077701761 -5.253288904374106 44.449999999999996
      vertex -16.46591373918673 -4.227728081802533 44.449999999999996
    endloop
  endfacet
  facet normal 0 0 1
    outer loop
      vertex -16.513093707504858 -7.770472071062572 44.449999999999996
      vertex -16.46591373918673 -4.227728081802533 44.449999999999996
      vertex -16.698883262387707 -3.185482347957322 44.449999999999996
    endloop
  endfacet
  facet normal 0 0 1
    outer loop
      vertex -16.96842086746059 -6.718273086495371 44.449999999999996
      vertex -16.698883262387707 -3.185482347957322 44.449999999999996
      vertex -16.865949922346125 -2.1306649705931693 44.449999999999996
    endloop
  endfacet
  facet normal 0 0 1
    outer loop
      vertex -16.96842086746059 -6.718273086495371 44.449999999999996
      vertex -16.865949922346125 -2.1306649705931693 44.449999999999996
      vertex -16.966454383280617 -1.0674388319983257 44.449999999999996
    endloop
  endfacet
  facet normal 0 0 1
    outer loop
      vertex -16.96842086746059 -6.718273086495371 44.449999999999996
      vertex -16.966454383280617 -1.0674388319983257 44.449999999999996
      vertex -17 0 44.449999999999996
    endloop
  endfacet
  facet normal 0 0 1
    outer loop
      vertex -17.35678142238655 -5.63956014734279 44.449999999999996
      vertex -16.96842086746059 -6.718273086495371 44.449999999999996
      vertex -17.35678142238655 5.63956014734279 44.449999999999996
    endloop
  endfacet
  facet normal 0 0 1
    outer loop
      vertex -17.35678142238655 -5.63956014734279 44.449999999999996
      vertex -17.676642690597518 4.538590440758601 44.449999999999996
      vertex -17.676642690597518 -4.538590440758601 44.449999999999996
    endloop
  endfacet
  facet normal 0 0 1
    outer loop
      vertex -17.676642690597518 -4.538590440758601 44.449999999999996
      vertex -17.926742325798568 3.419708991189478 44.449999999999996
      vertex -17.926742325798568 -3.419708991189478 44.449999999999996
    endloop
  endfacet
  facet normal 0 0 1
    outer loop
      vertex -17.926742325798568 -3.419708991189478 44.449999999999996
      vertex -18.106093298989222 2.2873315125485494 44.449999999999996
      vertex -18.106093298989222 -2.2873315125485494 44.449999999999996
    endloop
  endfacet
  facet normal 0 0 1
    outer loop
      vertex -18.106093298989222 -2.2873315125485494 44.449999999999996
      vertex -18.213987793815956 1.1459269814099673 44.449999999999996
      vertex -18.213987793815956 -1.1459269814099673 44.449999999999996
    endloop
  endfacet
  facet normal 0 0 1
    outer loop
      vertex -16.96842086746059 -6.718273086495371 44.449999999999996
      vertex -17 0 44.449999999999996
      vertex -17.35678142238655 5.63956014734279 44.449999999999996
    endloop
  endfacet
  facet normal 0.09408453062127023 -0.9953103699462794 -0.022480404248494925
    outer loop
      vertex 1.0831364618806625 -17.215961065387685 0
      vertex 2.2873315125485494 -18.106093298989222 44.449999999999996
      vertex 1.1459269814099762 -18.213987793815956 44.449999999999996
    endloop
  endfacet
  facet normal 0.15639493151349768 -0.9874387357308364 -0.02248040424849491
    outer loop
      vertex 2.161998278984245 -17.113978597674745 0
      vertex 3.419708991189478 -17.926742325798568 44.449999999999996
      vertex 2.2873315125485494 -18.106093298989222 44.449999999999996
    endloop
  endfacet
  facet normal 0.21808811306108705 -0.9756701319433115 -0.02248040424849492
    outer loop
      vertex 3.232327676603753 -16.94445507506988 0
      vertex 4.538590440758593 -17.676642690597518 44.449999999999996
      vertex 3.419708991189478 -17.926742325798568 44.449999999999996
    endloop
  endfacet
  facet normal 0.2789206004614054 -0.9600510038862899 -0.02248040424849492
    outer loop
      vertex 5.330543152967842 -16.405724906091397 0
      vertex 5.63956014734279 -17.35678142238655 44.449999999999996
      vertex 4.538590440758593 -17.676642690597518 44.449999999999996
    endloop
  endfacet
  facet normal 0.33865231567840365 -0.9406429931225124 -0.022480404248494908
    outer loop
      vertex 6.350148533810701 -16.038644381572333 0
      vertex 6.71827308649538 -16.968420867460583 44.449999999999996
      vertex 5.63956014734279 -17.35678142238655 44.449999999999996
    endloop
  endfacet
  facet normal 0.3970475249209456 -0.9175226942037866 -0.02248040424849492
    outer loop
      vertex 7.3446927794975 -15.608266655038838 0
      vertex 7.770472071062572 -16.513093707504858 44.449999999999996
      vertex 6.71827308649538 -16.968420867460583 44.449999999999996
    endloop
  endfacet
  facet normal 0.45387576897638704 -0.8907813523872835 -0.02248040424849489
    outer loop
      vertex 8.31025087825459 -15.116290230756645 0
      vertex 8.792004552356305 -15.992596910800508 44.449999999999996
      vertex 7.770472071062572 -16.513093707504858 44.449999999999996
    endloop
  endfacet
  facet normal 0.5089127727277895 -0.8605245035321991 -0.022480404248494904
    outer loop
      vertex 9.243012213387685 -14.564656714909765 0
      vertex 9.778839008366681 -15.408984640411779 44.449999999999996
      vertex 8.792004552356305 -15.992596910800508 44.449999999999996
    endloop
  endfacet
  facet normal 0.5619413302653672 -0.8268715575979222 -0.02248040424849494
    outer loop
      vertex 10.139295602045161 -13.955543152967843 0
      vertex 10.727080854337634 -14.764560147342792 44.449999999999996
      vertex 9.778839008366681 -15.408984640411779 44.449999999999996
    endloop
  endfacet
  facet normal 0.6127521620989625 -0.7899553273874866 -0.02248040424849494
    outer loop
      vertex 10.995563823164902 -13.29135343788236 0
      vertex 11.632987812913592 -14.06186668065815 44.449999999999996
      vertex 10.727080854337634 -14.764560147342792 44.449999999999996
    endloop
  endfacet
  facet normal 0.6611447410885873 -0.7499215043961127 -0.022480404248494925
    outer loop
      vertex 11.808437577269876 -12.574708823019352 0
      vertex 12.492984683198566 -13.303677450440762 44.449999999999996
      vertex 11.632987812913592 -14.06186668065815 44.449999999999996
    endloop
  endfacet
  facet normal 0.7069280838334351 -0.706928083833435 -0.02248040424849493
    outer loop
      vertex 11.808437577269876 -12.574708823019352 0
      vertex 13.303677450440762 -12.492984683198566 44.449999999999996
      vertex 12.492984683198566 -13.303677450440762 44.449999999999996
    endloop
  endfacet
  facet normal 0.7499215043961127 -0.6611447410885873 -0.022480404248494925
    outer loop
      vertex 12.574708823019352 -11.808437577269876 0
      vertex 14.06186668065815 -11.632987812913592 44.449999999999996
      vertex 13.303677450440762 -12.492984683198566 44.449999999999996
    endloop
  endfacet
  facet normal 0.7899553273874866 -0.6127521620989625 -0.02248040424849494
    outer loop
      vertex 13.29135343788236 -10.995563823164902 0
      vertex 14.764560147342792 -10.727080854337634 44.449999999999996
      vertex 14.06186668065815 -11.632987812913592 44.449999999999996
    endloop
  endfacet
  facet normal 0.8268715575979222 -0.5619413302653672 -0.02248040424849494
    outer loop
      vertex 13.955543152967843 -10.139295602045161 0
      vertex 15.408984640411779 -9.778839008366681 44.449999999999996
      vertex 14.764560147342792 -10.727080854337634 44.449999999999996
    endloop
  endfacet
  facet normal 0.8605245035321991 -0.5089127727277895 -0.022480404248494904
    outer loop
      vertex 14.564656714909765 -9.243012213387685 0
      vertex 15.992596910800508 -8.792004552356305 44.449999999999996
      vertex 15.408984640411779 -9.778839008366681 44.449999999999996
    endloop
  endfacet
  facet normal 0 0 1
    outer loop
      vertex 1.1459269814099762 -18.213987793815956 44.449999999999996
      vertex 2.2873315125485494 -18.106093298989222 44.449999999999996
      vertex 1.067438831998334 -16.966454383280617 44.449999999999996
    endloop
  endfacet
  facet normal 0 0 1
    outer loop
      vertex 2.2873315125485494 -18.106093298989222 44.449999999999996
      vertex 2.1306649705931693 -16.865949922346125 44.449999999999996
      vertex 1.067438831998334 -16.966454383280617 44.449999999999996
    endloop
  endfacet
  facet normal 0 0 1
    outer loop
      vertex 2.2873315125485494 -18.106093298989222 44.449999999999996
      vertex 3.419708991189478 -17.926742325798568 44.449999999999996
      vertex 2.1306649705931693 -16.865949922346125 44.449999999999996
    endloop
  endfacet
  facet normal 0 0 1
    outer loop
      vertex 3.419708991189478 -17.926742325798568 44.449999999999996
      vertex 3.185482347957322 -16.698883262387707 44.449999999999996
      vertex 2.1306649705931693 -16.865949922346125 44.449999999999996
    endloop
  endfacet
  facet normal 0 0 1
    outer loop
      vertex 3.419708991189478 -17.926742325798568 44.449999999999996
      vertex 4.538590440758593 -17.676642690597518 44.449999999999996
      vertex 3.185482347957322 -16.698883262387707 44.449999999999996
    endloop
  endfacet
  facet normal 0 0 1
    outer loop
      vertex 4.538590440758593 -17.676642690597518 44.449999999999996
      vertex 5.63956014734279 -17.35678142238655 44.449999999999996
      vertex 4.227728081802526 -16.465913739186732 44.449999999999996
    endloop
  endfacet
  facet normal 0 0 1
    outer loop
      vertex 4.538590440758593 -17.676642690597518 44.449999999999996
      vertex 4.227728081802526 -16.465913739186732 44.449999999999996
      vertex 3.185482347957322 -16.698883262387707 44.449999999999996
    endloop
  endfacet
  facet normal 0 0 1
    outer loop
      vertex 5.63956014734279 -17.35678142238655 44.449999999999996
      vertex 5.253288904374106 -16.16796077701761 44.449999999999996
      vertex 4.227728081802526 -16.465913739186732 44.449999999999996
    endloop
  endfacet
  facet normal 0 0 1
    outer loop
      vertex 5.63956014734279 -17.35678142238655 44.449999999999996
      vertex 6.71827308649538 -16.968420867460583 44.449999999999996
      vertex 5.253288904374106 -16.16796077701761 44.449999999999996
    endloop
  endfacet
  facet normal 0 0 1
    outer loop
      vertex 6.71827308649538 -16.968420867460583 44.449999999999996
      vertex 6.258117395639532 -15.80620026010027 44.449999999999996
      vertex 5.253288904374106 -16.16796077701761 44.449999999999996
    endloop
  endfacet
  facet normal 0 0 1
    outer loop
      vertex 6.71827308649538 -16.968420867460583 44.449999999999996
      vertex 7.770472071062572 -16.513093707504858 44.449999999999996
      vertex 6.258117395639532 -15.80620026010027 44.449999999999996
    endloop
  endfacet
  facet normal 0 0 1
    outer loop
      vertex 7.770472071062572 -16.513093707504858 44.449999999999996
      vertex 7.238247956606232 -15.382059891922333 44.449999999999996
      vertex 6.258117395639532 -15.80620026010027 44.449999999999996
    endloop
  endfacet
  facet normal 0 0 1
    outer loop
      vertex 7.770472071062572 -16.513093707504858 44.449999999999996
      vertex 8.792004552356305 -15.992596910800508 44.449999999999996
      vertex 7.238247956606232 -15.382059891922333 44.449999999999996
    endloop
  endfacet
  facet normal 0 0 1
    outer loop
      vertex 8.792004552356305 -15.992596910800508 44.449999999999996
      vertex 8.189812459729161 -14.89721356074568 44.449999999999996
      vertex 7.238247956606232 -15.382059891922333 44.449999999999996
    endloop
  endfacet
  facet normal 0 0 1
    outer loop
      vertex 8.792004552356305 -15.992596910800508 44.449999999999996
      vertex 9.778839008366681 -15.408984640411779 44.449999999999996
      vertex 8.189812459729161 -14.89721356074568 44.449999999999996
    endloop
  endfacet
  facet normal 0 0 1
    outer loop
      vertex 9.778839008366681 -15.408984640411779 44.449999999999996
      vertex 9.109055514642936 -14.35357473353426 44.449999999999996
      vertex 8.189812459729161 -14.89721356074568 44.449999999999996
    endloop
  endfacet
  facet normal 0 0 1
    outer loop
      vertex 9.778839008366681 -15.408984640411779 44.449999999999996
      vertex 10.727080854337634 -14.764560147342792 44.449999999999996
      vertex 9.109055514642936 -14.35357473353426 44.449999999999996
    endloop
  endfacet
  facet normal 0 0 1
    outer loop
      vertex 10.727080854337634 -14.764560147342792 44.449999999999996
      vertex 9.992349288972044 -13.753288904374106 44.449999999999996
      vertex 9.109055514642936 -14.35357473353426 44.449999999999996
    endloop
  endfacet
  facet normal 0 0 1
    outer loop
      vertex 10.727080854337634 -14.764560147342792 44.449999999999996
      vertex 11.632987812913592 -14.06186668065815 44.449999999999996
      vertex 9.992349288972044 -13.753288904374106 44.449999999999996
    endloop
  endfacet
  facet normal 0 0 1
    outer loop
      vertex 11.632987812913592 -14.06186668065815 44.449999999999996
      vertex 10.83620782572773 -13.098725127188413 44.449999999999996
      vertex 9.992349288972044 -13.753288904374106 44.449999999999996
    endloop
  endfacet
  facet normal 0 0 1
    outer loop
      vertex 11.632987812913592 -14.06186668065815 44.449999999999996
      vertex 12.492984683198566 -13.303677450440762 44.449999999999996
      vertex 10.83620782572773 -13.098725127188413 44.449999999999996
    endloop
  endfacet
  facet normal 0 0 1
    outer loop
      vertex 12.492984683198566 -13.303677450440762 44.449999999999996
      vertex 11.637300800787704 -12.392466666163998 44.449999999999996
      vertex 10.83620782572773 -13.098725127188413 44.449999999999996
    endloop
  endfacet
  facet normal 0 0 1
    outer loop
      vertex 12.492984683198566 -13.303677450440762 44.449999999999996
      vertex 12.392466666163998 -11.637300800787704 44.449999999999996
      vertex 11.637300800787704 -12.392466666163998 44.449999999999996
    endloop
  endfacet
  facet normal 0 0 1
    outer loop
      vertex 12.492984683198566 -13.303677450440762 44.449999999999996
      vertex 13.303677450440762 -12.492984683198566 44.449999999999996
      vertex 12.392466666163998 -11.637300800787704 44.449999999999996
    endloop
  endfacet
  facet normal 0 0 1
    outer loop
      vertex 13.303677450440762 -12.492984683198566 44.449999999999996
      vertex 13.098725127188413 -10.83620782572773 44.449999999999996
      vertex 12.392466666163998 -11.637300800787704 44.449999999999996
    endloop
  endfacet
  facet normal 0 0 1
    outer loop
      vertex 13.303677450440762 -12.492984683198566 44.449999999999996
      vertex 14.06186668065815 -11.632987812913592 44.449999999999996
      vertex 13.098725127188413 -10.83620782572773 44.449999999999996
    endloop
  endfacet
  facet normal 0 0 1
    outer loop
      vertex 14.06186668065815 -11.632987812913592 44.449999999999996
      vertex 13.753288904374106 -9.992349288972044 44.449999999999996
      vertex 13.098725127188413 -10.83620782572773 44.449999999999996
    endloop
  endfacet
  facet normal 0 0 1
    outer loop
      vertex 14.06186668065815 -11.632987812913592 44.449999999999996
      vertex 14.764560147342792 -10.727080854337634 44.449999999999996
      vertex 13.753288904374106 -9.992349288972044 44.449999999999996
    endloop
  endfacet
  facet normal 0 0 1
    outer loop
      vertex 14.764560147342792 -10.727080854337634 44.449999999999996
      vertex 14.35357473353426 -9.109055514642936 44.449999999999996
      vertex 13.753288904374106 -9.992349288972044 44.449999999999996
    endloop
  endfacet
  facet normal 0 0 1
    outer loop
      vertex 14.764560147342792 -10.727080854337634 44.449999999999996
      vertex 15.408984640411779 -9.778839008366681 44.449999999999996
      vertex 14.35357473353426 -9.109055514642936 44.449999999999996
    endloop
  endfacet
  facet normal 0.8907813523872835 -0.45387576897638704 -0.02248040424849489
    outer loop
      vertex 15.116290230756645 -8.31025087825459 0
      vertex 16.513093707504858 -7.770472071062572 44.449999999999996
      vertex 15.992596910800508 -8.792004552356305 44.449999999999996
    endloop
  endfacet
  facet normal 0.9175226942037866 -0.3970475249209456 -0.02248040424849492
    outer loop
      vertex 15.608266655038838 -7.3446927794975 0
      vertex 16.968420867460583 -6.71827308649538 44.449999999999996
      vertex 16.513093707504858 -7.770472071062572 44.449999999999996
    endloop
  endfacet
  facet normal 0.9406429931225124 -0.33865231567840365 -0.022480404248494908
    outer loop
      vertex 16.038644381572333 -6.350148533810701 0
      vertex 17.35678142238655 -5.63956014734279 44.449999999999996
      vertex 16.968420867460583 -6.71827308649538 44.449999999999996
    endloop
  endfacet
  facet normal 0.9600510038862899 -0.2789206004614054 -0.02248040424849492
    outer loop
      vertex 16.405724906091397 -5.330543152967842 0
      vertex 17.676642690597518 -4.538590440758593 44.449999999999996
      vertex 17.35678142238655 -5.63956014734279 44.449999999999996
    endloop
  endfacet
  facet normal 0.9756701319433114 -0.21808811306108694 -0.022480404248494915
    outer loop
      vertex 16.708059529468887 -4.289900553593739 0
      vertex 17.926742325798568 -3.419708991189478 44.449999999999996
      vertex 17.676642690597518 -4.538590440758593 44.449999999999996
    endloop
  endfacet
  facet normal 0.9874387357308364 -0.15639493151349762 -0.022480404248494925
    outer loop
      vertex 16.94445507506988 -3.232327676603753 0
      vertex 18.106093298989222 -2.2873315125485494 44.449999999999996
      vertex 17.926742325798568 -3.419708991189478 44.449999999999996
    endloop
  endfacet
  facet normal 0.9953103699462794 -0.09408453062127026 -0.022480404248494915
    outer loop
      vertex 17.113978597674745 -2.161998278984245 0
      vertex 18.213987793815956 -1.1459269814099762 44.449999999999996
      vertex 18.106093298989222 -2.2873315125485494 44.449999999999996
    endloop
  endfacet
  facet normal 0.999253968845599 -0.03140282106981576 -0.02248040424849492
    outer loop
      vertex 17.215961065387685 -1.0831364618806625 0
      vertex 18.25 0 44.449999999999996
      vertex 18.213987793815956 -1.1459269814099762 44.449999999999996
    endloop
  endfacet
  facet normal 0 0 1
    outer loop
      vertex 15.408984640411779 -9.778839008366681 44.449999999999996
      vertex 14.89721356074568 -8.189812459729161 44.449999999999996
      vertex 14.35357473353426 -9.109055514642936 44.449999999999996
    endloop
  endfacet
  facet normal 0 0 1
    outer loop
      vertex 15.408984640411779 -9.778839008366681 44.449999999999996
      vertex 15.992596910800508 -8.792004552356305 44.449999999999996
      vertex 15.382059891922333 -7.238247956606232 44.449999999999996
    endloop
  endfacet
  facet normal 0 0 1
    outer loop
      vertex 15.408984640411779 -9.778839008366681 44.449999999999996
      vertex 15.382059891922333 -7.238247956606232 44.449999999999996
      vertex 14.89721356074568 -8.189812459729161 44.449999999999996
    endloop
  endfacet
  facet normal 0 0 1
    outer loop
      vertex 15.992596910800508 -8.792004552356305 44.449999999999996
      vertex 15.80620026010027 -6.258117395639532 44.449999999999996
      vertex 15.382059891922333 -7.238247956606232 44.449999999999996
    endloop
  endfacet
  facet normal 0 0 1
    outer loop
      vertex 15.992596910800508 -8.792004552356305 44.449999999999996
      vertex 16.513093707504858 -7.770472071062572 44.449999999999996
      vertex 15.80620026010027 -6.258117395639532 44.449999999999996
    endloop
  endfacet
  facet normal 0 0 1
    outer loop
      vertex 16.513093707504858 -7.770472071062572 44.449999999999996
      vertex 16.16796077701761 -5.253288904374106 44.449999999999996
      vertex 15.80620026010027 -6.258117395639532 44.449999999999996
    endloop
  endfacet
  facet normal 0 0 1
    outer loop
      vertex 16.513093707504858 -7.770472071062572 44.449999999999996
      vertex 16.465913739186732 -4.227728081802526 44.449999999999996
      vertex 16.16796077701761 -5.253288904374106 44.449999999999996
    endloop
  endfacet
  facet normal 0 0 1
    outer loop
      vertex 16.513093707504858 -7.770472071062572 44.449999999999996
      vertex 16.968420867460583 -6.71827308649538 44.449999999999996
      vertex 16.465913739186732 -4.227728081802526 44.449999999999996
    endloop
  endfacet
  facet normal 0 0 1
    outer loop
      vertex 16.968420867460583 -6.71827308649538 44.449999999999996
      vertex 16.698883262387707 -3.185482347957322 44.449999999999996
      vertex 16.465913739186732 -4.227728081802526 44.449999999999996
    endloop
  endfacet
  facet normal 0 0 1
    outer loop
      vertex 16.968420867460583 -6.71827308649538 44.449999999999996
      vertex 16.865949922346125 -2.1306649705931693 44.449999999999996
      vertex 16.698883262387707 -3.185482347957322 44.449999999999996
    endloop
  endfacet
  facet normal 0 0 1
    outer loop
      vertex 16.968420867460583 -6.71827308649538 44.449999999999996
      vertex 17.35678142238655 -5.63956014734279 44.449999999999996
      vertex 16.966454383280617 -1.067438831998334 44.449999999999996
    endloop
  endfacet
  facet normal 0 0 1
    outer loop
      vertex 16.968420867460583 -6.71827308649538 44.449999999999996
      vertex 16.966454383280617 -1.067438831998334 44.449999999999996
      vertex 16.865949922346125 -2.1306649705931693 44.449999999999996
    endloop
  endfacet
  facet normal 0 0 1
    outer loop
      vertex 17.35678142238655 -5.63956014734279 44.449999999999996
      vertex 17 0 44.449999999999996
      vertex 16.966454383280617 -1.067438831998334 44.449999999999996
    endloop
  endfacet
  facet normal 0 0 1
    outer loop
      vertex 17.35678142238655 -5.63956014734279 44.449999999999996
      vertex 17.676642690597518 -4.538590440758593 44.449999999999996
      vertex 17.35678142238655 5.63956014734279 44.449999999999996
    endloop
  endfacet
  facet normal 0 0 1
    outer loop
      vertex 17.676642690597518 -4.538590440758593 44.449999999999996
      vertex 17.926742325798568 -3.419708991189478 44.449999999999996
      vertex 17.676642690597518 4.5385904407586 44.449999999999996
    endloop
  endfacet
  facet normal 0 0 1
    outer loop
      vertex 17.926742325798568 -3.419708991189478 44.449999999999996
      vertex 18.106093298989222 -2.2873315125485494 44.449999999999996
      vertex 17.926742325798568 3.4197089911894745 44.449999999999996
    endloop
  endfacet
  facet normal 0 0 1
    outer loop
      vertex 18.106093298989222 -2.2873315125485494 44.449999999999996
      vertex 18.213987793815956 -1.1459269814099762 44.449999999999996
      vertex 18.106093298989222 2.287331512548553 44.449999999999996
    endloop
  endfacet
  facet normal 0 0 1
    outer loop
      vertex 18.213987793815956 -1.1459269814099762 44.449999999999996
      vertex 18.25 0 44.449999999999996
      vertex 18.213987793815956 1.145926981409969 44.449999999999996
    endloop
  endfacet
  facet normal 0 0 -1
    outer loop
      vertex -17.215961065387685 -1.083136461880654 0
      vertex -17.25 0 0
      vertex -17.215961065387685 1.083136461880654 0
    endloop
  endfacet
  facet normal 0 0 -1
    outer loop
      vertex -17.215961065387685 -1.083136461880654 0
      vertex -17.215961065387685 1.083136461880654 0
      vertex -17.113978597674745 2.161998278984245 0
    endloop
  endfacet
  facet normal 0 0 -1
    outer loop
      vertex -17.113978597674745 -2.161998278984245 0
      vertex -17.113978597674745 2.161998278984245 0
      vertex -16.94445507506988 3.232327676603753 0
    endloop
  endfacet
  facet normal 0 0 -1
    outer loop
      vertex -16.94445507506988 -3.232327676603753 0
      vertex -16.94445507506988 3.232327676603753 0
      vertex -16.708059529468887 4.289900553593746 0
    endloop
  endfacet
  facet normal 0 0 -1
    outer loop
      vertex -16.708059529468887 -4.289900553593746 0
      vertex -16.708059529468887 4.289900553593746 0
      vertex -16.405724906091397 5.330543152967842 0
    endloop
  endfacet
  facet normal 0 0 -1
    outer loop
      vertex -16.405724906091397 -5.330543152967842 0
      vertex -16.405724906091397 5.330543152967842 0
      vertex -16.038644381572336 6.350148533810693 0
    endloop
  endfacet
  facet normal 0 0 -1
    outer loop
      vertex -16.038644381572336 -6.350148533810693 0
      vertex -16.038644381572336 6.350148533810693 0
      vertex -15.608266655038838 7.3446927794975 0
    endloop
  endfacet
  facet normal 0 0 -1
    outer loop
      vertex -15.608266655038838 -7.3446927794975 0
      vertex -15.608266655038838 7.3446927794975 0
      vertex -15.116290230756645 8.31025087825459 0
    endloop
  endfacet
  facet normal 0 0 -1
    outer loop
      vertex -15.116290230756645 -8.31025087825459 0
      vertex -15.116290230756645 8.31025087825459 0
      vertex -14.564656714909757 9.243012213387692 0
    endloop
  endfacet
  facet normal 0 0 -1
    outer loop
      vertex -14.564656714909757 -9.243012213387692 0
      vertex -14.564656714909757 9.243012213387692 0
      vertex -13.955543152967843 10.139295602045161 0
    endloop
  endfacet
  facet normal 0 0 -1
    outer loop
      vertex -13.955543152967843 -10.139295602045161 0
      vertex -13.955543152967843 10.139295602045161 0
      vertex -13.291353437882366 10.995563823164897 0
    endloop
  endfacet
  facet normal 0 0 -1
    outer loop
      vertex -13.291353437882366 -10.995563823164897 0
      vertex -13.291353437882366 10.995563823164897 0
      vertex -12.574708823019352 11.808437577269876 0
    endloop
  endfacet
  facet normal 0 0 -1
    outer loop
      vertex -12.574708823019352 -11.808437577269876 0
      vertex -12.574708823019352 11.808437577269876 0
      vertex -11.808437577269876 12.574708823019352 0
    endloop
  endfacet
  facet normal 0 0 -1
    outer loop
      vertex -11.808437577269876 -12.574708823019352 0
      vertex -11.808437577269876 12.574708823019352 0
      vertex -10.995563823164897 13.291353437882366 0
    endloop
  endfacet
  facet normal 0 0 -1
    outer loop
      vertex -10.995563823164897 -13.291353437882366 0
      vertex -10.995563823164897 13.291353437882366 0
      vertex -10.139295602045161 13.955543152967843 0
    endloop
  endfacet
  facet normal 0 0 -1
    outer loop
      vertex -10.139295602045161 -13.955543152967843 0
      vertex -10.139295602045161 13.955543152967843 0
      vertex -9.243012213387692 14.564656714909757 0
    endloop
  endfacet
  facet normal 0 0 -1
    outer loop
      vertex -9.243012213387692 -14.564656714909757 0
      vertex -9.243012213387692 14.564656714909757 0
      vertex -8.310250878254587 15.116290230756647 0
    endloop
  endfacet
  facet normal 0 0 -1
    outer loop
      vertex -8.31025087825459 -15.116290230756645 0
      vertex -8.310250878254587 15.116290230756647 0
      vertex -7.344692779497504 15.608266655038836 0
    endloop
  endfacet
  facet normal 0 0 -1
    outer loop
      vertex -7.3446927794975 -15.608266655038838 0
      vertex -7.344692779497504 15.608266655038836 0
      vertex -6.350148533810693 16.038644381572336 0
    endloop
  endfacet
  facet normal 0 0 -1
    outer loop
      vertex -6.350148533810693 -16.038644381572336 0
      vertex -6.350148533810693 16.038644381572336 0
      vertex -5.330543152967842 16.405724906091397 0
    endloop
  endfacet
  facet normal 0 0 -1
    outer loop
      vertex -5.330543152967842 -16.405724906091397 0
      vertex -5.330543152967842 16.405724906091397 0
      vertex -4.289900553593746 16.708059529468887 0
    endloop
  endfacet
  facet normal 0 0 -1
    outer loop
      vertex -4.289900553593746 -16.708059529468887 0
      vertex -4.289900553593746 16.708059529468887 0
      vertex -3.2323276766037488 16.94445507506988 0
    endloop
  endfacet
  facet normal 0 0 -1
    outer loop
      vertex -3.232327676603753 -16.94445507506988 0
      vertex -3.2323276766037488 16.94445507506988 0
      vertex -2.161998278984249 17.113978597674745 0
    endloop
  endfacet
  facet normal 0 0 -1
    outer loop
      vertex -2.161998278984245 -17.113978597674745 0
      vertex -2.161998278984249 17.113978597674745 0
      vertex -1.083136461880654 17.215961065387685 0
    endloop
  endfacet
  facet normal 0 0 -1
    outer loop
      vertex -1.0831364618806625 -17.215961065387685 0
      vertex -1.083136461880654 17.215961065387685 0
      vertex 0 17.25 0
    endloop
  endfacet
  facet normal 0 0 -1
    outer loop
      vertex 0 -17.25 0
      vertex 0 17.25 0
      vertex 1.083136461880654 17.215961065387685 0
    endloop
  endfacet
  facet normal -0.999253968845599 0.03140282106981616 -0.02248040424849492
    outer loop
      vertex -17.25 0 0
      vertex -18.213987793815956 1.1459269814099673 44.449999999999996
      vertex -17.215961065387685 1.083136461880654 0
    endloop
  endfacet
  facet normal -0.9953103699462795 0.09408453062126905 -0.022480404248494925
    outer loop
      vertex -17.215961065387685 1.083136461880654 0
      vertex -18.213987793815956 1.1459269814099673 44.449999999999996
      vertex -17.113978597674745 2.161998278984245 0
    endloop
  endfacet
  facet normal -0.9874387357308364 0.15639493151349812 -0.02248040424849491
    outer loop
      vertex -17.113978597674745 2.161998278984245 0
      vertex -18.106093298989222 2.2873315125485494 44.449999999999996
      vertex -16.94445507506988 3.232327676603753 0
    endloop
  endfacet
  facet normal -0.9756701319433119 0.21808811306108536 -0.022480404248494925
    outer loop
      vertex -16.94445507506988 3.232327676603753 0
      vertex -17.926742325798568 3.419708991189478 44.449999999999996
      vertex -16.708059529468887 4.289900553593746 0
    endloop
  endfacet
  facet normal -0.9600510038862894 0.2789206004614074 -0.022480404248494918
    outer loop
      vertex -16.708059529468887 4.289900553593746 0
      vertex -17.676642690597518 4.538590440758601 44.449999999999996
      vertex -16.405724906091397 5.330543152967842 0
    endloop
  endfacet
  facet normal -0.9406429931225129 0.33865231567840276 -0.022480404248494918
    outer loop
      vertex -16.405724906091397 5.330543152967842 0
      vertex -17.35678142238655 5.63956014734279 44.449999999999996
      vertex -16.038644381572336 6.350148533810693 0
    endloop
  endfacet
  facet normal -0.9175226942037864 0.3970475249209461 -0.022480404248494977
    outer loop
      vertex -16.038644381572336 6.350148533810693 0
      vertex -16.96842086746059 6.718273086495371 44.449999999999996
      vertex -15.608266655038838 7.3446927794975 0
    endloop
  endfacet
  facet normal -0.890781352387284 0.45387576897638576 -0.022480404248494918
    outer loop
      vertex -15.608266655038838 7.3446927794975 0
      vertex -16.513093707504858 7.770472071062572 44.449999999999996
      vertex -15.116290230756645 8.31025087825459 0
    endloop
  endfacet
  facet normal -0.8605245035321974 0.5089127727277919 -0.022480404248494883
    outer loop
      vertex -15.116290230756645 8.31025087825459 0
      vertex -15.992596910800508 8.792004552356305 44.449999999999996
      vertex -14.564656714909757 9.243012213387692 0
    endloop
  endfacet
  facet normal -0.8268715575979222 0.5619413302653669 -0.02248040424849494
    outer loop
      vertex -14.564656714909757 9.243012213387692 0
      vertex -15.408984640411774 9.778839008366688 44.449999999999996
      vertex -13.955543152967843 10.139295602045161 0
    endloop
  endfacet
  facet normal -0.7899553273874871 0.6127521620989618 -0.022480404248494935
    outer loop
      vertex -13.955543152967843 10.139295602045161 0
      vertex -14.764560147342792 10.727080854337634 44.449999999999996
      vertex -13.291353437882366 10.995563823164897 0
    endloop
  endfacet
  facet normal -0.7499215043961127 0.6611447410885876 -0.02248040424849491
    outer loop
      vertex -13.291353437882366 10.995563823164897 0
      vertex -14.061866680658156 11.632987812913585 44.449999999999996
      vertex -12.574708823019352 11.808437577269876 0
    endloop
  endfacet
  facet normal -0.7069280838334351 0.7069280838334351 -0.02248040424849493
    outer loop
      vertex -12.574708823019352 11.808437577269876 0
      vertex -13.303677450440762 12.492984683198566 44.449999999999996
      vertex -11.808437577269876 12.574708823019352 0
    endloop
  endfacet
  facet normal -0.6611447410885876 0.7499215043961127 -0.02248040424849491
    outer loop
      vertex -11.808437577269876 12.574708823019352 0
      vertex -11.632987812913585 14.061866680658156 44.449999999999996
      vertex -10.995563823164897 13.291353437882366 0
    endloop
  endfacet
  facet normal -0.6127521620989618 0.7899553273874871 -0.022480404248494935
    outer loop
      vertex -10.995563823164897 13.291353437882366 0
      vertex -10.727080854337634 14.764560147342792 44.449999999999996
      vertex -10.139295602045161 13.955543152967843 0
    endloop
  endfacet
  facet normal -0.5619413302653669 0.8268715575979222 -0.02248040424849494
    outer loop
      vertex -10.139295602045161 13.955543152967843 0
      vertex -9.778839008366688 15.408984640411774 44.449999999999996
      vertex -9.243012213387692 14.564656714909757 0
    endloop
  endfacet
  facet normal -0.5089127727277918 0.8605245035321977 -0.022480404248494942
    outer loop
      vertex -9.243012213387692 14.564656714909757 0
      vertex -8.792004552356303 15.992596910800511 44.449999999999996
      vertex -8.310250878254587 15.116290230756647 0
    endloop
  endfacet
  facet normal -0.4538757689763862 0.8907813523872838 -0.022480404248494894
    outer loop
      vertex -8.310250878254587 15.116290230756647 0
      vertex -7.770472071062577 16.513093707504854 44.449999999999996
      vertex -7.344692779497504 15.608266655038836 0
    endloop
  endfacet
  facet normal -0.39704752492094597 0.9175226942037865 -0.02248040424849498
    outer loop
      vertex -7.344692779497504 15.608266655038836 0
      vertex -6.718273086495371 16.96842086746059 44.449999999999996
      vertex -6.350148533810693 16.038644381572336 0
    endloop
  endfacet
  facet normal -0.33865231567840276 0.9406429931225129 -0.022480404248494918
    outer loop
      vertex -6.350148533810693 16.038644381572336 0
      vertex -5.63956014734279 17.35678142238655 44.449999999999996
      vertex -5.330543152967842 16.405724906091397 0
    endloop
  endfacet
  facet normal -0.2789206004614074 0.9600510038862894 -0.022480404248494915
    outer loop
      vertex -5.330543152967842 16.405724906091397 0
      vertex -4.538590440758601 17.676642690597518 44.449999999999996
      vertex -4.289900553593746 16.708059529468887 0
    endloop
  endfacet
  facet normal -0.2180881130610845 0.9756701319433121 -0.022480404248494918
    outer loop
      vertex -4.289900553593746 16.708059529468887 0
      vertex -4.538590440758601 17.676642690597518 44.449999999999996
      vertex -3.2323276766037488 16.94445507506988 0
    endloop
  endfacet
  facet normal -0.1563949315134993 0.9874387357308361 -0.022480404248494918
    outer loop
      vertex -3.2323276766037488 16.94445507506988 0
      vertex -3.4197089911894736 17.926742325798568 44.449999999999996
      vertex -2.161998278984249 17.113978597674745 0
    endloop
  endfacet
  facet normal -0.0940845306212687 0.9953103699462795 -0.022480404248494908
    outer loop
      vertex -2.161998278984249 17.113978597674745 0
      vertex -2.2873315125485534 18.106093298989222 44.449999999999996
      vertex -1.083136461880654 17.215961065387685 0
    endloop
  endfacet
  facet normal -0.03140282106981616 0.999253968845599 -0.02248040424849492
    outer loop
      vertex -1.083136461880654 17.215961065387685 0
      vertex -1.1459269814099673 18.213987793815956 44.449999999999996
      vertex 0 17.25 0
    endloop
  endfacet
  facet normal 0.03140282106981616 0.999253968845599 -0.022480404248494918
    outer loop
      vertex 0 17.25 0
      vertex 0 18.25 44.449999999999996
      vertex 1.083136461880654 17.215961065387685 0
    endloop
  endfacet
  facet normal 0 0 -1
    outer loop
      vertex 10.139295602045161 -13.955543152967843 0
      vertex 10.139295602045161 13.955543152967843 0
      vertex 10.995563823164899 13.291353437882362 0
    endloop
  endfacet
  facet normal 0 0 -1
    outer loop
      vertex 2.161998278984245 -17.113978597674745 0
      vertex 2.161998278984249 17.113978597674745 0
      vertex 3.2323276766037488 16.94445507506988 0
    endloop
  endfacet
  facet normal 0 0 -1
    outer loop
      vertex 1.0831364618806625 -17.215961065387685 0
      vertex 1.083136461880654 17.215961065387685 0
      vertex 2.161998278984249 17.113978597674745 0
    endloop
  endfacet
  facet normal 0 0 -1
    outer loop
      vertex 3.232327676603753 -16.94445507506988 0
      vertex 3.2323276766037488 16.94445507506988 0
      vertex 4.289900553593746 16.708059529468887 0
    endloop
  endfacet
  facet normal 0 0 -1
    outer loop
      vertex 4.289900553593739 -16.708059529468887 0
      vertex 4.289900553593746 16.708059529468887 0
      vertex 5.330543152967842 16.405724906091397 0
    endloop
  endfacet
  facet normal 0 0 -1
    outer loop
      vertex 5.330543152967842 -16.405724906091397 0
      vertex 5.330543152967842 16.405724906091397 0
      vertex 6.350148533810693 16.038644381572336 0
    endloop
  endfacet
  facet normal 0 0 -1
    outer loop
      vertex 6.350148533810701 -16.038644381572333 0
      vertex 6.350148533810693 16.038644381572336 0
      vertex 7.344692779497504 15.608266655038836 0
    endloop
  endfacet
  facet normal 0 0 -1
    outer loop
      vertex 7.3446927794975 -15.608266655038838 0
      vertex 7.344692779497504 15.608266655038836 0
      vertex 8.310250878254587 15.116290230756647 0
    endloop
  endfacet
  facet normal 0 0 -1
    outer loop
      vertex 8.31025087825459 -15.116290230756645 0
      vertex 8.310250878254587 15.116290230756647 0
      vertex 9.243012213387692 14.56465671490976 0
    endloop
  endfacet
  facet normal 0 0 -1
    outer loop
      vertex 9.243012213387685 -14.564656714909765 0
      vertex 9.243012213387692 14.56465671490976 0
      vertex 10.139295602045161 13.955543152967843 0
    endloop
  endfacet
  facet normal 0 0 -1
    outer loop
      vertex 10.995563823164902 -13.29135343788236 0
      vertex 10.995563823164899 13.291353437882362 0
      vertex 11.808437577269881 12.57470882301935 0
    endloop
  endfacet
  facet normal 0 0 -1
    outer loop
      vertex 11.808437577269876 -12.574708823019352 0
      vertex 11.808437577269881 12.57470882301935 0
      vertex 12.57470882301935 11.808437577269881 0
    endloop
  endfacet
  facet normal 0 0 -1
    outer loop
      vertex 12.574708823019352 -11.808437577269876 0
      vertex 12.57470882301935 11.808437577269881 0
      vertex 13.291353437882362 10.995563823164899 0
    endloop
  endfacet
  facet normal 0 0 -1
    outer loop
      vertex 13.29135343788236 -10.995563823164902 0
      vertex 13.291353437882362 10.995563823164899 0
      vertex 13.955543152967843 10.139295602045161 0
    endloop
  endfacet
  facet normal 0 0 -1
    outer loop
      vertex 14.564656714909765 -9.243012213387685 0
      vertex 14.56465671490976 9.243012213387692 0
      vertex 15.116290230756647 8.310250878254589 0
    endloop
  endfacet
  facet normal 0 0 -1
    outer loop
      vertex 13.955543152967843 -10.139295602045161 0
      vertex 13.955543152967843 10.139295602045161 0
      vertex 14.56465671490976 9.243012213387692 0
    endloop
  endfacet
  facet normal 0 0 -1
    outer loop
      vertex 17.113978597674745 -2.161998278984245 0
      vertex 17.113978597674745 2.1619982789842487 0
      vertex 17.215961065387685 1.0831364618806556 0
    endloop
  endfacet
  facet normal 0 0 -1
    outer loop
      vertex 16.94445507506988 -3.232327676603753 0
      vertex 16.94445507506988 3.2323276766037496 0
      vertex 17.113978597674745 2.1619982789842487 0
    endloop
  endfacet
  facet normal 0 0 -1
    outer loop
      vertex 16.708059529468887 -4.289900553593739 0
      vertex 16.708059529468887 4.289900553593745 0
      vertex 16.94445507506988 3.2323276766037496 0
    endloop
  endfacet
  facet normal 0 0 -1
    outer loop
      vertex 15.608266655038838 -7.3446927794975 0
      vertex 15.608266655038838 7.344692779497503 0
      vertex 16.038644381572336 6.350148533810695 0
    endloop
  endfacet
  facet normal 0 0 -1
    outer loop
      vertex 16.038644381572333 -6.350148533810701 0
      vertex 16.038644381572336 6.350148533810695 0
      vertex 16.405724906091397 5.330543152967842 0
    endloop
  endfacet
  facet normal 0 0 -1
    outer loop
      vertex 16.405724906091397 -5.330543152967842 0
      vertex 16.405724906091397 5.330543152967842 0
      vertex 16.708059529468887 4.289900553593745 0
    endloop
  endfacet
  facet normal 0 0 -1
    outer loop
      vertex 15.116290230756645 -8.31025087825459 0
      vertex 15.116290230756647 8.310250878254589 0
      vertex 15.608266655038838 7.344692779497503 0
    endloop
  endfacet
  facet normal 0.999253968845599 0.03140282106981611 -0.022480404248494915
    outer loop
      vertex 17.25 0 0
      vertex 17.215961065387685 1.0831364618806556 0
      vertex 18.25 0 44.449999999999996
    endloop
  endfacet
  facet normal 0.9953103699462795 0.09408453062126887 -0.022480404248494925
    outer loop
      vertex 17.215961065387685 1.0831364618806556 0
      vertex 17.113978597674745 2.1619982789842487 0
      vertex 18.213987793815956 1.145926981409969 44.449999999999996
    endloop
  endfacet
  facet normal 0.9874387357308362 0.15639493151349915 -0.02248040424849491
    outer loop
      vertex 17.113978597674745 2.1619982789842487 0
      vertex 16.94445507506988 3.2323276766037496 0
      vertex 18.106093298989222 2.287331512548553 44.449999999999996
    endloop
  endfacet
  facet normal 0.9756701319433119 0.2180881130610848 -0.022480404248494925
    outer loop
      vertex 16.94445507506988 3.2323276766037496 0
      vertex 16.708059529468887 4.289900553593745 0
      vertex 17.926742325798568 3.4197089911894745 44.449999999999996
    endloop
  endfacet
  facet normal 0.9600510038862896 0.27892060046140715 -0.022480404248494918
    outer loop
      vertex 16.708059529468887 4.289900553593745 0
      vertex 16.405724906091397 5.330543152967842 0
      vertex 17.676642690597518 4.5385904407586 44.449999999999996
    endloop
  endfacet
  facet normal 0.9175226942037867 0.39704752492094547 -0.022480404248494915
    outer loop
      vertex 15.608266655038838 7.344692779497503 0
      vertex 16.968420867460587 6.7182730864953735 44.449999999999996
      vertex 16.038644381572336 6.350148533810695 0
    endloop
  endfacet
  facet normal 0.940642993122513 0.3386523156784022 -0.02248040424849492
    outer loop
      vertex 16.405724906091397 5.330543152967842 0
      vertex 16.038644381572336 6.350148533810695 0
      vertex 17.35678142238655 5.63956014734279 44.449999999999996
    endloop
  endfacet
  facet normal 0.8907813523872837 0.4538757689763865 -0.02248040424849493
    outer loop
      vertex 15.608266655038838 7.344692779497503 0
      vertex 15.116290230756647 8.310250878254589 0
      vertex 16.513093707504858 7.770472071062576 44.449999999999996
    endloop
  endfacet
  facet normal 0.8605245035321979 0.5089127727277912 -0.022480404248494942
    outer loop
      vertex 15.116290230756647 8.310250878254589 0
      vertex 14.56465671490976 9.243012213387692 0
      vertex 15.992596910800511 8.792004552356305 44.449999999999996
    endloop
  endfacet
  facet normal 0.0940845306212687 0.9953103699462795 -0.022480404248494925
    outer loop
      vertex 1.083136461880654 17.215961065387685 0
      vertex 1.1459269814099673 18.213987793815956 44.449999999999996
      vertex 2.161998278984249 17.113978597674745 0
    endloop
  endfacet
  facet normal 0.1563949315134993 0.9874387357308361 -0.022480404248494908
    outer loop
      vertex 2.161998278984249 17.113978597674745 0
      vertex 2.2873315125485534 18.106093298989222 44.449999999999996
      vertex 3.2323276766037488 16.94445507506988 0
    endloop
  endfacet
  facet normal 0.2789206004614074 0.9600510038862894 -0.022480404248494918
    outer loop
      vertex 4.289900553593746 16.708059529468887 0
      vertex 4.538590440758601 17.676642690597518 44.449999999999996
      vertex 5.330543152967842 16.405724906091397 0
    endloop
  endfacet
  facet normal 0.2180881130610845 0.9756701319433121 -0.02248040424849493
    outer loop
      vertex 3.2323276766037488 16.94445507506988 0
      vertex 3.4197089911894736 17.926742325798568 44.449999999999996
      vertex 4.289900553593746 16.708059529468887 0
    endloop
  endfacet
  facet normal 0.4538757689763862 0.8907813523872838 -0.022480404248494894
    outer loop
      vertex 7.344692779497504 15.608266655038836 0
      vertex 7.770472071062577 16.513093707504854 44.449999999999996
      vertex 8.310250878254587 15.116290230756647 0
    endloop
  endfacet
  facet normal 0.561941330265368 0.8268715575979215 -0.022480404248494935
    outer loop
      vertex 9.243012213387692 14.56465671490976 0
      vertex 9.778839008366688 15.408984640411775 44.449999999999996
      vertex 10.139295602045161 13.955543152967843 0
    endloop
  endfacet
  facet normal 0.5089127727277906 0.8605245035321983 -0.022480404248494942
    outer loop
      vertex 8.310250878254587 15.116290230756647 0
      vertex 8.792004552356303 15.992596910800511 44.449999999999996
      vertex 9.243012213387692 14.56465671490976 0
    endloop
  endfacet
  facet normal 0.39704752492094597 0.9175226942037865 -0.02248040424849498
    outer loop
      vertex 6.350148533810693 16.038644381572336 0
      vertex 6.718273086495371 16.96842086746059 44.449999999999996
      vertex 7.344692779497504 15.608266655038836 0
    endloop
  endfacet
  facet normal 0.33865231567840276 0.9406429931225129 -0.022480404248494918
    outer loop
      vertex 5.330543152967842 16.405724906091397 0
      vertex 5.63956014734279 17.35678142238655 44.449999999999996
      vertex 6.350148533810693 16.038644381572336 0
    endloop
  endfacet
  facet normal 0.8268715575979215 0.561941330265368 -0.022480404248494935
    outer loop
      vertex 13.955543152967843 10.139295602045161 0
      vertex 15.408984640411775 9.778839008366688 44.449999999999996
      vertex 14.56465671490976 9.243012213387692 0
    endloop
  endfacet
  facet normal 0.7899553273874861 0.6127521620989631 -0.02248040424849494
    outer loop
      vertex 13.291353437882362 10.995563823164899 0
      vertex 14.764560147342792 10.727080854337634 44.449999999999996
      vertex 13.955543152967843 10.139295602045161 0
    endloop
  endfacet
  facet normal 0.706928083833435 0.706928083833435 -0.022480404248494904
    outer loop
      vertex 11.808437577269881 12.57470882301935 0
      vertex 13.30367745044076 12.49298468319857 44.449999999999996
      vertex 12.57470882301935 11.808437577269881 0
    endloop
  endfacet
  facet normal 0.661144741088585 0.749921504396115 -0.02248040424849491
    outer loop
      vertex 10.995563823164899 13.291353437882362 0
      vertex 11.632987812913587 14.061866680658152 44.449999999999996
      vertex 11.808437577269881 12.57470882301935 0
    endloop
  endfacet
  facet normal 0.749921504396115 0.661144741088585 -0.02248040424849491
    outer loop
      vertex 13.291353437882362 10.995563823164899 0
      vertex 12.57470882301935 11.808437577269881 0
      vertex 14.061866680658152 11.632987812913587 44.449999999999996
    endloop
  endfacet
  facet normal 0.6127521620989631 0.7899553273874861 -0.02248040424849494
    outer loop
      vertex 10.995563823164899 13.291353437882362 0
      vertex 10.139295602045161 13.955543152967843 0
      vertex 10.727080854337634 14.764560147342792 44.449999999999996
    endloop
  endfacet
  facet normal -0.999253968845599 0.03140282106981598 -0.022480404248494918
    outer loop
      vertex -17.25 0 0
      vertex -18.25 0 44.449999999999996
      vertex -18.213987793815956 1.1459269814099673 44.449999999999996
    endloop
  endfacet
  facet normal -0.9953103699462795 0.09408453062126952 -0.02248040424849491
    outer loop
      vertex -17.113978597674745 2.161998278984245 0
      vertex -18.213987793815956 1.1459269814099673 44.449999999999996
      vertex -18.106093298989222 2.2873315125485494 44.449999999999996
    endloop
  endfacet
  facet normal -0.9874387357308364 0.15639493151349762 -0.022480404248494925
    outer loop
      vertex -16.94445507506988 3.232327676603753 0
      vertex -18.106093298989222 2.2873315125485494 44.449999999999996
      vertex -17.926742325798568 3.419708991189478 44.449999999999996
    endloop
  endfacet
  facet normal -0.9756701319433119 0.2180881130610855 -0.02248040424849492
    outer loop
      vertex -16.708059529468887 4.289900553593746 0
      vertex -17.926742325798568 3.419708991189478 44.449999999999996
      vertex -17.676642690597518 4.538590440758601 44.449999999999996
    endloop
  endfacet
  facet normal -0.9600510038862895 0.27892060046140726 -0.02248040424849492
    outer loop
      vertex -16.405724906091397 5.330543152967842 0
      vertex -17.676642690597518 4.538590440758601 44.449999999999996
      vertex -17.35678142238655 5.63956014734279 44.449999999999996
    endloop
  endfacet
  facet normal -0.9406429931225135 0.3386523156784007 -0.022480404248494977
    outer loop
      vertex -16.038644381572336 6.350148533810693 0
      vertex -17.35678142238655 5.63956014734279 44.449999999999996
      vertex -16.96842086746059 6.718273086495371 44.449999999999996
    endloop
  endfacet
  facet normal -0.9175226942037855 0.3970475249209481 -0.022480404248494925
    outer loop
      vertex -15.608266655038838 7.3446927794975 0
      vertex -16.96842086746059 6.718273086495371 44.449999999999996
      vertex -16.513093707504858 7.770472071062572 44.449999999999996
    endloop
  endfacet
  facet normal -0.8907813523872835 0.45387576897638704 -0.02248040424849489
    outer loop
      vertex -15.116290230756645 8.31025087825459 0
      vertex -16.513093707504858 7.770472071062572 44.449999999999996
      vertex -15.992596910800508 8.792004552356305 44.449999999999996
    endloop
  endfacet
  facet normal 0 0 1
    outer loop
      vertex -18.213987793815956 -1.1459269814099673 44.449999999999996
      vertex -18.213987793815956 1.1459269814099673 44.449999999999996
      vertex -18.25 0 44.449999999999996
    endloop
  endfacet
  facet normal 0 0 1
    outer loop
      vertex -18.106093298989222 -2.2873315125485494 44.449999999999996
      vertex -18.106093298989222 2.2873315125485494 44.449999999999996
      vertex -18.213987793815956 1.1459269814099673 44.449999999999996
    endloop
  endfacet
  facet normal 0 0 1
    outer loop
      vertex -17.926742325798568 -3.419708991189478 44.449999999999996
      vertex -17.926742325798568 3.419708991189478 44.449999999999996
      vertex -18.106093298989222 2.2873315125485494 44.449999999999996
    endloop
  endfacet
  facet normal 0 0 1
    outer loop
      vertex -17.676642690597518 -4.538590440758601 44.449999999999996
      vertex -17.676642690597518 4.538590440758601 44.449999999999996
      vertex -17.926742325798568 3.419708991189478 44.449999999999996
    endloop
  endfacet
  facet normal 0 0 1
    outer loop
      vertex -17.35678142238655 -5.63956014734279 44.449999999999996
      vertex -17.35678142238655 5.63956014734279 44.449999999999996
      vertex -17.676642690597518 4.538590440758601 44.449999999999996
    endloop
  endfacet
  facet normal 0 0 1
    outer loop
      vertex -17.35678142238655 5.63956014734279 44.449999999999996
      vertex -17 0 44.449999999999996
      vertex -16.966454383280617 1.0674388319983257 44.449999999999996
    endloop
  endfacet
  facet normal 0 0 1
    outer loop
      vertex -16.96842086746059 6.718273086495371 44.449999999999996
      vertex -16.966454383280617 1.0674388319983257 44.449999999999996
      vertex -16.865949922346125 2.1306649705931693 44.449999999999996
    endloop
  endfacet
  facet normal 0 0 1
    outer loop
      vertex -17.35678142238655 5.63956014734279 44.449999999999996
      vertex -16.966454383280617 1.0674388319983257 44.449999999999996
      vertex -16.96842086746059 6.718273086495371 44.449999999999996
    endloop
  endfacet
  facet normal 0 0 1
    outer loop
      vertex -16.96842086746059 6.718273086495371 44.449999999999996
      vertex -16.865949922346125 2.1306649705931693 44.449999999999996
      vertex -16.698883262387707 3.185482347957322 44.449999999999996
    endloop
  endfacet
  facet normal 0 0 1
    outer loop
      vertex -16.96842086746059 6.718273086495371 44.449999999999996
      vertex -16.698883262387707 3.185482347957322 44.449999999999996
      vertex -16.46591373918673 4.227728081802533 44.449999999999996
    endloop
  endfacet
  facet normal 0 0 1
    outer loop
      vertex -16.96842086746059 6.718273086495371 44.449999999999996
      vertex -16.46591373918673 4.227728081802533 44.449999999999996
      vertex -16.513093707504858 7.770472071062572 44.449999999999996
    endloop
  endfacet
  facet normal 0 0 1
    outer loop
      vertex -16.513093707504858 7.770472071062572 44.449999999999996
      vertex -16.46591373918673 4.227728081802533 44.449999999999996
      vertex -16.16796077701761 5.253288904374106 44.449999999999996
    endloop
  endfacet
  facet normal 0 0 1
    outer loop
      vertex -16.513093707504858 7.770472071062572 44.449999999999996
      vertex -16.16796077701761 5.253288904374106 44.449999999999996
      vertex -15.806200260100274 6.258117395639523 44.449999999999996
    endloop
  endfacet
  facet normal 0 0 1
    outer loop
      vertex -16.513093707504858 7.770472071062572 44.449999999999996
      vertex -15.806200260100274 6.258117395639523 44.449999999999996
      vertex -15.992596910800508 8.792004552356305 44.449999999999996
    endloop
  endfacet
  facet normal 0 0 1
    outer loop
      vertex -15.992596910800508 8.792004552356305 44.449999999999996
      vertex -15.806200260100274 6.258117395639523 44.449999999999996
      vertex -15.382059891922333 7.238247956606232 44.449999999999996
    endloop
  endfacet
  facet normal 0 0 1
    outer loop
      vertex -15.408984640411774 9.778839008366688 44.449999999999996
      vertex -15.382059891922333 7.238247956606232 44.449999999999996
      vertex -14.89721356074568 8.189812459729161 44.449999999999996
    endloop
  endfacet
  facet normal 0 0 1
    outer loop
      vertex -15.992596910800508 8.792004552356305 44.449999999999996
      vertex -15.382059891922333 7.238247956606232 44.449999999999996
      vertex -15.408984640411774 9.778839008366688 44.449999999999996
    endloop
  endfacet
  facet normal 0 0 1
    outer loop
      vertex -15.408984640411774 9.778839008366688 44.449999999999996
      vertex -14.89721356074568 8.189812459729161 44.449999999999996
      vertex -14.353574733534254 9.109055514642943 44.449999999999996
    endloop
  endfacet
  facet normal -0.8605245035321986 0.5089127727277902 -0.022480404248494935
    outer loop
      vertex -14.564656714909757 9.243012213387692 0
      vertex -15.992596910800508 8.792004552356305 44.449999999999996
      vertex -15.408984640411774 9.778839008366688 44.449999999999996
    endloop
  endfacet
  facet normal -0.8268715575979223 0.5619413302653669 -0.022480404248494942
    outer loop
      vertex -13.955543152967843 10.139295602045161 0
      vertex -15.408984640411774 9.778839008366688 44.449999999999996
      vertex -14.764560147342792 10.727080854337634 44.449999999999996
    endloop
  endfacet
  facet normal -0.7899553273874865 0.6127521620989628 -0.022480404248494915
    outer loop
      vertex -13.291353437882366 10.995563823164897 0
      vertex -14.764560147342792 10.727080854337634 44.449999999999996
      vertex -14.061866680658156 11.632987812913585 44.449999999999996
    endloop
  endfacet
  facet normal -0.7499215043961132 0.661144741088587 -0.02248040424849493
    outer loop
      vertex -12.574708823019352 11.808437577269876 0
      vertex -14.061866680658156 11.632987812913585 44.449999999999996
      vertex -13.303677450440762 12.492984683198566 44.449999999999996
    endloop
  endfacet
  facet normal -0.7069280838334351 0.706928083833435 -0.02248040424849493
    outer loop
      vertex -11.808437577269876 12.574708823019352 0
      vertex -13.303677450440762 12.492984683198566 44.449999999999996
      vertex -12.492984683198566 13.303677450440762 44.449999999999996
    endloop
  endfacet
  facet normal -0.661144741088587 0.7499215043961132 -0.02248040424849493
    outer loop
      vertex -11.808437577269876 12.574708823019352 0
      vertex -12.492984683198566 13.303677450440762 44.449999999999996
      vertex -11.632987812913585 14.061866680658156 44.449999999999996
    endloop
  endfacet
  facet normal -0.6127521620989628 0.7899553273874865 -0.022480404248494915
    outer loop
      vertex -10.995563823164897 13.291353437882366 0
      vertex -11.632987812913585 14.061866680658156 44.449999999999996
      vertex -10.727080854337634 14.764560147342792 44.449999999999996
    endloop
  endfacet
  facet normal -0.5619413302653669 0.8268715575979223 -0.022480404248494942
    outer loop
      vertex -10.139295602045161 13.955543152967843 0
      vertex -10.727080854337634 14.764560147342792 44.449999999999996
      vertex -9.778839008366688 15.408984640411774 44.449999999999996
    endloop
  endfacet
  facet normal -0.5089127727277918 0.8605245035321977 -0.02248040424849494
    outer loop
      vertex -9.243012213387692 14.564656714909757 0
      vertex -9.778839008366688 15.408984640411774 44.449999999999996
      vertex -8.792004552356303 15.992596910800511 44.449999999999996
    endloop
  endfacet
  facet normal -0.4538757689763847 0.8907813523872847 -0.022480404248494942
    outer loop
      vertex -8.310250878254587 15.116290230756647 0
      vertex -8.792004552356303 15.992596910800511 44.449999999999996
      vertex -7.770472071062577 16.513093707504854 44.449999999999996
    endloop
  endfacet
  facet normal -0.3970475249209489 0.9175226942037852 -0.022480404248494894
    outer loop
      vertex -7.344692779497504 15.608266655038836 0
      vertex -7.770472071062577 16.513093707504854 44.449999999999996
      vertex -6.718273086495371 16.96842086746059 44.449999999999996
    endloop
  endfacet
  facet normal -0.3386523156784007 0.9406429931225135 -0.022480404248494977
    outer loop
      vertex -6.350148533810693 16.038644381572336 0
      vertex -6.718273086495371 16.96842086746059 44.449999999999996
      vertex -5.63956014734279 17.35678142238655 44.449999999999996
    endloop
  endfacet
  facet normal -0.27892060046140726 0.9600510038862895 -0.02248040424849492
    outer loop
      vertex -5.330543152967842 16.405724906091397 0
      vertex -5.63956014734279 17.35678142238655 44.449999999999996
      vertex -4.538590440758601 17.676642690597518 44.449999999999996
    endloop
  endfacet
  facet normal -0.21808811306108475 0.9756701319433121 -0.022480404248494925
    outer loop
      vertex -3.2323276766037488 16.94445507506988 0
      vertex -4.538590440758601 17.676642690597518 44.449999999999996
      vertex -3.4197089911894736 17.926742325798568 44.449999999999996
    endloop
  endfacet
  facet normal -0.15639493151349884 0.9874387357308363 -0.022480404248494915
    outer loop
      vertex -2.161998278984249 17.113978597674745 0
      vertex -3.4197089911894736 17.926742325798568 44.449999999999996
      vertex -2.2873315125485534 18.106093298989222 44.449999999999996
    endloop
  endfacet
  facet normal -0.09408453062126917 0.9953103699462795 -0.02248040424849492
    outer loop
      vertex -1.083136461880654 17.215961065387685 0
      vertex -2.2873315125485534 18.106093298989222 44.449999999999996
      vertex -1.1459269814099673 18.213987793815956 44.449999999999996
    endloop
  endfacet
  facet normal -0.03140282106981598 0.999253968845599 -0.022480404248494918
    outer loop
      vertex -1.1459269814099673 18.213987793815956 44.449999999999996
      vertex 0 18.25 44.449999999999996
      vertex 0 17.25 0
    endloop
  endfacet
  facet normal 0.03140282106981603 0.999253968845599 -0.022480404248494925
    outer loop
      vertex 1.083136461880654 17.215961065387685 0
      vertex 0 18.25 44.449999999999996
      vertex 1.1459269814099673 18.213987793815956 44.449999999999996
    endloop
  endfacet
  facet normal 0 0 1
    outer loop
      vertex -15.408984640411774 9.778839008366688 44.449999999999996
      vertex -14.353574733534254 9.109055514642943 44.449999999999996
      vertex -14.764560147342792 10.727080854337634 44.449999999999996
    endloop
  endfacet
  facet normal 0 0 1
    outer loop
      vertex -14.764560147342792 10.727080854337634 44.449999999999996
      vertex -14.353574733534254 9.109055514642943 44.449999999999996
      vertex -13.753288904374106 9.992349288972044 44.449999999999996
    endloop
  endfacet
  facet normal 0 0 1
    outer loop
      vertex -14.764560147342792 10.727080854337634 44.449999999999996
      vertex -13.753288904374106 9.992349288972044 44.449999999999996
      vertex -14.061866680658156 11.632987812913585 44.449999999999996
    endloop
  endfacet
  facet normal 0 0 1
    outer loop
      vertex -14.061866680658156 11.632987812913585 44.449999999999996
      vertex -13.753288904374106 9.992349288972044 44.449999999999996
      vertex -13.09872512718842 10.836207825727724 44.449999999999996
    endloop
  endfacet
  facet normal 0 0 1
    outer loop
      vertex -14.061866680658156 11.632987812913585 44.449999999999996
      vertex -13.09872512718842 10.836207825727724 44.449999999999996
      vertex -13.303677450440762 12.492984683198566 44.449999999999996
    endloop
  endfacet
  facet normal 0 0 1
    outer loop
      vertex -13.303677450440762 12.492984683198566 44.449999999999996
      vertex -13.09872512718842 10.836207825727724 44.449999999999996
      vertex -12.392466666163998 11.637300800787704 44.449999999999996
    endloop
  endfacet
  facet normal 0 0 1
    outer loop
      vertex -13.303677450440762 12.492984683198566 44.449999999999996
      vertex -12.392466666163998 11.637300800787704 44.449999999999996
      vertex -12.492984683198566 13.303677450440762 44.449999999999996
    endloop
  endfacet
  facet normal 0 0 1
    outer loop
      vertex -12.492984683198566 13.303677450440762 44.449999999999996
      vertex -12.392466666163998 11.637300800787704 44.449999999999996
      vertex -11.637300800787704 12.392466666163998 44.449999999999996
    endloop
  endfacet
  facet normal 0 0 1
    outer loop
      vertex -12.492984683198566 13.303677450440762 44.449999999999996
      vertex -11.637300800787704 12.392466666163998 44.449999999999996
      vertex -10.836207825727724 13.09872512718842 44.449999999999996
    endloop
  endfacet
  facet normal 0 0 1
    outer loop
      vertex -12.492984683198566 13.303677450440762 44.449999999999996
      vertex -10.836207825727724 13.09872512718842 44.449999999999996
      vertex -11.632987812913585 14.061866680658156 44.449999999999996
    endloop
  endfacet
  facet normal 0 0 1
    outer loop
      vertex -11.632987812913585 14.061866680658156 44.449999999999996
      vertex -10.836207825727724 13.09872512718842 44.449999999999996
      vertex -9.992349288972044 13.753288904374106 44.449999999999996
    endloop
  endfacet
  facet normal 0 0 1
    outer loop
      vertex -11.632987812913585 14.061866680658156 44.449999999999996
      vertex -9.992349288972044 13.753288904374106 44.449999999999996
      vertex -10.727080854337634 14.764560147342792 44.449999999999996
    endloop
  endfacet
  facet normal 0 0 1
    outer loop
      vertex -10.727080854337634 14.764560147342792 44.449999999999996
      vertex -9.992349288972044 13.753288904374106 44.449999999999996
      vertex -9.109055514642943 14.353574733534254 44.449999999999996
    endloop
  endfacet
  facet normal 0 0 1
    outer loop
      vertex -10.727080854337634 14.764560147342792 44.449999999999996
      vertex -9.109055514642943 14.353574733534254 44.449999999999996
      vertex -9.778839008366688 15.408984640411774 44.449999999999996
    endloop
  endfacet
  facet normal 0 0 1
    outer loop
      vertex -9.778839008366688 15.408984640411774 44.449999999999996
      vertex -9.109055514642943 14.353574733534254 44.449999999999996
      vertex -8.189812459729158 14.897213560745682 44.449999999999996
    endloop
  endfacet
  facet normal 0 0 1
    outer loop
      vertex -9.778839008366688 15.408984640411774 44.449999999999996
      vertex -8.189812459729158 14.897213560745682 44.449999999999996
      vertex -8.792004552356303 15.992596910800511 44.449999999999996
    endloop
  endfacet
  facet normal 0 0 1
    outer loop
      vertex -8.792004552356303 15.992596910800511 44.449999999999996
      vertex -8.189812459729158 14.897213560745682 44.449999999999996
      vertex -7.238247956606236 15.382059891922331 44.449999999999996
    endloop
  endfacet
  facet normal 0 0 1
    outer loop
      vertex -8.792004552356303 15.992596910800511 44.449999999999996
      vertex -7.238247956606236 15.382059891922331 44.449999999999996
      vertex -7.770472071062577 16.513093707504854 44.449999999999996
    endloop
  endfacet
  facet normal 0 0 1
    outer loop
      vertex -7.770472071062577 16.513093707504854 44.449999999999996
      vertex -7.238247956606236 15.382059891922331 44.449999999999996
      vertex -6.258117395639523 15.806200260100274 44.449999999999996
    endloop
  endfacet
  facet normal 0 0 1
    outer loop
      vertex -7.770472071062577 16.513093707504854 44.449999999999996
      vertex -6.258117395639523 15.806200260100274 44.449999999999996
      vertex -6.718273086495371 16.96842086746059 44.449999999999996
    endloop
  endfacet
  facet normal 0 0 1
    outer loop
      vertex -6.718273086495371 16.96842086746059 44.449999999999996
      vertex -6.258117395639523 15.806200260100274 44.449999999999996
      vertex -5.253288904374106 16.16796077701761 44.449999999999996
    endloop
  endfacet
  facet normal 0 0 1
    outer loop
      vertex -6.718273086495371 16.96842086746059 44.449999999999996
      vertex -5.253288904374106 16.16796077701761 44.449999999999996
      vertex -5.63956014734279 17.35678142238655 44.449999999999996
    endloop
  endfacet
  facet normal 0 0 1
    outer loop
      vertex -5.63956014734279 17.35678142238655 44.449999999999996
      vertex -5.253288904374106 16.16796077701761 44.449999999999996
      vertex -4.227728081802533 16.46591373918673 44.449999999999996
    endloop
  endfacet
  facet normal 0 0 1
    outer loop
      vertex -4.538590440758601 17.676642690597518 44.449999999999996
      vertex -4.227728081802533 16.46591373918673 44.449999999999996
      vertex -3.1854823479573176 16.698883262387707 44.449999999999996
    endloop
  endfacet
  facet normal 0 0 1
    outer loop
      vertex -5.63956014734279 17.35678142238655 44.449999999999996
      vertex -4.227728081802533 16.46591373918673 44.449999999999996
      vertex -4.538590440758601 17.676642690597518 44.449999999999996
    endloop
  endfacet
  facet normal 0 0 1
    outer loop
      vertex -4.538590440758601 17.676642690597518 44.449999999999996
      vertex -3.1854823479573176 16.698883262387707 44.449999999999996
      vertex -3.4197089911894736 17.926742325798568 44.449999999999996
    endloop
  endfacet
  facet normal 0 0 1
    outer loop
      vertex -3.4197089911894736 17.926742325798568 44.449999999999996
      vertex -3.1854823479573176 16.698883262387707 44.449999999999996
      vertex -2.130664970593173 16.865949922346125 44.449999999999996
    endloop
  endfacet
  facet normal 0 0 1
    outer loop
      vertex -3.4197089911894736 17.926742325798568 44.449999999999996
      vertex -2.130664970593173 16.865949922346125 44.449999999999996
      vertex -2.2873315125485534 18.106093298989222 44.449999999999996
    endloop
  endfacet
  facet normal 0 0 1
    outer loop
      vertex -2.2873315125485534 18.106093298989222 44.449999999999996
      vertex -2.130664970593173 16.865949922346125 44.449999999999996
      vertex -1.0674388319983257 16.966454383280617 44.449999999999996
    endloop
  endfacet
  facet normal 0 0 1
    outer loop
      vertex 0 18.25 44.449999999999996
      vertex -1.0674388319983257 16.966454383280617 44.449999999999996
      vertex 0 17 44.449999999999996
    endloop
  endfacet
  facet normal 0 0 1
    outer loop
      vertex -2.2873315125485534 18.106093298989222 44.449999999999996
      vertex -1.0674388319983257 16.966454383280617 44.449999999999996
      vertex -1.1459269814099673 18.213987793815956 44.449999999999996
    endloop
  endfacet
  facet normal 0 0 1
    outer loop
      vertex -1.1459269814099673 18.213987793815956 44.449999999999996
      vertex -1.0674388319983257 16.966454383280617 44.449999999999996
      vertex 0 18.25 44.449999999999996
    endloop
  endfacet
  facet normal 0 0 1
    outer loop
      vertex 0 18.25 44.449999999999996
      vertex 0 17 44.449999999999996
      vertex 1.0674388319983257 16.966454383280617 44.449999999999996
    endloop
  endfacet
  facet normal 0 0 1
    outer loop
      vertex 0 18.25 44.449999999999996
      vertex 1.0674388319983257 16.966454383280617 44.449999999999996
      vertex 1.1459269814099673 18.213987793815956 44.449999999999996
    endloop
  endfacet
  facet normal 0.999253968845599 0.031402821069815984 -0.02248040424849492
    outer loop
      vertex 17.215961065387685 1.0831364618806556 0
      vertex 18.213987793815956 1.145926981409969 44.449999999999996
      vertex 18.25 0 44.449999999999996
    endloop
  endfacet
  facet normal 0.9953103699462795 0.09408453062126935 -0.02248040424849491
    outer loop
      vertex 17.113978597674745 2.1619982789842487 0
      vertex 18.106093298989222 2.287331512548553 44.449999999999996
      vertex 18.213987793815956 1.145926981409969 44.449999999999996
    endloop
  endfacet
  facet normal 0.9756701319433119 0.21808811306108497 -0.022480404248494915
    outer loop
      vertex 16.708059529468887 4.289900553593745 0
      vertex 17.676642690597518 4.5385904407586 44.449999999999996
      vertex 17.926742325798568 3.4197089911894745 44.449999999999996
    endloop
  endfacet
  facet normal 0.9874387357308363 0.15639493151349854 -0.02248040424849493
    outer loop
      vertex 16.94445507506988 3.2323276766037496 0
      vertex 17.926742325798568 3.4197089911894745 44.449999999999996
      vertex 18.106093298989222 2.287331512548553 44.449999999999996
    endloop
  endfacet
  facet normal 0.9600510038862896 0.27892060046140704 -0.022480404248494925
    outer loop
      vertex 16.405724906091397 5.330543152967842 0
      vertex 17.35678142238655 5.63956014734279 44.449999999999996
      vertex 17.676642690597518 4.5385904407586 44.449999999999996
    endloop
  endfacet
  facet normal 0.940642993122513 0.3386523156784028 -0.02248040424849491
    outer loop
      vertex 16.038644381572336 6.350148533810695 0
      vertex 16.968420867460587 6.7182730864953735 44.449999999999996
      vertex 17.35678142238655 5.63956014734279 44.449999999999996
    endloop
  endfacet
  facet normal 0.917522694203787 0.39704752492094497 -0.022480404248494932
    outer loop
      vertex 15.608266655038838 7.344692779497503 0
      vertex 16.513093707504858 7.770472071062576 44.449999999999996
      vertex 16.968420867460587 6.7182730864953735 44.449999999999996
    endloop
  endfacet
  facet normal 0.8907813523872838 0.45387576897638604 -0.02248040424849494
    outer loop
      vertex 15.116290230756647 8.310250878254589 0
      vertex 15.992596910800511 8.792004552356305 44.449999999999996
      vertex 16.513093707504858 7.770472071062576 44.449999999999996
    endloop
  endfacet
  facet normal 0 0 1
    outer loop
      vertex 17.35678142238655 -5.63956014734279 44.449999999999996
      vertex 16.968420867460587 6.7182730864953735 44.449999999999996
      vertex 17 0 44.449999999999996
    endloop
  endfacet
  facet normal 0 0 1
    outer loop
      vertex 17.676642690597518 -4.538590440758593 44.449999999999996
      vertex 17.676642690597518 4.5385904407586 44.449999999999996
      vertex 17.35678142238655 5.63956014734279 44.449999999999996
    endloop
  endfacet
  facet normal 0 0 1
    outer loop
      vertex 17.35678142238655 -5.63956014734279 44.449999999999996
      vertex 17.35678142238655 5.63956014734279 44.449999999999996
      vertex 16.968420867460587 6.7182730864953735 44.449999999999996
    endloop
  endfacet
  facet normal 0 0 1
    outer loop
      vertex 18.213987793815956 -1.1459269814099762 44.449999999999996
      vertex 18.213987793815956 1.145926981409969 44.449999999999996
      vertex 18.106093298989222 2.287331512548553 44.449999999999996
    endloop
  endfacet
  facet normal 0 0 1
    outer loop
      vertex 18.106093298989222 -2.2873315125485494 44.449999999999996
      vertex 18.106093298989222 2.287331512548553 44.449999999999996
      vertex 17.926742325798568 3.4197089911894745 44.449999999999996
    endloop
  endfacet
  facet normal 0 0 1
    outer loop
      vertex 17.926742325798568 -3.419708991189478 44.449999999999996
      vertex 17.926742325798568 3.4197089911894745 44.449999999999996
      vertex 17.676642690597518 4.5385904407586 44.449999999999996
    endloop
  endfacet
  facet normal 0 0 1
    outer loop
      vertex 16.968420867460587 6.7182730864953735 44.449999999999996
      vertex 16.966454383280617 1.0674388319983275 44.449999999999996
      vertex 17 0 44.449999999999996
    endloop
  endfacet
  facet normal 0 0 1
    outer loop
      vertex 16.968420867460587 6.7182730864953735 44.449999999999996
      vertex 16.865949922346125 2.1306649705931724 44.449999999999996
      vertex 16.966454383280617 1.0674388319983275 44.449999999999996
    endloop
  endfacet
  facet normal 0 0 1
    outer loop
      vertex 16.968420867460587 6.7182730864953735 44.449999999999996
      vertex 16.698883262387707 3.185482347957319 44.449999999999996
      vertex 16.865949922346125 2.1306649705931724 44.449999999999996
    endloop
  endfacet
  facet normal 0 0 1
    outer loop
      vertex 16.513093707504858 7.770472071062576 44.449999999999996
      vertex 16.46591373918673 4.227728081802532 44.449999999999996
      vertex 16.698883262387707 3.185482347957319 44.449999999999996
    endloop
  endfacet
  facet normal 0 0 1
    outer loop
      vertex 16.513093707504858 7.770472071062576 44.449999999999996
      vertex 16.16796077701761 5.253288904374106 44.449999999999996
      vertex 16.46591373918673 4.227728081802532 44.449999999999996
    endloop
  endfacet
  facet normal 0 0 1
    outer loop
      vertex 15.992596910800511 8.792004552356305 44.449999999999996
      vertex 15.806200260100272 6.258117395639526 44.449999999999996
      vertex 16.16796077701761 5.253288904374106 44.449999999999996
    endloop
  endfacet
  facet normal 0 0 1
    outer loop
      vertex 16.968420867460587 6.7182730864953735 44.449999999999996
      vertex 16.513093707504858 7.770472071062576 44.449999999999996
      vertex 16.698883262387707 3.185482347957319 44.449999999999996
    endloop
  endfacet
  facet normal 0 0 1
    outer loop
      vertex 16.513093707504858 7.770472071062576 44.449999999999996
      vertex 15.992596910800511 8.792004552356305 44.449999999999996
      vertex 16.16796077701761 5.253288904374106 44.449999999999996
    endloop
  endfacet
  facet normal 0 0 1
    outer loop
      vertex 15.408984640411775 9.778839008366688 44.449999999999996
      vertex 15.382059891922333 7.238247956606235 44.449999999999996
      vertex 15.806200260100272 6.258117395639526 44.449999999999996
    endloop
  endfacet
  facet normal 0 0 1
    outer loop
      vertex 15.408984640411775 9.778839008366688 44.449999999999996
      vertex 14.897213560745682 8.189812459729161 44.449999999999996
      vertex 15.382059891922333 7.238247956606235 44.449999999999996
    endloop
  endfacet
  facet normal 0 0 1
    outer loop
      vertex 15.992596910800511 8.792004552356305 44.449999999999996
      vertex 15.408984640411775 9.778839008366688 44.449999999999996
      vertex 15.806200260100272 6.258117395639526 44.449999999999996
    endloop
  endfacet
  facet normal 0.09408453062126917 0.9953103699462795 -0.02248040424849491
    outer loop
      vertex 2.161998278984249 17.113978597674745 0
      vertex 1.1459269814099673 18.213987793815956 44.449999999999996
      vertex 2.2873315125485534 18.106093298989222 44.449999999999996
    endloop
  endfacet
  facet normal 0.15639493151349873 0.9874387357308363 -0.022480404248494925
    outer loop
      vertex 3.2323276766037488 16.94445507506988 0
      vertex 2.2873315125485534 18.106093298989222 44.449999999999996
      vertex 3.4197089911894736 17.926742325798568 44.449999999999996
    endloop
  endfacet
  facet normal 0.21808811306108467 0.9756701319433121 -0.022480404248494915
    outer loop
      vertex 4.289900553593746 16.708059529468887 0
      vertex 3.4197089911894736 17.926742325798568 44.449999999999996
      vertex 4.538590440758601 17.676642690597518 44.449999999999996
    endloop
  endfacet
  facet normal 0.2789206004614072 0.9600510038862896 -0.02248040424849492
    outer loop
      vertex 5.330543152967842 16.405724906091397 0
      vertex 4.538590440758601 17.676642690597518 44.449999999999996
      vertex 5.63956014734279 17.35678142238655 44.449999999999996
    endloop
  endfacet
  facet normal 0.561941330265368 0.8268715575979215 -0.022480404248494942
    outer loop
      vertex 10.139295602045161 13.955543152967843 0
      vertex 9.778839008366688 15.408984640411775 44.449999999999996
      vertex 10.727080854337634 14.764560147342792 44.449999999999996
    endloop
  endfacet
  facet normal 0.4538757689763846 0.8907813523872847 -0.022480404248494942
    outer loop
      vertex 8.310250878254587 15.116290230756647 0
      vertex 7.770472071062577 16.513093707504854 44.449999999999996
      vertex 8.792004552356303 15.992596910800511 44.449999999999996
    endloop
  endfacet
  facet normal 0.5089127727277907 0.8605245035321982 -0.02248040424849494
    outer loop
      vertex 9.243012213387692 14.56465671490976 0
      vertex 8.792004552356303 15.992596910800511 44.449999999999996
      vertex 9.778839008366688 15.408984640411775 44.449999999999996
    endloop
  endfacet
  facet normal 0.33865231567840065 0.9406429931225135 -0.022480404248494977
    outer loop
      vertex 6.350148533810693 16.038644381572336 0
      vertex 5.63956014734279 17.35678142238655 44.449999999999996
      vertex 6.718273086495371 16.96842086746059 44.449999999999996
    endloop
  endfacet
  facet normal 0.397047524920949 0.9175226942037852 -0.022480404248494894
    outer loop
      vertex 7.344692779497504 15.608266655038836 0
      vertex 6.718273086495371 16.96842086746059 44.449999999999996
      vertex 7.770472071062577 16.513093707504854 44.449999999999996
    endloop
  endfacet
  facet normal 0.8268715575979215 0.561941330265368 -0.022480404248494942
    outer loop
      vertex 13.955543152967843 10.139295602045161 0
      vertex 14.764560147342792 10.727080854337634 44.449999999999996
      vertex 15.408984640411775 9.778839008366688 44.449999999999996
    endloop
  endfacet
  facet normal 0.7899553273874855 0.6127521620989638 -0.02248040424849491
    outer loop
      vertex 13.291353437882362 10.995563823164899 0
      vertex 14.061866680658152 11.632987812913587 44.449999999999996
      vertex 14.764560147342792 10.727080854337634 44.449999999999996
    endloop
  endfacet
  facet normal 0.706928083833435 0.706928083833435 -0.0224804042484949
    outer loop
      vertex 11.808437577269881 12.57470882301935 0
      vertex 12.49298468319857 13.30367745044076 44.449999999999996
      vertex 13.30367745044076 12.49298468319857 44.449999999999996
    endloop
  endfacet
  facet normal 0.6611447410885852 0.7499215043961147 -0.0224804042484949
    outer loop
      vertex 11.808437577269881 12.57470882301935 0
      vertex 11.632987812913587 14.061866680658152 44.449999999999996
      vertex 12.49298468319857 13.30367745044076 44.449999999999996
    endloop
  endfacet
  facet normal 0.7499215043961147 0.6611447410885852 -0.0224804042484949
    outer loop
      vertex 12.57470882301935 11.808437577269881 0
      vertex 13.30367745044076 12.49298468319857 44.449999999999996
      vertex 14.061866680658152 11.632987812913587 44.449999999999996
    endloop
  endfacet
  facet normal 0.8605245035321979 0.5089127727277913 -0.02248040424849494
    outer loop
      vertex 14.56465671490976 9.243012213387692 0
      vertex 15.408984640411775 9.778839008366688 44.449999999999996
      vertex 15.992596910800511 8.792004552356305 44.449999999999996
    endloop
  endfacet
  facet normal 0.6127521620989638 0.7899553273874855 -0.02248040424849491
    outer loop
      vertex 10.995563823164899 13.291353437882362 0
      vertex 10.727080854337634 14.764560147342792 44.449999999999996
      vertex 11.632987812913587 14.061866680658152 44.449999999999996
    endloop
  endfacet
  facet normal 0 0 1
    outer loop
      vertex 1.1459269814099673 18.213987793815956 44.449999999999996
      vertex 1.0674388319983257 16.966454383280617 44.449999999999996
      vertex 2.130664970593173 16.865949922346125 44.449999999999996
    endloop
  endfacet
  facet normal 0 0 1
    outer loop
      vertex 1.1459269814099673 18.213987793815956 44.449999999999996
      vertex 2.130664970593173 16.865949922346125 44.449999999999996
      vertex 2.2873315125485534 18.106093298989222 44.449999999999996
    endloop
  endfacet
  facet normal 0 0 1
    outer loop
      vertex 2.2873315125485534 18.106093298989222 44.449999999999996
      vertex 2.130664970593173 16.865949922346125 44.449999999999996
      vertex 3.1854823479573176 16.698883262387707 44.449999999999996
    endloop
  endfacet
  facet normal 0 0 1
    outer loop
      vertex 2.2873315125485534 18.106093298989222 44.449999999999996
      vertex 3.1854823479573176 16.698883262387707 44.449999999999996
      vertex 3.4197089911894736 17.926742325798568 44.449999999999996
    endloop
  endfacet
  facet normal 0 0 1
    outer loop
      vertex 3.4197089911894736 17.926742325798568 44.449999999999996
      vertex 3.1854823479573176 16.698883262387707 44.449999999999996
      vertex 4.227728081802533 16.46591373918673 44.449999999999996
    endloop
  endfacet
  facet normal 0 0 1
    outer loop
      vertex 4.538590440758601 17.676642690597518 44.449999999999996
      vertex 4.227728081802533 16.46591373918673 44.449999999999996
      vertex 5.253288904374106 16.16796077701761 44.449999999999996
    endloop
  endfacet
  facet normal 0 0 1
    outer loop
      vertex 4.538590440758601 17.676642690597518 44.449999999999996
      vertex 5.253288904374106 16.16796077701761 44.449999999999996
      vertex 5.63956014734279 17.35678142238655 44.449999999999996
    endloop
  endfacet
  facet normal 0 0 1
    outer loop
      vertex 3.4197089911894736 17.926742325798568 44.449999999999996
      vertex 4.227728081802533 16.46591373918673 44.449999999999996
      vertex 4.538590440758601 17.676642690597518 44.449999999999996
    endloop
  endfacet
  facet normal 0 0 1
    outer loop
      vertex 7.770472071062577 16.513093707504854 44.449999999999996
      vertex 7.238247956606236 15.382059891922331 44.449999999999996
      vertex 8.189812459729158 14.897213560745682 44.449999999999996
    endloop
  endfacet
  facet normal 0 0 1
    outer loop
      vertex 9.778839008366688 15.408984640411775 44.449999999999996
      vertex 9.109055514642943 14.353574733534256 44.449999999999996
      vertex 9.992349288972044 13.753288904374106 44.449999999999996
    endloop
  endfacet
  facet normal 0 0 1
    outer loop
      vertex 9.778839008366688 15.408984640411775 44.449999999999996
      vertex 9.992349288972044 13.753288904374106 44.449999999999996
      vertex 10.727080854337634 14.764560147342792 44.449999999999996
    endloop
  endfacet
  facet normal 0 0 1
    outer loop
      vertex 8.792004552356303 15.992596910800511 44.449999999999996
      vertex 8.189812459729158 14.897213560745682 44.449999999999996
      vertex 9.109055514642943 14.353574733534256 44.449999999999996
    endloop
  endfacet
  facet normal 0 0 1
    outer loop
      vertex 8.792004552356303 15.992596910800511 44.449999999999996
      vertex 9.109055514642943 14.353574733534256 44.449999999999996
      vertex 9.778839008366688 15.408984640411775 44.449999999999996
    endloop
  endfacet
  facet normal 0 0 1
    outer loop
      vertex 7.770472071062577 16.513093707504854 44.449999999999996
      vertex 8.189812459729158 14.897213560745682 44.449999999999996
      vertex 8.792004552356303 15.992596910800511 44.449999999999996
    endloop
  endfacet
  facet normal 0 0 1
    outer loop
      vertex 5.63956014734279 17.35678142238655 44.449999999999996
      vertex 5.253288904374106 16.16796077701761 44.449999999999996
      vertex 6.258117395639523 15.806200260100274 44.449999999999996
    endloop
  endfacet
  facet normal 0 0 1
    outer loop
      vertex 6.718273086495371 16.96842086746059 44.449999999999996
      vertex 6.258117395639523 15.806200260100274 44.449999999999996
      vertex 7.238247956606236 15.382059891922331 44.449999999999996
    endloop
  endfacet
  facet normal 0 0 1
    outer loop
      vertex 5.63956014734279 17.35678142238655 44.449999999999996
      vertex 6.258117395639523 15.806200260100274 44.449999999999996
      vertex 6.718273086495371 16.96842086746059 44.449999999999996
    endloop
  endfacet
  facet normal 0 0 1
    outer loop
      vertex 6.718273086495371 16.96842086746059 44.449999999999996
      vertex 7.238247956606236 15.382059891922331 44.449999999999996
      vertex 7.770472071062577 16.513093707504854 44.449999999999996
    endloop
  endfacet
  facet normal 0 0 1
    outer loop
      vertex 14.764560147342792 10.727080854337634 44.449999999999996
      vertex 14.353574733534256 9.109055514642943 44.449999999999996
      vertex 14.897213560745682 8.189812459729161 44.449999999999996
    endloop
  endfacet
  facet normal 0 0 1
    outer loop
      vertex 14.764560147342792 10.727080854337634 44.449999999999996
      vertex 14.897213560745682 8.189812459729161 44.449999999999996
      vertex 15.408984640411775 9.778839008366688 44.449999999999996
    endloop
  endfacet
  facet normal 0 0 1
    outer loop
      vertex 14.061866680658152 11.632987812913587 44.449999999999996
      vertex 13.753288904374106 9.992349288972044 44.449999999999996
      vertex 14.353574733534256 9.109055514642943 44.449999999999996
    endloop
  endfacet
  facet normal 0 0 1
    outer loop
      vertex 13.30367745044076 12.49298468319857 44.449999999999996
      vertex 13.098725127188416 10.836207825727726 44.449999999999996
      vertex 13.753288904374106 9.992349288972044 44.449999999999996
    endloop
  endfacet
  facet normal 0 0 1
    outer loop
      vertex 13.30367745044076 12.49298468319857 44.449999999999996
      vertex 13.753288904374106 9.992349288972044 44.449999999999996
      vertex 14.061866680658152 11.632987812913587 44.449999999999996
    endloop
  endfacet
  facet normal 0 0 1
    outer loop
      vertex 14.764560147342792 10.727080854337634 44.449999999999996
      vertex 14.061866680658152 11.632987812913587 44.449999999999996
      vertex 14.353574733534256 9.109055514642943 44.449999999999996
    endloop
  endfacet
  facet normal 0 0 1
    outer loop
      vertex 12.49298468319857 13.30367745044076 44.449999999999996
      vertex 12.392466666163996 11.637300800787708 44.449999999999996
      vertex 13.098725127188416 10.836207825727726 44.449999999999996
    endloop
  endfacet
  facet normal 0 0 1
    outer loop
      vertex 11.632987812913587 14.061866680658152 44.449999999999996
      vertex 10.836207825727726 13.098725127188416 44.449999999999996
      vertex 11.637300800787708 12.392466666163996 44.449999999999996
    endloop
  endfacet
  facet normal 0 0 1
    outer loop
      vertex 11.632987812913587 14.061866680658152 44.449999999999996
      vertex 11.637300800787708 12.392466666163996 44.449999999999996
      vertex 12.392466666163996 11.637300800787708 44.449999999999996
    endloop
  endfacet
  facet normal 0 0 1
    outer loop
      vertex 12.49298468319857 13.30367745044076 44.449999999999996
      vertex 11.632987812913587 14.061866680658152 44.449999999999996
      vertex 12.392466666163996 11.637300800787708 44.449999999999996
    endloop
  endfacet
  facet normal 0 0 1
    outer loop
      vertex 12.49298468319857 13.30367745044076 44.449999999999996
      vertex 13.098725127188416 10.836207825727726 44.449999999999996
      vertex 13.30367745044076 12.49298468319857 44.449999999999996
    endloop
  endfacet
  facet normal 0 0 1
    outer loop
      vertex 10.727080854337634 14.764560147342792 44.449999999999996
      vertex 9.992349288972044 13.753288904374106 44.449999999999996
      vertex 10.836207825727726 13.098725127188416 44.449999999999996
    endloop
  endfacet
  facet normal 0 0 1
    outer loop
      vertex 10.727080854337634 14.764560147342792 44.449999999999996
      vertex 10.836207825727726 13.098725127188416 44.449999999999996
      vertex 11.632987812913587 14.061866680658152 44.449999999999996
    endloop
  endfacet
  facet normal 0.7036009813619876 0.7036009813619876 0.09945510571557392
    outer loop
      vertex -11.663498038742587 -10.952753694859016 34.449999999999996
      vertex -12.392466666163998 -11.637300800787704 44.449999999999996
      vertex -10.952753694859016 -11.663498038742587 34.449999999999996
    endloop
  endfacet
  facet normal 0.6098682913354057 0.7862374636016377 0.09945510571557409
    outer loop
      vertex -9.40456403667957 -12.94427190999916 34.449999999999996
      vertex -10.198783835979034 -12.32821188441263 34.449999999999996
      vertex -10.836207825727724 -13.09872512718842 44.449999999999996
    endloop
  endfacet
  facet normal 0.5592965967606576 0.8229799504234901 0.09945510571557395
    outer loop
      vertex -9.40456403667957 -12.94427190999916 34.449999999999996
      vertex -9.109055514642943 -14.353574733534254 44.449999999999996
      vertex -8.573228719663947 -13.50924680803224 34.449999999999996
    endloop
  endfacet
  facet normal 0.6580331143865725 0.7463920567086791 0.09945510571557409
    outer loop
      vertex -10.952753694859016 -11.663498038742587 34.449999999999996
      vertex -10.836207825727724 -13.09872512718842 44.449999999999996
      vertex -10.198783835979034 -12.32821188441263 34.449999999999996
    endloop
  endfacet
  facet normal 0.7463920567086791 0.6580331143865725 0.09945510571557409
    outer loop
      vertex -11.663498038742587 -10.952753694859016 34.449999999999996
      vertex -12.32821188441263 -10.198783835979034 34.449999999999996
      vertex -13.09872512718842 -10.836207825727724 44.449999999999996
    endloop
  endfacet
  facet normal 0.7862374636016377 0.6098682913354057 0.09945510571557409
    outer loop
      vertex -12.94427190999916 -9.40456403667957 34.449999999999996
      vertex -13.09872512718842 -10.836207825727724 44.449999999999996
      vertex -12.32821188441263 -10.198783835979034 34.449999999999996
    endloop
  endfacet
  facet normal 0.8229799504234901 0.5592965967606577 0.09945510571557395
    outer loop
      vertex -12.94427190999916 -9.40456403667957 34.449999999999996
      vertex -14.353574733534254 -9.109055514642943 44.449999999999996
      vertex -13.753288904374106 -9.992349288972044 44.449999999999996
    endloop
  endfacet
  facet normal 0.6580331143865735 0.7463920567086781 0.09945510571557394
    outer loop
      vertex -10.952753694859016 -11.663498038742587 34.449999999999996
      vertex -11.637300800787704 -12.392466666163998 44.449999999999996
      vertex -10.836207825727724 -13.09872512718842 44.449999999999996
    endloop
  endfacet
  facet normal 0.7036009813619877 0.7036009813619877 0.09945510571557394
    outer loop
      vertex -10.952753694859016 -11.663498038742587 34.449999999999996
      vertex -12.392466666163998 -11.637300800787704 44.449999999999996
      vertex -11.637300800787704 -12.392466666163998 44.449999999999996
    endloop
  endfacet
  facet normal 0.6098682913354047 0.7862374636016385 0.09945510571557396
    outer loop
      vertex -9.40456403667957 -12.94427190999916 34.449999999999996
      vertex -10.836207825727724 -13.09872512718842 44.449999999999996
      vertex -9.992349288972044 -13.753288904374106 44.449999999999996
    endloop
  endfacet
  facet normal 0.5592965967606577 0.8229799504234901 0.09945510571557395
    outer loop
      vertex -9.40456403667957 -12.94427190999916 34.449999999999996
      vertex -9.992349288972044 -13.753288904374106 44.449999999999996
      vertex -9.109055514642943 -14.353574733534254 44.449999999999996
    endloop
  endfacet
  facet normal 0.7463920567086781 0.6580331143865735 0.09945510571557394
    outer loop
      vertex -11.663498038742587 -10.952753694859016 34.449999999999996
      vertex -13.09872512718842 -10.836207825727724 44.449999999999996
      vertex -12.392466666163998 -11.637300800787704 44.449999999999996
    endloop
  endfacet
  facet normal 0.7862374636016385 0.6098682913354047 0.09945510571557396
    outer loop
      vertex -12.94427190999916 -9.40456403667957 34.449999999999996
      vertex -13.753288904374106 -9.992349288972044 44.449999999999996
      vertex -13.09872512718842 -10.836207825727724 44.449999999999996
    endloop
  endfacet
  facet normal 0.3951788513858926 0.9132044444506559 0.09945510571557407
    outer loop
      vertex -6.812468665041159 -14.477232839456313 34.449999999999996
      vertex -7.238247956606232 -15.382059891922333 44.449999999999996
      vertex -5.889992842954846 -14.876423774212023 34.449999999999996
    endloop
  endfacet
  facet normal 0.4517396376962384 0.8865889586957281 0.09945510571557409
    outer loop
      vertex -7.708058785627446 -14.020906880701816 34.449999999999996
      vertex -8.189812459729161 -14.89721356074568 44.449999999999996
      vertex -6.812468665041159 -14.477232839456313 34.449999999999996
    endloop
  endfacet
  facet normal 0.5065176140368077 0.8564745113647946 0.09945510571557407
    outer loop
      vertex -8.573228719663947 -13.50924680803224 34.449999999999996
      vertex -8.189812459729161 -14.89721356074568 44.449999999999996
      vertex -7.708058785627446 -14.020906880701816 34.449999999999996
    endloop
  endfacet
  facet normal 0.337058474689168 0.9362159294667632 0.09945510571557392
    outer loop
      vertex -5.889992842954846 -14.876423774212023 34.449999999999996
      vertex -6.258117395639523 -15.806200260100274 44.449999999999996
      vertex -4.944271909999158 -15.216904260722456 34.449999999999996
    endloop
  endfacet
  facet normal 0.27760788218021804 0.9555325979256376 0.09945510571557402
    outer loop
      vertex -4.944271909999158 -15.216904260722456 34.449999999999996
      vertex -4.227728081802533 -16.46591373918673 44.449999999999996
      vertex -3.9790381946376776 -15.497330578058097 34.449999999999996
    endloop
  endfacet
  facet normal 0.21706169818727844 0.9710782157618195 0.09945510571557405
    outer loop
      vertex -3.9790381946376776 -15.497330578058097 34.449999999999996
      vertex -3.185482347957322 -16.698883262387707 44.449999999999996
      vertex -2.998101033371597 -15.716596011659018 34.449999999999996
    endloop
  endfacet
  facet normal 0.1556588708376519 0.982791431523826 0.09945510571557413
    outer loop
      vertex -2.998101033371597 -15.716596011659018 34.449999999999996
      vertex -2.1306649705931693 -16.865949922346125 44.449999999999996
      vertex -2.005331737028865 -15.873835221031646 34.449999999999996
    endloop
  endfacet
  facet normal 0.0936417290386012 0.9906260185003044 0.09945510571557417
    outer loop
      vertex -2.005331737028865 -15.873835221031646 34.449999999999996
      vertex -2.1306649705931693 -16.865949922346125 44.449999999999996
      vertex -1.0046483124690202 -15.968427654852345 34.449999999999996
    endloop
  endfacet
  facet normal 0.031255026115872275 0.9945510571557401 0.09945510571557403
    outer loop
      vertex -1.0046483124690202 -15.968427654852345 34.449999999999996
      vertex -1.067438831998334 -16.966454383280617 44.449999999999996
      vertex 0 -16 34.449999999999996
    endloop
  endfacet
  facet normal -0.031255026115872275 0.9945510571557401 0.09945510571557403
    outer loop
      vertex 0 -16 34.449999999999996
      vertex 1.067438831998334 -16.966454383280617 44.449999999999996
      vertex 1.0046483124690202 -15.968427654852345 34.449999999999996
    endloop
  endfacet
  facet normal 0.4517396376962383 0.886588958695728 0.09945510571557405
    outer loop
      vertex -6.812468665041159 -14.477232839456313 34.449999999999996
      vertex -8.189812459729161 -14.89721356074568 44.449999999999996
      vertex -7.238247956606232 -15.382059891922333 44.449999999999996
    endloop
  endfacet
  facet normal 0.3951788513858914 0.9132044444506561 0.09945510571557394
    outer loop
      vertex -5.889992842954846 -14.876423774212023 34.449999999999996
      vertex -7.238247956606232 -15.382059891922333 44.449999999999996
      vertex -6.258117395639523 -15.806200260100274 44.449999999999996
    endloop
  endfacet
  facet normal 0.5065176140368086 0.8564745113647939 0.09945510571557395
    outer loop
      vertex -8.573228719663947 -13.50924680803224 34.449999999999996
      vertex -9.109055514642943 -14.353574733534254 44.449999999999996
      vertex -8.189812459729161 -14.89721356074568 44.449999999999996
    endloop
  endfacet
  facet normal 0.3370584746891672 0.9362159294667636 0.09945510571557385
    outer loop
      vertex -4.944271909999158 -15.216904260722456 34.449999999999996
      vertex -6.258117395639523 -15.806200260100274 44.449999999999996
      vertex -5.253288904374106 -16.16796077701761 44.449999999999996
    endloop
  endfacet
  facet normal 0.2776078821802195 0.9555325979256372 0.09945510571557385
    outer loop
      vertex -4.944271909999158 -15.216904260722456 34.449999999999996
      vertex -5.253288904374106 -16.16796077701761 44.449999999999996
      vertex -4.227728081802533 -16.46591373918673 44.449999999999996
    endloop
  endfacet
  facet normal 0.21706169818727858 0.9710782157618194 0.099455105715574
    outer loop
      vertex -3.9790381946376776 -15.497330578058097 34.449999999999996
      vertex -4.227728081802533 -16.46591373918673 44.449999999999996
      vertex -3.185482347957322 -16.698883262387707 44.449999999999996
    endloop
  endfacet
  facet normal 0.15565887083765306 0.9827914315238258 0.09945510571557405
    outer loop
      vertex -2.998101033371597 -15.716596011659018 34.449999999999996
      vertex -3.185482347957322 -16.698883262387707 44.449999999999996
      vertex -2.1306649705931693 -16.865949922346125 44.449999999999996
    endloop
  endfacet
  facet normal 0.09364172903860003 0.9906260185003044 0.09945510571557403
    outer loop
      vertex -1.0046483124690202 -15.968427654852345 34.449999999999996
      vertex -2.1306649705931693 -16.865949922346125 44.449999999999996
      vertex -1.067438831998334 -16.966454383280617 44.449999999999996
    endloop
  endfacet
  facet normal 0.03125502611587207 0.9945510571557401 0.099455105715574
    outer loop
      vertex 0 -16 34.449999999999996
      vertex -1.067438831998334 -16.966454383280617 44.449999999999996
      vertex 0 -17 44.449999999999996
    endloop
  endfacet
  facet normal -0.03125502611587207 0.9945510571557401 0.099455105715574
    outer loop
      vertex 0 -16 34.449999999999996
      vertex 0 -17 44.449999999999996
      vertex 1.067438831998334 -16.966454383280617 44.449999999999996
    endloop
  endfacet
  facet normal 0.8229799504234901 0.5592965967606576 0.09945510571557395
    outer loop
      vertex -13.50924680803224 -8.573228719663947 34.449999999999996
      vertex -14.353574733534254 -9.109055514642943 44.449999999999996
      vertex -12.94427190999916 -9.40456403667957 34.449999999999996
    endloop
  endfacet
  facet normal 0.8564745113647946 0.5065176140368077 0.09945510571557407
    outer loop
      vertex -13.50924680803224 -8.573228719663947 34.449999999999996
      vertex -14.020906880701816 -7.708058785627446 34.449999999999996
      vertex -14.89721356074568 -8.189812459729161 44.449999999999996
    endloop
  endfacet
  facet normal 0.8865889586957281 0.4517396376962384 0.09945510571557409
    outer loop
      vertex -14.020906880701816 -7.708058785627446 34.449999999999996
      vertex -14.477232839456313 -6.812468665041159 34.449999999999996
      vertex -14.89721356074568 -8.189812459729161 44.449999999999996
    endloop
  endfacet
  facet normal 0.9132044444506559 0.3951788513858926 0.09945510571557407
    outer loop
      vertex -14.876423774212023 -5.889992842954846 34.449999999999996
      vertex -15.382059891922333 -7.238247956606232 44.449999999999996
      vertex -14.477232839456313 -6.812468665041159 34.449999999999996
    endloop
  endfacet
  facet normal 0.9362159294667632 0.337058474689168 0.09945510571557392
    outer loop
      vertex -14.876423774212023 -5.889992842954846 34.449999999999996
      vertex -15.216904260722456 -4.944271909999158 34.449999999999996
      vertex -15.806200260100274 -6.258117395639523 44.449999999999996
    endloop
  endfacet
  facet normal 0.8564745113647939 0.5065176140368086 0.09945510571557395
    outer loop
      vertex -13.50924680803224 -8.573228719663947 34.449999999999996
      vertex -14.89721356074568 -8.189812459729161 44.449999999999996
      vertex -14.353574733534254 -9.109055514642943 44.449999999999996
    endloop
  endfacet
  facet normal 0.886588958695728 0.4517396376962383 0.09945510571557405
    outer loop
      vertex -14.477232839456313 -6.812468665041159 34.449999999999996
      vertex -15.382059891922333 -7.238247956606232 44.449999999999996
      vertex -14.89721356074568 -8.189812459729161 44.449999999999996
    endloop
  endfacet
  facet normal 0.9555325979256372 0.2776078821802195 0.09945510571557385
    outer loop
      vertex -15.216904260722456 -4.944271909999158 34.449999999999996
      vertex -16.46591373918673 -4.227728081802533 44.449999999999996
      vertex -16.16796077701761 -5.253288904374106 44.449999999999996
    endloop
  endfacet
  facet normal 0.9132044444506561 0.3951788513858914 0.09945510571557394
    outer loop
      vertex -14.876423774212023 -5.889992842954846 34.449999999999996
      vertex -15.806200260100274 -6.258117395639523 44.449999999999996
      vertex -15.382059891922333 -7.238247956606232 44.449999999999996
    endloop
  endfacet
  facet normal 0.9362159294667636 0.3370584746891672 0.09945510571557385
    outer loop
      vertex -15.216904260722456 -4.944271909999158 34.449999999999996
      vertex -16.16796077701761 -5.253288904374106 44.449999999999996
      vertex -15.806200260100274 -6.258117395639523 44.449999999999996
    endloop
  endfacet
  facet normal 0.9710782157618195 0.21706169818727844 0.09945510571557405
    outer loop
      vertex -15.497330578058097 -3.9790381946376776 34.449999999999996
      vertex -15.716596011659018 -2.998101033371597 34.449999999999996
      vertex -16.698883262387707 -3.185482347957322 44.449999999999996
    endloop
  endfacet
  facet normal 0.982791431523826 0.1556588708376519 0.09945510571557413
    outer loop
      vertex -15.716596011659018 -2.998101033371597 34.449999999999996
      vertex -15.873835221031646 -2.005331737028865 34.449999999999996
      vertex -16.865949922346125 -2.1306649705931693 44.449999999999996
    endloop
  endfacet
  facet normal 0.9555325979256376 0.27760788218021804 0.09945510571557402
    outer loop
      vertex -15.216904260722456 -4.944271909999158 34.449999999999996
      vertex -15.497330578058097 -3.9790381946376776 34.449999999999996
      vertex -16.46591373918673 -4.227728081802533 44.449999999999996
    endloop
  endfacet
  facet normal 0.9906260185003044 0.09364172903860048 0.09945510571557417
    outer loop
      vertex -15.968427654852345 -1.0046483124690124 34.449999999999996
      vertex -16.865949922346125 -2.1306649705931693 44.449999999999996
      vertex -15.873835221031646 -2.005331737028865 34.449999999999996
    endloop
  endfacet
  facet normal 0.99455105715574 0.03125502611587252 0.09945510571557403
    outer loop
      vertex -15.968427654852345 -1.0046483124690124 34.449999999999996
      vertex -16 0 34.449999999999996
      vertex -16.966454383280617 -1.0674388319983257 44.449999999999996
    endloop
  endfacet
  facet normal 0.9710782157618194 0.21706169818727858 0.099455105715574
    outer loop
      vertex -15.497330578058097 -3.9790381946376776 34.449999999999996
      vertex -16.698883262387707 -3.185482347957322 44.449999999999996
      vertex -16.46591373918673 -4.227728081802533 44.449999999999996
    endloop
  endfacet
  facet normal 0.9827914315238258 0.15565887083765306 0.09945510571557405
    outer loop
      vertex -15.716596011659018 -2.998101033371597 34.449999999999996
      vertex -16.865949922346125 -2.1306649705931693 44.449999999999996
      vertex -16.698883262387707 -3.185482347957322 44.449999999999996
    endloop
  endfacet
  facet normal 0.9906260185003044 0.09364172903859933 0.09945510571557403
    outer loop
      vertex -15.968427654852345 -1.0046483124690124 34.449999999999996
      vertex -16.966454383280617 -1.0674388319983257 44.449999999999996
      vertex -16.865949922346125 -2.1306649705931693 44.449999999999996
    endloop
  endfacet
  facet normal 0.99455105715574 0.03125502611587231 0.099455105715574
    outer loop
      vertex -16 0 34.449999999999996
      vertex -17 0 44.449999999999996
      vertex -16.966454383280617 -1.0674388319983257 44.449999999999996
    endloop
  endfacet
  facet normal 0 0 1
    outer loop
      vertex -9.40456403667957 -12.94427190999916 34.449999999999996
      vertex -8.573228719663947 -13.50924680803224 34.449999999999996
      vertex 10.198783835979036 12.328211884412626 34.449999999999996
    endloop
  endfacet
  facet normal 0 0 1
    outer loop
      vertex -8.573228719663947 -13.50924680803224 34.449999999999996
      vertex -7.708058785627446 -14.020906880701816 34.449999999999996
      vertex 10.198783835979036 12.328211884412626 34.449999999999996
    endloop
  endfacet
  facet normal 0 0 1
    outer loop
      vertex -5.889992842954846 -14.876423774212023 34.449999999999996
      vertex -4.944271909999158 -15.216904260722456 34.449999999999996
      vertex 10.198783835979036 12.328211884412626 34.449999999999996
    endloop
  endfacet
  facet normal 0 0 1
    outer loop
      vertex -4.944271909999158 -15.216904260722456 34.449999999999996
      vertex -3.9790381946376776 -15.497330578058097 34.449999999999996
      vertex 10.198783835979036 12.328211884412626 34.449999999999996
    endloop
  endfacet
  facet normal 0 0 1
    outer loop
      vertex -7.708058785627446 -14.020906880701816 34.449999999999996
      vertex -6.812468665041159 -14.477232839456313 34.449999999999996
      vertex 10.198783835979036 12.328211884412626 34.449999999999996
    endloop
  endfacet
  facet normal 0 0 1
    outer loop
      vertex -6.812468665041159 -14.477232839456313 34.449999999999996
      vertex -5.889992842954846 -14.876423774212023 34.449999999999996
      vertex 10.198783835979036 12.328211884412626 34.449999999999996
    endloop
  endfacet
  facet normal 0 0 1
    outer loop
      vertex -11.663498038742587 -10.952753694859016 34.449999999999996
      vertex -10.952753694859016 -11.663498038742587 34.449999999999996
      vertex 10.198783835979036 12.328211884412626 34.449999999999996
    endloop
  endfacet
  facet normal 0 0 1
    outer loop
      vertex -11.663498038742587 -10.952753694859016 34.449999999999996
      vertex 10.198783835979036 12.328211884412626 34.449999999999996
      vertex -12.32821188441263 -10.198783835979034 34.449999999999996
    endloop
  endfacet
  facet normal 0 0 1
    outer loop
      vertex -12.94427190999916 -9.40456403667957 34.449999999999996
      vertex -12.32821188441263 -10.198783835979034 34.449999999999996
      vertex 10.198783835979036 12.328211884412626 34.449999999999996
    endloop
  endfacet
  facet normal 0 0 1
    outer loop
      vertex -14.876423774212023 -5.889992842954846 34.449999999999996
      vertex -14.477232839456313 -6.812468665041159 34.449999999999996
      vertex 10.198783835979036 12.328211884412626 34.449999999999996
    endloop
  endfacet
  facet normal 0 0 1
    outer loop
      vertex -13.50924680803224 -8.573228719663947 34.449999999999996
      vertex -12.94427190999916 -9.40456403667957 34.449999999999996
      vertex 10.198783835979036 12.328211884412626 34.449999999999996
    endloop
  endfacet
  facet normal 0 0 1
    outer loop
      vertex -13.50924680803224 -8.573228719663947 34.449999999999996
      vertex 10.198783835979036 12.328211884412626 34.449999999999996
      vertex -14.020906880701816 -7.708058785627446 34.449999999999996
    endloop
  endfacet
  facet normal 0 0 1
    outer loop
      vertex -14.020906880701816 -7.708058785627446 34.449999999999996
      vertex 10.198783835979036 12.328211884412626 34.449999999999996
      vertex -14.477232839456313 -6.812468665041159 34.449999999999996
    endloop
  endfacet
  facet normal 0 0 1
    outer loop
      vertex -9.40456403667957 -12.94427190999916 34.449999999999996
      vertex 10.198783835979036 12.328211884412626 34.449999999999996
      vertex -10.198783835979034 -12.32821188441263 34.449999999999996
    endloop
  endfacet
  facet normal 0 0 1
    outer loop
      vertex -10.952753694859016 -11.663498038742587 34.449999999999996
      vertex -10.198783835979034 -12.32821188441263 34.449999999999996
      vertex 10.198783835979036 12.328211884412626 34.449999999999996
    endloop
  endfacet
  facet normal -0.0936417290386012 0.9906260185003044 0.09945510571557417
    outer loop
      vertex 1.0046483124690202 -15.968427654852345 34.449999999999996
      vertex 2.1306649705931693 -16.865949922346125 44.449999999999996
      vertex 2.005331737028865 -15.873835221031646 34.449999999999996
    endloop
  endfacet
  facet normal -0.1556588708376519 0.982791431523826 0.09945510571557413
    outer loop
      vertex 2.005331737028865 -15.873835221031646 34.449999999999996
      vertex 2.1306649705931693 -16.865949922346125 44.449999999999996
      vertex 2.998101033371597 -15.716596011659018 34.449999999999996
    endloop
  endfacet
  facet normal -0.21706169818727816 0.9710782157618195 0.09945510571557417
    outer loop
      vertex 2.998101033371597 -15.716596011659018 34.449999999999996
      vertex 4.227728081802526 -16.465913739186732 44.449999999999996
      vertex 3.979038194637671 -15.497330578058099 34.449999999999996
    endloop
  endfacet
  facet normal -0.27760788218021787 0.9555325979256376 0.09945510571557417
    outer loop
      vertex 3.979038194637671 -15.497330578058099 34.449999999999996
      vertex 4.227728081802526 -16.465913739186732 44.449999999999996
      vertex 4.944271909999158 -15.216904260722456 34.449999999999996
    endloop
  endfacet
  facet normal -0.3370584746891686 0.936215929466763 0.09945510571557398
    outer loop
      vertex 4.944271909999158 -15.216904260722456 34.449999999999996
      vertex 6.258117395639532 -15.80620026010027 44.449999999999996
      vertex 5.889992842954854 -14.87642377421202 34.449999999999996
    endloop
  endfacet
  facet normal -0.3951788513858925 0.9132044444506557 0.09945510571557407
    outer loop
      vertex 5.889992842954854 -14.87642377421202 34.449999999999996
      vertex 7.238247956606232 -15.382059891922333 44.449999999999996
      vertex 6.812468665041159 -14.477232839456313 34.449999999999996
    endloop
  endfacet
  facet normal -0.4517396376962384 0.8865889586957281 0.09945510571557409
    outer loop
      vertex 6.812468665041159 -14.477232839456313 34.449999999999996
      vertex 8.189812459729161 -14.89721356074568 44.449999999999996
      vertex 7.708058785627446 -14.020906880701816 34.449999999999996
    endloop
  endfacet
  facet normal -0.5065176140368068 0.856474511364795 0.09945510571557407
    outer loop
      vertex 7.708058785627446 -14.020906880701816 34.449999999999996
      vertex 8.189812459729161 -14.89721356074568 44.449999999999996
      vertex 8.57322871966394 -13.509246808032245 34.449999999999996
    endloop
  endfacet
  facet normal -0.09364172903860003 0.9906260185003044 0.09945510571557403
    outer loop
      vertex 1.0046483124690202 -15.968427654852345 34.449999999999996
      vertex 1.067438831998334 -16.966454383280617 44.449999999999996
      vertex 2.1306649705931693 -16.865949922346125 44.449999999999996
    endloop
  endfacet
  facet normal -0.15565887083765306 0.9827914315238258 0.09945510571557405
    outer loop
      vertex 2.998101033371597 -15.716596011659018 34.449999999999996
      vertex 2.1306649705931693 -16.865949922346125 44.449999999999996
      vertex 3.185482347957322 -16.698883262387707 44.449999999999996
    endloop
  endfacet
  facet normal -0.21706169818727683 0.9710782157618199 0.09945510571557402
    outer loop
      vertex 2.998101033371597 -15.716596011659018 34.449999999999996
      vertex 3.185482347957322 -16.698883262387707 44.449999999999996
      vertex 4.227728081802526 -16.465913739186732 44.449999999999996
    endloop
  endfacet
  facet normal -0.2776078821802208 0.9555325979256368 0.09945510571557385
    outer loop
      vertex 4.944271909999158 -15.216904260722456 34.449999999999996
      vertex 4.227728081802526 -16.465913739186732 44.449999999999996
      vertex 5.253288904374106 -16.16796077701761 44.449999999999996
    endloop
  endfacet
  facet normal -0.33705847468916755 0.9362159294667635 0.09945510571557387
    outer loop
      vertex 4.944271909999158 -15.216904260722456 34.449999999999996
      vertex 5.253288904374106 -16.16796077701761 44.449999999999996
      vertex 6.258117395639532 -15.80620026010027 44.449999999999996
    endloop
  endfacet
  facet normal -0.39517885138589165 0.913204444450656 0.09945510571557398
    outer loop
      vertex 5.889992842954854 -14.87642377421202 34.449999999999996
      vertex 6.258117395639532 -15.80620026010027 44.449999999999996
      vertex 7.238247956606232 -15.382059891922333 44.449999999999996
    endloop
  endfacet
  facet normal -0.4517396376962383 0.886588958695728 0.09945510571557407
    outer loop
      vertex 6.812468665041159 -14.477232839456313 34.449999999999996
      vertex 7.238247956606232 -15.382059891922333 44.449999999999996
      vertex 8.189812459729161 -14.89721356074568 44.449999999999996
    endloop
  endfacet
  facet normal -0.5065176140368078 0.8564745113647944 0.09945510571557394
    outer loop
      vertex 8.57322871966394 -13.509246808032245 34.449999999999996
      vertex 8.189812459729161 -14.89721356074568 44.449999999999996
      vertex 9.109055514642936 -14.35357473353426 44.449999999999996
    endloop
  endfacet
  facet normal -0.559296596760658 0.8229799504234899 0.09945510571557395
    outer loop
      vertex 8.57322871966394 -13.509246808032245 34.449999999999996
      vertex 9.109055514642936 -14.35357473353426 44.449999999999996
      vertex 9.40456403667957 -12.94427190999916 34.449999999999996
    endloop
  endfacet
  facet normal -0.6098682913354065 0.7862374636016373 0.09945510571557396
    outer loop
      vertex 9.40456403667957 -12.94427190999916 34.449999999999996
      vertex 10.83620782572773 -13.098725127188413 44.449999999999996
      vertex 10.19878383597904 -12.328211884412624 34.449999999999996
    endloop
  endfacet
  facet normal -0.5592965967606581 0.82297995042349 0.09945510571557396
    outer loop
      vertex 9.40456403667957 -12.94427190999916 34.449999999999996
      vertex 9.109055514642936 -14.35357473353426 44.449999999999996
      vertex 9.992349288972044 -13.753288904374106 44.449999999999996
    endloop
  endfacet
  facet normal -0.6098682913354064 0.7862374636016373 0.09945510571557396
    outer loop
      vertex 9.40456403667957 -12.94427190999916 34.449999999999996
      vertex 9.992349288972044 -13.753288904374106 44.449999999999996
      vertex 10.83620782572773 -13.098725127188413 44.449999999999996
    endloop
  endfacet
  facet normal -0.6580331143865721 0.7463920567086794 0.09945510571557396
    outer loop
      vertex 10.19878383597904 -12.328211884412624 34.449999999999996
      vertex 10.83620782572773 -13.098725127188413 44.449999999999996
      vertex 10.952753694859016 -11.663498038742587 34.449999999999996
    endloop
  endfacet
  facet normal -0.7036009813619876 0.7036009813619876 0.09945510571557392
    outer loop
      vertex 10.952753694859016 -11.663498038742587 34.449999999999996
      vertex 11.637300800787704 -12.392466666163998 44.449999999999996
      vertex 11.663498038742587 -10.952753694859016 34.449999999999996
    endloop
  endfacet
  facet normal -0.7463920567086794 0.6580331143865721 0.09945510571557396
    outer loop
      vertex 11.663498038742587 -10.952753694859016 34.449999999999996
      vertex 13.098725127188413 -10.83620782572773 44.449999999999996
      vertex 12.328211884412624 -10.19878383597904 34.449999999999996
    endloop
  endfacet
  facet normal -0.7862374636016373 0.6098682913354065 0.09945510571557396
    outer loop
      vertex 12.328211884412624 -10.19878383597904 34.449999999999996
      vertex 13.753288904374106 -9.992349288972044 44.449999999999996
      vertex 12.94427190999916 -9.40456403667957 34.449999999999996
    endloop
  endfacet
  facet normal -0.6580331143865723 0.7463920567086793 0.09945510571557394
    outer loop
      vertex 10.952753694859016 -11.663498038742587 34.449999999999996
      vertex 10.83620782572773 -13.098725127188413 44.449999999999996
      vertex 11.637300800787704 -12.392466666163998 44.449999999999996
    endloop
  endfacet
  facet normal -0.7036009813619877 0.7036009813619877 0.09945510571557394
    outer loop
      vertex 11.663498038742587 -10.952753694859016 34.449999999999996
      vertex 11.637300800787704 -12.392466666163998 44.449999999999996
      vertex 12.392466666163998 -11.637300800787704 44.449999999999996
    endloop
  endfacet
  facet normal -0.7463920567086793 0.6580331143865723 0.09945510571557394
    outer loop
      vertex 11.663498038742587 -10.952753694859016 34.449999999999996
      vertex 12.392466666163998 -11.637300800787704 44.449999999999996
      vertex 13.098725127188413 -10.83620782572773 44.449999999999996
    endloop
  endfacet
  facet normal -0.7862374636016373 0.6098682913354064 0.09945510571557396
    outer loop
      vertex 12.328211884412624 -10.19878383597904 34.449999999999996
      vertex 13.098725127188413 -10.83620782572773 44.449999999999996
      vertex 13.753288904374106 -9.992349288972044 44.449999999999996
    endloop
  endfacet
  facet normal -0.82297995042349 0.5592965967606581 0.09945510571557396
    outer loop
      vertex 12.94427190999916 -9.40456403667957 34.449999999999996
      vertex 13.753288904374106 -9.992349288972044 44.449999999999996
      vertex 14.35357473353426 -9.109055514642936 44.449999999999996
    endloop
  endfacet
  facet normal 0 0 1
    outer loop
      vertex -3.9790381946376776 -15.497330578058097 34.449999999999996
      vertex -2.998101033371597 -15.716596011659018 34.449999999999996
      vertex 10.198783835979036 12.328211884412626 34.449999999999996
    endloop
  endfacet
  facet normal 0 0 1
    outer loop
      vertex -2.998101033371597 -15.716596011659018 34.449999999999996
      vertex -2.005331737028865 -15.873835221031646 34.449999999999996
      vertex 10.198783835979036 12.328211884412626 34.449999999999996
    endloop
  endfacet
  facet normal 0 0 1
    outer loop
      vertex -2.005331737028865 -15.873835221031646 34.449999999999996
      vertex -1.0046483124690202 -15.968427654852345 34.449999999999996
      vertex 10.198783835979036 12.328211884412626 34.449999999999996
    endloop
  endfacet
  facet normal 0 0 1
    outer loop
      vertex -1.0046483124690202 -15.968427654852345 34.449999999999996
      vertex 0 -16 34.449999999999996
      vertex 10.198783835979036 12.328211884412626 34.449999999999996
    endloop
  endfacet
  facet normal 0 0 1
    outer loop
      vertex 0 -16 34.449999999999996
      vertex 1.0046483124690202 -15.968427654852345 34.449999999999996
      vertex 10.198783835979036 12.328211884412626 34.449999999999996
    endloop
  endfacet
  facet normal 0 0 1
    outer loop
      vertex 1.0046483124690202 -15.968427654852345 34.449999999999996
      vertex 2.005331737028865 -15.873835221031646 34.449999999999996
      vertex 10.198783835979036 12.328211884412626 34.449999999999996
    endloop
  endfacet
  facet normal 0 0 1
    outer loop
      vertex 2.005331737028865 -15.873835221031646 34.449999999999996
      vertex 2.998101033371597 -15.716596011659018 34.449999999999996
      vertex 10.198783835979036 12.328211884412626 34.449999999999996
    endloop
  endfacet
  facet normal 0 0 1
    outer loop
      vertex 2.998101033371597 -15.716596011659018 34.449999999999996
      vertex 3.979038194637671 -15.497330578058099 34.449999999999996
      vertex 10.198783835979036 12.328211884412626 34.449999999999996
    endloop
  endfacet
  facet normal 0 0 1
    outer loop
      vertex 3.979038194637671 -15.497330578058099 34.449999999999996
      vertex 4.944271909999158 -15.216904260722456 34.449999999999996
      vertex 10.198783835979036 12.328211884412626 34.449999999999996
    endloop
  endfacet
  facet normal 0 0 1
    outer loop
      vertex 4.944271909999158 -15.216904260722456 34.449999999999996
      vertex 5.889992842954854 -14.87642377421202 34.449999999999996
      vertex 10.198783835979036 12.328211884412626 34.449999999999996
    endloop
  endfacet
  facet normal 0 0 1
    outer loop
      vertex 5.889992842954854 -14.87642377421202 34.449999999999996
      vertex 6.812468665041159 -14.477232839456313 34.449999999999996
      vertex 10.198783835979036 12.328211884412626 34.449999999999996
    endloop
  endfacet
  facet normal 0 0 1
    outer loop
      vertex 6.812468665041159 -14.477232839456313 34.449999999999996
      vertex 7.708058785627446 -14.020906880701816 34.449999999999996
      vertex 10.198783835979036 12.328211884412626 34.449999999999996
    endloop
  endfacet
  facet normal 0 0 1
    outer loop
      vertex 7.708058785627446 -14.020906880701816 34.449999999999996
      vertex 8.57322871966394 -13.509246808032245 34.449999999999996
      vertex 10.198783835979036 12.328211884412626 34.449999999999996
    endloop
  endfacet
  facet normal 0 0 1
    outer loop
      vertex 8.57322871966394 -13.509246808032245 34.449999999999996
      vertex 9.40456403667957 -12.94427190999916 34.449999999999996
      vertex 10.198783835979036 12.328211884412626 34.449999999999996
    endloop
  endfacet
  facet normal 0 0 1
    outer loop
      vertex 9.40456403667957 -12.94427190999916 34.449999999999996
      vertex 10.19878383597904 -12.328211884412624 34.449999999999996
      vertex 10.198783835979036 12.328211884412626 34.449999999999996
    endloop
  endfacet
  facet normal -0.8229799504234899 0.559296596760658 0.09945510571557395
    outer loop
      vertex 12.94427190999916 -9.40456403667957 34.449999999999996
      vertex 14.35357473353426 -9.109055514642936 44.449999999999996
      vertex 13.509246808032245 -8.57322871966394 34.449999999999996
    endloop
  endfacet
  facet normal -0.856474511364795 0.5065176140368068 0.09945510571557407
    outer loop
      vertex 13.509246808032245 -8.57322871966394 34.449999999999996
      vertex 14.89721356074568 -8.189812459729161 44.449999999999996
      vertex 14.020906880701816 -7.708058785627446 34.449999999999996
    endloop
  endfacet
  facet normal -0.8865889586957281 0.4517396376962384 0.09945510571557409
    outer loop
      vertex 14.020906880701816 -7.708058785627446 34.449999999999996
      vertex 14.89721356074568 -8.189812459729161 44.449999999999996
      vertex 14.477232839456313 -6.812468665041159 34.449999999999996
    endloop
  endfacet
  facet normal -0.9132044444506557 0.3951788513858925 0.09945510571557407
    outer loop
      vertex 14.477232839456313 -6.812468665041159 34.449999999999996
      vertex 15.382059891922333 -7.238247956606232 44.449999999999996
      vertex 14.87642377421202 -5.889992842954854 34.449999999999996
    endloop
  endfacet
  facet normal -0.936215929466763 0.3370584746891686 0.09945510571557398
    outer loop
      vertex 14.87642377421202 -5.889992842954854 34.449999999999996
      vertex 15.80620026010027 -6.258117395639532 44.449999999999996
      vertex 15.216904260722456 -4.944271909999158 34.449999999999996
    endloop
  endfacet
  facet normal -0.8564745113647944 0.5065176140368078 0.09945510571557394
    outer loop
      vertex 13.509246808032245 -8.57322871966394 34.449999999999996
      vertex 14.35357473353426 -9.109055514642936 44.449999999999996
      vertex 14.89721356074568 -8.189812459729161 44.449999999999996
    endloop
  endfacet
  facet normal -0.886588958695728 0.4517396376962383 0.09945510571557407
    outer loop
      vertex 14.477232839456313 -6.812468665041159 34.449999999999996
      vertex 14.89721356074568 -8.189812459729161 44.449999999999996
      vertex 15.382059891922333 -7.238247956606232 44.449999999999996
    endloop
  endfacet
  facet normal -0.913204444450656 0.39517885138589165 0.09945510571557398
    outer loop
      vertex 14.87642377421202 -5.889992842954854 34.449999999999996
      vertex 15.382059891922333 -7.238247956606232 44.449999999999996
      vertex 15.80620026010027 -6.258117395639532 44.449999999999996
    endloop
  endfacet
  facet normal -0.9362159294667635 0.33705847468916755 0.09945510571557387
    outer loop
      vertex 15.216904260722456 -4.944271909999158 34.449999999999996
      vertex 15.80620026010027 -6.258117395639532 44.449999999999996
      vertex 16.16796077701761 -5.253288904374106 44.449999999999996
    endloop
  endfacet
  facet normal -0.9555325979256368 0.2776078821802208 0.09945510571557385
    outer loop
      vertex 15.216904260722456 -4.944271909999158 34.449999999999996
      vertex 16.16796077701761 -5.253288904374106 44.449999999999996
      vertex 16.465913739186732 -4.227728081802526 44.449999999999996
    endloop
  endfacet
  facet normal 0 0 1
    outer loop
      vertex 10.19878383597904 -12.328211884412624 34.449999999999996
      vertex 10.952753694859016 -11.663498038742587 34.449999999999996
      vertex 10.198783835979036 12.328211884412626 34.449999999999996
    endloop
  endfacet
  facet normal 0 0 1
    outer loop
      vertex 10.952753694859016 -11.663498038742587 34.449999999999996
      vertex 11.663498038742587 -10.952753694859016 34.449999999999996
      vertex 10.198783835979036 12.328211884412626 34.449999999999996
    endloop
  endfacet
  facet normal 0 0 1
    outer loop
      vertex 11.663498038742587 -10.952753694859016 34.449999999999996
      vertex 12.328211884412624 -10.19878383597904 34.449999999999996
      vertex 10.198783835979036 12.328211884412626 34.449999999999996
    endloop
  endfacet
  facet normal 0 0 1
    outer loop
      vertex 12.328211884412624 -10.19878383597904 34.449999999999996
      vertex 12.94427190999916 -9.40456403667957 34.449999999999996
      vertex 10.198783835979036 12.328211884412626 34.449999999999996
    endloop
  endfacet
  facet normal 0 0 1
    outer loop
      vertex 12.94427190999916 -9.40456403667957 34.449999999999996
      vertex 13.509246808032245 -8.57322871966394 34.449999999999996
      vertex 10.198783835979036 12.328211884412626 34.449999999999996
    endloop
  endfacet
  facet normal 0 0 1
    outer loop
      vertex 13.509246808032245 -8.57322871966394 34.449999999999996
      vertex 14.020906880701816 -7.708058785627446 34.449999999999996
      vertex 10.198783835979036 12.328211884412626 34.449999999999996
    endloop
  endfacet
  facet normal 0 0 1
    outer loop
      vertex 14.020906880701816 -7.708058785627446 34.449999999999996
      vertex 14.477232839456313 -6.812468665041159 34.449999999999996
      vertex 10.198783835979036 12.328211884412626 34.449999999999996
    endloop
  endfacet
  facet normal 0 0 1
    outer loop
      vertex 14.477232839456313 -6.812468665041159 34.449999999999996
      vertex 14.87642377421202 -5.889992842954854 34.449999999999996
      vertex 10.198783835979036 12.328211884412626 34.449999999999996
    endloop
  endfacet
  facet normal -0.9555325979256376 0.27760788218021787 0.09945510571557417
    outer loop
      vertex 15.216904260722456 -4.944271909999158 34.449999999999996
      vertex 16.465913739186732 -4.227728081802526 44.449999999999996
      vertex 15.497330578058099 -3.979038194637671 34.449999999999996
    endloop
  endfacet
  facet normal -0.9710782157618195 0.21706169818727816 0.09945510571557417
    outer loop
      vertex 15.497330578058099 -3.979038194637671 34.449999999999996
      vertex 16.465913739186732 -4.227728081802526 44.449999999999996
      vertex 15.716596011659018 -2.998101033371597 34.449999999999996
    endloop
  endfacet
  facet normal -0.982791431523826 0.1556588708376519 0.09945510571557414
    outer loop
      vertex 15.716596011659018 -2.998101033371597 34.449999999999996
      vertex 16.865949922346125 -2.1306649705931693 44.449999999999996
      vertex 15.873835221031646 -2.005331737028865 34.449999999999996
    endloop
  endfacet
  facet normal -0.9906260185003044 0.0936417290386012 0.09945510571557417
    outer loop
      vertex 15.873835221031646 -2.005331737028865 34.449999999999996
      vertex 16.865949922346125 -2.1306649705931693 44.449999999999996
      vertex 15.968427654852345 -1.0046483124690202 34.449999999999996
    endloop
  endfacet
  facet normal -0.9945510571557401 0.031255026115872275 0.09945510571557403
    outer loop
      vertex 15.968427654852345 -1.0046483124690202 34.449999999999996
      vertex 16.966454383280617 -1.067438831998334 44.449999999999996
      vertex 16 0 34.449999999999996
    endloop
  endfacet
  facet normal -0.9710782157618199 0.21706169818727683 0.09945510571557402
    outer loop
      vertex 15.716596011659018 -2.998101033371597 34.449999999999996
      vertex 16.465913739186732 -4.227728081802526 44.449999999999996
      vertex 16.698883262387707 -3.185482347957322 44.449999999999996
    endloop
  endfacet
  facet normal -0.9827914315238258 0.15565887083765306 0.09945510571557405
    outer loop
      vertex 15.716596011659018 -2.998101033371597 34.449999999999996
      vertex 16.698883262387707 -3.185482347957322 44.449999999999996
      vertex 16.865949922346125 -2.1306649705931693 44.449999999999996
    endloop
  endfacet
  facet normal -0.9906260185003044 0.09364172903860003 0.09945510571557403
    outer loop
      vertex 15.968427654852345 -1.0046483124690202 34.449999999999996
      vertex 16.865949922346125 -2.1306649705931693 44.449999999999996
      vertex 16.966454383280617 -1.067438831998334 44.449999999999996
    endloop
  endfacet
  facet normal -0.9945510571557401 0.03125502611587207 0.099455105715574
    outer loop
      vertex 16 0 34.449999999999996
      vertex 16.966454383280617 -1.067438831998334 44.449999999999996
      vertex 17 0 44.449999999999996
    endloop
  endfacet
  facet normal 0.99455105715574 -0.03125502611587252 0.09945510571557403
    outer loop
      vertex -16 0 34.449999999999996
      vertex -15.968427654852345 1.0046483124690124 34.449999999999996
      vertex -16.966454383280617 1.0674388319983257 44.449999999999996
    endloop
  endfacet
  facet normal 0.9906260185003044 -0.09364172903860048 0.09945510571557417
    outer loop
      vertex -15.968427654852345 1.0046483124690124 34.449999999999996
      vertex -15.873835221031646 2.005331737028865 34.449999999999996
      vertex -16.865949922346125 2.1306649705931693 44.449999999999996
    endloop
  endfacet
  facet normal 0.982791431523826 -0.1556588708376519 0.09945510571557413
    outer loop
      vertex -15.873835221031646 2.005331737028865 34.449999999999996
      vertex -15.716596011659018 2.998101033371597 34.449999999999996
      vertex -16.865949922346125 2.1306649705931693 44.449999999999996
    endloop
  endfacet
  facet normal 0.9710782157618195 -0.21706169818727844 0.09945510571557402
    outer loop
      vertex -15.716596011659018 2.998101033371597 34.449999999999996
      vertex -15.497330578058097 3.9790381946376776 34.449999999999996
      vertex -16.698883262387707 3.185482347957322 44.449999999999996
    endloop
  endfacet
  facet normal 0.9555325979256376 -0.27760788218021804 0.09945510571557402
    outer loop
      vertex -15.497330578058097 3.9790381946376776 34.449999999999996
      vertex -15.216904260722456 4.944271909999158 34.449999999999996
      vertex -16.46591373918673 4.227728081802533 44.449999999999996
    endloop
  endfacet
  facet normal 0.99455105715574 -0.03125502611587231 0.099455105715574
    outer loop
      vertex -16 0 34.449999999999996
      vertex -16.966454383280617 1.0674388319983257 44.449999999999996
      vertex -17 0 44.449999999999996
    endloop
  endfacet
  facet normal 0.9906260185003044 -0.09364172903859933 0.09945510571557403
    outer loop
      vertex -15.968427654852345 1.0046483124690124 34.449999999999996
      vertex -16.865949922346125 2.1306649705931693 44.449999999999996
      vertex -16.966454383280617 1.0674388319983257 44.449999999999996
    endloop
  endfacet
  facet normal 0.9827914315238258 -0.15565887083765306 0.09945510571557405
    outer loop
      vertex -15.716596011659018 2.998101033371597 34.449999999999996
      vertex -16.698883262387707 3.185482347957322 44.449999999999996
      vertex -16.865949922346125 2.1306649705931693 44.449999999999996
    endloop
  endfacet
  facet normal 0.9710782157618194 -0.21706169818727858 0.099455105715574
    outer loop
      vertex -15.497330578058097 3.9790381946376776 34.449999999999996
      vertex -16.46591373918673 4.227728081802533 44.449999999999996
      vertex -16.698883262387707 3.185482347957322 44.449999999999996
    endloop
  endfacet
  facet normal 0.9362159294667632 -0.337058474689168 0.09945510571557392
    outer loop
      vertex -15.216904260722456 4.944271909999158 34.449999999999996
      vertex -14.876423774212023 5.889992842954846 34.449999999999996
      vertex -15.806200260100274 6.258117395639523 44.449999999999996
    endloop
  endfacet
  facet normal 0.9132044444506559 -0.3951788513858926 0.09945510571557407
    outer loop
      vertex -14.876423774212023 5.889992842954846 34.449999999999996
      vertex -14.477232839456313 6.812468665041159 34.449999999999996
      vertex -15.382059891922333 7.238247956606232 44.449999999999996
    endloop
  endfacet
  facet normal 0.8865889586957281 -0.4517396376962384 0.09945510571557409
    outer loop
      vertex -14.477232839456313 6.812468665041159 34.449999999999996
      vertex -14.020906880701816 7.708058785627446 34.449999999999996
      vertex -14.89721356074568 8.189812459729161 44.449999999999996
    endloop
  endfacet
  facet normal 0.8564745113647946 -0.5065176140368077 0.09945510571557407
    outer loop
      vertex -14.020906880701816 7.708058785627446 34.449999999999996
      vertex -13.50924680803224 8.573228719663947 34.449999999999996
      vertex -14.89721356074568 8.189812459729161 44.449999999999996
    endloop
  endfacet
  facet normal 0.8229799504234901 -0.5592965967606576 0.09945510571557395
    outer loop
      vertex -13.50924680803224 8.573228719663947 34.449999999999996
      vertex -12.94427190999916 9.40456403667957 34.449999999999996
      vertex -14.353574733534254 9.109055514642943 44.449999999999996
    endloop
  endfacet
  facet normal 0.9555325979256372 -0.2776078821802195 0.09945510571557385
    outer loop
      vertex -15.216904260722456 4.944271909999158 34.449999999999996
      vertex -16.16796077701761 5.253288904374106 44.449999999999996
      vertex -16.46591373918673 4.227728081802533 44.449999999999996
    endloop
  endfacet
  facet normal 0.9362159294667636 -0.3370584746891672 0.09945510571557387
    outer loop
      vertex -15.216904260722456 4.944271909999158 34.449999999999996
      vertex -15.806200260100274 6.258117395639523 44.449999999999996
      vertex -16.16796077701761 5.253288904374106 44.449999999999996
    endloop
  endfacet
  facet normal 0.9132044444506561 -0.3951788513858914 0.09945510571557395
    outer loop
      vertex -14.876423774212023 5.889992842954846 34.449999999999996
      vertex -15.382059891922333 7.238247956606232 44.449999999999996
      vertex -15.806200260100274 6.258117395639523 44.449999999999996
    endloop
  endfacet
  facet normal 0.886588958695728 -0.4517396376962383 0.09945510571557407
    outer loop
      vertex -14.477232839456313 6.812468665041159 34.449999999999996
      vertex -14.89721356074568 8.189812459729161 44.449999999999996
      vertex -15.382059891922333 7.238247956606232 44.449999999999996
    endloop
  endfacet
  facet normal 0.8564745113647939 -0.5065176140368086 0.09945510571557395
    outer loop
      vertex -13.50924680803224 8.573228719663947 34.449999999999996
      vertex -14.353574733534254 9.109055514642943 44.449999999999996
      vertex -14.89721356074568 8.189812459729161 44.449999999999996
    endloop
  endfacet
  facet normal 0 0 1
    outer loop
      vertex -14.876423774212023 -5.889992842954846 34.449999999999996
      vertex 10.198783835979036 12.328211884412626 34.449999999999996
      vertex -15.216904260722456 -4.944271909999158 34.449999999999996
    endloop
  endfacet
  facet normal 0 0 1
    outer loop
      vertex -15.216904260722456 -4.944271909999158 34.449999999999996
      vertex 10.198783835979036 12.328211884412626 34.449999999999996
      vertex -15.497330578058097 -3.9790381946376776 34.449999999999996
    endloop
  endfacet
  facet normal 0 0 1
    outer loop
      vertex -15.497330578058097 -3.9790381946376776 34.449999999999996
      vertex 10.198783835979036 12.328211884412626 34.449999999999996
      vertex -15.716596011659018 -2.998101033371597 34.449999999999996
    endloop
  endfacet
  facet normal 0 0 1
    outer loop
      vertex -15.716596011659018 -2.998101033371597 34.449999999999996
      vertex 10.198783835979036 12.328211884412626 34.449999999999996
      vertex -15.873835221031646 -2.005331737028865 34.449999999999996
    endloop
  endfacet
  facet normal 0 0 1
    outer loop
      vertex -15.968427654852345 -1.0046483124690124 34.449999999999996
      vertex -15.873835221031646 -2.005331737028865 34.449999999999996
      vertex 10.198783835979036 12.328211884412626 34.449999999999996
    endloop
  endfacet
  facet normal 0 0 1
    outer loop
      vertex -15.968427654852345 -1.0046483124690124 34.449999999999996
      vertex 10.198783835979036 12.328211884412626 34.449999999999996
      vertex -16 0 34.449999999999996
    endloop
  endfacet
  facet normal 0 0 1
    outer loop
      vertex -16 0 34.449999999999996
      vertex 10.198783835979036 12.328211884412626 34.449999999999996
      vertex -15.968427654852345 1.0046483124690124 34.449999999999996
    endloop
  endfacet
  facet normal 0 0 1
    outer loop
      vertex -15.968427654852345 1.0046483124690124 34.449999999999996
      vertex 10.198783835979036 12.328211884412626 34.449999999999996
      vertex -15.873835221031646 2.005331737028865 34.449999999999996
    endloop
  endfacet
  facet normal 0 0 1
    outer loop
      vertex -15.873835221031646 2.005331737028865 34.449999999999996
      vertex 10.198783835979036 12.328211884412626 34.449999999999996
      vertex -15.716596011659018 2.998101033371597 34.449999999999996
    endloop
  endfacet
  facet normal 0 0 1
    outer loop
      vertex -15.716596011659018 2.998101033371597 34.449999999999996
      vertex 10.198783835979036 12.328211884412626 34.449999999999996
      vertex -15.497330578058097 3.9790381946376776 34.449999999999996
    endloop
  endfacet
  facet normal 0 0 1
    outer loop
      vertex -15.497330578058097 3.9790381946376776 34.449999999999996
      vertex 10.198783835979036 12.328211884412626 34.449999999999996
      vertex -15.216904260722456 4.944271909999158 34.449999999999996
    endloop
  endfacet
  facet normal 0 0 1
    outer loop
      vertex -15.216904260722456 4.944271909999158 34.449999999999996
      vertex 10.198783835979036 12.328211884412626 34.449999999999996
      vertex -14.876423774212023 5.889992842954846 34.449999999999996
    endloop
  endfacet
  facet normal 0 0 1
    outer loop
      vertex -14.876423774212023 5.889992842954846 34.449999999999996
      vertex 10.198783835979036 12.328211884412626 34.449999999999996
      vertex -14.477232839456313 6.812468665041159 34.449999999999996
    endloop
  endfacet
  facet normal 0 0 1
    outer loop
      vertex -14.477232839456313 6.812468665041159 34.449999999999996
      vertex 10.198783835979036 12.328211884412626 34.449999999999996
      vertex -14.020906880701816 7.708058785627446 34.449999999999996
    endloop
  endfacet
  facet normal 0.7862374636016377 -0.6098682913354057 0.09945510571557407
    outer loop
      vertex -12.94427190999916 9.40456403667957 34.449999999999996
      vertex -12.32821188441263 10.198783835979034 34.449999999999996
      vertex -13.09872512718842 10.836207825727724 44.449999999999996
    endloop
  endfacet
  facet normal 0.7463920567086791 -0.6580331143865725 0.09945510571557409
    outer loop
      vertex -12.32821188441263 10.198783835979034 34.449999999999996
      vertex -11.663498038742587 10.952753694859016 34.449999999999996
      vertex -13.09872512718842 10.836207825727724 44.449999999999996
    endloop
  endfacet
  facet normal 0.7036009813619876 -0.7036009813619876 0.09945510571557392
    outer loop
      vertex -11.663498038742587 10.952753694859016 34.449999999999996
      vertex -10.952753694859016 11.663498038742587 34.449999999999996
      vertex -11.637300800787704 12.392466666163998 44.449999999999996
    endloop
  endfacet
  facet normal 0.6580331143865725 -0.7463920567086791 0.09945510571557409
    outer loop
      vertex -10.952753694859016 11.663498038742587 34.449999999999996
      vertex -10.198783835979034 12.32821188441263 34.449999999999996
      vertex -10.836207825727724 13.09872512718842 44.449999999999996
    endloop
  endfacet
  facet normal 0.6098682913354057 -0.7862374636016377 0.09945510571557407
    outer loop
      vertex -10.198783835979034 12.32821188441263 34.449999999999996
      vertex -9.40456403667957 12.94427190999916 34.449999999999996
      vertex -10.836207825727724 13.09872512718842 44.449999999999996
    endloop
  endfacet
  facet normal 0.5592965967606576 -0.8229799504234901 0.09945510571557395
    outer loop
      vertex -9.40456403667957 12.94427190999916 34.449999999999996
      vertex -8.573228719663947 13.50924680803224 34.449999999999996
      vertex -9.109055514642943 14.353574733534254 44.449999999999996
    endloop
  endfacet
  facet normal 0.8229799504234901 -0.5592965967606577 0.09945510571557395
    outer loop
      vertex -12.94427190999916 9.40456403667957 34.449999999999996
      vertex -13.753288904374106 9.992349288972044 44.449999999999996
      vertex -14.353574733534254 9.109055514642943 44.449999999999996
    endloop
  endfacet
  facet normal 0.7862374636016385 -0.6098682913354047 0.09945510571557396
    outer loop
      vertex -12.94427190999916 9.40456403667957 34.449999999999996
      vertex -13.09872512718842 10.836207825727724 44.449999999999996
      vertex -13.753288904374106 9.992349288972044 44.449999999999996
    endloop
  endfacet
  facet normal 0.7463920567086781 -0.6580331143865735 0.09945510571557394
    outer loop
      vertex -11.663498038742587 10.952753694859016 34.449999999999996
      vertex -12.392466666163998 11.637300800787704 44.449999999999996
      vertex -13.09872512718842 10.836207825727724 44.449999999999996
    endloop
  endfacet
  facet normal 0.7036009813619877 -0.7036009813619877 0.09945510571557394
    outer loop
      vertex -11.663498038742587 10.952753694859016 34.449999999999996
      vertex -11.637300800787704 12.392466666163998 44.449999999999996
      vertex -12.392466666163998 11.637300800787704 44.449999999999996
    endloop
  endfacet
  facet normal 0.6580331143865735 -0.7463920567086781 0.09945510571557394
    outer loop
      vertex -10.952753694859016 11.663498038742587 34.449999999999996
      vertex -10.836207825727724 13.09872512718842 44.449999999999996
      vertex -11.637300800787704 12.392466666163998 44.449999999999996
    endloop
  endfacet
  facet normal 0.6098682913354047 -0.7862374636016385 0.09945510571557396
    outer loop
      vertex -9.40456403667957 12.94427190999916 34.449999999999996
      vertex -9.992349288972044 13.753288904374106 44.449999999999996
      vertex -10.836207825727724 13.09872512718842 44.449999999999996
    endloop
  endfacet
  facet normal 0.5592965967606577 -0.8229799504234901 0.09945510571557395
    outer loop
      vertex -9.40456403667957 12.94427190999916 34.449999999999996
      vertex -9.109055514642943 14.353574733534254 44.449999999999996
      vertex -9.992349288972044 13.753288904374106 44.449999999999996
    endloop
  endfacet
  facet normal 0 0 1
    outer loop
      vertex -14.020906880701816 7.708058785627446 34.449999999999996
      vertex 10.198783835979036 12.328211884412626 34.449999999999996
      vertex -13.50924680803224 8.573228719663947 34.449999999999996
    endloop
  endfacet
  facet normal 0 0 1
    outer loop
      vertex -13.50924680803224 8.573228719663947 34.449999999999996
      vertex 10.198783835979036 12.328211884412626 34.449999999999996
      vertex -12.94427190999916 9.40456403667957 34.449999999999996
    endloop
  endfacet
  facet normal 0 0 1
    outer loop
      vertex -12.94427190999916 9.40456403667957 34.449999999999996
      vertex 10.198783835979036 12.328211884412626 34.449999999999996
      vertex -12.32821188441263 10.198783835979034 34.449999999999996
    endloop
  endfacet
  facet normal 0 0 1
    outer loop
      vertex -12.32821188441263 10.198783835979034 34.449999999999996
      vertex 10.198783835979036 12.328211884412626 34.449999999999996
      vertex -11.663498038742587 10.952753694859016 34.449999999999996
    endloop
  endfacet
  facet normal 0 0 1
    outer loop
      vertex -11.663498038742587 10.952753694859016 34.449999999999996
      vertex 10.198783835979036 12.328211884412626 34.449999999999996
      vertex -10.952753694859016 11.663498038742587 34.449999999999996
    endloop
  endfacet
  facet normal 0 0 1
    outer loop
      vertex -10.952753694859016 11.663498038742587 34.449999999999996
      vertex 10.198783835979036 12.328211884412626 34.449999999999996
      vertex -10.198783835979034 12.32821188441263 34.449999999999996
    endloop
  endfacet
  facet normal 0 0 1
    outer loop
      vertex -10.198783835979034 12.32821188441263 34.449999999999996
      vertex 10.198783835979036 12.328211884412626 34.449999999999996
      vertex -9.40456403667957 12.94427190999916 34.449999999999996
    endloop
  endfacet
  facet normal 0 0 1
    outer loop
      vertex -9.40456403667957 12.94427190999916 34.449999999999996
      vertex 10.198783835979036 12.328211884412626 34.449999999999996
      vertex -8.573228719663947 13.50924680803224 34.449999999999996
    endloop
  endfacet
  facet normal 0 0 1
    outer loop
      vertex -8.573228719663947 13.50924680803224 34.449999999999996
      vertex 10.198783835979036 12.328211884412626 34.449999999999996
      vertex -7.708058785627443 14.020906880701817 34.449999999999996
    endloop
  endfacet
  facet normal 0 0 1
    outer loop
      vertex -7.708058785627443 14.020906880701817 34.449999999999996
      vertex 10.198783835979036 12.328211884412626 34.449999999999996
      vertex -6.812468665041163 14.477232839456311 34.449999999999996
    endloop
  endfacet
  facet normal 0.5065176140368078 -0.8564745113647945 0.09945510571557402
    outer loop
      vertex -8.573228719663947 13.50924680803224 34.449999999999996
      vertex -7.708058785627443 14.020906880701817 34.449999999999996
      vertex -8.189812459729158 14.897213560745682 44.449999999999996
    endloop
  endfacet
  facet normal 0.4517396376962384 -0.8865889586957278 0.09945510571557405
    outer loop
      vertex -7.708058785627443 14.020906880701817 34.449999999999996
      vertex -6.812468665041163 14.477232839456311 34.449999999999996
      vertex -7.238247956606236 15.382059891922331 44.449999999999996
    endloop
  endfacet
  facet normal 0.39517885138589237 -0.9132044444506557 0.09945510571557406
    outer loop
      vertex -6.812468665041163 14.477232839456311 34.449999999999996
      vertex -5.889992842954846 14.876423774212023 34.449999999999996
      vertex -7.238247956606236 15.382059891922331 44.449999999999996
    endloop
  endfacet
  facet normal 0.337058474689168 -0.9362159294667632 0.09945510571557392
    outer loop
      vertex -5.889992842954846 14.876423774212023 34.449999999999996
      vertex -4.944271909999158 15.216904260722456 34.449999999999996
      vertex -6.258117395639523 15.806200260100274 44.449999999999996
    endloop
  endfacet
  facet normal 0.27760788218021804 -0.9555325979256376 0.09945510571557402
    outer loop
      vertex -4.944271909999158 15.216904260722456 34.449999999999996
      vertex -3.9790381946376776 15.497330578058097 34.449999999999996
      vertex -4.227728081802533 16.46591373918673 44.449999999999996
    endloop
  endfacet
  facet normal 0 0 1
    outer loop
      vertex -6.812468665041163 14.477232839456311 34.449999999999996
      vertex 10.198783835979036 12.328211884412626 34.449999999999996
      vertex -5.889992842954846 14.876423774212023 34.449999999999996
    endloop
  endfacet
  facet normal 0 0 1
    outer loop
      vertex -5.889992842954846 14.876423774212023 34.449999999999996
      vertex 10.198783835979036 12.328211884412626 34.449999999999996
      vertex -4.944271909999158 15.216904260722456 34.449999999999996
    endloop
  endfacet
  facet normal 0 0 1
    outer loop
      vertex -4.944271909999158 15.216904260722456 34.449999999999996
      vertex 10.198783835979036 12.328211884412626 34.449999999999996
      vertex -3.9790381946376776 15.497330578058097 34.449999999999996
    endloop
  endfacet
  facet normal 0.21706169818727927 -0.9710782157618193 0.09945510571557402
    outer loop
      vertex -3.9790381946376776 15.497330578058097 34.449999999999996
      vertex -2.998101033371593 15.71659601165902 34.449999999999996
      vertex -4.227728081802533 16.46591373918673 44.449999999999996
    endloop
  endfacet
  facet normal 0.15565887083765134 -0.982791431523826 0.09945510571557414
    outer loop
      vertex -2.998101033371593 15.71659601165902 34.449999999999996
      vertex -2.0053317370288686 15.873835221031646 34.449999999999996
      vertex -2.130664970593173 16.865949922346125 44.449999999999996
    endloop
  endfacet
  facet normal 0.09364172903860014 -0.9906260185003044 0.09945510571557414
    outer loop
      vertex -2.0053317370288686 15.873835221031646 34.449999999999996
      vertex -1.0046483124690124 15.968427654852345 34.449999999999996
      vertex -2.130664970593173 16.865949922346125 44.449999999999996
    endloop
  endfacet
  facet normal 0.03125502611587252 -0.99455105715574 0.09945510571557403
    outer loop
      vertex -1.0046483124690124 15.968427654852345 34.449999999999996
      vertex 0 16 34.449999999999996
      vertex -1.0674388319983257 16.966454383280617 44.449999999999996
    endloop
  endfacet
  facet normal -0.03125502611587252 -0.99455105715574 0.09945510571557403
    outer loop
      vertex 0 16 34.449999999999996
      vertex 1.0046483124690124 15.968427654852345 34.449999999999996
      vertex 1.0674388319983257 16.966454383280617 44.449999999999996
    endloop
  endfacet
  facet normal 0.5065176140368084 -0.8564745113647941 0.09945510571557395
    outer loop
      vertex -8.573228719663947 13.50924680803224 34.449999999999996
      vertex -8.189812459729158 14.897213560745682 44.449999999999996
      vertex -9.109055514642943 14.353574733534254 44.449999999999996
    endloop
  endfacet
  facet normal 0.45173963769623865 -0.8865889586957277 0.09945510571557403
    outer loop
      vertex -7.708058785627443 14.020906880701817 34.449999999999996
      vertex -7.238247956606236 15.382059891922331 44.449999999999996
      vertex -8.189812459729158 14.897213560745682 44.449999999999996
    endloop
  endfacet
  facet normal 0.3951788513858913 -0.9132044444506562 0.09945510571557392
    outer loop
      vertex -5.889992842954846 14.876423774212023 34.449999999999996
      vertex -6.258117395639523 15.806200260100274 44.449999999999996
      vertex -7.238247956606236 15.382059891922331 44.449999999999996
    endloop
  endfacet
  facet normal 0.3370584746891672 -0.9362159294667636 0.09945510571557387
    outer loop
      vertex -4.944271909999158 15.216904260722456 34.449999999999996
      vertex -5.253288904374106 16.16796077701761 44.449999999999996
      vertex -6.258117395639523 15.806200260100274 44.449999999999996
    endloop
  endfacet
  facet normal 0.2776078821802195 -0.9555325979256372 0.09945510571557385
    outer loop
      vertex -4.944271909999158 15.216904260722456 34.449999999999996
      vertex -4.227728081802533 16.46591373918673 44.449999999999996
      vertex -5.253288904374106 16.16796077701761 44.449999999999996
    endloop
  endfacet
  facet normal 0.21706169818727772 -0.9710782157618196 0.09945510571557385
    outer loop
      vertex -2.998101033371593 15.71659601165902 34.449999999999996
      vertex -3.1854823479573176 16.698883262387707 44.449999999999996
      vertex -4.227728081802533 16.46591373918673 44.449999999999996
    endloop
  endfacet
  facet normal 0.1556588708376542 -0.9827914315238256 0.09945510571557384
    outer loop
      vertex -2.998101033371593 15.71659601165902 34.449999999999996
      vertex -2.130664970593173 16.865949922346125 44.449999999999996
      vertex -3.1854823479573176 16.698883262387707 44.449999999999996
    endloop
  endfacet
  facet normal 0.09364172903859902 -0.9906260185003045 0.09945510571557403
    outer loop
      vertex -1.0046483124690124 15.968427654852345 34.449999999999996
      vertex -1.0674388319983257 16.966454383280617 44.449999999999996
      vertex -2.130664970593173 16.865949922346125 44.449999999999996
    endloop
  endfacet
  facet normal 0.03125502611587231 -0.99455105715574 0.099455105715574
    outer loop
      vertex 0 16 34.449999999999996
      vertex 0 17 44.449999999999996
      vertex -1.0674388319983257 16.966454383280617 44.449999999999996
    endloop
  endfacet
  facet normal -0.03125502611587231 -0.99455105715574 0.099455105715574
    outer loop
      vertex 0 16 34.449999999999996
      vertex 1.0674388319983257 16.966454383280617 44.449999999999996
      vertex 0 17 44.449999999999996
    endloop
  endfacet
  facet normal 0 0 1
    outer loop
      vertex 14.87642377421202 -5.889992842954854 34.449999999999996
      vertex 15.216904260722456 -4.944271909999158 34.449999999999996
      vertex 10.198783835979036 12.328211884412626 34.449999999999996
    endloop
  endfacet
  facet normal 0 0 1
    outer loop
      vertex 15.216904260722456 -4.944271909999158 34.449999999999996
      vertex 15.497330578058099 -3.979038194637671 34.449999999999996
      vertex 10.198783835979036 12.328211884412626 34.449999999999996
    endloop
  endfacet
  facet normal 0 0 1
    outer loop
      vertex 15.497330578058099 -3.979038194637671 34.449999999999996
      vertex 15.716596011659018 -2.998101033371597 34.449999999999996
      vertex 10.198783835979036 12.328211884412626 34.449999999999996
    endloop
  endfacet
  facet normal 0 0 1
    outer loop
      vertex 15.716596011659018 -2.998101033371597 34.449999999999996
      vertex 15.873835221031646 -2.005331737028865 34.449999999999996
      vertex 10.198783835979036 12.328211884412626 34.449999999999996
    endloop
  endfacet
  facet normal 0 0 1
    outer loop
      vertex 15.873835221031646 -2.005331737028865 34.449999999999996
      vertex 15.968427654852345 -1.0046483124690202 34.449999999999996
      vertex 10.198783835979036 12.328211884412626 34.449999999999996
    endloop
  endfacet
  facet normal 0 0 1
    outer loop
      vertex 15.968427654852345 -1.0046483124690202 34.449999999999996
      vertex 16 0 34.449999999999996
      vertex 10.198783835979036 12.328211884412626 34.449999999999996
    endloop
  endfacet
  facet normal 0 0 1
    outer loop
      vertex 16 0 34.449999999999996
      vertex 15.968427654852345 1.004648312469014 34.449999999999996
      vertex 10.198783835979036 12.328211884412626 34.449999999999996
    endloop
  endfacet
  facet normal -0.99455105715574 -0.03125502611587247 0.09945510571557403
    outer loop
      vertex 16 0 34.449999999999996
      vertex 16.966454383280617 1.0674388319983275 44.449999999999996
      vertex 15.968427654852345 1.004648312469014 34.449999999999996
    endloop
  endfacet
  facet normal -0.9906260185003043 -0.09364172903860031 0.09945510571557413
    outer loop
      vertex 15.873835221031646 2.005331737028868 34.449999999999996
      vertex 15.968427654852345 1.004648312469014 34.449999999999996
      vertex 16.865949922346125 2.1306649705931724 44.449999999999996
    endloop
  endfacet
  facet normal -0.9827914315238261 -0.15565887083765115 0.09945510571557416
    outer loop
      vertex 15.873835221031646 2.005331737028868 34.449999999999996
      vertex 16.865949922346125 2.1306649705931724 44.449999999999996
      vertex 15.71659601165902 2.998101033371594 34.449999999999996
    endloop
  endfacet
  facet normal -0.9710782157618192 -0.21706169818727966 0.09945510571557402
    outer loop
      vertex 15.71659601165902 2.998101033371594 34.449999999999996
      vertex 16.46591373918673 4.227728081802532 44.449999999999996
      vertex 15.497330578058097 3.9790381946376767 34.449999999999996
    endloop
  endfacet
  facet normal -0.9555325979256377 -0.2776078821802178 0.09945510571557402
    outer loop
      vertex 15.497330578058097 3.9790381946376767 34.449999999999996
      vertex 16.46591373918673 4.227728081802532 44.449999999999996
      vertex 15.216904260722456 4.944271909999158 34.449999999999996
    endloop
  endfacet
  facet normal -0.99455105715574 -0.03125502611587226 0.099455105715574
    outer loop
      vertex 16 0 34.449999999999996
      vertex 17 0 44.449999999999996
      vertex 16.966454383280617 1.0674388319983275 44.449999999999996
    endloop
  endfacet
  facet normal -0.9906260185003044 -0.0936417290385992 0.09945510571557403
    outer loop
      vertex 15.968427654852345 1.004648312469014 34.449999999999996
      vertex 16.966454383280617 1.0674388319983275 44.449999999999996
      vertex 16.865949922346125 2.1306649705931724 44.449999999999996
    endloop
  endfacet
  facet normal -0.9827914315238256 -0.15565887083765392 0.09945510571557385
    outer loop
      vertex 15.71659601165902 2.998101033371594 34.449999999999996
      vertex 16.865949922346125 2.1306649705931724 44.449999999999996
      vertex 16.698883262387707 3.185482347957319 44.449999999999996
    endloop
  endfacet
  facet normal -0.9710782157618196 -0.21706169818727813 0.09945510571557385
    outer loop
      vertex 15.71659601165902 2.998101033371594 34.449999999999996
      vertex 16.698883262387707 3.185482347957319 44.449999999999996
      vertex 16.46591373918673 4.227728081802532 44.449999999999996
    endloop
  endfacet
  facet normal 0 0 1
    outer loop
      vertex 15.873835221031646 2.005331737028868 34.449999999999996
      vertex 10.198783835979036 12.328211884412626 34.449999999999996
      vertex 15.968427654852345 1.004648312469014 34.449999999999996
    endloop
  endfacet
  facet normal 0 0 1
    outer loop
      vertex 15.873835221031646 2.005331737028868 34.449999999999996
      vertex 15.71659601165902 2.998101033371594 34.449999999999996
      vertex 10.198783835979036 12.328211884412626 34.449999999999996
    endloop
  endfacet
  facet normal 0 0 1
    outer loop
      vertex 15.71659601165902 2.998101033371594 34.449999999999996
      vertex 15.497330578058097 3.9790381946376767 34.449999999999996
      vertex 10.198783835979036 12.328211884412626 34.449999999999996
    endloop
  endfacet
  facet normal -0.9132044444506566 -0.3951788513858904 0.09945510571557406
    outer loop
      vertex 14.477232839456313 6.8124686650411626 34.449999999999996
      vertex 14.876423774212022 5.889992842954848 34.449999999999996
      vertex 15.382059891922333 7.238247956606235 44.449999999999996
    endloop
  endfacet
  facet normal 0 0 1
    outer loop
      vertex 15.497330578058097 3.9790381946376767 34.449999999999996
      vertex 15.216904260722456 4.944271909999158 34.449999999999996
      vertex 10.198783835979036 12.328211884412626 34.449999999999996
    endloop
  endfacet
  facet normal 0 0 1
    outer loop
      vertex 15.216904260722456 4.944271909999158 34.449999999999996
      vertex 14.876423774212022 5.889992842954848 34.449999999999996
      vertex 10.198783835979036 12.328211884412626 34.449999999999996
    endloop
  endfacet
  facet normal 0 0 1
    outer loop
      vertex 14.477232839456313 6.8124686650411626 34.449999999999996
      vertex 10.198783835979036 12.328211884412626 34.449999999999996
      vertex 14.876423774212022 5.889992842954848 34.449999999999996
    endloop
  endfacet
  facet normal 0 0 1
    outer loop
      vertex 14.477232839456313 6.8124686650411626 34.449999999999996
      vertex 14.020906880701817 7.708058785627445 34.449999999999996
      vertex 10.198783835979036 12.328211884412626 34.449999999999996
    endloop
  endfacet
  facet normal -0.8865889586957277 -0.45173963769623876 0.0994551057155741
    outer loop
      vertex 14.477232839456313 6.8124686650411626 34.449999999999996
      vertex 14.897213560745682 8.189812459729161 44.449999999999996
      vertex 14.020906880701817 7.708058785627445 34.449999999999996
    endloop
  endfacet
  facet normal -0.8564745113647947 -0.5065176140368073 0.09945510571557409
    outer loop
      vertex 14.020906880701817 7.708058785627445 34.449999999999996
      vertex 14.897213560745682 8.189812459729161 44.449999999999996
      vertex 13.509246808032241 8.573228719663947 34.449999999999996
    endloop
  endfacet
  facet normal -0.936215929466763 -0.33705847468916905 0.09945510571557398
    outer loop
      vertex 15.216904260722456 4.944271909999158 34.449999999999996
      vertex 15.806200260100272 6.258117395639526 44.449999999999996
      vertex 14.876423774212022 5.889992842954848 34.449999999999996
    endloop
  endfacet
  facet normal -0.8865889586957281 -0.45173963769623837 0.09945510571557406
    outer loop
      vertex 14.477232839456313 6.8124686650411626 34.449999999999996
      vertex 15.382059891922333 7.238247956606235 44.449999999999996
      vertex 14.897213560745682 8.189812459729161 44.449999999999996
    endloop
  endfacet
  facet normal -0.8564745113647939 -0.5065176140368086 0.09945510571557395
    outer loop
      vertex 13.509246808032241 8.573228719663947 34.449999999999996
      vertex 14.897213560745682 8.189812459729161 44.449999999999996
      vertex 14.353574733534256 9.109055514642943 44.449999999999996
    endloop
  endfacet
  facet normal -0.9555325979256373 -0.27760788218021926 0.09945510571557384
    outer loop
      vertex 15.216904260722456 4.944271909999158 34.449999999999996
      vertex 16.46591373918673 4.227728081802532 44.449999999999996
      vertex 16.16796077701761 5.253288904374106 44.449999999999996
    endloop
  endfacet
  facet normal -0.9362159294667632 -0.3370584746891679 0.09945510571557384
    outer loop
      vertex 15.216904260722456 4.944271909999158 34.449999999999996
      vertex 16.16796077701761 5.253288904374106 44.449999999999996
      vertex 15.806200260100272 6.258117395639526 44.449999999999996
    endloop
  endfacet
  facet normal -0.9132044444506568 -0.3951788513858897 0.09945510571557398
    outer loop
      vertex 14.876423774212022 5.889992842954848 34.449999999999996
      vertex 15.806200260100272 6.258117395639526 44.449999999999996
      vertex 15.382059891922333 7.238247956606235 44.449999999999996
    endloop
  endfacet
  facet normal 0 0 1
    outer loop
      vertex 6.812468665041163 14.477232839456311 34.449999999999996
      vertex 10.198783835979036 12.328211884412626 34.449999999999996
      vertex 7.708058785627443 14.020906880701817 34.449999999999996
    endloop
  endfacet
  facet normal 0 0 1
    outer loop
      vertex 7.708058785627443 14.020906880701817 34.449999999999996
      vertex 10.198783835979036 12.328211884412626 34.449999999999996
      vertex 8.573228719663947 13.509246808032241 34.449999999999996
    endloop
  endfacet
  facet normal 0 0 1
    outer loop
      vertex 10.198783835979036 12.328211884412626 34.449999999999996
      vertex 9.40456403667957 12.94427190999916 34.449999999999996
      vertex 8.573228719663947 13.509246808032241 34.449999999999996
    endloop
  endfacet
  facet normal -0.609868291335407 -0.7862374636016367 0.09945510571557409
    outer loop
      vertex 10.198783835979036 12.328211884412626 34.449999999999996
      vertex 10.836207825727726 13.098725127188416 44.449999999999996
      vertex 9.40456403667957 12.94427190999916 34.449999999999996
    endloop
  endfacet
  facet normal -0.5592965967606589 -0.8229799504234894 0.09945510571557395
    outer loop
      vertex 8.573228719663947 13.509246808032241 34.449999999999996
      vertex 9.40456403667957 12.94427190999916 34.449999999999996
      vertex 9.992349288972044 13.753288904374106 44.449999999999996
    endloop
  endfacet
  facet normal -0.609868291335406 -0.7862374636016376 0.09945510571557395
    outer loop
      vertex 9.40456403667957 12.94427190999916 34.449999999999996
      vertex 10.836207825727726 13.098725127188416 44.449999999999996
      vertex 9.992349288972044 13.753288904374106 44.449999999999996
    endloop
  endfacet
  facet normal 0 0 1
    outer loop
      vertex -3.9790381946376776 15.497330578058097 34.449999999999996
      vertex 10.198783835979036 12.328211884412626 34.449999999999996
      vertex -2.998101033371593 15.71659601165902 34.449999999999996
    endloop
  endfacet
  facet normal 0 0 1
    outer loop
      vertex -2.998101033371593 15.71659601165902 34.449999999999996
      vertex 10.198783835979036 12.328211884412626 34.449999999999996
      vertex -2.0053317370288686 15.873835221031646 34.449999999999996
    endloop
  endfacet
  facet normal 0 0 1
    outer loop
      vertex -2.0053317370288686 15.873835221031646 34.449999999999996
      vertex 10.198783835979036 12.328211884412626 34.449999999999996
      vertex -1.0046483124690124 15.968427654852345 34.449999999999996
    endloop
  endfacet
  facet normal 0 0 1
    outer loop
      vertex -1.0046483124690124 15.968427654852345 34.449999999999996
      vertex 10.198783835979036 12.328211884412626 34.449999999999996
      vertex 0 16 34.449999999999996
    endloop
  endfacet
  facet normal 0 0 1
    outer loop
      vertex 0 16 34.449999999999996
      vertex 10.198783835979036 12.328211884412626 34.449999999999996
      vertex 1.0046483124690124 15.968427654852345 34.449999999999996
    endloop
  endfacet
  facet normal 0 0 1
    outer loop
      vertex 1.0046483124690124 15.968427654852345 34.449999999999996
      vertex 10.198783835979036 12.328211884412626 34.449999999999996
      vertex 2.0053317370288686 15.873835221031646 34.449999999999996
    endloop
  endfacet
  facet normal 0 0 1
    outer loop
      vertex 2.0053317370288686 15.873835221031646 34.449999999999996
      vertex 10.198783835979036 12.328211884412626 34.449999999999996
      vertex 2.998101033371593 15.71659601165902 34.449999999999996
    endloop
  endfacet
  facet normal -0.21706169818727927 -0.9710782157618193 0.09945510571557402
    outer loop
      vertex 2.998101033371593 15.71659601165902 34.449999999999996
      vertex 3.9790381946376776 15.497330578058097 34.449999999999996
      vertex 4.227728081802533 16.46591373918673 44.449999999999996
    endloop
  endfacet
  facet normal -0.27760788218021804 -0.9555325979256376 0.09945510571557402
    outer loop
      vertex 3.9790381946376776 15.497330578058097 34.449999999999996
      vertex 4.944271909999158 15.216904260722456 34.449999999999996
      vertex 4.227728081802533 16.46591373918673 44.449999999999996
    endloop
  endfacet
  facet normal -0.09364172903860014 -0.9906260185003044 0.09945510571557414
    outer loop
      vertex 1.0046483124690124 15.968427654852345 34.449999999999996
      vertex 2.0053317370288686 15.873835221031646 34.449999999999996
      vertex 2.130664970593173 16.865949922346125 44.449999999999996
    endloop
  endfacet
  facet normal -0.15565887083765134 -0.982791431523826 0.09945510571557414
    outer loop
      vertex 2.0053317370288686 15.873835221031646 34.449999999999996
      vertex 2.998101033371593 15.71659601165902 34.449999999999996
      vertex 2.130664970593173 16.865949922346125 44.449999999999996
    endloop
  endfacet
  facet normal 0 0 1
    outer loop
      vertex 2.998101033371593 15.71659601165902 34.449999999999996
      vertex 10.198783835979036 12.328211884412626 34.449999999999996
      vertex 3.9790381946376776 15.497330578058097 34.449999999999996
    endloop
  endfacet
  facet normal 0 0 1
    outer loop
      vertex 3.9790381946376776 15.497330578058097 34.449999999999996
      vertex 10.198783835979036 12.328211884412626 34.449999999999996
      vertex 4.944271909999158 15.216904260722456 34.449999999999996
    endloop
  endfacet
  facet normal 0 0 1
    outer loop
      vertex 4.944271909999158 15.216904260722456 34.449999999999996
      vertex 10.198783835979036 12.328211884412626 34.449999999999996
      vertex 5.889992842954846 14.876423774212023 34.449999999999996
    endloop
  endfacet
  facet normal 0 0 1
    outer loop
      vertex 5.889992842954846 14.876423774212023 34.449999999999996
      vertex 10.198783835979036 12.328211884412626 34.449999999999996
      vertex 6.812468665041163 14.477232839456311 34.449999999999996
    endloop
  endfacet
  facet normal -0.4517396376962384 -0.8865889586957278 0.09945510571557405
    outer loop
      vertex 6.812468665041163 14.477232839456311 34.449999999999996
      vertex 7.708058785627443 14.020906880701817 34.449999999999996
      vertex 7.238247956606236 15.382059891922331 44.449999999999996
    endloop
  endfacet
  facet normal -0.337058474689168 -0.9362159294667632 0.09945510571557392
    outer loop
      vertex 4.944271909999158 15.216904260722456 34.449999999999996
      vertex 5.889992842954846 14.876423774212023 34.449999999999996
      vertex 6.258117395639523 15.806200260100274 44.449999999999996
    endloop
  endfacet
  facet normal -0.39517885138589237 -0.9132044444506557 0.09945510571557406
    outer loop
      vertex 5.889992842954846 14.876423774212023 34.449999999999996
      vertex 6.812468665041163 14.477232839456311 34.449999999999996
      vertex 7.238247956606236 15.382059891922331 44.449999999999996
    endloop
  endfacet
  facet normal -0.5065176140368065 -0.8564745113647952 0.09945510571557402
    outer loop
      vertex 7.708058785627443 14.020906880701817 34.449999999999996
      vertex 8.573228719663947 13.509246808032241 34.449999999999996
      vertex 8.189812459729158 14.897213560745682 44.449999999999996
    endloop
  endfacet
  facet normal -0.2776078821802195 -0.9555325979256372 0.09945510571557385
    outer loop
      vertex 4.944271909999158 15.216904260722456 34.449999999999996
      vertex 5.253288904374106 16.16796077701761 44.449999999999996
      vertex 4.227728081802533 16.46591373918673 44.449999999999996
    endloop
  endfacet
  facet normal -0.3370584746891672 -0.9362159294667636 0.09945510571557385
    outer loop
      vertex 4.944271909999158 15.216904260722456 34.449999999999996
      vertex 6.258117395639523 15.806200260100274 44.449999999999996
      vertex 5.253288904374106 16.16796077701761 44.449999999999996
    endloop
  endfacet
  facet normal -0.09364172903859902 -0.9906260185003045 0.09945510571557403
    outer loop
      vertex 1.0046483124690124 15.968427654852345 34.449999999999996
      vertex 2.130664970593173 16.865949922346125 44.449999999999996
      vertex 1.0674388319983257 16.966454383280617 44.449999999999996
    endloop
  endfacet
  facet normal -0.1556588708376542 -0.9827914315238256 0.09945510571557384
    outer loop
      vertex 2.998101033371593 15.71659601165902 34.449999999999996
      vertex 3.1854823479573176 16.698883262387707 44.449999999999996
      vertex 2.130664970593173 16.865949922346125 44.449999999999996
    endloop
  endfacet
  facet normal -0.21706169818727772 -0.9710782157618196 0.09945510571557384
    outer loop
      vertex 2.998101033371593 15.71659601165902 34.449999999999996
      vertex 4.227728081802533 16.46591373918673 44.449999999999996
      vertex 3.1854823479573176 16.698883262387707 44.449999999999996
    endloop
  endfacet
  facet normal -0.45173963769623865 -0.8865889586957277 0.099455105715574
    outer loop
      vertex 7.708058785627443 14.020906880701817 34.449999999999996
      vertex 8.189812459729158 14.897213560745682 44.449999999999996
      vertex 7.238247956606236 15.382059891922331 44.449999999999996
    endloop
  endfacet
  facet normal -0.3951788513858913 -0.9132044444506562 0.09945510571557395
    outer loop
      vertex 5.889992842954846 14.876423774212023 34.449999999999996
      vertex 7.238247956606236 15.382059891922331 44.449999999999996
      vertex 6.258117395639523 15.806200260100274 44.449999999999996
    endloop
  endfacet
  facet normal -0.5065176140368072 -0.8564745113647948 0.09945510571557395
    outer loop
      vertex 8.573228719663947 13.509246808032241 34.449999999999996
      vertex 9.109055514642943 14.353574733534256 44.449999999999996
      vertex 8.189812459729158 14.897213560745682 44.449999999999996
    endloop
  endfacet
  facet normal -0.5592965967606588 -0.8229799504234894 0.09945510571557394
    outer loop
      vertex 8.573228719663947 13.509246808032241 34.449999999999996
      vertex 9.992349288972044 13.753288904374106 44.449999999999996
      vertex 9.109055514642943 14.353574733534256 44.449999999999996
    endloop
  endfacet
  facet normal 0 0 1
    outer loop
      vertex 14.020906880701817 7.708058785627445 34.449999999999996
      vertex 13.509246808032241 8.573228719663947 34.449999999999996
      vertex 10.198783835979036 12.328211884412626 34.449999999999996
    endloop
  endfacet
  facet normal 0 0 1
    outer loop
      vertex 10.198783835979036 12.328211884412626 34.449999999999996
      vertex 13.509246808032241 8.573228719663947 34.449999999999996
      vertex 12.94427190999916 9.40456403667957 34.449999999999996
    endloop
  endfacet
  facet normal 0 0 1
    outer loop
      vertex 10.198783835979036 12.328211884412626 34.449999999999996
      vertex 12.328211884412626 10.198783835979036 34.449999999999996
      vertex 11.663498038742585 10.95275369485902 34.449999999999996
    endloop
  endfacet
  facet normal 0 0 1
    outer loop
      vertex 10.198783835979036 12.328211884412626 34.449999999999996
      vertex 12.94427190999916 9.40456403667957 34.449999999999996
      vertex 12.328211884412626 10.198783835979036 34.449999999999996
    endloop
  endfacet
  facet normal -0.7862374636016367 -0.609868291335407 0.09945510571557409
    outer loop
      vertex 12.328211884412626 10.198783835979036 34.449999999999996
      vertex 12.94427190999916 9.40456403667957 34.449999999999996
      vertex 13.098725127188416 10.836207825727726 44.449999999999996
    endloop
  endfacet
  facet normal -0.7463920567086808 -0.6580331143865706 0.09945510571557409
    outer loop
      vertex 12.328211884412626 10.198783835979036 34.449999999999996
      vertex 13.098725127188416 10.836207825727726 44.449999999999996
      vertex 11.663498038742585 10.95275369485902 34.449999999999996
    endloop
  endfacet
  facet normal -0.8229799504234894 -0.5592965967606589 0.09945510571557395
    outer loop
      vertex 12.94427190999916 9.40456403667957 34.449999999999996
      vertex 13.509246808032241 8.573228719663947 34.449999999999996
      vertex 13.753288904374106 9.992349288972044 44.449999999999996
    endloop
  endfacet
  facet normal 0 0 1
    outer loop
      vertex 10.198783835979036 12.328211884412626 34.449999999999996
      vertex 11.663498038742585 10.95275369485902 34.449999999999996
      vertex 10.95275369485902 11.663498038742585 34.449999999999996
    endloop
  endfacet
  facet normal -0.7036009813619876 -0.7036009813619876 0.09945510571557392
    outer loop
      vertex 10.95275369485902 11.663498038742585 34.449999999999996
      vertex 11.663498038742585 10.95275369485902 34.449999999999996
      vertex 11.637300800787708 12.392466666163996 44.449999999999996
    endloop
  endfacet
  facet normal -0.6580331143865706 -0.7463920567086808 0.09945510571557409
    outer loop
      vertex 10.198783835979036 12.328211884412626 34.449999999999996
      vertex 10.95275369485902 11.663498038742585 34.449999999999996
      vertex 10.836207825727726 13.098725127188416 44.449999999999996
    endloop
  endfacet
  facet normal -0.7463920567086797 -0.6580331143865719 0.09945510571557395
    outer loop
      vertex 11.663498038742585 10.95275369485902 34.449999999999996
      vertex 13.098725127188416 10.836207825727726 44.449999999999996
      vertex 12.392466666163996 11.637300800787708 44.449999999999996
    endloop
  endfacet
  facet normal -0.8229799504234894 -0.5592965967606588 0.09945510571557394
    outer loop
      vertex 13.509246808032241 8.573228719663947 34.449999999999996
      vertex 14.353574733534256 9.109055514642943 44.449999999999996
      vertex 13.753288904374106 9.992349288972044 44.449999999999996
    endloop
  endfacet
  facet normal -0.7862374636016376 -0.609868291335406 0.09945510571557395
    outer loop
      vertex 12.94427190999916 9.40456403667957 34.449999999999996
      vertex 13.753288904374106 9.992349288972044 44.449999999999996
      vertex 13.098725127188416 10.836207825727726 44.449999999999996
    endloop
  endfacet
  facet normal -0.6580331143865719 -0.7463920567086797 0.09945510571557395
    outer loop
      vertex 10.95275369485902 11.663498038742585 34.449999999999996
      vertex 11.637300800787708 12.392466666163996 44.449999999999996
      vertex 10.836207825727726 13.098725127188416 44.449999999999996
    endloop
  endfacet
  facet normal -0.7036009813619876 -0.7036009813619876 0.09945510571557392
    outer loop
      vertex 11.663498038742585 10.95275369485902 34.449999999999996
      vertex 12.392466666163996 11.637300800787708 44.449999999999996
      vertex 11.637300800787708 12.392466666163996 44.449999999999996
    endloop
  endfacet
  facet normal -0.612752162098961 -0.7899553273874877 -0.022480404248494984
    outer loop
      vertex 29.86070439795484 -13.955543152967843 0
      vertex 29.272919145662364 -14.764560147342792 44.449999999999996
      vertex 29.004436176835103 -13.291353437882366 0
    endloop
  endfacet
  facet normal -0.7499215043961127 -0.6611447410885876 -0.022480404248494942
    outer loop
      vertex 27.42529117698065 -11.808437577269876 0
      vertex 25.938133319341844 -11.632987812913585 44.449999999999996
      vertex 26.708646562117636 -10.995563823164897 0
    endloop
  endfacet
  facet normal -0.6611447410885867 -0.7499215043961134 -0.022480404248494883
    outer loop
      vertex 28.191562422730122 -12.574708823019352 0
      vertex 29.004436176835103 -13.291353437882366 0
      vertex 28.367012187086416 -14.061866680658156 44.449999999999996
    endloop
  endfacet
  facet normal -0.7069280838334366 -0.7069280838334334 -0.022480404248494956
    outer loop
      vertex 27.42529117698065 -11.808437577269876 0
      vertex 28.191562422730122 -12.574708823019352 0
      vertex 26.696322549559238 -12.492984683198566 44.449999999999996
    endloop
  endfacet
  facet normal -0.7899553273874871 -0.6127521620989618 -0.02248040424849497
    outer loop
      vertex 26.04445684703216 -10.139295602045161 0
      vertex 26.708646562117636 -10.995563823164897 0
      vertex 25.23543985265721 -10.727080854337634 44.449999999999996
    endloop
  endfacet
  facet normal -0.8268715575979207 -0.5619413302653691 -0.022480404248494904
    outer loop
      vertex 25.43534328509024 -9.243012213387692 0
      vertex 26.04445684703216 -10.139295602045161 0
      vertex 24.591015359588226 -9.778839008366688 44.449999999999996
    endloop
  endfacet
  facet normal -0.3386523156784017 -0.9406429931225132 -0.022480404248494942
    outer loop
      vertex 33.649851466189304 -16.038644381572336 0
      vertex 34.66945684703216 -16.405724906091397 0
      vertex 34.36043985265721 -17.35678142238655 44.449999999999996
    endloop
  endfacet
  facet normal -0.3970475249209469 -0.917522694203786 -0.022480404248494967
    outer loop
      vertex 32.6553072205025 -15.608266655038838 0
      vertex 33.649851466189304 -16.038644381572336 0
      vertex 33.28172691350463 -16.96842086746059 44.449999999999996
    endloop
  endfacet
  facet normal -0.5089127727277919 -0.8605245035321974 -0.022480404248494845
    outer loop
      vertex 30.756987786612306 -14.564656714909757 0
      vertex 31.689749121745407 -15.116290230756645 0
      vertex 31.207995447643697 -15.992596910800508 44.449999999999996
    endloop
  endfacet
  facet normal -0.5619413302653684 -0.8268715575979213 -0.022480404248494915
    outer loop
      vertex 29.86070439795484 -13.955543152967843 0
      vertex 30.756987786612306 -14.564656714909757 0
      vertex 30.22116099163331 -15.408984640411774 44.449999999999996
    endloop
  endfacet
  facet normal -0.4538757689763852 -0.8907813523872844 -0.02248040424849491
    outer loop
      vertex 31.689749121745407 -15.116290230756645 0
      vertex 32.6553072205025 -15.608266655038838 0
      vertex 32.22952792893743 -16.513093707504858 44.449999999999996
    endloop
  endfacet
  facet normal -0.21808811306108516 -0.9756701319433119 -0.022480404248494942
    outer loop
      vertex 35.710099446406254 -16.708059529468887 0
      vertex 36.76767232339625 -16.94445507506988 0
      vertex 36.58029100881052 -17.926742325798568 44.449999999999996
    endloop
  endfacet
  facet normal -0.2789206004614076 -0.9600510038862895 -0.02248040424849494
    outer loop
      vertex 34.66945684703216 -16.405724906091397 0
      vertex 35.710099446406254 -16.708059529468887 0
      vertex 35.461409559241396 -17.676642690597518 44.449999999999996
    endloop
  endfacet
  facet normal -0.15639493151349784 -0.9874387357308363 -0.022480404248494908
    outer loop
      vertex 36.76767232339625 -16.94445507506988 0
      vertex 37.83800172101576 -17.113978597674745 0
      vertex 37.71266848745145 -18.106093298989222 44.449999999999996
    endloop
  endfacet
  facet normal -0.09408453062127006 -0.9953103699462794 -0.02248040424849493
    outer loop
      vertex 37.83800172101576 -17.113978597674745 0
      vertex 38.91686353811934 -17.215961065387685 0
      vertex 38.85407301859002 -18.213987793815956 44.449999999999996
    endloop
  endfacet
  facet normal 0 0 -1
    outer loop
      vertex 24.883709769243353 -8.31025087825459 0
      vertex 24.39173334496116 -7.3446927794975 0
      vertex 24.883709769243353 8.31025087825459 0
    endloop
  endfacet
  facet normal 0 0 -1
    outer loop
      vertex 23.594275093908603 -5.330543152967842 0
      vertex 23.291940470531113 -4.289900553593746 0
      vertex 23.594275093908603 5.330543152967842 0
    endloop
  endfacet
  facet normal 0 0 -1
    outer loop
      vertex 23.961355618427664 -6.350148533810693 0
      vertex 23.594275093908603 -5.330543152967842 0
      vertex 23.961355618427664 6.350148533810693 0
    endloop
  endfacet
  facet normal 0 0 -1
    outer loop
      vertex 23.961355618427664 -6.350148533810693 0
      vertex 24.39173334496116 7.3446927794975 0
      vertex 24.39173334496116 -7.3446927794975 0
    endloop
  endfacet
  facet normal 0 0 -1
    outer loop
      vertex 23.291940470531113 -4.289900553593746 0
      vertex 23.05554492493012 -3.232327676603753 0
      vertex 23.291940470531113 4.289900553593746 0
    endloop
  endfacet
  facet normal 0 0 -1
    outer loop
      vertex 23.05554492493012 -3.232327676603753 0
      vertex 22.886021402325255 -2.161998278984245 0
      vertex 23.05554492493012 3.232327676603753 0
    endloop
  endfacet
  facet normal 0 0 -1
    outer loop
      vertex 22.886021402325255 -2.161998278984245 0
      vertex 22.784038934612315 -1.083136461880654 0
      vertex 22.886021402325255 2.161998278984245 0
    endloop
  endfacet
  facet normal 0 0 -1
    outer loop
      vertex 25.43534328509024 -9.243012213387692 0
      vertex 26.04445684703216 10.139295602045161 0
      vertex 26.04445684703216 -10.139295602045161 0
    endloop
  endfacet
  facet normal 0 0 -1
    outer loop
      vertex 25.43534328509024 -9.243012213387692 0
      vertex 24.883709769243353 -8.31025087825459 0
      vertex 25.43534328509024 9.243012213387692 0
    endloop
  endfacet
  facet normal 0 0 -1
    outer loop
      vertex 26.04445684703216 -10.139295602045161 0
      vertex 26.708646562117636 10.995563823164897 0
      vertex 26.708646562117636 -10.995563823164897 0
    endloop
  endfacet
  facet normal 0 0 -1
    outer loop
      vertex 27.42529117698065 -11.808437577269876 0
      vertex 26.708646562117636 -10.995563823164897 0
      vertex 27.42529117698065 11.808437577269876 0
    endloop
  endfacet
  facet normal 0 0 -1
    outer loop
      vertex 27.42529117698065 -11.808437577269876 0
      vertex 28.191562422730122 12.574708823019352 0
      vertex 28.191562422730122 -12.574708823019352 0
    endloop
  endfacet
  facet normal 0 0 -1
    outer loop
      vertex 28.191562422730122 -12.574708823019352 0
      vertex 29.004436176835103 13.291353437882366 0
      vertex 29.004436176835103 -13.291353437882366 0
    endloop
  endfacet
  facet normal 0 0 -1
    outer loop
      vertex 29.86070439795484 -13.955543152967843 0
      vertex 30.756987786612306 14.564656714909757 0
      vertex 30.756987786612306 -14.564656714909757 0
    endloop
  endfacet
  facet normal 0 0 -1
    outer loop
      vertex 30.756987786612306 -14.564656714909757 0
      vertex 31.689749121745415 15.116290230756647 0
      vertex 31.689749121745407 -15.116290230756645 0
    endloop
  endfacet
  facet normal 0 0 -1
    outer loop
      vertex 31.689749121745407 -15.116290230756645 0
      vertex 32.65530722050249 15.608266655038836 0
      vertex 32.6553072205025 -15.608266655038838 0
    endloop
  endfacet
  facet normal 0 0 -1
    outer loop
      vertex 32.6553072205025 -15.608266655038838 0
      vertex 33.649851466189304 16.038644381572336 0
      vertex 33.649851466189304 -16.038644381572336 0
    endloop
  endfacet
  facet normal 0 0 -1
    outer loop
      vertex 33.649851466189304 -16.038644381572336 0
      vertex 34.66945684703216 16.405724906091397 0
      vertex 34.66945684703216 -16.405724906091397 0
    endloop
  endfacet
  facet normal 0 0 -1
    outer loop
      vertex 34.66945684703216 -16.405724906091397 0
      vertex 35.710099446406254 16.708059529468887 0
      vertex 35.710099446406254 -16.708059529468887 0
    endloop
  endfacet
  facet normal 0 0 -1
    outer loop
      vertex 35.710099446406254 -16.708059529468887 0
      vertex 36.767672323396255 16.94445507506988 0
      vertex 36.76767232339625 -16.94445507506988 0
    endloop
  endfacet
  facet normal 0 0 -1
    outer loop
      vertex 37.83800172101576 -17.113978597674745 0
      vertex 38.916863538119344 17.215961065387685 0
      vertex 38.91686353811934 -17.215961065387685 0
    endloop
  endfacet
  facet normal 0 0 -1
    outer loop
      vertex 36.76767232339625 -16.94445507506988 0
      vertex 37.83800172101575 17.113978597674745 0
      vertex 37.83800172101576 -17.113978597674745 0
    endloop
  endfacet
  facet normal 0 0 -1
    outer loop
      vertex 29.86070439795484 -13.955543152967843 0
      vertex 29.004436176835103 -13.291353437882366 0
      vertex 29.86070439795484 13.955543152967843 0
    endloop
  endfacet
  facet normal -0.8605245035321974 -0.5089127727277919 -0.022480404248494852
    outer loop
      vertex 25.43534328509024 -9.243012213387692 0
      vertex 24.007403089199492 -8.792004552356305 44.449999999999996
      vertex 24.883709769243353 -8.31025087825459 0
    endloop
  endfacet
  facet normal -0.890781352387284 -0.45387576897638576 -0.022480404248494883
    outer loop
      vertex 24.883709769243353 -8.31025087825459 0
      vertex 23.486906292495142 -7.770472071062572 44.449999999999996
      vertex 24.39173334496116 -7.3446927794975 0
    endloop
  endfacet
  facet normal -0.9406429931225129 -0.33865231567840276 -0.022480404248494918
    outer loop
      vertex 23.961355618427664 -6.350148533810693 0
      vertex 22.64321857761345 -5.63956014734279 44.449999999999996
      vertex 23.594275093908603 -5.330543152967842 0
    endloop
  endfacet
  facet normal -0.917522694203787 -0.3970475249209447 -0.022480404248494977
    outer loop
      vertex 23.961355618427664 -6.350148533810693 0
      vertex 24.39173334496116 -7.3446927794975 0
      vertex 23.03157913253941 -6.718273086495371 44.449999999999996
    endloop
  endfacet
  facet normal -0.9600510038862894 -0.2789206004614074 -0.022480404248494918
    outer loop
      vertex 23.594275093908603 -5.330543152967842 0
      vertex 22.323357309402482 -4.538590440758601 44.449999999999996
      vertex 23.291940470531113 -4.289900553593746 0
    endloop
  endfacet
  facet normal -0.9756701319433119 -0.21808811306108536 -0.022480404248494925
    outer loop
      vertex 23.291940470531113 -4.289900553593746 0
      vertex 22.073257674201432 -3.419708991189478 44.449999999999996
      vertex 23.05554492493012 -3.232327676603753 0
    endloop
  endfacet
  facet normal -0.9874387357308364 -0.15639493151349812 -0.02248040424849491
    outer loop
      vertex 23.05554492493012 -3.232327676603753 0
      vertex 21.893906701010778 -2.2873315125485494 44.449999999999996
      vertex 22.886021402325255 -2.161998278984245 0
    endloop
  endfacet
  facet normal -0.9953103699462795 -0.09408453062126905 -0.022480404248494925
    outer loop
      vertex 22.886021402325255 -2.161998278984245 0
      vertex 21.786012206184044 -1.1459269814099673 44.449999999999996
      vertex 22.784038934612315 -1.083136461880654 0
    endloop
  endfacet
  facet normal -0.999253968845599 -0.03140282106981616 -0.022480404248494918
    outer loop
      vertex 22.784038934612315 -1.083136461880654 0
      vertex 21.75 0 44.449999999999996
      vertex 22.75 0 0
    endloop
  endfacet
  facet normal -0.031402821069815894 -0.999253968845599 -0.022480404248494918
    outer loop
      vertex 38.91686353811934 -17.215961065387685 0
      vertex 40 -17.25 0
      vertex 40 -18.25 44.449999999999996
    endloop
  endfacet
  facet normal 0.031402821069815894 -0.999253968845599 -0.02248040424849492
    outer loop
      vertex 40 -17.25 0
      vertex 41.08313646188066 -17.215961065387685 0
      vertex 41.14592698140998 -18.213987793815956 44.449999999999996
    endloop
  endfacet
  facet normal 0.09408453062127006 -0.9953103699462794 -0.022480404248494915
    outer loop
      vertex 41.08313646188066 -17.215961065387685 0
      vertex 42.16199827898424 -17.113978597674745 0
      vertex 42.28733151254855 -18.106093298989222 44.449999999999996
    endloop
  endfacet
  facet normal 0.15639493151349784 -0.9874387357308363 -0.022480404248494932
    outer loop
      vertex 42.16199827898424 -17.113978597674745 0
      vertex 43.23232767660375 -16.94445507506988 0
      vertex 43.41970899118948 -17.926742325798568 44.449999999999996
    endloop
  endfacet
  facet normal 0.21808811306108658 -0.9756701319433115 -0.022480404248494935
    outer loop
      vertex 43.23232767660375 -16.94445507506988 0
      vertex 44.28990055359374 -16.708059529468887 0
      vertex 44.5385904407586 -17.676642690597518 44.449999999999996
    endloop
  endfacet
  facet normal 0.2789206004614058 -0.9600510038862899 -0.02248040424849494
    outer loop
      vertex 44.28990055359374 -16.708059529468887 0
      vertex 45.33054315296784 -16.405724906091397 0
      vertex 44.5385904407586 -17.676642690597518 44.449999999999996
    endloop
  endfacet
  facet normal 0.33865231567840254 -0.9406429931225129 -0.022480404248494942
    outer loop
      vertex 45.33054315296784 -16.405724906091397 0
      vertex 46.3501485338107 -16.038644381572333 0
      vertex 45.63956014734279 -17.35678142238655 44.449999999999996
    endloop
  endfacet
  facet normal 0.39704752492094664 -0.9175226942037863 -0.0224804042484949
    outer loop
      vertex 46.3501485338107 -16.038644381572333 0
      vertex 47.3446927794975 -15.608266655038838 0
      vertex 46.71827308649538 -16.968420867460583 44.449999999999996
    endloop
  endfacet
  facet normal 0.4538757689763852 -0.8907813523872844 -0.02248040424849491
    outer loop
      vertex 47.3446927794975 -15.608266655038838 0
      vertex 48.31025087825459 -15.116290230756645 0
      vertex 47.77047207106257 -16.513093707504858 44.449999999999996
    endloop
  endfacet
  facet normal 0.50891277272779 -0.8605245035321988 -0.02248040424849485
    outer loop
      vertex 48.31025087825459 -15.116290230756645 0
      vertex 49.243012213387686 -14.564656714909765 0
      vertex 48.7920045523563 -15.992596910800508 44.449999999999996
    endloop
  endfacet
  facet normal 0.5619413302653699 -0.8268715575979203 -0.02248040424849488
    outer loop
      vertex 49.243012213387686 -14.564656714909765 0
      vertex 50.13929560204516 -13.955543152967843 0
      vertex 49.77883900836668 -15.408984640411779 44.449999999999996
    endloop
  endfacet
  facet normal 0.6127521620989625 -0.7899553273874865 -0.022480404248494987
    outer loop
      vertex 50.13929560204516 -13.955543152967843 0
      vertex 50.9955638231649 -13.29135343788236 0
      vertex 50.727080854337636 -14.764560147342792 44.449999999999996
    endloop
  endfacet
  facet normal 0.6611447410885855 -0.7499215043961145 -0.022480404248494935
    outer loop
      vertex 50.9955638231649 -13.29135343788236 0
      vertex 51.80843757726988 -12.574708823019352 0
      vertex 51.63298781291359 -14.06186668065815 44.449999999999996
    endloop
  endfacet
  facet normal 0.7069280838334366 -0.7069280838334334 -0.0224804042484949
    outer loop
      vertex 51.80843757726988 -12.574708823019352 0
      vertex 52.57470882301935 -11.808437577269876 0
      vertex 53.30367745044076 -12.492984683198566 44.449999999999996
    endloop
  endfacet
  facet normal 0.7499215043961105 -0.6611447410885899 -0.02248040424849484
    outer loop
      vertex 52.57470882301935 -11.808437577269876 0
      vertex 53.291353437882364 -10.995563823164902 0
      vertex 54.06186668065815 -11.632987812913592 44.449999999999996
    endloop
  endfacet
  facet normal 0.789955327387489 -0.6127521620989594 -0.02248040424849497
    outer loop
      vertex 53.291353437882364 -10.995563823164902 0
      vertex 53.95554315296784 -10.139295602045161 0
      vertex 54.76456014734279 -10.727080854337634 44.449999999999996
    endloop
  endfacet
  facet normal 0.8268715575979199 -0.5619413302653705 -0.022480404248494904
    outer loop
      vertex 53.95554315296784 -10.139295602045161 0
      vertex 54.564656714909766 -9.243012213387685 0
      vertex 55.40898464041178 -9.778839008366681 44.449999999999996
    endloop
  endfacet
  facet normal 0 0 -1
    outer loop
      vertex 38.91686353811934 -17.215961065387685 0
      vertex 40 17.25 0
      vertex 40 -17.25 0
    endloop
  endfacet
  facet normal 0 0 -1
    outer loop
      vertex 40 -17.25 0
      vertex 41.083136461880656 17.215961065387685 0
      vertex 41.08313646188066 -17.215961065387685 0
    endloop
  endfacet
  facet normal 0 0 -1
    outer loop
      vertex 41.08313646188066 -17.215961065387685 0
      vertex 42.16199827898425 17.113978597674745 0
      vertex 42.16199827898424 -17.113978597674745 0
    endloop
  endfacet
  facet normal 0 0 -1
    outer loop
      vertex 42.16199827898424 -17.113978597674745 0
      vertex 43.232327676603745 16.94445507506988 0
      vertex 43.23232767660375 -16.94445507506988 0
    endloop
  endfacet
  facet normal 0 0 -1
    outer loop
      vertex 43.23232767660375 -16.94445507506988 0
      vertex 44.289900553593746 16.708059529468887 0
      vertex 44.28990055359374 -16.708059529468887 0
    endloop
  endfacet
  facet normal 0 0 -1
    outer loop
      vertex 44.28990055359374 -16.708059529468887 0
      vertex 45.33054315296784 16.405724906091397 0
      vertex 45.33054315296784 -16.405724906091397 0
    endloop
  endfacet
  facet normal 0 0 -1
    outer loop
      vertex 45.33054315296784 -16.405724906091397 0
      vertex 46.350148533810696 16.038644381572336 0
      vertex 46.3501485338107 -16.038644381572333 0
    endloop
  endfacet
  facet normal 0 0 -1
    outer loop
      vertex 46.3501485338107 -16.038644381572333 0
      vertex 47.34469277949751 15.608266655038836 0
      vertex 47.3446927794975 -15.608266655038838 0
    endloop
  endfacet
  facet normal 0 0 -1
    outer loop
      vertex 47.3446927794975 -15.608266655038838 0
      vertex 48.310250878254585 15.116290230756647 0
      vertex 48.31025087825459 -15.116290230756645 0
    endloop
  endfacet
  facet normal 0 0 -1
    outer loop
      vertex 48.31025087825459 -15.116290230756645 0
      vertex 49.24301221338769 14.56465671490976 0
      vertex 49.243012213387686 -14.564656714909765 0
    endloop
  endfacet
  facet normal 0 0 -1
    outer loop
      vertex 49.243012213387686 -14.564656714909765 0
      vertex 50.13929560204516 13.955543152967843 0
      vertex 50.13929560204516 -13.955543152967843 0
    endloop
  endfacet
  facet normal 0 0 -1
    outer loop
      vertex 50.13929560204516 -13.955543152967843 0
      vertex 50.9955638231649 13.291353437882362 0
      vertex 50.9955638231649 -13.29135343788236 0
    endloop
  endfacet
  facet normal 0 0 -1
    outer loop
      vertex 50.9955638231649 -13.29135343788236 0
      vertex 51.808437577269885 12.57470882301935 0
      vertex 51.80843757726988 -12.574708823019352 0
    endloop
  endfacet
  facet normal 0 0 -1
    outer loop
      vertex 51.80843757726988 -12.574708823019352 0
      vertex 52.57470882301935 11.808437577269881 0
      vertex 52.57470882301935 -11.808437577269876 0
    endloop
  endfacet
  facet normal 0 0 -1
    outer loop
      vertex 52.57470882301935 -11.808437577269876 0
      vertex 53.291353437882364 10.995563823164899 0
      vertex 53.291353437882364 -10.995563823164902 0
    endloop
  endfacet
  facet normal 0 0 -1
    outer loop
      vertex 53.291353437882364 -10.995563823164902 0
      vertex 53.95554315296784 10.139295602045161 0
      vertex 53.95554315296784 -10.139295602045161 0
    endloop
  endfacet
  facet normal 0 0 -1
    outer loop
      vertex 53.95554315296784 -10.139295602045161 0
      vertex 54.56465671490976 9.243012213387692 0
      vertex 54.564656714909766 -9.243012213387685 0
    endloop
  endfacet
  facet normal 0 0 -1
    outer loop
      vertex 54.564656714909766 -9.243012213387685 0
      vertex 55.11629023075665 8.310250878254589 0
      vertex 55.11629023075665 -8.31025087825459 0
    endloop
  endfacet
  facet normal 0 0 -1
    outer loop
      vertex 55.11629023075665 -8.31025087825459 0
      vertex 55.60826665503884 7.344692779497503 0
      vertex 55.60826665503884 -7.3446927794975 0
    endloop
  endfacet
  facet normal 0 0 -1
    outer loop
      vertex 55.60826665503884 -7.3446927794975 0
      vertex 56.03864438157234 6.350148533810695 0
      vertex 56.03864438157233 -6.350148533810701 0
    endloop
  endfacet
  facet normal 0 0 -1
    outer loop
      vertex 56.03864438157233 -6.350148533810701 0
      vertex 56.40572490609139 5.330543152967842 0
      vertex 56.40572490609139 -5.330543152967842 0
    endloop
  endfacet
  facet normal 0 0 -1
    outer loop
      vertex 56.40572490609139 -5.330543152967842 0
      vertex 56.70805952946888 4.289900553593745 0
      vertex 56.70805952946888 -4.289900553593739 0
    endloop
  endfacet
  facet normal 0 0 -1
    outer loop
      vertex 56.70805952946888 -4.289900553593739 0
      vertex 56.94445507506988 3.2323276766037496 0
      vertex 56.94445507506988 -3.232327676603753 0
    endloop
  endfacet
  facet normal 0 0 -1
    outer loop
      vertex 56.94445507506988 -3.232327676603753 0
      vertex 57.113978597674745 2.1619982789842487 0
      vertex 57.113978597674745 -2.161998278984245 0
    endloop
  endfacet
  facet normal 0 0 -1
    outer loop
      vertex 57.113978597674745 -2.161998278984245 0
      vertex 57.21596106538769 1.0831364618806556 0
      vertex 57.21596106538769 -1.0831364618806625 0
    endloop
  endfacet
  facet normal 0 0 -1
    outer loop
      vertex 57.21596106538769 -1.0831364618806625 0
      vertex 57.21596106538769 1.0831364618806556 0
      vertex 57.25 0 0
    endloop
  endfacet
  facet normal 0.8605245035321988 -0.50891277272779 -0.02248040424849486
    outer loop
      vertex 54.564656714909766 -9.243012213387685 0
      vertex 55.11629023075665 -8.31025087825459 0
      vertex 55.99259691080051 -8.792004552356305 44.449999999999996
    endloop
  endfacet
  facet normal 0.890781352387284 -0.45387576897638576 -0.022480404248494883
    outer loop
      vertex 55.11629023075665 -8.31025087825459 0
      vertex 55.60826665503884 -7.3446927794975 0
      vertex 56.51309370750486 -7.770472071062572 44.449999999999996
    endloop
  endfacet
  facet normal 0.9175226942037871 -0.3970475249209446 -0.02248040424849484
    outer loop
      vertex 55.60826665503884 -7.3446927794975 0
      vertex 56.03864438157233 -6.350148533810701 0
      vertex 56.96842086746058 -6.71827308649538 44.449999999999996
    endloop
  endfacet
  facet normal 0.9406429931225138 -0.33865231567840043 -0.02248040424849492
    outer loop
      vertex 56.03864438157233 -6.350148533810701 0
      vertex 56.40572490609139 -5.330543152967842 0
      vertex 57.35678142238655 -5.63956014734279 44.449999999999996
    endloop
  endfacet
  facet normal 0.9600510038862899 -0.2789206004614056 -0.02248040424849499
    outer loop
      vertex 56.40572490609139 -5.330543152967842 0
      vertex 56.70805952946888 -4.289900553593739 0
      vertex 57.67664269059752 -4.538590440758593 44.449999999999996
    endloop
  endfacet
  facet normal 0.9756701319433101 -0.218088113061093 -0.022480404248494915
    outer loop
      vertex 56.70805952946888 -4.289900553593739 0
      vertex 56.94445507506988 -3.232327676603753 0
      vertex 57.92674232579857 -3.419708991189478 44.449999999999996
    endloop
  endfacet
  facet normal 0.987438735730837 -0.15639493151349493 -0.02248040424849491
    outer loop
      vertex 56.94445507506988 -3.232327676603753 0
      vertex 57.113978597674745 -2.161998278984245 0
      vertex 58.10609329898922 -2.2873315125485494 44.449999999999996
    endloop
  endfacet
  facet normal 0.9953103699462792 -0.094084530621273 -0.02248040424849492
    outer loop
      vertex 57.113978597674745 -2.161998278984245 0
      vertex 57.21596106538769 -1.0831364618806625 0
      vertex 58.21398779381596 -1.1459269814099762 44.449999999999996
    endloop
  endfacet
  facet normal 0.9992539688455991 -0.03140282106981264 -0.02248040424849492
    outer loop
      vertex 57.21596106538769 -1.0831364618806625 0
      vertex 57.25 0 0
      vertex 58.25 0 44.449999999999996
    endloop
  endfacet
  facet normal -0.6127521620989642 -0.7899553273874853 -0.02248040424849489
    outer loop
      vertex 29.004436176835103 -13.291353437882366 0
      vertex 29.272919145662364 -14.764560147342792 44.449999999999996
      vertex 28.367012187086416 -14.061866680658156 44.449999999999996
    endloop
  endfacet
  facet normal -0.8605245035321987 -0.5089127727277902 -0.022480404248494908
    outer loop
      vertex 25.43534328509024 -9.243012213387692 0
      vertex 24.591015359588226 -9.778839008366688 44.449999999999996
      vertex 24.007403089199492 -8.792004552356305 44.449999999999996
    endloop
  endfacet
  facet normal -0.7499215043961132 -0.6611447410885868 -0.02248040424849496
    outer loop
      vertex 27.42529117698065 -11.808437577269876 0
      vertex 26.696322549559238 -12.492984683198566 44.449999999999996
      vertex 25.938133319341844 -11.632987812913585 44.449999999999996
    endloop
  endfacet
  facet normal -0.6611447410885868 -0.7499215043961132 -0.022480404248494876
    outer loop
      vertex 28.191562422730122 -12.574708823019352 0
      vertex 28.367012187086416 -14.061866680658156 44.449999999999996
      vertex 27.507015316801436 -13.303677450440762 44.449999999999996
    endloop
  endfacet
  facet normal -0.7069280838334343 -0.7069280838334357 -0.022480404248494876
    outer loop
      vertex 28.191562422730122 -12.574708823019352 0
      vertex 27.507015316801436 -13.303677450440762 44.449999999999996
      vertex 26.696322549559238 -12.492984683198566 44.449999999999996
    endloop
  endfacet
  facet normal -0.7899553273874865 -0.6127521620989627 -0.022480404248494946
    outer loop
      vertex 26.708646562117636 -10.995563823164897 0
      vertex 25.938133319341844 -11.632987812913585 44.449999999999996
      vertex 25.23543985265721 -10.727080854337634 44.449999999999996
    endloop
  endfacet
  facet normal -0.8268715575979222 -0.5619413302653669 -0.02248040424849497
    outer loop
      vertex 26.04445684703216 -10.139295602045161 0
      vertex 25.23543985265721 -10.727080854337634 44.449999999999996
      vertex 24.591015359588226 -9.778839008366688 44.449999999999996
    endloop
  endfacet
  facet normal -0.3970475249209489 -0.9175226942037853 -0.022480404248494915
    outer loop
      vertex 32.6553072205025 -15.608266655038838 0
      vertex 33.28172691350463 -16.96842086746059 44.449999999999996
      vertex 32.22952792893743 -16.513093707504858 44.449999999999996
    endloop
  endfacet
  facet normal -0.33865231567840065 -0.9406429931225135 -0.02248040424849497
    outer loop
      vertex 33.649851466189304 -16.038644381572336 0
      vertex 34.36043985265721 -17.35678142238655 44.449999999999996
      vertex 33.28172691350463 -16.96842086746059 44.449999999999996
    endloop
  endfacet
  facet normal -0.5089127727277895 -0.860524503532199 -0.022480404248494915
    outer loop
      vertex 30.756987786612306 -14.564656714909757 0
      vertex 31.207995447643697 -15.992596910800508 44.449999999999996
      vertex 30.22116099163331 -15.408984640411774 44.449999999999996
    endloop
  endfacet
  facet normal -0.45387576897638726 -0.8907813523872833 -0.022480404248494852
    outer loop
      vertex 31.689749121745407 -15.116290230756645 0
      vertex 32.22952792893743 -16.513093707504858 44.449999999999996
      vertex 31.207995447643697 -15.992596910800508 44.449999999999996
    endloop
  endfacet
  facet normal -0.5619413302653662 -0.8268715575979229 -0.022480404248494987
    outer loop
      vertex 29.86070439795484 -13.955543152967843 0
      vertex 30.22116099163331 -15.408984640411774 44.449999999999996
      vertex 29.272919145662364 -14.764560147342792 44.449999999999996
    endloop
  endfacet
  facet normal -0.27892060046140743 -0.9600510038862896 -0.02248040424849494
    outer loop
      vertex 34.66945684703216 -16.405724906091397 0
      vertex 35.461409559241396 -17.676642690597518 44.449999999999996
      vertex 34.36043985265721 -17.35678142238655 44.449999999999996
    endloop
  endfacet
  facet normal -0.21808811306108553 -0.9756701319433119 -0.022480404248494932
    outer loop
      vertex 35.710099446406254 -16.708059529468887 0
      vertex 36.58029100881052 -17.926742325798568 44.449999999999996
      vertex 35.461409559241396 -17.676642690597518 44.449999999999996
    endloop
  endfacet
  facet normal -0.15639493151349698 -0.9874387357308366 -0.022480404248494935
    outer loop
      vertex 36.76767232339625 -16.94445507506988 0
      vertex 37.71266848745145 -18.106093298989222 44.449999999999996
      vertex 36.58029100881052 -17.926742325798568 44.449999999999996
    endloop
  endfacet
  facet normal -0.09408453062127056 -0.9953103699462794 -0.022480404248494915
    outer loop
      vertex 37.83800172101576 -17.113978597674745 0
      vertex 38.85407301859002 -18.213987793815956 44.449999999999996
      vertex 37.71266848745145 -18.106093298989222 44.449999999999996
    endloop
  endfacet
  facet normal 0 0 1
    outer loop
      vertex 28.367012187086416 -14.061866680658156 44.449999999999996
      vertex 29.272919145662364 -14.764560147342792 44.449999999999996
      vertex 29.170166414169763 -13.106019994760661 44.449999999999996
    endloop
  endfacet
  facet normal 0 0 1
    outer loop
      vertex 29.272919145662364 -14.764560147342792 44.449999999999996
      vertex 30.01352856355088 -13.760198734430356 44.449999999999996
      vertex 29.170166414169763 -13.106019994760661 44.449999999999996
    endloop
  endfacet
  facet normal 0 0 1
    outer loop
      vertex 26.696322549559238 -12.492984683198566 44.449999999999996
      vertex 27.507015316801436 -13.303677450440762 44.449999999999996
      vertex 26.90127487281158 -10.836207825727724 44.449999999999996
    endloop
  endfacet
  facet normal 0 0 1
    outer loop
      vertex 28.367012187086416 -14.061866680658156 44.449999999999996
      vertex 27.614823020110215 -11.645455329728417 44.449999999999996
      vertex 27.507015316801436 -13.303677450440762 44.449999999999996
    endloop
  endfacet
  facet normal 0 0 1
    outer loop
      vertex 28.367012187086416 -14.061866680658156 44.449999999999996
      vertex 28.369544670271583 -12.400176979889784 44.449999999999996
      vertex 27.614823020110215 -11.645455329728417 44.449999999999996
    endloop
  endfacet
  facet normal 0 0 1
    outer loop
      vertex 28.367012187086416 -14.061866680658156 44.449999999999996
      vertex 29.170166414169763 -13.106019994760661 44.449999999999996
      vertex 28.369544670271583 -12.400176979889784 44.449999999999996
    endloop
  endfacet
  facet normal 0 0 1
    outer loop
      vertex 27.507015316801436 -13.303677450440762 44.449999999999996
      vertex 27.614823020110215 -11.645455329728417 44.449999999999996
      vertex 27.607533333836002 -11.637300800787704 44.449999999999996
    endloop
  endfacet
  facet normal 0 0 1
    outer loop
      vertex 27.507015316801436 -13.303677450440762 44.449999999999996
      vertex 27.607533333836002 -11.637300800787704 44.449999999999996
      vertex 26.90127487281158 -10.836207825727724 44.449999999999996
    endloop
  endfacet
  facet normal 0 0 1
    outer loop
      vertex 25.938133319341844 -11.632987812913585 44.449999999999996
      vertex 25.646425266465748 -9.109055514642943 44.449999999999996
      vertex 25.23543985265721 -10.727080854337634 44.449999999999996
    endloop
  endfacet
  facet normal 0 0 1
    outer loop
      vertex 25.938133319341844 -11.632987812913585 44.449999999999996
      vertex 26.696322549559238 -12.492984683198566 44.449999999999996
      vertex 26.246711095625894 -9.992349288972044 44.449999999999996
    endloop
  endfacet
  facet normal 0 0 1
    outer loop
      vertex 26.696322549559238 -12.492984683198566 44.449999999999996
      vertex 26.90127487281158 -10.836207825727724 44.449999999999996
      vertex 26.246711095625894 -9.992349288972044 44.449999999999996
    endloop
  endfacet
  facet normal 0 0 1
    outer loop
      vertex 25.938133319341844 -11.632987812913585 44.449999999999996
      vertex 26.246711095625894 -9.992349288972044 44.449999999999996
      vertex 25.646425266465748 -9.109055514642943 44.449999999999996
    endloop
  endfacet
  facet normal 0 0 1
    outer loop
      vertex 24.591015359588226 -9.778839008366688 44.449999999999996
      vertex 25.23543985265721 -10.727080854337634 44.449999999999996
      vertex 25.10278643925432 -8.189812459729161 44.449999999999996
    endloop
  endfacet
  facet normal 0 0 1
    outer loop
      vertex 25.23543985265721 -10.727080854337634 44.449999999999996
      vertex 25.646425266465748 -9.109055514642943 44.449999999999996
      vertex 25.10278643925432 -8.189812459729161 44.449999999999996
    endloop
  endfacet
  facet normal 0 0 1
    outer loop
      vertex 32.22952792893743 -16.513093707504858 44.449999999999996
      vertex 33.28172691350463 -16.96842086746059 44.449999999999996
      vertex 32.76600983630942 -15.388011621397673 44.449999999999996
    endloop
  endfacet
  facet normal 0 0 1
    outer loop
      vertex 33.28172691350463 -16.96842086746059 44.449999999999996
      vertex 34.36043985265721 -17.35678142238655 44.449999999999996
      vertex 33.745563849887326 -15.811902495241391 44.449999999999996
    endloop
  endfacet
  facet normal 0 0 1
    outer loop
      vertex 33.28172691350463 -16.96842086746059 44.449999999999996
      vertex 33.745563849887326 -15.811902495241391 44.449999999999996
      vertex 32.76600983630942 -15.388011621397673 44.449999999999996
    endloop
  endfacet
  facet normal 0 0 1
    outer loop
      vertex 34.36043985265721 -17.35678142238655 44.449999999999996
      vertex 34.749801265569644 -16.173450211854657 44.449999999999996
      vertex 33.745563849887326 -15.811902495241391 44.449999999999996
    endloop
  endfacet
  facet normal 0 0 1
    outer loop
      vertex 31.207995447643697 -15.992596910800508 44.449999999999996
      vertex 32.22952792893743 -16.513093707504858 44.449999999999996
      vertex 31.815005077011854 -14.903450493945241 44.449999999999996
    endloop
  endfacet
  facet normal 0 0 1
    outer loop
      vertex 30.22116099163331 -15.408984640411774 44.449999999999996
      vertex 31.207995447643697 -15.992596910800508 44.449999999999996
      vertex 30.89630275330685 -14.360131454279234 44.449999999999996
    endloop
  endfacet
  facet normal 0 0 1
    outer loop
      vertex 31.207995447643697 -15.992596910800508 44.449999999999996
      vertex 31.815005077011854 -14.903450493945241 44.449999999999996
      vertex 30.89630275330685 -14.360131454279234 44.449999999999996
    endloop
  endfacet
  facet normal 0 0 1
    outer loop
      vertex 29.272919145662364 -14.764560147342792 44.449999999999996
      vertex 30.22116099163331 -15.408984640411774 44.449999999999996
      vertex 30.01352856355088 -13.760198734430356 44.449999999999996
    endloop
  endfacet
  facet normal 0 0 1
    outer loop
      vertex 30.22116099163331 -15.408984640411774 44.449999999999996
      vertex 30.89630275330685 -14.360131454279234 44.449999999999996
      vertex 30.01352856355088 -13.760198734430356 44.449999999999996
    endloop
  endfacet
  facet normal 0 0 1
    outer loop
      vertex 32.22952792893743 -16.513093707504858 44.449999999999996
      vertex 32.76600983630942 -15.388011621397673 44.449999999999996
      vertex 31.815005077011854 -14.903450493945241 44.449999999999996
    endloop
  endfacet
  facet normal 0 0 1
    outer loop
      vertex 35.461409559241396 -17.676642690597518 44.449999999999996
      vertex 36.58029100881052 -17.926742325798568 44.449999999999996
      vertex 35.77475881706911 -16.471227907575443 44.449999999999996
    endloop
  endfacet
  facet normal 0 0 1
    outer loop
      vertex 34.36043985265721 -17.35678142238655 44.449999999999996
      vertex 35.461409559241396 -17.676642690597518 44.449999999999996
      vertex 34.749801265569644 -16.173450211854657 44.449999999999996
    endloop
  endfacet
  facet normal 0 0 1
    outer loop
      vertex 35.461409559241396 -17.676642690597518 44.449999999999996
      vertex 35.77475881706911 -16.471227907575443 44.449999999999996
      vertex 34.749801265569644 -16.173450211854657 44.449999999999996
    endloop
  endfacet
  facet normal 0 0 1
    outer loop
      vertex 36.58029100881052 -17.926742325798568 44.449999999999996
      vertex 36.81639146518854 -16.70406038988042 44.449999999999996
      vertex 35.77475881706911 -16.471227907575443 44.449999999999996
    endloop
  endfacet
  facet normal 0 0 1
    outer loop
      vertex 36.58029100881052 -17.926742325798568 44.449999999999996
      vertex 37.71266848745145 -18.106093298989222 44.449999999999996
      vertex 36.81639146518854 -16.70406038988042 44.449999999999996
    endloop
  endfacet
  facet normal 0 0 1
    outer loop
      vertex 37.71266848745145 -18.106093298989222 44.449999999999996
      vertex 37.87058836174248 -16.87102877533298 44.449999999999996
      vertex 36.81639146518854 -16.70406038988042 44.449999999999996
    endloop
  endfacet
  facet normal 0 0 1
    outer loop
      vertex 37.71266848745145 -18.106093298989222 44.449999999999996
      vertex 38.85407301859002 -18.213987793815956 44.449999999999996
      vertex 37.87058836174248 -16.87102877533298 44.449999999999996
    endloop
  endfacet
  facet normal 0 0 1
    outer loop
      vertex 38.85407301859002 -18.213987793815956 44.449999999999996
      vertex 38.93318907319696 -16.971474115996333 44.449999999999996
      vertex 37.87058836174248 -16.87102877533298 44.449999999999996
    endloop
  endfacet
  facet normal -0.8907813523872835 -0.453875768976387 -0.022480404248494856
    outer loop
      vertex 24.883709769243353 -8.31025087825459 0
      vertex 24.007403089199492 -8.792004552356305 44.449999999999996
      vertex 23.486906292495142 -7.770472071062572 44.449999999999996
    endloop
  endfacet
  facet normal -0.9175226942037855 -0.3970475249209481 -0.02248040424849489
    outer loop
      vertex 24.39173334496116 -7.3446927794975 0
      vertex 23.486906292495142 -7.770472071062572 44.449999999999996
      vertex 23.03157913253941 -6.718273086495371 44.449999999999996
    endloop
  endfacet
  facet normal -0.9406429931225135 -0.33865231567840065 -0.022480404248494977
    outer loop
      vertex 23.961355618427664 -6.350148533810693 0
      vertex 23.03157913253941 -6.718273086495371 44.449999999999996
      vertex 22.64321857761345 -5.63956014734279 44.449999999999996
    endloop
  endfacet
  facet normal -0.9600510038862896 -0.2789206004614072 -0.02248040424849492
    outer loop
      vertex 23.594275093908603 -5.330543152967842 0
      vertex 22.64321857761345 -5.63956014734279 44.449999999999996
      vertex 22.323357309402482 -4.538590440758601 44.449999999999996
    endloop
  endfacet
  facet normal -0.9874387357308364 -0.15639493151349756 -0.022480404248494925
    outer loop
      vertex 23.05554492493012 -3.232327676603753 0
      vertex 22.073257674201432 -3.419708991189478 44.449999999999996
      vertex 21.893906701010778 -2.2873315125485494 44.449999999999996
    endloop
  endfacet
  facet normal -0.9756701319433119 -0.2180881130610855 -0.022480404248494918
    outer loop
      vertex 23.291940470531113 -4.289900553593746 0
      vertex 22.323357309402482 -4.538590440758601 44.449999999999996
      vertex 22.073257674201432 -3.419708991189478 44.449999999999996
    endloop
  endfacet
  facet normal -0.9953103699462795 -0.0940845306212695 -0.02248040424849491
    outer loop
      vertex 22.886021402325255 -2.161998278984245 0
      vertex 21.893906701010778 -2.2873315125485494 44.449999999999996
      vertex 21.786012206184044 -1.1459269814099673 44.449999999999996
    endloop
  endfacet
  facet normal -0.999253968845599 -0.03140282106981603 -0.022480404248494925
    outer loop
      vertex 22.784038934612315 -1.083136461880654 0
      vertex 21.786012206184044 -1.1459269814099673 44.449999999999996
      vertex 21.75 0 44.449999999999996
    endloop
  endfacet
  facet normal 0 0 1
    outer loop
      vertex 24.591015359588226 -9.778839008366688 44.449999999999996
      vertex 24.193799739899724 -6.258117395639523 44.449999999999996
      vertex 24.007403089199492 -8.792004552356305 44.449999999999996
    endloop
  endfacet
  facet normal 0 0 1
    outer loop
      vertex 24.591015359588226 -9.778839008366688 44.449999999999996
      vertex 25.10278643925432 -8.189812459729161 44.449999999999996
      vertex 24.61794010807767 -7.238247956606232 44.449999999999996
    endloop
  endfacet
  facet normal 0 0 1
    outer loop
      vertex 24.591015359588226 -9.778839008366688 44.449999999999996
      vertex 24.61794010807767 -7.238247956606232 44.449999999999996
      vertex 24.193799739899724 -6.258117395639523 44.449999999999996
    endloop
  endfacet
  facet normal 0 0 1
    outer loop
      vertex 24.007403089199492 -8.792004552356305 44.449999999999996
      vertex 23.83203922298239 -5.253288904374106 44.449999999999996
      vertex 23.486906292495142 -7.770472071062572 44.449999999999996
    endloop
  endfacet
  facet normal 0 0 1
    outer loop
      vertex 23.486906292495142 -7.770472071062572 44.449999999999996
      vertex 23.301116737612293 -3.185482347957322 44.449999999999996
      vertex 23.03157913253941 -6.718273086495371 44.449999999999996
    endloop
  endfacet
  facet normal 0 0 1
    outer loop
      vertex 24.007403089199492 -8.792004552356305 44.449999999999996
      vertex 24.193799739899724 -6.258117395639523 44.449999999999996
      vertex 23.83203922298239 -5.253288904374106 44.449999999999996
    endloop
  endfacet
  facet normal 0 0 1
    outer loop
      vertex 23.486906292495142 -7.770472071062572 44.449999999999996
      vertex 23.83203922298239 -5.253288904374106 44.449999999999996
      vertex 23.53408626081327 -4.227728081802533 44.449999999999996
    endloop
  endfacet
  facet normal 0 0 1
    outer loop
      vertex 23.486906292495142 -7.770472071062572 44.449999999999996
      vertex 23.53408626081327 -4.227728081802533 44.449999999999996
      vertex 23.301116737612293 -3.185482347957322 44.449999999999996
    endloop
  endfacet
  facet normal 0 0 1
    outer loop
      vertex 23.03157913253941 -6.718273086495371 44.449999999999996
      vertex 23.301116737612293 -3.185482347957322 44.449999999999996
      vertex 23.134050077653875 -2.1306649705931693 44.449999999999996
    endloop
  endfacet
  facet normal 0 0 1
    outer loop
      vertex 23.03157913253941 -6.718273086495371 44.449999999999996
      vertex 23.134050077653875 -2.1306649705931693 44.449999999999996
      vertex 23.033545616719383 -1.0674388319983257 44.449999999999996
    endloop
  endfacet
  facet normal 0 0 1
    outer loop
      vertex 23.03157913253941 -6.718273086495371 44.449999999999996
      vertex 23.033545616719383 -1.0674388319983257 44.449999999999996
      vertex 23 0 44.449999999999996
    endloop
  endfacet
  facet normal 0 0 1
    outer loop
      vertex 22.323357309402482 -4.538590440758601 44.449999999999996
      vertex 22.073257674201432 3.419708991189478 44.449999999999996
      vertex 22.073257674201432 -3.419708991189478 44.449999999999996
    endloop
  endfacet
  facet normal 0 0 1
    outer loop
      vertex 22.073257674201432 -3.419708991189478 44.449999999999996
      vertex 21.893906701010778 2.2873315125485494 44.449999999999996
      vertex 21.893906701010778 -2.2873315125485494 44.449999999999996
    endloop
  endfacet
  facet normal 0 0 1
    outer loop
      vertex 21.893906701010778 -2.2873315125485494 44.449999999999996
      vertex 21.786012206184044 1.1459269814099673 44.449999999999996
      vertex 21.786012206184044 -1.1459269814099673 44.449999999999996
    endloop
  endfacet
  facet normal 0 0 1
    outer loop
      vertex 22.64321857761345 -5.63956014734279 44.449999999999996
      vertex 23.03157913253941 -6.718273086495371 44.449999999999996
      vertex 22.64321857761345 5.63956014734279 44.449999999999996
    endloop
  endfacet
  facet normal 0 0 1
    outer loop
      vertex 22.64321857761345 -5.63956014734279 44.449999999999996
      vertex 22.323357309402482 4.538590440758601 44.449999999999996
      vertex 22.323357309402482 -4.538590440758601 44.449999999999996
    endloop
  endfacet
  facet normal 0 0 1
    outer loop
      vertex 23.03157913253941 -6.718273086495371 44.449999999999996
      vertex 23 0 44.449999999999996
      vertex 22.64321857761345 5.63956014734279 44.449999999999996
    endloop
  endfacet
  facet normal -0.03140282106981573 -0.999253968845599 -0.02248040424849492
    outer loop
      vertex 38.91686353811934 -17.215961065387685 0
      vertex 40 -18.25 44.449999999999996
      vertex 38.85407301859002 -18.213987793815956 44.449999999999996
    endloop
  endfacet
  facet normal 0.03140282106981567 -0.999253968845599 -0.022480404248494918
    outer loop
      vertex 40 -17.25 0
      vertex 41.14592698140998 -18.213987793815956 44.449999999999996
      vertex 40 -18.25 44.449999999999996
    endloop
  endfacet
  facet normal 0.09408453062127056 -0.9953103699462794 -0.02248040424849493
    outer loop
      vertex 41.08313646188066 -17.215961065387685 0
      vertex 42.28733151254855 -18.106093298989222 44.449999999999996
      vertex 41.14592698140998 -18.213987793815956 44.449999999999996
    endloop
  endfacet
  facet normal 0.1563949315134971 -0.9874387357308366 -0.022480404248494915
    outer loop
      vertex 42.16199827898424 -17.113978597674745 0
      vertex 43.41970899118948 -17.926742325798568 44.449999999999996
      vertex 42.28733151254855 -18.106093298989222 44.449999999999996
    endloop
  endfacet
  facet normal 0.2180881130610869 -0.9756701319433115 -0.022480404248494942
    outer loop
      vertex 43.23232767660375 -16.94445507506988 0
      vertex 44.5385904407586 -17.676642690597518 44.449999999999996
      vertex 43.41970899118948 -17.926742325798568 44.449999999999996
    endloop
  endfacet
  facet normal 0.2789206004614058 -0.9600510038862899 -0.02248040424849494
    outer loop
      vertex 45.33054315296784 -16.405724906091397 0
      vertex 45.63956014734279 -17.35678142238655 44.449999999999996
      vertex 44.5385904407586 -17.676642690597518 44.449999999999996
    endloop
  endfacet
  facet normal 0.33865231567840415 -0.9406429931225124 -0.022480404248494897
    outer loop
      vertex 46.3501485338107 -16.038644381572333 0
      vertex 46.71827308649538 -16.968420867460583 44.449999999999996
      vertex 45.63956014734279 -17.35678142238655 44.449999999999996
    endloop
  endfacet
  facet normal 0.3970475249209459 -0.9175226942037865 -0.022480404248494918
    outer loop
      vertex 47.3446927794975 -15.608266655038838 0
      vertex 47.77047207106257 -16.513093707504858 44.449999999999996
      vertex 46.71827308649538 -16.968420867460583 44.449999999999996
    endloop
  endfacet
  facet normal 0.4538757689763874 -0.8907813523872833 -0.022480404248494852
    outer loop
      vertex 48.31025087825459 -15.116290230756645 0
      vertex 48.7920045523563 -15.992596910800508 44.449999999999996
      vertex 47.77047207106257 -16.513093707504858 44.449999999999996
    endloop
  endfacet
  facet normal 0.5089127727277887 -0.8605245035321993 -0.02248040424849488
    outer loop
      vertex 49.243012213387686 -14.564656714909765 0
      vertex 49.77883900836668 -15.408984640411779 44.449999999999996
      vertex 48.7920045523563 -15.992596910800508 44.449999999999996
    endloop
  endfacet
  facet normal 0.5619413302653665 -0.8268715575979226 -0.02248040424849498
    outer loop
      vertex 50.13929560204516 -13.955543152967843 0
      vertex 50.727080854337636 -14.764560147342792 44.449999999999996
      vertex 49.77883900836668 -15.408984640411779 44.449999999999996
    endloop
  endfacet
  facet normal 0.612752162098964 -0.7899553273874854 -0.02248040424849494
    outer loop
      vertex 50.9955638231649 -13.29135343788236 0
      vertex 51.63298781291359 -14.06186668065815 44.449999999999996
      vertex 50.727080854337636 -14.764560147342792 44.449999999999996
    endloop
  endfacet
  facet normal 0.6611447410885873 -0.7499215043961127 -0.022480404248494873
    outer loop
      vertex 51.80843757726988 -12.574708823019352 0
      vertex 52.492984683198564 -13.303677450440762 44.449999999999996
      vertex 51.63298781291359 -14.06186668065815 44.449999999999996
    endloop
  endfacet
  facet normal 0.7069280838334359 -0.7069280838334343 -0.022480404248494873
    outer loop
      vertex 51.80843757726988 -12.574708823019352 0
      vertex 53.30367745044076 -12.492984683198566 44.449999999999996
      vertex 52.492984683198564 -13.303677450440762 44.449999999999996
    endloop
  endfacet
  facet normal 0.7499215043961122 -0.6611447410885883 -0.022480404248494904
    outer loop
      vertex 52.57470882301935 -11.808437577269876 0
      vertex 54.06186668065815 -11.632987812913592 44.449999999999996
      vertex 53.30367745044076 -12.492984683198566 44.449999999999996
    endloop
  endfacet
  facet normal 0.7899553273874859 -0.6127521620989634 -0.022480404248494845
    outer loop
      vertex 53.291353437882364 -10.995563823164902 0
      vertex 54.76456014734279 -10.727080854337634 44.449999999999996
      vertex 54.06186668065815 -11.632987812913592 44.449999999999996
    endloop
  endfacet
  facet normal 0.8268715575979214 -0.5619413302653683 -0.022480404248494974
    outer loop
      vertex 53.95554315296784 -10.139295602045161 0
      vertex 55.40898464041178 -9.778839008366681 44.449999999999996
      vertex 54.76456014734279 -10.727080854337634 44.449999999999996
    endloop
  endfacet
  facet normal 0.8605245035321997 -0.5089127727277883 -0.022480404248494904
    outer loop
      vertex 54.564656714909766 -9.243012213387685 0
      vertex 55.99259691080051 -8.792004552356305 44.449999999999996
      vertex 55.40898464041178 -9.778839008366681 44.449999999999996
    endloop
  endfacet
  facet normal 0 0 1
    outer loop
      vertex 38.85407301859002 -18.213987793815956 44.449999999999996
      vertex 40 -18.25 44.449999999999996
      vertex 38.93318907319696 -16.971474115996333 44.449999999999996
    endloop
  endfacet
  facet normal 0 0 1
    outer loop
      vertex 40 -18.25 44.449999999999996
      vertex 40 -17.005 44.449999999999996
      vertex 38.93318907319696 -16.971474115996333 44.449999999999996
    endloop
  endfacet
  facet normal 0 0 1
    outer loop
      vertex 40 -18.25 44.449999999999996
      vertex 41.14592698140998 -18.213987793815956 44.449999999999996
      vertex 40 -17.005 44.449999999999996
    endloop
  endfacet
  facet normal 0 0 1
    outer loop
      vertex 41.14592698140998 -18.213987793815956 44.449999999999996
      vertex 42.28733151254855 -18.106093298989222 44.449999999999996
      vertex 41.06681092680304 -16.971474115996333 44.449999999999996
    endloop
  endfacet
  facet normal 0 0 1
    outer loop
      vertex 41.14592698140998 -18.213987793815956 44.449999999999996
      vertex 41.06681092680304 -16.971474115996333 44.449999999999996
      vertex 40 -17.005 44.449999999999996
    endloop
  endfacet
  facet normal 0 0 1
    outer loop
      vertex 42.28733151254855 -18.106093298989222 44.449999999999996
      vertex 42.12941163825752 -16.87102877533298 44.449999999999996
      vertex 41.06681092680304 -16.971474115996333 44.449999999999996
    endloop
  endfacet
  facet normal 0 0 1
    outer loop
      vertex 42.28733151254855 -18.106093298989222 44.449999999999996
      vertex 43.41970899118948 -17.926742325798568 44.449999999999996
      vertex 42.12941163825752 -16.87102877533298 44.449999999999996
    endloop
  endfacet
  facet normal 0 0 1
    outer loop
      vertex 43.41970899118948 -17.926742325798568 44.449999999999996
      vertex 43.18360853481146 -16.70406038988042 44.449999999999996
      vertex 42.12941163825752 -16.87102877533298 44.449999999999996
    endloop
  endfacet
  facet normal 0 0 1
    outer loop
      vertex 43.41970899118948 -17.926742325798568 44.449999999999996
      vertex 44.5385904407586 -17.676642690597518 44.449999999999996
      vertex 43.18360853481146 -16.70406038988042 44.449999999999996
    endloop
  endfacet
  facet normal 0 0 1
    outer loop
      vertex 44.5385904407586 -17.676642690597518 44.449999999999996
      vertex 45.63956014734279 -17.35678142238655 44.449999999999996
      vertex 44.22524118293088 -16.471227907575447 44.449999999999996
    endloop
  endfacet
  facet normal 0 0 1
    outer loop
      vertex 44.5385904407586 -17.676642690597518 44.449999999999996
      vertex 44.22524118293088 -16.471227907575447 44.449999999999996
      vertex 43.18360853481146 -16.70406038988042 44.449999999999996
    endloop
  endfacet
  facet normal 0 0 1
    outer loop
      vertex 45.63956014734279 -17.35678142238655 44.449999999999996
      vertex 45.250198734430356 -16.173450211854657 44.449999999999996
      vertex 44.22524118293088 -16.471227907575447 44.449999999999996
    endloop
  endfacet
  facet normal 0 0 1
    outer loop
      vertex 45.63956014734279 -17.35678142238655 44.449999999999996
      vertex 46.71827308649538 -16.968420867460583 44.449999999999996
      vertex 45.250198734430356 -16.173450211854657 44.449999999999996
    endloop
  endfacet
  facet normal 0 0 1
    outer loop
      vertex 46.71827308649538 -16.968420867460583 44.449999999999996
      vertex 46.25443615011268 -15.81190249524139 44.449999999999996
      vertex 45.250198734430356 -16.173450211854657 44.449999999999996
    endloop
  endfacet
  facet normal 0 0 1
    outer loop
      vertex 46.71827308649538 -16.968420867460583 44.449999999999996
      vertex 47.77047207106257 -16.513093707504858 44.449999999999996
      vertex 46.25443615011268 -15.81190249524139 44.449999999999996
    endloop
  endfacet
  facet normal 0 0 1
    outer loop
      vertex 47.77047207106257 -16.513093707504858 44.449999999999996
      vertex 47.23399016369058 -15.388011621397673 44.449999999999996
      vertex 46.25443615011268 -15.81190249524139 44.449999999999996
    endloop
  endfacet
  facet normal 0 0 1
    outer loop
      vertex 47.77047207106257 -16.513093707504858 44.449999999999996
      vertex 48.7920045523563 -15.992596910800508 44.449999999999996
      vertex 47.23399016369058 -15.388011621397673 44.449999999999996
    endloop
  endfacet
  facet normal 0 0 1
    outer loop
      vertex 48.7920045523563 -15.992596910800508 44.449999999999996
      vertex 48.184994922988146 -14.903450493945241 44.449999999999996
      vertex 47.23399016369058 -15.388011621397673 44.449999999999996
    endloop
  endfacet
  facet normal 0 0 1
    outer loop
      vertex 48.7920045523563 -15.992596910800508 44.449999999999996
      vertex 49.77883900836668 -15.408984640411779 44.449999999999996
      vertex 48.184994922988146 -14.903450493945241 44.449999999999996
    endloop
  endfacet
  facet normal 0 0 1
    outer loop
      vertex 49.77883900836668 -15.408984640411779 44.449999999999996
      vertex 49.103697246693145 -14.360131454279239 44.449999999999996
      vertex 48.184994922988146 -14.903450493945241 44.449999999999996
    endloop
  endfacet
  facet normal 0 0 1
    outer loop
      vertex 49.77883900836668 -15.408984640411779 44.449999999999996
      vertex 50.727080854337636 -14.764560147342792 44.449999999999996
      vertex 49.103697246693145 -14.360131454279239 44.449999999999996
    endloop
  endfacet
  facet normal 0 0 1
    outer loop
      vertex 50.727080854337636 -14.764560147342792 44.449999999999996
      vertex 49.98647143644912 -13.760198734430356 44.449999999999996
      vertex 49.103697246693145 -14.360131454279239 44.449999999999996
    endloop
  endfacet
  facet normal 0 0 1
    outer loop
      vertex 50.727080854337636 -14.764560147342792 44.449999999999996
      vertex 51.63298781291359 -14.06186668065815 44.449999999999996
      vertex 49.98647143644912 -13.760198734430356 44.449999999999996
    endloop
  endfacet
  facet normal 0 0 1
    outer loop
      vertex 51.63298781291359 -14.06186668065815 44.449999999999996
      vertex 50.829833585830244 -13.106019994760654 44.449999999999996
      vertex 49.98647143644912 -13.760198734430356 44.449999999999996
    endloop
  endfacet
  facet normal 0 0 1
    outer loop
      vertex 51.63298781291359 -14.06186668065815 44.449999999999996
      vertex 51.63045532972842 -12.400176979889784 44.449999999999996
      vertex 50.829833585830244 -13.106019994760654 44.449999999999996
    endloop
  endfacet
  facet normal 0 0 1
    outer loop
      vertex 51.63298781291359 -14.06186668065815 44.449999999999996
      vertex 52.492984683198564 -13.303677450440762 44.449999999999996
      vertex 51.63045532972842 -12.400176979889784 44.449999999999996
    endloop
  endfacet
  facet normal 0 0 1
    outer loop
      vertex 52.492984683198564 -13.303677450440762 44.449999999999996
      vertex 52.385176979889785 -11.645455329728417 44.449999999999996
      vertex 51.63045532972842 -12.400176979889784 44.449999999999996
    endloop
  endfacet
  facet normal 0 0 1
    outer loop
      vertex 52.492984683198564 -13.303677450440762 44.449999999999996
      vertex 53.30367745044076 -12.492984683198566 44.449999999999996
      vertex 52.392466666164 -11.637300800787704 44.449999999999996
    endloop
  endfacet
  facet normal 0 0 1
    outer loop
      vertex 52.492984683198564 -13.303677450440762 44.449999999999996
      vertex 52.392466666164 -11.637300800787704 44.449999999999996
      vertex 52.385176979889785 -11.645455329728417 44.449999999999996
    endloop
  endfacet
  facet normal 0 0 1
    outer loop
      vertex 53.30367745044076 -12.492984683198566 44.449999999999996
      vertex 53.098725127188416 -10.83620782572773 44.449999999999996
      vertex 52.392466666164 -11.637300800787704 44.449999999999996
    endloop
  endfacet
  facet normal 0 0 1
    outer loop
      vertex 53.30367745044076 -12.492984683198566 44.449999999999996
      vertex 54.06186668065815 -11.632987812913592 44.449999999999996
      vertex 53.098725127188416 -10.83620782572773 44.449999999999996
    endloop
  endfacet
  facet normal 0 0 1
    outer loop
      vertex 54.06186668065815 -11.632987812913592 44.449999999999996
      vertex 53.7532889043741 -9.992349288972044 44.449999999999996
      vertex 53.098725127188416 -10.83620782572773 44.449999999999996
    endloop
  endfacet
  facet normal 0 0 1
    outer loop
      vertex 54.06186668065815 -11.632987812913592 44.449999999999996
      vertex 54.76456014734279 -10.727080854337634 44.449999999999996
      vertex 53.7532889043741 -9.992349288972044 44.449999999999996
    endloop
  endfacet
  facet normal 0 0 1
    outer loop
      vertex 54.76456014734279 -10.727080854337634 44.449999999999996
      vertex 54.35357473353426 -9.109055514642936 44.449999999999996
      vertex 53.7532889043741 -9.992349288972044 44.449999999999996
    endloop
  endfacet
  facet normal 0 0 1
    outer loop
      vertex 54.76456014734279 -10.727080854337634 44.449999999999996
      vertex 55.40898464041178 -9.778839008366681 44.449999999999996
      vertex 54.35357473353426 -9.109055514642936 44.449999999999996
    endloop
  endfacet
  facet normal 0.8907813523872835 -0.45387576897638704 -0.022480404248494856
    outer loop
      vertex 55.11629023075665 -8.31025087825459 0
      vertex 56.51309370750486 -7.770472071062572 44.449999999999996
      vertex 55.99259691080051 -8.792004552356305 44.449999999999996
    endloop
  endfacet
  facet normal 0.9175226942037877 -0.39704752492094303 -0.022480404248494883
    outer loop
      vertex 55.60826665503884 -7.3446927794975 0
      vertex 56.96842086746058 -6.71827308649538 44.449999999999996
      vertex 56.51309370750486 -7.770472071062572 44.449999999999996
    endloop
  endfacet
  facet normal 0.9406429931225124 -0.3386523156784037 -0.022480404248494835
    outer loop
      vertex 56.03864438157233 -6.350148533810701 0
      vertex 57.35678142238655 -5.63956014734279 44.449999999999996
      vertex 56.96842086746058 -6.71827308649538 44.449999999999996
    endloop
  endfacet
  facet normal 0.9600510038862893 -0.27892060046140826 -0.02248040424849493
    outer loop
      vertex 56.40572490609139 -5.330543152967842 0
      vertex 57.67664269059752 -4.538590440758593 44.449999999999996
      vertex 57.35678142238655 -5.63956014734279 44.449999999999996
    endloop
  endfacet
  facet normal 0.9756701319433106 -0.21808811306108997 -0.022480404248494994
    outer loop
      vertex 56.70805952946888 -4.289900553593739 0
      vertex 57.92674232579857 -3.419708991189478 44.449999999999996
      vertex 57.67664269059752 -4.538590440758593 44.449999999999996
    endloop
  endfacet
  facet normal 0.9874387357308368 -0.15639493151349462 -0.02248040424849492
    outer loop
      vertex 56.94445507506988 -3.232327676603753 0
      vertex 58.10609329898922 -2.2873315125485494 44.449999999999996
      vertex 57.92674232579857 -3.419708991189478 44.449999999999996
    endloop
  endfacet
  facet normal 0.9953103699462792 -0.0940845306212733 -0.022480404248494918
    outer loop
      vertex 57.113978597674745 -2.161998278984245 0
      vertex 58.21398779381596 -1.1459269814099762 44.449999999999996
      vertex 58.10609329898922 -2.2873315125485494 44.449999999999996
    endloop
  endfacet
  facet normal 0.9992539688455991 -0.031402821069812695 -0.02248040424849492
    outer loop
      vertex 57.21596106538769 -1.0831364618806625 0
      vertex 58.25 0 44.449999999999996
      vertex 58.21398779381596 -1.1459269814099762 44.449999999999996
    endloop
  endfacet
  facet normal 0 0 1
    outer loop
      vertex 55.40898464041178 -9.778839008366681 44.449999999999996
      vertex 54.89721356074568 -8.189812459729161 44.449999999999996
      vertex 54.35357473353426 -9.109055514642936 44.449999999999996
    endloop
  endfacet
  facet normal 0 0 1
    outer loop
      vertex 55.40898464041178 -9.778839008366681 44.449999999999996
      vertex 55.99259691080051 -8.792004552356305 44.449999999999996
      vertex 55.38205989192233 -7.238247956606232 44.449999999999996
    endloop
  endfacet
  facet normal 0 0 1
    outer loop
      vertex 55.40898464041178 -9.778839008366681 44.449999999999996
      vertex 55.38205989192233 -7.238247956606232 44.449999999999996
      vertex 54.89721356074568 -8.189812459729161 44.449999999999996
    endloop
  endfacet
  facet normal 0 0 1
    outer loop
      vertex 55.99259691080051 -8.792004552356305 44.449999999999996
      vertex 55.80620026010027 -6.258117395639532 44.449999999999996
      vertex 55.38205989192233 -7.238247956606232 44.449999999999996
    endloop
  endfacet
  facet normal 0 0 1
    outer loop
      vertex 55.99259691080051 -8.792004552356305 44.449999999999996
      vertex 56.51309370750486 -7.770472071062572 44.449999999999996
      vertex 55.80620026010027 -6.258117395639532 44.449999999999996
    endloop
  endfacet
  facet normal 0 0 1
    outer loop
      vertex 56.51309370750486 -7.770472071062572 44.449999999999996
      vertex 56.16796077701761 -5.253288904374106 44.449999999999996
      vertex 55.80620026010027 -6.258117395639532 44.449999999999996
    endloop
  endfacet
  facet normal 0 0 1
    outer loop
      vertex 56.51309370750486 -7.770472071062572 44.449999999999996
      vertex 56.46591373918673 -4.227728081802526 44.449999999999996
      vertex 56.16796077701761 -5.253288904374106 44.449999999999996
    endloop
  endfacet
  facet normal 0 0 1
    outer loop
      vertex 56.51309370750486 -7.770472071062572 44.449999999999996
      vertex 56.96842086746058 -6.71827308649538 44.449999999999996
      vertex 56.46591373918673 -4.227728081802526 44.449999999999996
    endloop
  endfacet
  facet normal 0 0 1
    outer loop
      vertex 56.96842086746058 -6.71827308649538 44.449999999999996
      vertex 56.69888326238771 -3.185482347957322 44.449999999999996
      vertex 56.46591373918673 -4.227728081802526 44.449999999999996
    endloop
  endfacet
  facet normal 0 0 1
    outer loop
      vertex 56.96842086746058 -6.71827308649538 44.449999999999996
      vertex 56.865949922346125 -2.1306649705931693 44.449999999999996
      vertex 56.69888326238771 -3.185482347957322 44.449999999999996
    endloop
  endfacet
  facet normal 0 0 1
    outer loop
      vertex 56.96842086746058 -6.71827308649538 44.449999999999996
      vertex 57.35678142238655 -5.63956014734279 44.449999999999996
      vertex 56.96645438328062 -1.067438831998334 44.449999999999996
    endloop
  endfacet
  facet normal 0 0 1
    outer loop
      vertex 56.96842086746058 -6.71827308649538 44.449999999999996
      vertex 56.96645438328062 -1.067438831998334 44.449999999999996
      vertex 56.865949922346125 -2.1306649705931693 44.449999999999996
    endloop
  endfacet
  facet normal 0 0 1
    outer loop
      vertex 57.35678142238655 -5.63956014734279 44.449999999999996
      vertex 57 0 44.449999999999996
      vertex 56.96645438328062 -1.067438831998334 44.449999999999996
    endloop
  endfacet
  facet normal 0 0 1
    outer loop
      vertex 57.35678142238655 -5.63956014734279 44.449999999999996
      vertex 57.67664269059752 -4.538590440758593 44.449999999999996
      vertex 57.35678142238655 5.63956014734279 44.449999999999996
    endloop
  endfacet
  facet normal 0 0 1
    outer loop
      vertex 57.67664269059752 -4.538590440758593 44.449999999999996
      vertex 57.92674232579857 -3.419708991189478 44.449999999999996
      vertex 57.67664269059752 4.5385904407586 44.449999999999996
    endloop
  endfacet
  facet normal 0 0 1
    outer loop
      vertex 57.92674232579857 -3.419708991189478 44.449999999999996
      vertex 58.10609329898922 -2.2873315125485494 44.449999999999996
      vertex 57.92674232579857 3.4197089911894745 44.449999999999996
    endloop
  endfacet
  facet normal 0 0 1
    outer loop
      vertex 58.10609329898922 -2.2873315125485494 44.449999999999996
      vertex 58.21398779381596 -1.1459269814099762 44.449999999999996
      vertex 58.10609329898922 2.287331512548553 44.449999999999996
    endloop
  endfacet
  facet normal 0 0 1
    outer loop
      vertex 58.21398779381596 -1.1459269814099762 44.449999999999996
      vertex 58.25 0 44.449999999999996
      vertex 58.21398779381596 1.145926981409969 44.449999999999996
    endloop
  endfacet
  facet normal 0 0 -1
    outer loop
      vertex 22.784038934612315 -1.083136461880654 0
      vertex 22.75 0 0
      vertex 22.784038934612315 1.083136461880654 0
    endloop
  endfacet
  facet normal 0 0 -1
    outer loop
      vertex 22.784038934612315 -1.083136461880654 0
      vertex 22.784038934612315 1.083136461880654 0
      vertex 22.886021402325255 2.161998278984245 0
    endloop
  endfacet
  facet normal 0 0 -1
    outer loop
      vertex 22.886021402325255 -2.161998278984245 0
      vertex 22.886021402325255 2.161998278984245 0
      vertex 23.05554492493012 3.232327676603753 0
    endloop
  endfacet
  facet normal 0 0 -1
    outer loop
      vertex 23.05554492493012 -3.232327676603753 0
      vertex 23.05554492493012 3.232327676603753 0
      vertex 23.291940470531113 4.289900553593746 0
    endloop
  endfacet
  facet normal 0 0 -1
    outer loop
      vertex 23.291940470531113 -4.289900553593746 0
      vertex 23.291940470531113 4.289900553593746 0
      vertex 23.594275093908603 5.330543152967842 0
    endloop
  endfacet
  facet normal 0 0 -1
    outer loop
      vertex 23.594275093908603 -5.330543152967842 0
      vertex 23.594275093908603 5.330543152967842 0
      vertex 23.961355618427664 6.350148533810693 0
    endloop
  endfacet
  facet normal 0 0 -1
    outer loop
      vertex 23.961355618427664 -6.350148533810693 0
      vertex 23.961355618427664 6.350148533810693 0
      vertex 24.39173334496116 7.3446927794975 0
    endloop
  endfacet
  facet normal 0 0 -1
    outer loop
      vertex 24.39173334496116 -7.3446927794975 0
      vertex 24.39173334496116 7.3446927794975 0
      vertex 24.883709769243353 8.31025087825459 0
    endloop
  endfacet
  facet normal 0 0 -1
    outer loop
      vertex 24.883709769243353 -8.31025087825459 0
      vertex 24.883709769243353 8.31025087825459 0
      vertex 25.43534328509024 9.243012213387692 0
    endloop
  endfacet
  facet normal 0 0 -1
    outer loop
      vertex 25.43534328509024 -9.243012213387692 0
      vertex 25.43534328509024 9.243012213387692 0
      vertex 26.04445684703216 10.139295602045161 0
    endloop
  endfacet
  facet normal 0 0 -1
    outer loop
      vertex 26.04445684703216 -10.139295602045161 0
      vertex 26.04445684703216 10.139295602045161 0
      vertex 26.708646562117636 10.995563823164897 0
    endloop
  endfacet
  facet normal 0 0 -1
    outer loop
      vertex 26.708646562117636 -10.995563823164897 0
      vertex 26.708646562117636 10.995563823164897 0
      vertex 27.42529117698065 11.808437577269876 0
    endloop
  endfacet
  facet normal 0 0 -1
    outer loop
      vertex 27.42529117698065 -11.808437577269876 0
      vertex 27.42529117698065 11.808437577269876 0
      vertex 28.191562422730122 12.574708823019352 0
    endloop
  endfacet
  facet normal 0 0 -1
    outer loop
      vertex 28.191562422730122 -12.574708823019352 0
      vertex 28.191562422730122 12.574708823019352 0
      vertex 29.004436176835103 13.291353437882366 0
    endloop
  endfacet
  facet normal 0 0 -1
    outer loop
      vertex 29.004436176835103 -13.291353437882366 0
      vertex 29.004436176835103 13.291353437882366 0
      vertex 29.86070439795484 13.955543152967843 0
    endloop
  endfacet
  facet normal 0 0 -1
    outer loop
      vertex 29.86070439795484 -13.955543152967843 0
      vertex 29.86070439795484 13.955543152967843 0
      vertex 30.756987786612306 14.564656714909757 0
    endloop
  endfacet
  facet normal 0 0 -1
    outer loop
      vertex 30.756987786612306 -14.564656714909757 0
      vertex 30.756987786612306 14.564656714909757 0
      vertex 31.689749121745415 15.116290230756647 0
    endloop
  endfacet
  facet normal 0 0 -1
    outer loop
      vertex 31.689749121745407 -15.116290230756645 0
      vertex 31.689749121745415 15.116290230756647 0
      vertex 32.65530722050249 15.608266655038836 0
    endloop
  endfacet
  facet normal 0 0 -1
    outer loop
      vertex 32.6553072205025 -15.608266655038838 0
      vertex 32.65530722050249 15.608266655038836 0
      vertex 33.649851466189304 16.038644381572336 0
    endloop
  endfacet
  facet normal 0 0 -1
    outer loop
      vertex 33.649851466189304 -16.038644381572336 0
      vertex 33.649851466189304 16.038644381572336 0
      vertex 34.66945684703216 16.405724906091397 0
    endloop
  endfacet
  facet normal 0 0 -1
    outer loop
      vertex 34.66945684703216 -16.405724906091397 0
      vertex 34.66945684703216 16.405724906091397 0
      vertex 35.710099446406254 16.708059529468887 0
    endloop
  endfacet
  facet normal 0 0 -1
    outer loop
      vertex 35.710099446406254 -16.708059529468887 0
      vertex 35.710099446406254 16.708059529468887 0
      vertex 36.767672323396255 16.94445507506988 0
    endloop
  endfacet
  facet normal 0 0 -1
    outer loop
      vertex 36.76767232339625 -16.94445507506988 0
      vertex 36.767672323396255 16.94445507506988 0
      vertex 37.83800172101575 17.113978597674745 0
    endloop
  endfacet
  facet normal 0 0 -1
    outer loop
      vertex 37.83800172101576 -17.113978597674745 0
      vertex 37.83800172101575 17.113978597674745 0
      vertex 38.916863538119344 17.215961065387685 0
    endloop
  endfacet
  facet normal -0.999253968845599 0.03140282106981616 -0.02248040424849492
    outer loop
      vertex 22.75 0 0
      vertex 21.786012206184044 1.1459269814099673 44.449999999999996
      vertex 22.784038934612315 1.083136461880654 0
    endloop
  endfacet
  facet normal -0.9953103699462795 0.09408453062126905 -0.022480404248494925
    outer loop
      vertex 22.784038934612315 1.083136461880654 0
      vertex 21.786012206184044 1.1459269814099673 44.449999999999996
      vertex 22.886021402325255 2.161998278984245 0
    endloop
  endfacet
  facet normal -0.9874387357308364 0.15639493151349812 -0.02248040424849491
    outer loop
      vertex 22.886021402325255 2.161998278984245 0
      vertex 21.893906701010778 2.2873315125485494 44.449999999999996
      vertex 23.05554492493012 3.232327676603753 0
    endloop
  endfacet
  facet normal -0.9756701319433119 0.21808811306108536 -0.022480404248494925
    outer loop
      vertex 23.05554492493012 3.232327676603753 0
      vertex 22.073257674201432 3.419708991189478 44.449999999999996
      vertex 23.291940470531113 4.289900553593746 0
    endloop
  endfacet
  facet normal -0.9600510038862894 0.2789206004614074 -0.022480404248494918
    outer loop
      vertex 23.291940470531113 4.289900553593746 0
      vertex 22.323357309402482 4.538590440758601 44.449999999999996
      vertex 23.594275093908603 5.330543152967842 0
    endloop
  endfacet
  facet normal -0.9406429931225129 0.33865231567840276 -0.022480404248494918
    outer loop
      vertex 23.594275093908603 5.330543152967842 0
      vertex 22.64321857761345 5.63956014734279 44.449999999999996
      vertex 23.961355618427664 6.350148533810693 0
    endloop
  endfacet
  facet normal -0.917522694203787 0.3970475249209447 -0.022480404248494977
    outer loop
      vertex 23.961355618427664 6.350148533810693 0
      vertex 23.03157913253941 6.718273086495371 44.449999999999996
      vertex 24.39173334496116 7.3446927794975 0
    endloop
  endfacet
  facet normal -0.890781352387284 0.45387576897638576 -0.022480404248494883
    outer loop
      vertex 24.39173334496116 7.3446927794975 0
      vertex 23.486906292495142 7.770472071062572 44.449999999999996
      vertex 24.883709769243353 8.31025087825459 0
    endloop
  endfacet
  facet normal -0.8605245035321974 0.5089127727277919 -0.022480404248494852
    outer loop
      vertex 24.883709769243353 8.31025087825459 0
      vertex 24.007403089199492 8.792004552356305 44.449999999999996
      vertex 25.43534328509024 9.243012213387692 0
    endloop
  endfacet
  facet normal -0.8268715575979207 0.5619413302653691 -0.022480404248494904
    outer loop
      vertex 25.43534328509024 9.243012213387692 0
      vertex 24.591015359588226 9.778839008366688 44.449999999999996
      vertex 26.04445684703216 10.139295602045161 0
    endloop
  endfacet
  facet normal -0.7899553273874871 0.6127521620989618 -0.02248040424849497
    outer loop
      vertex 26.04445684703216 10.139295602045161 0
      vertex 25.23543985265721 10.727080854337634 44.449999999999996
      vertex 26.708646562117636 10.995563823164897 0
    endloop
  endfacet
  facet normal -0.7499215043961127 0.6611447410885876 -0.022480404248494942
    outer loop
      vertex 26.708646562117636 10.995563823164897 0
      vertex 25.938133319341844 11.632987812913585 44.449999999999996
      vertex 27.42529117698065 11.808437577269876 0
    endloop
  endfacet
  facet normal -0.7069280838334366 0.7069280838334334 -0.022480404248494956
    outer loop
      vertex 27.42529117698065 11.808437577269876 0
      vertex 26.696322549559238 12.492984683198566 44.449999999999996
      vertex 28.191562422730122 12.574708823019352 0
    endloop
  endfacet
  facet normal -0.6611447410885867 0.7499215043961134 -0.022480404248494883
    outer loop
      vertex 28.191562422730122 12.574708823019352 0
      vertex 28.367012187086416 14.061866680658156 44.449999999999996
      vertex 29.004436176835103 13.291353437882366 0
    endloop
  endfacet
  facet normal -0.612752162098961 0.7899553273874877 -0.02248040424849499
    outer loop
      vertex 29.004436176835103 13.291353437882366 0
      vertex 29.272919145662364 14.764560147342792 44.449999999999996
      vertex 29.86070439795484 13.955543152967843 0
    endloop
  endfacet
  facet normal -0.5619413302653684 0.8268715575979213 -0.022480404248494918
    outer loop
      vertex 29.86070439795484 13.955543152967843 0
      vertex 30.22116099163331 15.408984640411774 44.449999999999996
      vertex 30.756987786612306 14.564656714909757 0
    endloop
  endfacet
  facet normal -0.5089127727277903 0.8605245035321984 -0.02248040424849496
    outer loop
      vertex 30.756987786612306 14.564656714909757 0
      vertex 31.207995447643697 15.992596910800511 44.449999999999996
      vertex 31.689749121745415 15.116290230756647 0
    endloop
  endfacet
  facet normal -0.45387576897638787 0.890781352387283 -0.02248040424849487
    outer loop
      vertex 31.689749121745415 15.116290230756647 0
      vertex 32.22952792893742 16.513093707504854 44.449999999999996
      vertex 32.65530722050249 15.608266655038836 0
    endloop
  endfacet
  facet normal -0.39704752492094597 0.9175226942037865 -0.02248040424849497
    outer loop
      vertex 32.65530722050249 15.608266655038836 0
      vertex 33.28172691350463 16.96842086746059 44.449999999999996
      vertex 33.649851466189304 16.038644381572336 0
    endloop
  endfacet
  facet normal -0.3386523156784017 0.9406429931225132 -0.022480404248494942
    outer loop
      vertex 33.649851466189304 16.038644381572336 0
      vertex 34.36043985265721 17.35678142238655 44.449999999999996
      vertex 34.66945684703216 16.405724906091397 0
    endloop
  endfacet
  facet normal -0.2789206004614076 0.9600510038862895 -0.022480404248494932
    outer loop
      vertex 34.66945684703216 16.405724906091397 0
      vertex 35.461409559241396 17.676642690597518 44.449999999999996
      vertex 35.710099446406254 16.708059529468887 0
    endloop
  endfacet
  facet normal -0.21808811306108378 0.9756701319433122 -0.02248040424849493
    outer loop
      vertex 35.710099446406254 16.708059529468887 0
      vertex 35.461409559241396 17.676642690597518 44.449999999999996
      vertex 36.767672323396255 16.94445507506988 0
    endloop
  endfacet
  facet normal -0.1563949315134999 0.9874387357308362 -0.022480404248494935
    outer loop
      vertex 36.767672323396255 16.94445507506988 0
      vertex 36.580291008810526 17.926742325798568 44.449999999999996
      vertex 37.83800172101575 17.113978597674745 0
    endloop
  endfacet
  facet normal -0.09408453062126883 0.9953103699462795 -0.02248040424849491
    outer loop
      vertex 37.83800172101575 17.113978597674745 0
      vertex 37.712668487451445 18.106093298989222 44.449999999999996
      vertex 38.916863538119344 17.215961065387685 0
    endloop
  endfacet
  facet normal 0 0 -1
    outer loop
      vertex 38.91686353811934 -17.215961065387685 0
      vertex 38.916863538119344 17.215961065387685 0
      vertex 40 17.25 0
    endloop
  endfacet
  facet normal 0 0 -1
    outer loop
      vertex 40 -17.25 0
      vertex 40 17.25 0
      vertex 41.083136461880656 17.215961065387685 0
    endloop
  endfacet
  facet normal 0 0 -1
    outer loop
      vertex 41.08313646188066 -17.215961065387685 0
      vertex 41.083136461880656 17.215961065387685 0
      vertex 42.16199827898425 17.113978597674745 0
    endloop
  endfacet
  facet normal 0 0 -1
    outer loop
      vertex 42.16199827898424 -17.113978597674745 0
      vertex 42.16199827898425 17.113978597674745 0
      vertex 43.232327676603745 16.94445507506988 0
    endloop
  endfacet
  facet normal 0 0 -1
    outer loop
      vertex 43.23232767660375 -16.94445507506988 0
      vertex 43.232327676603745 16.94445507506988 0
      vertex 44.289900553593746 16.708059529468887 0
    endloop
  endfacet
  facet normal 0 0 -1
    outer loop
      vertex 44.28990055359374 -16.708059529468887 0
      vertex 44.289900553593746 16.708059529468887 0
      vertex 45.33054315296784 16.405724906091397 0
    endloop
  endfacet
  facet normal 0 0 -1
    outer loop
      vertex 45.33054315296784 -16.405724906091397 0
      vertex 45.33054315296784 16.405724906091397 0
      vertex 46.350148533810696 16.038644381572336 0
    endloop
  endfacet
  facet normal 0 0 -1
    outer loop
      vertex 46.3501485338107 -16.038644381572333 0
      vertex 46.350148533810696 16.038644381572336 0
      vertex 47.34469277949751 15.608266655038836 0
    endloop
  endfacet
  facet normal 0 0 -1
    outer loop
      vertex 47.3446927794975 -15.608266655038838 0
      vertex 47.34469277949751 15.608266655038836 0
      vertex 48.310250878254585 15.116290230756647 0
    endloop
  endfacet
  facet normal 0 0 -1
    outer loop
      vertex 48.31025087825459 -15.116290230756645 0
      vertex 48.310250878254585 15.116290230756647 0
      vertex 49.24301221338769 14.56465671490976 0
    endloop
  endfacet
  facet normal 0 0 -1
    outer loop
      vertex 50.13929560204516 -13.955543152967843 0
      vertex 50.13929560204516 13.955543152967843 0
      vertex 50.9955638231649 13.291353437882362 0
    endloop
  endfacet
  facet normal 0 0 -1
    outer loop
      vertex 51.80843757726988 -12.574708823019352 0
      vertex 51.808437577269885 12.57470882301935 0
      vertex 52.57470882301935 11.808437577269881 0
    endloop
  endfacet
  facet normal 0 0 -1
    outer loop
      vertex 50.9955638231649 -13.29135343788236 0
      vertex 50.9955638231649 13.291353437882362 0
      vertex 51.808437577269885 12.57470882301935 0
    endloop
  endfacet
  facet normal 0 0 -1
    outer loop
      vertex 52.57470882301935 -11.808437577269876 0
      vertex 52.57470882301935 11.808437577269881 0
      vertex 53.291353437882364 10.995563823164899 0
    endloop
  endfacet
  facet normal 0 0 -1
    outer loop
      vertex 55.60826665503884 -7.3446927794975 0
      vertex 55.60826665503884 7.344692779497503 0
      vertex 56.03864438157234 6.350148533810695 0
    endloop
  endfacet
  facet normal 0 0 -1
    outer loop
      vertex 56.94445507506988 -3.232327676603753 0
      vertex 56.94445507506988 3.2323276766037496 0
      vertex 57.113978597674745 2.1619982789842487 0
    endloop
  endfacet
  facet normal 0 0 -1
    outer loop
      vertex 56.70805952946888 -4.289900553593739 0
      vertex 56.70805952946888 4.289900553593745 0
      vertex 56.94445507506988 3.2323276766037496 0
    endloop
  endfacet
  facet normal 0 0 -1
    outer loop
      vertex 57.113978597674745 -2.161998278984245 0
      vertex 57.113978597674745 2.1619982789842487 0
      vertex 57.21596106538769 1.0831364618806556 0
    endloop
  endfacet
  facet normal 0 0 -1
    outer loop
      vertex 56.40572490609139 -5.330543152967842 0
      vertex 56.40572490609139 5.330543152967842 0
      vertex 56.70805952946888 4.289900553593745 0
    endloop
  endfacet
  facet normal 0 0 -1
    outer loop
      vertex 56.03864438157233 -6.350148533810701 0
      vertex 56.03864438157234 6.350148533810695 0
      vertex 56.40572490609139 5.330543152967842 0
    endloop
  endfacet
  facet normal 0 0 -1
    outer loop
      vertex 53.291353437882364 -10.995563823164902 0
      vertex 53.291353437882364 10.995563823164899 0
      vertex 53.95554315296784 10.139295602045161 0
    endloop
  endfacet
  facet normal 0 0 -1
    outer loop
      vertex 53.95554315296784 -10.139295602045161 0
      vertex 53.95554315296784 10.139295602045161 0
      vertex 54.56465671490976 9.243012213387692 0
    endloop
  endfacet
  facet normal 0 0 -1
    outer loop
      vertex 54.564656714909766 -9.243012213387685 0
      vertex 54.56465671490976 9.243012213387692 0
      vertex 55.11629023075665 8.310250878254589 0
    endloop
  endfacet
  facet normal 0 0 -1
    outer loop
      vertex 55.11629023075665 -8.31025087825459 0
      vertex 55.11629023075665 8.310250878254589 0
      vertex 55.60826665503884 7.344692779497503 0
    endloop
  endfacet
  facet normal 0 0 -1
    outer loop
      vertex 49.243012213387686 -14.564656714909765 0
      vertex 49.24301221338769 14.56465671490976 0
      vertex 50.13929560204516 13.955543152967843 0
    endloop
  endfacet
  facet normal 0.9992539688455991 0.031402821069812833 -0.022480404248494918
    outer loop
      vertex 57.25 0 0
      vertex 57.21596106538769 1.0831364618806556 0
      vertex 58.25 0 44.449999999999996
    endloop
  endfacet
  facet normal 0.9953103699462792 0.0940845306212721 -0.02248040424849492
    outer loop
      vertex 57.21596106538769 1.0831364618806556 0
      vertex 57.113978597674745 2.1619982789842487 0
      vertex 58.21398779381596 1.145926981409969 44.449999999999996
    endloop
  endfacet
  facet normal 0.9874387357308367 0.15639493151349596 -0.022480404248494915
    outer loop
      vertex 57.113978597674745 2.1619982789842487 0
      vertex 56.94445507506988 3.2323276766037496 0
      vertex 58.10609329898922 2.287331512548553 44.449999999999996
    endloop
  endfacet
  facet normal 0.9756701319433104 0.21808811306109105 -0.022480404248494918
    outer loop
      vertex 56.94445507506988 3.2323276766037496 0
      vertex 56.70805952946888 4.289900553593745 0
      vertex 57.92674232579857 3.4197089911894745 44.449999999999996
    endloop
  endfacet
  facet normal 0.9600510038862896 0.27892060046140715 -0.022480404248494998
    outer loop
      vertex 56.70805952946888 4.289900553593745 0
      vertex 56.40572490609139 5.330543152967842 0
      vertex 57.67664269059752 4.5385904407586 44.449999999999996
    endloop
  endfacet
  facet normal 0.9406429931225151 0.33865231567839643 -0.022480404248494925
    outer loop
      vertex 56.40572490609139 5.330543152967842 0
      vertex 56.03864438157234 6.350148533810695 0
      vertex 57.35678142238655 5.63956014734279 44.449999999999996
    endloop
  endfacet
  facet normal 0.9175226942037862 0.39704752492094686 -0.022480404248494838
    outer loop
      vertex 55.60826665503884 7.344692779497503 0
      vertex 56.96842086746059 6.7182730864953735 44.449999999999996
      vertex 56.03864438157234 6.350148533810695 0
    endloop
  endfacet
  facet normal 0.8907813523872831 0.4538757689763878 -0.022480404248494894
    outer loop
      vertex 55.60826665503884 7.344692779497503 0
      vertex 55.11629023075665 8.310250878254589 0
      vertex 56.51309370750486 7.770472071062576 44.449999999999996
    endloop
  endfacet
  facet normal 0.8605245035321979 0.5089127727277912 -0.022480404248495008
    outer loop
      vertex 55.11629023075665 8.310250878254589 0
      vertex 54.56465671490976 9.243012213387692 0
      vertex 55.992596910800515 8.792004552356305 44.449999999999996
    endloop
  endfacet
  facet normal -0.0314028210698161 0.999253968845599 -0.022480404248494918
    outer loop
      vertex 38.916863538119344 17.215961065387685 0
      vertex 38.854073018590036 18.213987793815956 44.449999999999996
      vertex 40 17.25 0
    endloop
  endfacet
  facet normal 0.0314028210698161 0.999253968845599 -0.022480404248494918
    outer loop
      vertex 40 17.25 0
      vertex 40 18.25 44.449999999999996
      vertex 41.083136461880656 17.215961065387685 0
    endloop
  endfacet
  facet normal 0.09408453062126883 0.9953103699462795 -0.022480404248494915
    outer loop
      vertex 41.083136461880656 17.215961065387685 0
      vertex 41.145926981409964 18.213987793815956 44.449999999999996
      vertex 42.16199827898425 17.113978597674745 0
    endloop
  endfacet
  facet normal 0.1563949315134999 0.9874387357308362 -0.022480404248494915
    outer loop
      vertex 42.16199827898425 17.113978597674745 0
      vertex 42.287331512548555 18.106093298989222 44.449999999999996
      vertex 43.232327676603745 16.94445507506988 0
    endloop
  endfacet
  facet normal 0.21808811306108378 0.9756701319433122 -0.022480404248494942
    outer loop
      vertex 43.232327676603745 16.94445507506988 0
      vertex 43.419708991189474 17.926742325798568 44.449999999999996
      vertex 44.289900553593746 16.708059529468887 0
    endloop
  endfacet
  facet normal 0.45387576897638787 0.890781352387283 -0.022480404248494876
    outer loop
      vertex 47.34469277949751 15.608266655038836 0
      vertex 47.77047207106258 16.513093707504854 44.449999999999996
      vertex 48.310250878254585 15.116290230756647 0
    endloop
  endfacet
  facet normal 0.2789206004614076 0.9600510038862895 -0.022480404248494932
    outer loop
      vertex 44.289900553593746 16.708059529468887 0
      vertex 44.538590440758604 17.676642690597518 44.449999999999996
      vertex 45.33054315296784 16.405724906091397 0
    endloop
  endfacet
  facet normal 0.3386523156784017 0.9406429931225132 -0.022480404248494942
    outer loop
      vertex 45.33054315296784 16.405724906091397 0
      vertex 45.63956014734279 17.35678142238655 44.449999999999996
      vertex 46.350148533810696 16.038644381572336 0
    endloop
  endfacet
  facet normal 0.39704752492094597 0.9175226942037865 -0.02248040424849497
    outer loop
      vertex 46.350148533810696 16.038644381572336 0
      vertex 46.71827308649537 16.96842086746059 44.449999999999996
      vertex 47.34469277949751 15.608266655038836 0
    endloop
  endfacet
  facet normal 0.7499215043961142 0.6611447410885859 -0.022480404248494942
    outer loop
      vertex 53.291353437882364 10.995563823164899 0
      vertex 52.57470882301935 11.808437577269881 0
      vertex 54.061866680658156 11.632987812913587 44.449999999999996
    endloop
  endfacet
  facet normal 0.7069280838334366 0.7069280838334334 -0.02248040424849488
    outer loop
      vertex 51.808437577269885 12.57470882301935 0
      vertex 53.30367745044076 12.49298468319857 44.449999999999996
      vertex 52.57470882301935 11.808437577269881 0
    endloop
  endfacet
  facet normal 0.6611447410885841 0.7499215043961156 -0.022480404248494838
    outer loop
      vertex 50.9955638231649 13.291353437882362 0
      vertex 51.63298781291358 14.061866680658152 44.449999999999996
      vertex 51.808437577269885 12.57470882301935 0
    endloop
  endfacet
  facet normal 0.8268715575979207 0.5619413302653691 -0.022480404248494904
    outer loop
      vertex 53.95554315296784 10.139295602045161 0
      vertex 55.408984640411774 9.778839008366688 44.449999999999996
      vertex 54.56465671490976 9.243012213387692 0
    endloop
  endfacet
  facet normal 0.7899553273874877 0.612752162098961 -0.02248040424849497
    outer loop
      vertex 53.291353437882364 10.995563823164899 0
      vertex 54.76456014734279 10.727080854337634 44.449999999999996
      vertex 53.95554315296784 10.139295602045161 0
    endloop
  endfacet
  facet normal 0.5619413302653694 0.8268715575979204 -0.022480404248494915
    outer loop
      vertex 49.24301221338769 14.56465671490976 0
      vertex 49.77883900836669 15.408984640411775 44.449999999999996
      vertex 50.13929560204516 13.955543152967843 0
    endloop
  endfacet
  facet normal 0.6127521620989616 0.7899553273874873 -0.022480404248494987
    outer loop
      vertex 50.9955638231649 13.291353437882362 0
      vertex 50.13929560204516 13.955543152967843 0
      vertex 50.727080854337636 14.764560147342792 44.449999999999996
    endloop
  endfacet
  facet normal 0.5089127727277891 0.8605245035321992 -0.022480404248494963
    outer loop
      vertex 48.310250878254585 15.116290230756647 0
      vertex 48.7920045523563 15.992596910800511 44.449999999999996
      vertex 49.24301221338769 14.56465671490976 0
    endloop
  endfacet
  facet normal -0.999253968845599 0.03140282106981598 -0.022480404248494918
    outer loop
      vertex 22.75 0 0
      vertex 21.75 0 44.449999999999996
      vertex 21.786012206184044 1.1459269814099673 44.449999999999996
    endloop
  endfacet
  facet normal -0.9953103699462795 0.09408453062126952 -0.02248040424849491
    outer loop
      vertex 22.886021402325255 2.161998278984245 0
      vertex 21.786012206184044 1.1459269814099673 44.449999999999996
      vertex 21.893906701010778 2.2873315125485494 44.449999999999996
    endloop
  endfacet
  facet normal -0.9874387357308364 0.15639493151349762 -0.022480404248494925
    outer loop
      vertex 23.05554492493012 3.232327676603753 0
      vertex 21.893906701010778 2.2873315125485494 44.449999999999996
      vertex 22.073257674201432 3.419708991189478 44.449999999999996
    endloop
  endfacet
  facet normal -0.9756701319433119 0.2180881130610855 -0.02248040424849492
    outer loop
      vertex 23.291940470531113 4.289900553593746 0
      vertex 22.073257674201432 3.419708991189478 44.449999999999996
      vertex 22.323357309402482 4.538590440758601 44.449999999999996
    endloop
  endfacet
  facet normal -0.9600510038862895 0.27892060046140726 -0.02248040424849492
    outer loop
      vertex 23.594275093908603 5.330543152967842 0
      vertex 22.323357309402482 4.538590440758601 44.449999999999996
      vertex 22.64321857761345 5.63956014734279 44.449999999999996
    endloop
  endfacet
  facet normal -0.9406429931225135 0.3386523156784007 -0.022480404248494977
    outer loop
      vertex 23.961355618427664 6.350148533810693 0
      vertex 22.64321857761345 5.63956014734279 44.449999999999996
      vertex 23.03157913253941 6.718273086495371 44.449999999999996
    endloop
  endfacet
  facet normal -0.9175226942037855 0.3970475249209481 -0.022480404248494887
    outer loop
      vertex 24.39173334496116 7.3446927794975 0
      vertex 23.03157913253941 6.718273086495371 44.449999999999996
      vertex 23.486906292495142 7.770472071062572 44.449999999999996
    endloop
  endfacet
  facet normal -0.8907813523872835 0.45387576897638704 -0.022480404248494856
    outer loop
      vertex 24.883709769243353 8.31025087825459 0
      vertex 23.486906292495142 7.770472071062572 44.449999999999996
      vertex 24.007403089199492 8.792004552356305 44.449999999999996
    endloop
  endfacet
  facet normal 0 0 1
    outer loop
      vertex 21.786012206184044 -1.1459269814099673 44.449999999999996
      vertex 21.786012206184044 1.1459269814099673 44.449999999999996
      vertex 21.75 0 44.449999999999996
    endloop
  endfacet
  facet normal 0 0 1
    outer loop
      vertex 21.893906701010778 -2.2873315125485494 44.449999999999996
      vertex 21.893906701010778 2.2873315125485494 44.449999999999996
      vertex 21.786012206184044 1.1459269814099673 44.449999999999996
    endloop
  endfacet
  facet normal 0 0 1
    outer loop
      vertex 22.073257674201432 -3.419708991189478 44.449999999999996
      vertex 22.073257674201432 3.419708991189478 44.449999999999996
      vertex 21.893906701010778 2.2873315125485494 44.449999999999996
    endloop
  endfacet
  facet normal 0 0 1
    outer loop
      vertex 22.323357309402482 -4.538590440758601 44.449999999999996
      vertex 22.323357309402482 4.538590440758601 44.449999999999996
      vertex 22.073257674201432 3.419708991189478 44.449999999999996
    endloop
  endfacet
  facet normal 0 0 1
    outer loop
      vertex 22.64321857761345 -5.63956014734279 44.449999999999996
      vertex 22.64321857761345 5.63956014734279 44.449999999999996
      vertex 22.323357309402482 4.538590440758601 44.449999999999996
    endloop
  endfacet
  facet normal 0 0 1
    outer loop
      vertex 22.64321857761345 5.63956014734279 44.449999999999996
      vertex 23 0 44.449999999999996
      vertex 23.033545616719383 1.0674388319983255 44.449999999999996
    endloop
  endfacet
  facet normal 0 0 1
    outer loop
      vertex 23.03157913253941 6.718273086495371 44.449999999999996
      vertex 23.033545616719383 1.0674388319983255 44.449999999999996
      vertex 23.134050077653875 2.1306649705931693 44.449999999999996
    endloop
  endfacet
  facet normal 0 0 1
    outer loop
      vertex 22.64321857761345 5.63956014734279 44.449999999999996
      vertex 23.033545616719383 1.0674388319983255 44.449999999999996
      vertex 23.03157913253941 6.718273086495371 44.449999999999996
    endloop
  endfacet
  facet normal 0 0 1
    outer loop
      vertex 23.03157913253941 6.718273086495371 44.449999999999996
      vertex 23.134050077653875 2.1306649705931693 44.449999999999996
      vertex 23.301116737612293 3.185482347957322 44.449999999999996
    endloop
  endfacet
  facet normal 0 0 1
    outer loop
      vertex 23.03157913253941 6.718273086495371 44.449999999999996
      vertex 23.301116737612293 3.185482347957322 44.449999999999996
      vertex 23.53408626081327 4.227728081802533 44.449999999999996
    endloop
  endfacet
  facet normal 0 0 1
    outer loop
      vertex 23.03157913253941 6.718273086495371 44.449999999999996
      vertex 23.53408626081327 4.227728081802533 44.449999999999996
      vertex 23.486906292495142 7.770472071062572 44.449999999999996
    endloop
  endfacet
  facet normal 0 0 1
    outer loop
      vertex 23.486906292495142 7.770472071062572 44.449999999999996
      vertex 23.53408626081327 4.227728081802533 44.449999999999996
      vertex 23.83203922298239 5.253288904374106 44.449999999999996
    endloop
  endfacet
  facet normal 0 0 1
    outer loop
      vertex 23.486906292495142 7.770472071062572 44.449999999999996
      vertex 23.83203922298239 5.253288904374106 44.449999999999996
      vertex 24.193799739899724 6.258117395639523 44.449999999999996
    endloop
  endfacet
  facet normal 0 0 1
    outer loop
      vertex 23.486906292495142 7.770472071062572 44.449999999999996
      vertex 24.193799739899724 6.258117395639523 44.449999999999996
      vertex 24.007403089199492 8.792004552356305 44.449999999999996
    endloop
  endfacet
  facet normal 0 0 1
    outer loop
      vertex 24.007403089199492 8.792004552356305 44.449999999999996
      vertex 24.193799739899724 6.258117395639523 44.449999999999996
      vertex 24.61794010807767 7.238247956606232 44.449999999999996
    endloop
  endfacet
  facet normal 0 0 1
    outer loop
      vertex 24.591015359588226 9.778839008366688 44.449999999999996
      vertex 24.61794010807767 7.238247956606232 44.449999999999996
      vertex 25.10278643925432 8.189812459729161 44.449999999999996
    endloop
  endfacet
  facet normal 0 0 1
    outer loop
      vertex 24.007403089199492 8.792004552356305 44.449999999999996
      vertex 24.61794010807767 7.238247956606232 44.449999999999996
      vertex 24.591015359588226 9.778839008366688 44.449999999999996
    endloop
  endfacet
  facet normal 0 0 1
    outer loop
      vertex 24.591015359588226 9.778839008366688 44.449999999999996
      vertex 25.10278643925432 8.189812459729161 44.449999999999996
      vertex 25.646425266465748 9.109055514642943 44.449999999999996
    endloop
  endfacet
  facet normal -0.8605245035321986 0.5089127727277902 -0.0224804042484949
    outer loop
      vertex 25.43534328509024 9.243012213387692 0
      vertex 24.007403089199492 8.792004552356305 44.449999999999996
      vertex 24.591015359588226 9.778839008366688 44.449999999999996
    endloop
  endfacet
  facet normal -0.8268715575979222 0.561941330265367 -0.02248040424849497
    outer loop
      vertex 26.04445684703216 10.139295602045161 0
      vertex 24.591015359588226 9.778839008366688 44.449999999999996
      vertex 25.23543985265721 10.727080854337634 44.449999999999996
    endloop
  endfacet
  facet normal -0.7899553273874865 0.6127521620989625 -0.022480404248494946
    outer loop
      vertex 26.708646562117636 10.995563823164897 0
      vertex 25.23543985265721 10.727080854337634 44.449999999999996
      vertex 25.938133319341844 11.632987812913585 44.449999999999996
    endloop
  endfacet
  facet normal -0.7499215043961132 0.6611447410885868 -0.02248040424849496
    outer loop
      vertex 27.42529117698065 11.808437577269876 0
      vertex 25.938133319341844 11.632987812913585 44.449999999999996
      vertex 26.696322549559238 12.492984683198566 44.449999999999996
    endloop
  endfacet
  facet normal -0.7069280838334342 0.7069280838334357 -0.02248040424849487
    outer loop
      vertex 28.191562422730122 12.574708823019352 0
      vertex 26.696322549559238 12.492984683198566 44.449999999999996
      vertex 27.507015316801436 13.303677450440762 44.449999999999996
    endloop
  endfacet
  facet normal -0.661144741088587 0.7499215043961132 -0.022480404248494876
    outer loop
      vertex 28.191562422730122 12.574708823019352 0
      vertex 27.507015316801436 13.303677450440762 44.449999999999996
      vertex 28.367012187086416 14.061866680658156 44.449999999999996
    endloop
  endfacet
  facet normal -0.6127521620989642 0.7899553273874852 -0.02248040424849489
    outer loop
      vertex 29.004436176835103 13.291353437882366 0
      vertex 28.367012187086416 14.061866680658156 44.449999999999996
      vertex 29.272919145662364 14.764560147342792 44.449999999999996
    endloop
  endfacet
  facet normal -0.5619413302653661 0.8268715575979229 -0.02248040424849498
    outer loop
      vertex 29.86070439795484 13.955543152967843 0
      vertex 29.272919145662364 14.764560147342792 44.449999999999996
      vertex 30.22116099163331 15.408984640411774 44.449999999999996
    endloop
  endfacet
  facet normal -0.5089127727277919 0.8605245035321977 -0.02248040424849492
    outer loop
      vertex 30.756987786612306 14.564656714909757 0
      vertex 30.22116099163331 15.408984640411774 44.449999999999996
      vertex 31.207995447643697 15.992596910800511 44.449999999999996
    endloop
  endfacet
  facet normal -0.453875768976385 0.8907813523872846 -0.022480404248494963
    outer loop
      vertex 31.689749121745415 15.116290230756647 0
      vertex 31.207995447643697 15.992596910800511 44.449999999999996
      vertex 32.22952792893742 16.513093707504854 44.449999999999996
    endloop
  endfacet
  facet normal -0.39704752492094925 0.9175226942037851 -0.022480404248494883
    outer loop
      vertex 32.65530722050249 15.608266655038836 0
      vertex 32.22952792893742 16.513093707504854 44.449999999999996
      vertex 33.28172691350463 16.96842086746059 44.449999999999996
    endloop
  endfacet
  facet normal -0.3386523156784007 0.9406429931225135 -0.02248040424849497
    outer loop
      vertex 33.649851466189304 16.038644381572336 0
      vertex 33.28172691350463 16.96842086746059 44.449999999999996
      vertex 34.36043985265721 17.35678142238655 44.449999999999996
    endloop
  endfacet
  facet normal -0.27892060046140743 0.9600510038862894 -0.022480404248494935
    outer loop
      vertex 34.66945684703216 16.405724906091397 0
      vertex 34.36043985265721 17.35678142238655 44.449999999999996
      vertex 35.461409559241396 17.676642690597518 44.449999999999996
    endloop
  endfacet
  facet normal -0.21808811306108425 0.9756701319433121 -0.022480404248494942
    outer loop
      vertex 36.767672323396255 16.94445507506988 0
      vertex 35.461409559241396 17.676642690597518 44.449999999999996
      vertex 36.580291008810526 17.926742325798568 44.449999999999996
    endloop
  endfacet
  facet normal -0.15639493151349898 0.9874387357308363 -0.022480404248494915
    outer loop
      vertex 37.83800172101575 17.113978597674745 0
      vertex 36.580291008810526 17.926742325798568 44.449999999999996
      vertex 37.712668487451445 18.106093298989222 44.449999999999996
    endloop
  endfacet
  facet normal -0.0940845306212688 0.9953103699462795 -0.022480404248494915
    outer loop
      vertex 38.916863538119344 17.215961065387685 0
      vertex 37.712668487451445 18.106093298989222 44.449999999999996
      vertex 38.854073018590036 18.213987793815956 44.449999999999996
    endloop
  endfacet
  facet normal 0 0 1
    outer loop
      vertex 24.591015359588226 9.778839008366688 44.449999999999996
      vertex 25.646425266465748 9.109055514642943 44.449999999999996
      vertex 25.23543985265721 10.727080854337634 44.449999999999996
    endloop
  endfacet
  facet normal 0 0 1
    outer loop
      vertex 25.23543985265721 10.727080854337634 44.449999999999996
      vertex 25.646425266465748 9.109055514642943 44.449999999999996
      vertex 26.246711095625894 9.992349288972044 44.449999999999996
    endloop
  endfacet
  facet normal 0 0 1
    outer loop
      vertex 25.23543985265721 10.727080854337634 44.449999999999996
      vertex 26.246711095625894 9.992349288972044 44.449999999999996
      vertex 25.938133319341844 11.632987812913585 44.449999999999996
    endloop
  endfacet
  facet normal 0 0 1
    outer loop
      vertex 25.938133319341844 11.632987812913585 44.449999999999996
      vertex 26.246711095625894 9.992349288972044 44.449999999999996
      vertex 26.90127487281158 10.836207825727724 44.449999999999996
    endloop
  endfacet
  facet normal 0 0 1
    outer loop
      vertex 25.938133319341844 11.632987812913585 44.449999999999996
      vertex 26.90127487281158 10.836207825727724 44.449999999999996
      vertex 26.696322549559238 12.492984683198566 44.449999999999996
    endloop
  endfacet
  facet normal 0 0 1
    outer loop
      vertex 26.696322549559238 12.492984683198566 44.449999999999996
      vertex 26.90127487281158 10.836207825727724 44.449999999999996
      vertex 27.607533333836002 11.637300800787704 44.449999999999996
    endloop
  endfacet
  facet normal 0 0 1
    outer loop
      vertex 26.696322549559238 12.492984683198566 44.449999999999996
      vertex 27.607533333836002 11.637300800787704 44.449999999999996
      vertex 27.507015316801436 13.303677450440762 44.449999999999996
    endloop
  endfacet
  facet normal 0 0 1
    outer loop
      vertex 27.507015316801436 13.303677450440762 44.449999999999996
      vertex 27.607533333836002 11.637300800787704 44.449999999999996
      vertex 28.362699199212294 12.392466666163998 44.449999999999996
    endloop
  endfacet
  facet normal 0 0 1
    outer loop
      vertex 27.507015316801436 13.303677450440762 44.449999999999996
      vertex 28.362699199212294 12.392466666163998 44.449999999999996
      vertex 29.163792174272274 13.09872512718842 44.449999999999996
    endloop
  endfacet
  facet normal 0 0 1
    outer loop
      vertex 27.507015316801436 13.303677450440762 44.449999999999996
      vertex 29.163792174272274 13.09872512718842 44.449999999999996
      vertex 28.367012187086416 14.061866680658156 44.449999999999996
    endloop
  endfacet
  facet normal 0 0 1
    outer loop
      vertex 28.367012187086416 14.061866680658156 44.449999999999996
      vertex 29.163792174272274 13.09872512718842 44.449999999999996
      vertex 30.007650711027956 13.753288904374106 44.449999999999996
    endloop
  endfacet
  facet normal 0 0 1
    outer loop
      vertex 28.367012187086416 14.061866680658156 44.449999999999996
      vertex 30.007650711027956 13.753288904374106 44.449999999999996
      vertex 29.272919145662364 14.764560147342792 44.449999999999996
    endloop
  endfacet
  facet normal 0 0 1
    outer loop
      vertex 29.272919145662364 14.764560147342792 44.449999999999996
      vertex 30.007650711027956 13.753288904374106 44.449999999999996
      vertex 30.890944485357057 14.353574733534254 44.449999999999996
    endloop
  endfacet
  facet normal 0 0 1
    outer loop
      vertex 29.272919145662364 14.764560147342792 44.449999999999996
      vertex 30.890944485357057 14.353574733534254 44.449999999999996
      vertex 30.22116099163331 15.408984640411774 44.449999999999996
    endloop
  endfacet
  facet normal 0 0 1
    outer loop
      vertex 30.22116099163331 15.408984640411774 44.449999999999996
      vertex 30.890944485357057 14.353574733534254 44.449999999999996
      vertex 31.810187540270842 14.897213560745683 44.449999999999996
    endloop
  endfacet
  facet normal 0 0 1
    outer loop
      vertex 30.22116099163331 15.408984640411774 44.449999999999996
      vertex 31.810187540270842 14.897213560745683 44.449999999999996
      vertex 31.207995447643697 15.992596910800511 44.449999999999996
    endloop
  endfacet
  facet normal 0 0 1
    outer loop
      vertex 31.207995447643697 15.992596910800511 44.449999999999996
      vertex 31.810187540270842 14.897213560745683 44.449999999999996
      vertex 32.76175204339376 15.382059891922331 44.449999999999996
    endloop
  endfacet
  facet normal 0 0 1
    outer loop
      vertex 31.207995447643697 15.992596910800511 44.449999999999996
      vertex 32.76175204339376 15.382059891922331 44.449999999999996
      vertex 32.22952792893742 16.513093707504854 44.449999999999996
    endloop
  endfacet
  facet normal 0 0 1
    outer loop
      vertex 32.22952792893742 16.513093707504854 44.449999999999996
      vertex 32.76175204339376 15.382059891922331 44.449999999999996
      vertex 33.74188260436048 15.806200260100276 44.449999999999996
    endloop
  endfacet
  facet normal 0 0 1
    outer loop
      vertex 32.22952792893742 16.513093707504854 44.449999999999996
      vertex 33.74188260436048 15.806200260100276 44.449999999999996
      vertex 33.28172691350463 16.96842086746059 44.449999999999996
    endloop
  endfacet
  facet normal 0 0 1
    outer loop
      vertex 33.28172691350463 16.96842086746059 44.449999999999996
      vertex 33.74188260436048 15.806200260100276 44.449999999999996
      vertex 34.7467110956259 16.16796077701761 44.449999999999996
    endloop
  endfacet
  facet normal 0 0 1
    outer loop
      vertex 33.28172691350463 16.96842086746059 44.449999999999996
      vertex 34.7467110956259 16.16796077701761 44.449999999999996
      vertex 34.36043985265721 17.35678142238655 44.449999999999996
    endloop
  endfacet
  facet normal 0 0 1
    outer loop
      vertex 34.36043985265721 17.35678142238655 44.449999999999996
      vertex 34.7467110956259 16.16796077701761 44.449999999999996
      vertex 35.77227191819747 16.46591373918673 44.449999999999996
    endloop
  endfacet
  facet normal 0 0 1
    outer loop
      vertex 35.461409559241396 17.676642690597518 44.449999999999996
      vertex 35.77227191819747 16.46591373918673 44.449999999999996
      vertex 36.81451765204268 16.698883262387707 44.449999999999996
    endloop
  endfacet
  facet normal 0 0 1
    outer loop
      vertex 34.36043985265721 17.35678142238655 44.449999999999996
      vertex 35.77227191819747 16.46591373918673 44.449999999999996
      vertex 35.461409559241396 17.676642690597518 44.449999999999996
    endloop
  endfacet
  facet normal 0 0 1
    outer loop
      vertex 35.461409559241396 17.676642690597518 44.449999999999996
      vertex 36.81451765204268 16.698883262387707 44.449999999999996
      vertex 36.580291008810526 17.926742325798568 44.449999999999996
    endloop
  endfacet
  facet normal 0 0 1
    outer loop
      vertex 36.580291008810526 17.926742325798568 44.449999999999996
      vertex 36.81451765204268 16.698883262387707 44.449999999999996
      vertex 37.86933502940683 16.865949922346125 44.449999999999996
    endloop
  endfacet
  facet normal 0 0 1
    outer loop
      vertex 36.580291008810526 17.926742325798568 44.449999999999996
      vertex 37.86933502940683 16.865949922346125 44.449999999999996
      vertex 37.712668487451445 18.106093298989222 44.449999999999996
    endloop
  endfacet
  facet normal 0 0 1
    outer loop
      vertex 37.712668487451445 18.106093298989222 44.449999999999996
      vertex 37.86933502940683 16.865949922346125 44.449999999999996
      vertex 38.932561168001676 16.966454383280617 44.449999999999996
    endloop
  endfacet
  facet normal 0 0 1
    outer loop
      vertex 37.712668487451445 18.106093298989222 44.449999999999996
      vertex 38.932561168001676 16.966454383280617 44.449999999999996
      vertex 38.854073018590036 18.213987793815956 44.449999999999996
    endloop
  endfacet
  facet normal 0.9992539688455991 0.03140282106981289 -0.022480404248494918
    outer loop
      vertex 57.21596106538769 1.0831364618806556 0
      vertex 58.21398779381596 1.145926981409969 44.449999999999996
      vertex 58.25 0 44.449999999999996
    endloop
  endfacet
  facet normal 0.9953103699462792 0.09408453062127244 -0.02248040424849491
    outer loop
      vertex 57.113978597674745 2.1619982789842487 0
      vertex 58.10609329898922 2.287331512548553 44.449999999999996
      vertex 58.21398779381596 1.145926981409969 44.449999999999996
    endloop
  endfacet
  facet normal 0.9874387357308367 0.1563949315134955 -0.022480404248494925
    outer loop
      vertex 56.94445507506988 3.2323276766037496 0
      vertex 57.92674232579857 3.4197089911894745 44.449999999999996
      vertex 58.10609329898922 2.287331512548553 44.449999999999996
    endloop
  endfacet
  facet normal 0.9756701319433112 0.21808811306108794 -0.022480404248494994
    outer loop
      vertex 56.70805952946888 4.289900553593745 0
      vertex 57.67664269059752 4.5385904407586 44.449999999999996
      vertex 57.92674232579857 3.4197089911894745 44.449999999999996
    endloop
  endfacet
  facet normal 0.9600510038862888 0.2789206004614099 -0.02248040424849493
    outer loop
      vertex 56.40572490609139 5.330543152967842 0
      vertex 57.35678142238655 5.63956014734279 44.449999999999996
      vertex 57.67664269059752 4.5385904407586 44.449999999999996
    endloop
  endfacet
  facet normal 0.9406429931225139 0.3386523156784 -0.022480404248494835
    outer loop
      vertex 56.03864438157234 6.350148533810695 0
      vertex 56.96842086746059 6.7182730864953735 44.449999999999996
      vertex 57.35678142238655 5.63956014734279 44.449999999999996
    endloop
  endfacet
  facet normal 0.917522694203787 0.39704752492094497 -0.022480404248494897
    outer loop
      vertex 55.60826665503884 7.344692779497503 0
      vertex 56.51309370750486 7.770472071062576 44.449999999999996
      vertex 56.96842086746059 6.7182730864953735 44.449999999999996
    endloop
  endfacet
  facet normal 0.8907813523872852 0.45387576897638365 -0.02248040424849501
    outer loop
      vertex 55.11629023075665 8.310250878254589 0
      vertex 55.992596910800515 8.792004552356305 44.449999999999996
      vertex 56.51309370750486 7.770472071062576 44.449999999999996
    endloop
  endfacet
  facet normal 0 0 1
    outer loop
      vertex 57.35678142238655 -5.63956014734279 44.449999999999996
      vertex 56.96842086746059 6.7182730864953735 44.449999999999996
      vertex 57 0 44.449999999999996
    endloop
  endfacet
  facet normal 0 0 1
    outer loop
      vertex 58.21398779381596 -1.1459269814099762 44.449999999999996
      vertex 58.21398779381596 1.145926981409969 44.449999999999996
      vertex 58.10609329898922 2.287331512548553 44.449999999999996
    endloop
  endfacet
  facet normal 0 0 1
    outer loop
      vertex 58.10609329898922 -2.2873315125485494 44.449999999999996
      vertex 58.10609329898922 2.287331512548553 44.449999999999996
      vertex 57.92674232579857 3.4197089911894745 44.449999999999996
    endloop
  endfacet
  facet normal 0 0 1
    outer loop
      vertex 57.92674232579857 -3.419708991189478 44.449999999999996
      vertex 57.92674232579857 3.4197089911894745 44.449999999999996
      vertex 57.67664269059752 4.5385904407586 44.449999999999996
    endloop
  endfacet
  facet normal 0 0 1
    outer loop
      vertex 57.67664269059752 -4.538590440758593 44.449999999999996
      vertex 57.67664269059752 4.5385904407586 44.449999999999996
      vertex 57.35678142238655 5.63956014734279 44.449999999999996
    endloop
  endfacet
  facet normal 0 0 1
    outer loop
      vertex 57.35678142238655 -5.63956014734279 44.449999999999996
      vertex 57.35678142238655 5.63956014734279 44.449999999999996
      vertex 56.96842086746059 6.7182730864953735 44.449999999999996
    endloop
  endfacet
  facet normal 0 0 1
    outer loop
      vertex 56.96842086746059 6.7182730864953735 44.449999999999996
      vertex 56.96645438328062 1.0674388319983272 44.449999999999996
      vertex 57 0 44.449999999999996
    endloop
  endfacet
  facet normal 0 0 1
    outer loop
      vertex 56.96842086746059 6.7182730864953735 44.449999999999996
      vertex 56.865949922346125 2.1306649705931724 44.449999999999996
      vertex 56.96645438328062 1.0674388319983272 44.449999999999996
    endloop
  endfacet
  facet normal 0 0 1
    outer loop
      vertex 56.96842086746059 6.7182730864953735 44.449999999999996
      vertex 56.69888326238771 3.1854823479573184 44.449999999999996
      vertex 56.865949922346125 2.1306649705931724 44.449999999999996
    endloop
  endfacet
  facet normal 0 0 1
    outer loop
      vertex 56.51309370750486 7.770472071062576 44.449999999999996
      vertex 56.46591373918673 4.227728081802532 44.449999999999996
      vertex 56.69888326238771 3.1854823479573184 44.449999999999996
    endloop
  endfacet
  facet normal 0 0 1
    outer loop
      vertex 56.51309370750486 7.770472071062576 44.449999999999996
      vertex 56.16796077701761 5.253288904374106 44.449999999999996
      vertex 56.46591373918673 4.227728081802532 44.449999999999996
    endloop
  endfacet
  facet normal 0 0 1
    outer loop
      vertex 56.96842086746059 6.7182730864953735 44.449999999999996
      vertex 56.51309370750486 7.770472071062576 44.449999999999996
      vertex 56.69888326238771 3.1854823479573184 44.449999999999996
    endloop
  endfacet
  facet normal 0 0 1
    outer loop
      vertex 55.992596910800515 8.792004552356305 44.449999999999996
      vertex 55.80620026010027 6.258117395639526 44.449999999999996
      vertex 56.16796077701761 5.253288904374106 44.449999999999996
    endloop
  endfacet
  facet normal 0 0 1
    outer loop
      vertex 55.408984640411774 9.778839008366688 44.449999999999996
      vertex 55.38205989192233 7.238247956606235 44.449999999999996
      vertex 55.80620026010027 6.258117395639526 44.449999999999996
    endloop
  endfacet
  facet normal 0 0 1
    outer loop
      vertex 55.408984640411774 9.778839008366688 44.449999999999996
      vertex 54.89721356074568 8.189812459729161 44.449999999999996
      vertex 55.38205989192233 7.238247956606235 44.449999999999996
    endloop
  endfacet
  facet normal 0 0 1
    outer loop
      vertex 55.992596910800515 8.792004552356305 44.449999999999996
      vertex 55.408984640411774 9.778839008366688 44.449999999999996
      vertex 55.80620026010027 6.258117395639526 44.449999999999996
    endloop
  endfacet
  facet normal 0 0 1
    outer loop
      vertex 56.51309370750486 7.770472071062576 44.449999999999996
      vertex 55.992596910800515 8.792004552356305 44.449999999999996
      vertex 56.16796077701761 5.253288904374106 44.449999999999996
    endloop
  endfacet
  facet normal -0.03140282106981606 0.999253968845599 -0.022480404248494918
    outer loop
      vertex 38.854073018590036 18.213987793815956 44.449999999999996
      vertex 40 18.25 44.449999999999996
      vertex 40 17.25 0
    endloop
  endfacet
  facet normal 0.03140282106981612 0.999253968845599 -0.02248040424849492
    outer loop
      vertex 41.083136461880656 17.215961065387685 0
      vertex 40 18.25 44.449999999999996
      vertex 41.145926981409964 18.213987793815956 44.449999999999996
    endloop
  endfacet
  facet normal 0.09408453062126881 0.9953103699462795 -0.02248040424849491
    outer loop
      vertex 42.16199827898425 17.113978597674745 0
      vertex 41.145926981409964 18.213987793815956 44.449999999999996
      vertex 42.287331512548555 18.106093298989222 44.449999999999996
    endloop
  endfacet
  facet normal 0.15639493151349887 0.9874387357308363 -0.022480404248494935
    outer loop
      vertex 43.232327676603745 16.94445507506988 0
      vertex 42.287331512548555 18.106093298989222 44.449999999999996
      vertex 43.419708991189474 17.926742325798568 44.449999999999996
    endloop
  endfacet
  facet normal 0.45387576897638493 0.8907813523872846 -0.02248040424849496
    outer loop
      vertex 48.310250878254585 15.116290230756647 0
      vertex 47.77047207106258 16.513093707504854 44.449999999999996
      vertex 48.7920045523563 15.992596910800511 44.449999999999996
    endloop
  endfacet
  facet normal 0.33865231567840065 0.9406429931225135 -0.02248040424849497
    outer loop
      vertex 46.350148533810696 16.038644381572336 0
      vertex 45.63956014734279 17.35678142238655 44.449999999999996
      vertex 46.71827308649537 16.96842086746059 44.449999999999996
    endloop
  endfacet
  facet normal 0.2180881130610842 0.9756701319433121 -0.022480404248494932
    outer loop
      vertex 44.289900553593746 16.708059529468887 0
      vertex 43.419708991189474 17.926742325798568 44.449999999999996
      vertex 44.538590440758604 17.676642690597518 44.449999999999996
    endloop
  endfacet
  facet normal 0.27892060046140743 0.9600510038862896 -0.02248040424849494
    outer loop
      vertex 45.33054315296784 16.405724906091397 0
      vertex 44.538590440758604 17.676642690597518 44.449999999999996
      vertex 45.63956014734279 17.35678142238655 44.449999999999996
    endloop
  endfacet
  facet normal 0.39704752492094936 0.9175226942037851 -0.022480404248494883
    outer loop
      vertex 47.34469277949751 15.608266655038836 0
      vertex 46.71827308649537 16.96842086746059 44.449999999999996
      vertex 47.77047207106258 16.513093707504854 44.449999999999996
    endloop
  endfacet
  facet normal 0.7499215043961125 0.6611447410885879 -0.022480404248494876
    outer loop
      vertex 52.57470882301935 11.808437577269881 0
      vertex 53.30367745044076 12.49298468319857 44.449999999999996
      vertex 54.061866680658156 11.632987812913587 44.449999999999996
    endloop
  endfacet
  facet normal 0.661144741088583 0.7499215043961168 -0.022480404248494876
    outer loop
      vertex 51.808437577269885 12.57470882301935 0
      vertex 51.63298781291358 14.061866680658152 44.449999999999996
      vertex 52.49298468319857 13.30367745044076 44.449999999999996
    endloop
  endfacet
  facet normal 0.7069280838334365 0.7069280838334335 -0.022480404248494873
    outer loop
      vertex 51.808437577269885 12.57470882301935 0
      vertex 52.49298468319857 13.30367745044076 44.449999999999996
      vertex 53.30367745044076 12.49298468319857 44.449999999999996
    endloop
  endfacet
  facet normal 0.8605245035321959 0.5089127727277948 -0.022480404248494908
    outer loop
      vertex 54.56465671490976 9.243012213387692 0
      vertex 55.408984640411774 9.778839008366688 44.449999999999996
      vertex 55.992596910800515 8.792004552356305 44.449999999999996
    endloop
  endfacet
  facet normal 0.8268715575979222 0.5619413302653669 -0.02248040424849497
    outer loop
      vertex 53.95554315296784 10.139295602045161 0
      vertex 54.76456014734279 10.727080854337634 44.449999999999996
      vertex 55.408984640411774 9.778839008366688 44.449999999999996
    endloop
  endfacet
  facet normal 0.7899553273874871 0.6127521620989619 -0.022480404248494942
    outer loop
      vertex 53.291353437882364 10.995563823164899 0
      vertex 54.061866680658156 11.632987812913587 44.449999999999996
      vertex 54.76456014734279 10.727080854337634 44.449999999999996
    endloop
  endfacet
  facet normal 0.5619413302653672 0.8268715575979221 -0.022480404248494984
    outer loop
      vertex 50.13929560204516 13.955543152967843 0
      vertex 49.77883900836669 15.408984640411775 44.449999999999996
      vertex 50.727080854337636 14.764560147342792 44.449999999999996
    endloop
  endfacet
  facet normal 0.5089127727277907 0.8605245035321983 -0.022480404248494918
    outer loop
      vertex 49.24301221338769 14.56465671490976 0
      vertex 48.7920045523563 15.992596910800511 44.449999999999996
      vertex 49.77883900836669 15.408984640411775 44.449999999999996
    endloop
  endfacet
  facet normal 0.6127521620989661 0.7899553273874838 -0.022480404248494845
    outer loop
      vertex 50.9955638231649 13.291353437882362 0
      vertex 50.727080854337636 14.764560147342792 44.449999999999996
      vertex 51.63298781291358 14.061866680658152 44.449999999999996
    endloop
  endfacet
  facet normal 0 0 1
    outer loop
      vertex 40 18.25 44.449999999999996
      vertex 38.932561168001676 16.966454383280617 44.449999999999996
      vertex 40 17 44.449999999999996
    endloop
  endfacet
  facet normal 0 0 1
    outer loop
      vertex 38.854073018590036 18.213987793815956 44.449999999999996
      vertex 38.932561168001676 16.966454383280617 44.449999999999996
      vertex 40 18.25 44.449999999999996
    endloop
  endfacet
  facet normal 0 0 1
    outer loop
      vertex 40 18.25 44.449999999999996
      vertex 40 17 44.449999999999996
      vertex 41.067438831998324 16.966454383280617 44.449999999999996
    endloop
  endfacet
  facet normal 0 0 1
    outer loop
      vertex 41.145926981409964 18.213987793815956 44.449999999999996
      vertex 41.067438831998324 16.966454383280617 44.449999999999996
      vertex 42.13066497059317 16.865949922346125 44.449999999999996
    endloop
  endfacet
  facet normal 0 0 1
    outer loop
      vertex 40 18.25 44.449999999999996
      vertex 41.067438831998324 16.966454383280617 44.449999999999996
      vertex 41.145926981409964 18.213987793815956 44.449999999999996
    endloop
  endfacet
  facet normal 0 0 1
    outer loop
      vertex 43.419708991189474 17.926742325798568 44.449999999999996
      vertex 43.18548234795732 16.698883262387707 44.449999999999996
      vertex 44.22772808180253 16.46591373918673 44.449999999999996
    endloop
  endfacet
  facet normal 0 0 1
    outer loop
      vertex 42.287331512548555 18.106093298989222 44.449999999999996
      vertex 42.13066497059317 16.865949922346125 44.449999999999996
      vertex 43.18548234795732 16.698883262387707 44.449999999999996
    endloop
  endfacet
  facet normal 0 0 1
    outer loop
      vertex 41.145926981409964 18.213987793815956 44.449999999999996
      vertex 42.13066497059317 16.865949922346125 44.449999999999996
      vertex 42.287331512548555 18.106093298989222 44.449999999999996
    endloop
  endfacet
  facet normal 0 0 1
    outer loop
      vertex 42.287331512548555 18.106093298989222 44.449999999999996
      vertex 43.18548234795732 16.698883262387707 44.449999999999996
      vertex 43.419708991189474 17.926742325798568 44.449999999999996
    endloop
  endfacet
  facet normal 0 0 1
    outer loop
      vertex 47.77047207106258 16.513093707504854 44.449999999999996
      vertex 47.23824795660624 15.382059891922331 44.449999999999996
      vertex 48.189812459729154 14.897213560745683 44.449999999999996
    endloop
  endfacet
  facet normal 0 0 1
    outer loop
      vertex 47.77047207106258 16.513093707504854 44.449999999999996
      vertex 48.189812459729154 14.897213560745683 44.449999999999996
      vertex 48.7920045523563 15.992596910800511 44.449999999999996
    endloop
  endfacet
  facet normal 0 0 1
    outer loop
      vertex 44.538590440758604 17.676642690597518 44.449999999999996
      vertex 44.22772808180253 16.46591373918673 44.449999999999996
      vertex 45.2532889043741 16.16796077701761 44.449999999999996
    endloop
  endfacet
  facet normal 0 0 1
    outer loop
      vertex 45.63956014734279 17.35678142238655 44.449999999999996
      vertex 45.2532889043741 16.16796077701761 44.449999999999996
      vertex 46.25811739563952 15.806200260100276 44.449999999999996
    endloop
  endfacet
  facet normal 0 0 1
    outer loop
      vertex 44.538590440758604 17.676642690597518 44.449999999999996
      vertex 45.2532889043741 16.16796077701761 44.449999999999996
      vertex 45.63956014734279 17.35678142238655 44.449999999999996
    endloop
  endfacet
  facet normal 0 0 1
    outer loop
      vertex 45.63956014734279 17.35678142238655 44.449999999999996
      vertex 46.25811739563952 15.806200260100276 44.449999999999996
      vertex 46.71827308649537 16.96842086746059 44.449999999999996
    endloop
  endfacet
  facet normal 0 0 1
    outer loop
      vertex 43.419708991189474 17.926742325798568 44.449999999999996
      vertex 44.22772808180253 16.46591373918673 44.449999999999996
      vertex 44.538590440758604 17.676642690597518 44.449999999999996
    endloop
  endfacet
  facet normal 0 0 1
    outer loop
      vertex 46.71827308649537 16.96842086746059 44.449999999999996
      vertex 46.25811739563952 15.806200260100276 44.449999999999996
      vertex 47.23824795660624 15.382059891922331 44.449999999999996
    endloop
  endfacet
  facet normal 0 0 1
    outer loop
      vertex 46.71827308649537 16.96842086746059 44.449999999999996
      vertex 47.23824795660624 15.382059891922331 44.449999999999996
      vertex 47.77047207106258 16.513093707504854 44.449999999999996
    endloop
  endfacet
  facet normal 0 0 1
    outer loop
      vertex 53.30367745044076 12.49298468319857 44.449999999999996
      vertex 53.098725127188416 10.836207825727726 44.449999999999996
      vertex 53.7532889043741 9.992349288972044 44.449999999999996
    endloop
  endfacet
  facet normal 0 0 1
    outer loop
      vertex 52.49298468319857 13.30367745044076 44.449999999999996
      vertex 52.392466666164 11.637300800787708 44.449999999999996
      vertex 53.098725127188416 10.836207825727726 44.449999999999996
    endloop
  endfacet
  facet normal 0 0 1
    outer loop
      vertex 52.49298468319857 13.30367745044076 44.449999999999996
      vertex 53.098725127188416 10.836207825727726 44.449999999999996
      vertex 53.30367745044076 12.49298468319857 44.449999999999996
    endloop
  endfacet
  facet normal 0 0 1
    outer loop
      vertex 51.63298781291358 14.061866680658152 44.449999999999996
      vertex 51.637300800787706 12.392466666163996 44.449999999999996
      vertex 52.392466666164 11.637300800787708 44.449999999999996
    endloop
  endfacet
  facet normal 0 0 1
    outer loop
      vertex 52.49298468319857 13.30367745044076 44.449999999999996
      vertex 51.63298781291358 14.061866680658152 44.449999999999996
      vertex 52.392466666164 11.637300800787708 44.449999999999996
    endloop
  endfacet
  facet normal 0 0 1
    outer loop
      vertex 51.63298781291358 14.061866680658152 44.449999999999996
      vertex 50.836207825727726 13.098725127188416 44.449999999999996
      vertex 51.637300800787706 12.392466666163996 44.449999999999996
    endloop
  endfacet
  facet normal 0 0 1
    outer loop
      vertex 54.061866680658156 11.632987812913587 44.449999999999996
      vertex 53.7532889043741 9.992349288972044 44.449999999999996
      vertex 54.35357473353426 9.109055514642943 44.449999999999996
    endloop
  endfacet
  facet normal 0 0 1
    outer loop
      vertex 54.76456014734279 10.727080854337634 44.449999999999996
      vertex 54.35357473353426 9.109055514642943 44.449999999999996
      vertex 54.89721356074568 8.189812459729161 44.449999999999996
    endloop
  endfacet
  facet normal 0 0 1
    outer loop
      vertex 54.76456014734279 10.727080854337634 44.449999999999996
      vertex 54.89721356074568 8.189812459729161 44.449999999999996
      vertex 55.408984640411774 9.778839008366688 44.449999999999996
    endloop
  endfacet
  facet normal 0 0 1
    outer loop
      vertex 54.76456014734279 10.727080854337634 44.449999999999996
      vertex 54.061866680658156 11.632987812913587 44.449999999999996
      vertex 54.35357473353426 9.109055514642943 44.449999999999996
    endloop
  endfacet
  facet normal 0 0 1
    outer loop
      vertex 53.30367745044076 12.49298468319857 44.449999999999996
      vertex 53.7532889043741 9.992349288972044 44.449999999999996
      vertex 54.061866680658156 11.632987812913587 44.449999999999996
    endloop
  endfacet
  facet normal 0 0 1
    outer loop
      vertex 49.77883900836669 15.408984640411775 44.449999999999996
      vertex 49.10905551464295 14.353574733534256 44.449999999999996
      vertex 49.992349288972044 13.753288904374106 44.449999999999996
    endloop
  endfacet
  facet normal 0 0 1
    outer loop
      vertex 50.727080854337636 14.764560147342792 44.449999999999996
      vertex 49.992349288972044 13.753288904374106 44.449999999999996
      vertex 50.836207825727726 13.098725127188416 44.449999999999996
    endloop
  endfacet
  facet normal 0 0 1
    outer loop
      vertex 50.727080854337636 14.764560147342792 44.449999999999996
      vertex 50.836207825727726 13.098725127188416 44.449999999999996
      vertex 51.63298781291358 14.061866680658152 44.449999999999996
    endloop
  endfacet
  facet normal 0 0 1
    outer loop
      vertex 49.77883900836669 15.408984640411775 44.449999999999996
      vertex 49.992349288972044 13.753288904374106 44.449999999999996
      vertex 50.727080854337636 14.764560147342792 44.449999999999996
    endloop
  endfacet
  facet normal 0 0 1
    outer loop
      vertex 48.7920045523563 15.992596910800511 44.449999999999996
      vertex 48.189812459729154 14.897213560745683 44.449999999999996
      vertex 49.10905551464295 14.353574733534256 44.449999999999996
    endloop
  endfacet
  facet normal 0 0 1
    outer loop
      vertex 48.7920045523563 15.992596910800511 44.449999999999996
      vertex 49.10905551464295 14.353574733534256 44.449999999999996
      vertex 49.77883900836669 15.408984640411775 44.449999999999996
    endloop
  endfacet
  facet normal 0.6613118653236535 0.7501110696304581 0
    outer loop
      vertex 29.801216164020964 -13.82821188441263 34.449999999999996
      vertex 29.047246305140984 -13.163498038742587 34.55
      vertex 29.801216164020964 -13.82821188441263 34.55
    endloop
  endfacet
  facet normal 0.6613118653236535 0.7501110696304581 6.769118881486101e-17
    outer loop
      vertex 29.801216164020964 -13.82821188441263 34.449999999999996
      vertex 29.047246305140984 -13.163498038742587 34.449999999999996
      vertex 29.047246305140984 -13.163498038742587 34.55
    endloop
  endfacet
  facet normal 0.7071067811865467 0.7071067811865485 2.150686887225961e-18
    outer loop
      vertex 28.33650196125741 -12.452753694859016 34.55
      vertex 29.047246305140984 -13.163498038742587 34.55
      vertex 29.047246305140984 -13.163498038742587 34.449999999999996
    endloop
  endfacet
  facet normal 0.7071067811865467 0.7071067811865485 0
    outer loop
      vertex 28.33650196125741 -12.452753694859016 34.449999999999996
      vertex 28.33650196125741 -12.452753694859016 34.55
      vertex 29.047246305140984 -13.163498038742587 34.449999999999996
    endloop
  endfacet
  facet normal 0.6612596594574915 0.7500518536989723 -0.01256501241136188
    outer loop
      vertex 29.801216164020964 -13.82821188441263 34.55
      vertex 29.047246305140984 -13.163498038742587 34.55
      vertex 29.170166414169763 -13.106019994760661 44.449999999999996
    endloop
  endfacet
  facet normal 0.7070935594943003 0.7070935594943021 -0.006115246794573444
    outer loop
      vertex 28.33650196125741 -12.452753694859016 34.55
      vertex 28.369544670271583 -12.400176979889784 44.449999999999996
      vertex 29.047246305140984 -13.163498038742587 34.55
    endloop
  endfacet
  facet normal 0.7455352383053789 0.6664662095297419 0
    outer loop
      vertex 28.33650196125741 -12.452753694859016 34.449999999999996
      vertex 27.607533333836002 -11.637300800787704 44.449999999999996
      vertex 28.33650196125741 -12.452753694859016 34.55
    endloop
  endfacet
  facet normal 0.7501108564754695 0.6613116774022508 0.0007538760238003053
    outer loop
      vertex 27.67178811558737 -11.698783835979034 34.449999999999996
      vertex 26.90127487281158 -10.836207825727724 44.449999999999996
      vertex 28.33650196125741 -12.452753694859016 34.449999999999996
    endloop
  endfacet
  facet normal 0 0 1
    outer loop
      vertex 31.426771280336055 -15.00924680803224 34.449999999999996
      vertex 32.29194121437256 -15.520906880701816 34.449999999999996
      vertex 24.031572345147655 -0.49535168753098757 34.449999999999996
    endloop
  endfacet
  facet normal 0 0 1
    outer loop
      vertex 29.801216164020964 -13.82821188441263 34.449999999999996
      vertex 24.031572345147655 -0.49535168753098757 34.449999999999996
      vertex 29.047246305140984 -13.163498038742587 34.449999999999996
    endloop
  endfacet
  facet normal 0 0 1
    outer loop
      vertex 29.801216164020964 -13.82821188441263 34.449999999999996
      vertex 30.59543596332043 -14.44427190999916 34.449999999999996
      vertex 24.031572345147655 -0.49535168753098757 34.449999999999996
    endloop
  endfacet
  facet normal 0 0 1
    outer loop
      vertex 30.59543596332043 -14.44427190999916 34.449999999999996
      vertex 31.426771280336055 -15.00924680803224 34.449999999999996
      vertex 24.031572345147655 -0.49535168753098757 34.449999999999996
    endloop
  endfacet
  facet normal 0.8605025404060734 0.5088997837712115 0.02358787892770893
    outer loop
      vertex 25.979093119298184 -9.208058785627447 34.449999999999996
      vertex 25.10278643925432 -8.189812459729161 44.449999999999996
      vertex 26.490753191967762 -10.073228719663947 34.449999999999996
    endloop
  endfacet
  facet normal 0.8269794608331921 0.562014661228331 0.01563623754127501
    outer loop
      vertex 26.490753191967762 -10.073228719663947 34.449999999999996
      vertex 25.646425266465748 -9.109055514642943 44.449999999999996
      vertex 27.05572809000084 -10.90456403667957 34.449999999999996
    endloop
  endfacet
  facet normal 0.7901296362762085 0.6128873699325357 0.008014340597061026
    outer loop
      vertex 27.05572809000084 -10.90456403667957 34.449999999999996
      vertex 26.90127487281158 -10.836207825727724 44.449999999999996
      vertex 27.67178811558737 -11.698783835979034 34.449999999999996
    endloop
  endfacet
  facet normal 0.6612596594574912 0.7500518536989726 -0.012565012411361879
    outer loop
      vertex 29.047246305140984 -13.163498038742587 34.55
      vertex 28.369544670271583 -12.400176979889784 44.449999999999996
      vertex 29.170166414169763 -13.106019994760661 44.449999999999996
    endloop
  endfacet
  facet normal 0.7070935594943003 0.7070935594943021 -0.006115246794573444
    outer loop
      vertex 28.33650196125741 -12.452753694859016 34.55
      vertex 27.614823020110215 -11.645455329728417 44.449999999999996
      vertex 28.369544670271583 -12.400176979889784 44.449999999999996
    endloop
  endfacet
  facet normal 0.7501108564754684 0.6613116774022517 0.0007538760238000031
    outer loop
      vertex 28.33650196125741 -12.452753694859016 34.449999999999996
      vertex 26.90127487281158 -10.836207825727724 44.449999999999996
      vertex 27.607533333836002 -11.637300800787704 44.449999999999996
    endloop
  endfacet
  facet normal 0.7455352383054302 0.6664662095296845 8.335889726385584e-15
    outer loop
      vertex 28.33650196125741 -12.452753694859016 34.55
      vertex 27.607533333836002 -11.637300800787704 44.449999999999996
      vertex 27.614823020110215 -11.645455329728417 44.449999999999996
    endloop
  endfacet
  facet normal 0.7901296362762085 0.6128873699325358 0.008014340597061026
    outer loop
      vertex 27.05572809000084 -10.90456403667957 34.449999999999996
      vertex 26.246711095625894 -9.992349288972044 44.449999999999996
      vertex 26.90127487281158 -10.836207825727724 44.449999999999996
    endloop
  endfacet
  facet normal 0.826979460833192 0.5620146612283311 0.01563623754127497
    outer loop
      vertex 27.05572809000084 -10.90456403667957 34.449999999999996
      vertex 25.646425266465748 -9.109055514642943 44.449999999999996
      vertex 26.246711095625894 -9.992349288972044 44.449999999999996
    endloop
  endfacet
  facet normal 0.39714789063478023 0.9177546256839814 0
    outer loop
      vertex 33.18753133495884 -15.977232839456313 34.449999999999996
      vertex 33.18753133495884 -15.977232839456313 34.55
      vertex 34.11000715704515 -16.37642377421202 34.449999999999996
    endloop
  endfacet
  facet normal 0.39714789063478023 0.9177546256839814 2.19884424562625e-16
    outer loop
      vertex 33.18753133495884 -15.977232839456313 34.55
      vertex 34.11000715704515 -16.37642377421202 34.55
      vertex 34.11000715704515 -16.37642377421202 34.449999999999996
    endloop
  endfacet
  facet normal 0.33845105012182897 0.9400839565331062 -0.04114658358226271
    outer loop
      vertex 34.11000715704515 -16.37642377421202 34.55
      vertex 33.745563849887326 -15.811902495241391 44.449999999999996
      vertex 35.05572809000084 -16.71690426072246 34.55
    endloop
  endfacet
  facet normal 0.5090414157503714 0.8607420270039436 0
    outer loop
      vertex 31.426771280336055 -15.00924680803224 34.449999999999996
      vertex 31.426771280336055 -15.00924680803224 34.55
      vertex 32.29194121437256 -15.520906880701816 34.55
    endloop
  endfacet
  facet normal 0.6129070536529752 0.7901550123756913 0
    outer loop
      vertex 29.801216164020964 -13.82821188441263 34.449999999999996
      vertex 29.801216164020964 -13.82821188441263 34.55
      vertex 30.59543596332043 -14.44427190999916 34.449999999999996
    endloop
  endfacet
  facet normal 0.6129070536529752 0.7901550123756913 9.689553910636896e-17
    outer loop
      vertex 29.801216164020964 -13.82821188441263 34.55
      vertex 30.59543596332043 -14.44427190999916 34.55
      vertex 30.59543596332043 -14.44427190999916 34.449999999999996
    endloop
  endfacet
  facet normal 0.5620833778521285 0.8270805742745633 0
    outer loop
      vertex 30.59543596332043 -14.44427190999916 34.449999999999996
      vertex 30.59543596332043 -14.44427190999916 34.55
      vertex 31.426771280336055 -15.00924680803224 34.449999999999996
    endloop
  endfacet
  facet normal 0.5620833778521285 0.8270805742745633 -1.7388284468450325e-16
    outer loop
      vertex 30.59543596332043 -14.44427190999916 34.55
      vertex 31.426771280336055 -15.00924680803224 34.55
      vertex 31.426771280336055 -15.00924680803224 34.449999999999996
    endloop
  endfacet
  facet normal 0.45399049973954786 0.8910065241883673 9.018942607637021e-17
    outer loop
      vertex 32.29194121437256 -15.520906880701816 34.55
      vertex 33.18753133495884 -15.977232839456313 34.55
      vertex 33.18753133495884 -15.977232839456313 34.449999999999996
    endloop
  endfacet
  facet normal 0.45399049973954786 0.8910065241883673 0
    outer loop
      vertex 32.29194121437256 -15.520906880701816 34.449999999999996
      vertex 32.29194121437256 -15.520906880701816 34.55
      vertex 33.18753133495884 -15.977232839456313 34.449999999999996
    endloop
  endfacet
  facet normal 0.5090414157503714 0.8607420270039436 1.1448837932152005e-16
    outer loop
      vertex 31.426771280336055 -15.00924680803224 34.449999999999996
      vertex 32.29194121437256 -15.520906880701816 34.55
      vertex 32.29194121437256 -15.520906880701816 34.449999999999996
    endloop
  endfacet
  facet normal 0.5088251236802792 0.8603762970867392 -0.02914825763333582
    outer loop
      vertex 31.426771280336055 -15.00924680803224 34.55
      vertex 31.815005077011854 -14.903450493945241 44.449999999999996
      vertex 32.29194121437256 -15.520906880701816 34.55
    endloop
  endfacet
  facet normal 0.6128013725098554 0.7900187690669351 -0.018569393420419737
    outer loop
      vertex 29.801216164020964 -13.82821188441263 34.55
      vertex 29.170166414169763 -13.106019994760661 44.449999999999996
      vertex 30.59543596332043 -14.44427190999916 34.55
    endloop
  endfacet
  facet normal 0.5619200623629761 0.8268402628298945 -0.024104424435778492
    outer loop
      vertex 30.59543596332043 -14.44427190999916 34.55
      vertex 30.89630275330685 -14.360131454279234 44.449999999999996
      vertex 31.426771280336055 -15.00924680803224 34.55
    endloop
  endfacet
  facet normal 0.45373291795195714 0.890500991466015 -0.03368120195074196
    outer loop
      vertex 32.29194121437256 -15.520906880701816 34.55
      vertex 31.815005077011854 -14.903450493945241 44.449999999999996
      vertex 33.18753133495884 -15.977232839456313 34.55
    endloop
  endfacet
  facet normal 0.3968657726117438 0.9171026893984414 -0.03768574833315579
    outer loop
      vertex 33.18753133495884 -15.977232839456313 34.55
      vertex 32.76600983630942 -15.388011621397673 44.449999999999996
      vertex 34.11000715704515 -16.37642377421202 34.55
    endloop
  endfacet
  facet normal 0.21814324139654181 0.9759167619387474 -7.567122998155211e-17
    outer loop
      vertex 36.02096180536232 -16.997330578058097 34.449999999999996
      vertex 37.0018989666284 -17.216596011659018 34.55
      vertex 37.0018989666284 -17.216596011659018 34.449999999999996
    endloop
  endfacet
  facet normal 0.33873792024529353 0.9408807689542248 -6.708984159177168e-17
    outer loop
      vertex 34.11000715704515 -16.37642377421202 34.55
      vertex 35.05572809000084 -16.71690426072246 34.55
      vertex 35.05572809000084 -16.71690426072246 34.449999999999996
    endloop
  endfacet
  facet normal 0.27899110603922866 0.9602936856769432 0
    outer loop
      vertex 35.05572809000084 -16.71690426072246 34.449999999999996
      vertex 35.05572809000084 -16.71690426072246 34.55
      vertex 36.02096180536232 -16.997330578058097 34.55
    endloop
  endfacet
  facet normal 0.33873792024529353 0.9408807689542248 0
    outer loop
      vertex 34.11000715704515 -16.37642377421202 34.449999999999996
      vertex 34.11000715704515 -16.37642377421202 34.55
      vertex 35.05572809000084 -16.71690426072246 34.449999999999996
    endloop
  endfacet
  facet normal 0.27899110603922866 0.9602936856769432 1.891710938379462e-16
    outer loop
      vertex 35.05572809000084 -16.71690426072246 34.449999999999996
      vertex 36.02096180536232 -16.997330578058097 34.55
      vertex 36.02096180536232 -16.997330578058097 34.449999999999996
    endloop
  endfacet
  facet normal 0.21814324139654181 0.9759167619387474 0
    outer loop
      vertex 36.02096180536232 -16.997330578058097 34.449999999999996
      vertex 36.02096180536232 -16.997330578058097 34.55
      vertex 37.0018989666284 -17.216596011659018 34.55
    endloop
  endfacet
  facet normal 0.15643446504023398 0.9876883405951373 0
    outer loop
      vertex 37.0018989666284 -17.216596011659018 34.449999999999996
      vertex 37.0018989666284 -17.216596011659018 34.55
      vertex 37.99466826297113 -17.373835221031648 34.449999999999996
    endloop
  endfacet
  facet normal 0.15643446504023398 0.9876883405951373 1.1042773668544834e-17
    outer loop
      vertex 37.0018989666284 -17.216596011659018 34.55
      vertex 37.99466826297113 -17.373835221031648 34.55
      vertex 37.99466826297113 -17.373835221031648 34.449999999999996
    endloop
  endfacet
  facet normal 0.09410831331851259 0.9955619646030802 0
    outer loop
      vertex 37.99466826297113 -17.373835221031648 34.449999999999996
      vertex 37.99466826297113 -17.373835221031648 34.55
      vertex 38.99535168753098 -17.468427654852345 34.55
    endloop
  endfacet
  facet normal 0.09410831331851259 0.9955619646030802 -1.563422942079946e-17
    outer loop
      vertex 37.99466826297113 -17.373835221031648 34.449999999999996
      vertex 38.99535168753098 -17.468427654852345 34.55
      vertex 38.99535168753098 -17.468427654852345 34.449999999999996
    endloop
  endfacet
  facet normal 0.2787202897614681 0.9593615299347619 -0.04405059541613996
    outer loop
      vertex 35.05572809000084 -16.71690426072246 34.55
      vertex 34.749801265569644 -16.173450211854657 44.449999999999996
      vertex 36.02096180536232 -16.997330578058097 34.55
    endloop
  endfacet
  facet normal 0.21790842104186225 0.9748662360608471 -0.04638687128487118
    outer loop
      vertex 36.02096180536232 -16.997330578058097 34.55
      vertex 35.77475881706911 -16.471227907575443 44.449999999999996
      vertex 37.0018989666284 -17.216596011659018 34.55
    endloop
  endfacet
  facet normal 0.09399376975154415 0.9943502202359508 -0.04932353155046916
    outer loop
      vertex 37.99466826297113 -17.373835221031648 34.55
      vertex 37.87058836174248 -16.87102877533298 44.449999999999996
      vertex 38.99535168753098 -17.468427654852345 34.55
    endloop
  endfacet
  facet normal 0.15625304415545244 0.9865428942090542 -0.04814669332131745
    outer loop
      vertex 37.0018989666284 -17.216596011659018 34.55
      vertex 36.81639146518854 -16.70406038988042 44.449999999999996
      vertex 37.99466826297113 -17.373835221031648 34.55
    endloop
  endfacet
  facet normal 0.6128013725098553 0.790018769066935 -0.01856939342041973
    outer loop
      vertex 30.59543596332043 -14.44427190999916 34.55
      vertex 29.170166414169763 -13.106019994760661 44.449999999999996
      vertex 30.01352856355088 -13.760198734430356 44.449999999999996
    endloop
  endfacet
  facet normal 0.5619200623629772 0.8268402628298938 -0.024104424435778517
    outer loop
      vertex 30.59543596332043 -14.44427190999916 34.55
      vertex 30.01352856355088 -13.760198734430356 44.449999999999996
      vertex 30.89630275330685 -14.360131454279234 44.449999999999996
    endloop
  endfacet
  facet normal 0.5088251236802821 0.8603762970867377 -0.02914825763333592
    outer loop
      vertex 31.426771280336055 -15.00924680803224 34.55
      vertex 30.89630275330685 -14.360131454279234 44.449999999999996
      vertex 31.815005077011854 -14.903450493945241 44.449999999999996
    endloop
  endfacet
  facet normal 0.4537329179519542 0.8905009914660167 -0.03368120195074254
    outer loop
      vertex 33.18753133495884 -15.977232839456313 34.55
      vertex 31.815005077011854 -14.903450493945241 44.449999999999996
      vertex 32.76600983630942 -15.388011621397673 44.449999999999996
    endloop
  endfacet
  facet normal 0.3968657726117433 0.9171026893984414 -0.03768574833315586
    outer loop
      vertex 34.11000715704515 -16.37642377421202 34.55
      vertex 32.76600983630942 -15.388011621397673 44.449999999999996
      vertex 33.745563849887326 -15.811902495241391 44.449999999999996
    endloop
  endfacet
  facet normal 0.27872028976147184 0.9593615299347606 -0.04405059541613938
    outer loop
      vertex 36.02096180536232 -16.997330578058097 34.55
      vertex 34.749801265569644 -16.173450211854657 44.449999999999996
      vertex 35.77475881706911 -16.471227907575443 44.449999999999996
    endloop
  endfacet
  facet normal 0.3384510501218265 0.940083956533107 -0.041146583582263106
    outer loop
      vertex 35.05572809000084 -16.71690426072246 34.55
      vertex 33.745563849887326 -15.811902495241391 44.449999999999996
      vertex 34.749801265569644 -16.173450211854657 44.449999999999996
    endloop
  endfacet
  facet normal 0.2179084210418627 0.974866236060847 -0.046386871284871116
    outer loop
      vertex 37.0018989666284 -17.216596011659018 34.55
      vertex 35.77475881706911 -16.471227907575443 44.449999999999996
      vertex 36.81639146518854 -16.70406038988042 44.449999999999996
    endloop
  endfacet
  facet normal 0.15625304415544994 0.9865428942090546 -0.048146693321317775
    outer loop
      vertex 37.99466826297113 -17.373835221031648 34.55
      vertex 36.81639146518854 -16.70406038988042 44.449999999999996
      vertex 37.87058836174248 -16.87102877533298 44.449999999999996
    endloop
  endfacet
  facet normal 0.09399376975154425 0.9943502202359505 -0.049323531550469125
    outer loop
      vertex 38.99535168753098 -17.468427654852345 34.55
      vertex 37.87058836174248 -16.87102877533298 44.449999999999996
      vertex 38.93318907319696 -16.971474115996333 44.449999999999996
    endloop
  endfacet
  facet normal 0 0 1
    outer loop
      vertex 24.031572345147655 -0.49535168753098757 34.449999999999996
      vertex 36.02096180536232 -16.997330578058097 34.449999999999996
      vertex 37.0018989666284 -17.216596011659018 34.449999999999996
    endloop
  endfacet
  facet normal 0 0 1
    outer loop
      vertex 24.031572345147655 -0.49535168753098757 34.449999999999996
      vertex 37.0018989666284 -17.216596011659018 34.449999999999996
      vertex 37.99466826297113 -17.373835221031648 34.449999999999996
    endloop
  endfacet
  facet normal 0 0 1
    outer loop
      vertex 24.031572345147655 -0.49535168753098757 34.449999999999996
      vertex 37.99466826297113 -17.373835221031648 34.449999999999996
      vertex 38.99535168753098 -17.468427654852345 34.449999999999996
    endloop
  endfacet
  facet normal 0 0 1
    outer loop
      vertex 24.031572345147655 -0.49535168753098757 34.449999999999996
      vertex 38.99535168753098 -17.468427654852345 34.449999999999996
      vertex 40 -17.5 34.449999999999996
    endloop
  endfacet
  facet normal 0 0 1
    outer loop
      vertex 24.031572345147655 -0.49535168753098757 34.449999999999996
      vertex 33.18753133495884 -15.977232839456313 34.449999999999996
      vertex 34.11000715704515 -16.37642377421202 34.449999999999996
    endloop
  endfacet
  facet normal 0 0 1
    outer loop
      vertex 24.031572345147655 -0.49535168753098757 34.449999999999996
      vertex 32.29194121437256 -15.520906880701816 34.449999999999996
      vertex 33.18753133495884 -15.977232839456313 34.449999999999996
    endloop
  endfacet
  facet normal 0 0 1
    outer loop
      vertex 24.031572345147655 -0.49535168753098757 34.449999999999996
      vertex 34.11000715704515 -16.37642377421202 34.449999999999996
      vertex 35.05572809000084 -16.71690426072246 34.449999999999996
    endloop
  endfacet
  facet normal 0 0 1
    outer loop
      vertex 24.031572345147655 -0.49535168753098757 34.449999999999996
      vertex 35.05572809000084 -16.71690426072246 34.449999999999996
      vertex 36.02096180536232 -16.997330578058097 34.449999999999996
    endloop
  endfacet
  facet normal 0 0 1
    outer loop
      vertex 24.031572345147655 -0.49535168753098757 34.449999999999996
      vertex 40 -17.5 34.449999999999996
      vertex 41.00464831246902 -17.468427654852345 34.449999999999996
    endloop
  endfacet
  facet normal 0 0 1
    outer loop
      vertex 24.031572345147655 -0.49535168753098757 34.449999999999996
      vertex 41.00464831246902 -17.468427654852345 34.449999999999996
      vertex 42.00533173702887 -17.373835221031648 34.449999999999996
    endloop
  endfacet
  facet normal 0 0 1
    outer loop
      vertex 24.031572345147655 -0.49535168753098757 34.449999999999996
      vertex 42.00533173702887 -17.373835221031648 34.449999999999996
      vertex 42.9981010333716 -17.216596011659018 34.449999999999996
    endloop
  endfacet
  facet normal 0 0 1
    outer loop
      vertex 24.031572345147655 -0.49535168753098757 34.449999999999996
      vertex 42.9981010333716 -17.216596011659018 34.449999999999996
      vertex 43.979038194637674 -16.997330578058097 34.449999999999996
    endloop
  endfacet
  facet normal 0 0 1
    outer loop
      vertex 24.031572345147655 -0.49535168753098757 34.449999999999996
      vertex 43.979038194637674 -16.997330578058097 34.449999999999996
      vertex 44.94427190999916 -16.71690426072246 34.449999999999996
    endloop
  endfacet
  facet normal 0 0 1
    outer loop
      vertex 24.031572345147655 -0.49535168753098757 34.449999999999996
      vertex 44.94427190999916 -16.71690426072246 34.449999999999996
      vertex 45.889992842954854 -16.37642377421202 34.449999999999996
    endloop
  endfacet
  facet normal 0 0 1
    outer loop
      vertex 24.031572345147655 -0.49535168753098757 34.449999999999996
      vertex 45.889992842954854 -16.37642377421202 34.449999999999996
      vertex 46.81246866504116 -15.977232839456313 34.449999999999996
    endloop
  endfacet
  facet normal 0 0 1
    outer loop
      vertex 25.12357622578798 -7.389992842954846 34.449999999999996
      vertex 24.031572345147655 -0.49535168753098757 34.449999999999996
      vertex 24.78309573927754 -6.444271909999158 34.449999999999996
    endloop
  endfacet
  facet normal 0.9397468326132323 0.33832967804233594 0.04908074519775309
    outer loop
      vertex 25.12357622578798 -7.389992842954846 34.449999999999996
      vertex 24.78309573927754 -6.444271909999158 34.449999999999996
      vertex 24.193799739899724 -6.258117395639523 44.449999999999996
    endloop
  endfacet
  facet normal 0.958676878568844 0.27852138015217004 0.05800416619199276
    outer loop
      vertex 24.78309573927754 -6.444271909999158 34.449999999999996
      vertex 24.502669421941903 -5.479038194637678 34.449999999999996
      vertex 23.53408626081327 -4.227728081802533 44.449999999999996
    endloop
  endfacet
  facet normal 0 0 1
    outer loop
      vertex 28.33650196125741 -12.452753694859016 34.449999999999996
      vertex 29.047246305140984 -13.163498038742587 34.449999999999996
      vertex 24.031572345147655 -0.49535168753098757 34.449999999999996
    endloop
  endfacet
  facet normal 0 0 1
    outer loop
      vertex 27.67178811558737 -11.698783835979034 34.449999999999996
      vertex 28.33650196125741 -12.452753694859016 34.449999999999996
      vertex 24.031572345147655 -0.49535168753098757 34.449999999999996
    endloop
  endfacet
  facet normal 0 0 1
    outer loop
      vertex 26.490753191967762 -10.073228719663947 34.449999999999996
      vertex 27.05572809000084 -10.90456403667957 34.449999999999996
      vertex 24.031572345147655 -0.49535168753098757 34.449999999999996
    endloop
  endfacet
  facet normal 0 0 1
    outer loop
      vertex 27.05572809000084 -10.90456403667957 34.449999999999996
      vertex 27.67178811558737 -11.698783835979034 34.449999999999996
      vertex 24.031572345147655 -0.49535168753098757 34.449999999999996
    endloop
  endfacet
  facet normal 0.8905548802298314 0.45376037564856164 0.031835935514869095
    outer loop
      vertex 25.979093119298184 -9.208058785627447 34.449999999999996
      vertex 25.522767160543687 -8.312468665041159 34.449999999999996
      vertex 25.10278643925432 -8.189812459729161 44.449999999999996
    endloop
  endfacet
  facet normal 0.9170073760844124 0.3968245268576424 0.040345595682668496
    outer loop
      vertex 25.12357622578798 -7.389992842954846 34.449999999999996
      vertex 24.61794010807767 -7.238247956606232 44.449999999999996
      vertex 25.522767160543687 -8.312468665041159 34.449999999999996
    endloop
  endfacet
  facet normal 0 0 1
    outer loop
      vertex 25.979093119298184 -9.208058785627447 34.449999999999996
      vertex 26.490753191967762 -10.073228719663947 34.449999999999996
      vertex 24.031572345147655 -0.49535168753098757 34.449999999999996
    endloop
  endfacet
  facet normal 0 0 1
    outer loop
      vertex 25.979093119298184 -9.208058785627447 34.449999999999996
      vertex 24.031572345147655 -0.49535168753098757 34.449999999999996
      vertex 25.522767160543687 -8.312468665041159 34.449999999999996
    endloop
  endfacet
  facet normal 0 0 1
    outer loop
      vertex 25.12357622578798 -7.389992842954846 34.449999999999996
      vertex 25.522767160543687 -8.312468665041159 34.449999999999996
      vertex 24.031572345147655 -0.49535168753098757 34.449999999999996
    endloop
  endfacet
  facet normal 0.9170073760844109 0.3968245268576456 0.040345595682668364
    outer loop
      vertex 25.12357622578798 -7.389992842954846 34.449999999999996
      vertex 24.193799739899724 -6.258117395639523 44.449999999999996
      vertex 24.61794010807767 -7.238247956606232 44.449999999999996
    endloop
  endfacet
  facet normal 0.9397468326132343 0.33832967804233055 0.0490807451977533
    outer loop
      vertex 24.78309573927754 -6.444271909999158 34.449999999999996
      vertex 23.83203922298239 -5.253288904374106 44.449999999999996
      vertex 24.193799739899724 -6.258117395639523 44.449999999999996
    endloop
  endfacet
  facet normal 0.9586768785688431 0.27852138015217315 0.05800416619199194
    outer loop
      vertex 24.78309573927754 -6.444271909999158 34.449999999999996
      vertex 23.53408626081327 -4.227728081802533 44.449999999999996
      vertex 23.83203922298239 -5.253288904374106 44.449999999999996
    endloop
  endfacet
  facet normal 0.8605025404060731 0.5088997837712119 0.023587878927708784
    outer loop
      vertex 26.490753191967762 -10.073228719663947 34.449999999999996
      vertex 25.10278643925432 -8.189812459729161 44.449999999999996
      vertex 25.646425266465748 -9.109055514642943 44.449999999999996
    endloop
  endfacet
  facet normal 0.8905548802298319 0.45376037564856053 0.03183593551486913
    outer loop
      vertex 25.522767160543687 -8.312468665041159 34.449999999999996
      vertex 24.61794010807767 -7.238247956606232 44.449999999999996
      vertex 25.10278643925432 -8.189812459729161 44.449999999999996
    endloop
  endfacet
  facet normal 0 0 1
    outer loop
      vertex 24.78309573927754 -6.444271909999158 34.449999999999996
      vertex 24.031572345147655 -0.49535168753098757 34.449999999999996
      vertex 24.502669421941903 -5.479038194637678 34.449999999999996
    endloop
  endfacet
  facet normal 0 0 1
    outer loop
      vertex 24.502669421941903 -5.479038194637678 34.449999999999996
      vertex 24.031572345147655 -0.49535168753098757 34.449999999999996
      vertex 24.283403988340982 -4.498101033371597 34.449999999999996
    endloop
  endfacet
  facet normal 0 0 1
    outer loop
      vertex 24.283403988340982 -4.498101033371597 34.449999999999996
      vertex 24.031572345147655 -0.49535168753098757 34.449999999999996
      vertex 24.126164778968352 -3.505331737028865 34.449999999999996
    endloop
  endfacet
  facet normal 0.9737187545956578 0.21765192854575965 0.06707775301091148
    outer loop
      vertex 24.502669421941903 -5.479038194637678 34.449999999999996
      vertex 24.283403988340982 -4.498101033371597 34.449999999999996
      vertex 23.301116737612293 -3.185482347957322 44.449999999999996
    endloop
  endfacet
  facet normal 0.9848119516612649 0.15597888978878638 0.07626274192151627
    outer loop
      vertex 24.283403988340982 -4.498101033371597 34.449999999999996
      vertex 24.126164778968352 -3.505331737028865 34.449999999999996
      vertex 23.134050077653875 -2.1306649705931693 44.449999999999996
    endloop
  endfacet
  facet normal 0.9919146817443905 0.09376354358018263 0.08551995109453589
    outer loop
      vertex 24.031572345147655 -2.5046483124690124 34.449999999999996
      vertex 23.134050077653875 -2.1306649705931693 44.449999999999996
      vertex 24.126164778968352 -3.505331737028865 34.449999999999996
    endloop
  endfacet
  facet normal 0 0 1
    outer loop
      vertex 24.031572345147655 -2.5046483124690124 34.449999999999996
      vertex 24.126164778968352 -3.505331737028865 34.449999999999996
      vertex 24.031572345147655 -0.49535168753098757 34.449999999999996
    endloop
  endfacet
  facet normal 0 0 1
    outer loop
      vertex 24.031572345147655 -2.5046483124690124 34.449999999999996
      vertex 24.031572345147655 -0.49535168753098757 34.449999999999996
      vertex 24 -1.5 34.449999999999996
    endloop
  endfacet
  facet normal 0.9950041667442915 0.03126926565834913 0.0948100268256768
    outer loop
      vertex 24.031572345147655 -2.5046483124690124 34.449999999999996
      vertex 24 -1.5 34.449999999999996
      vertex 23.033545616719383 -1.0674388319983257 44.449999999999996
    endloop
  endfacet
  facet normal 0.994076736605185 -0.031240119992060948 0.10409369165932768
    outer loop
      vertex 24 -1.5 34.449999999999996
      vertex 24.031572345147655 -0.49535168753098757 34.449999999999996
      vertex 23.033545616719383 1.0674388319983255 44.449999999999996
    endloop
  endfacet
  facet normal 0.9737187545956577 0.2176519285457598 0.06707775301091144
    outer loop
      vertex 24.502669421941903 -5.479038194637678 34.449999999999996
      vertex 23.301116737612293 -3.185482347957322 44.449999999999996
      vertex 23.53408626081327 -4.227728081802533 44.449999999999996
    endloop
  endfacet
  facet normal 0.9848119516612652 0.15597888978878585 0.07626274192151644
    outer loop
      vertex 24.283403988340982 -4.498101033371597 34.449999999999996
      vertex 23.134050077653875 -2.1306649705931693 44.449999999999996
      vertex 23.301116737612293 -3.185482347957322 44.449999999999996
    endloop
  endfacet
  facet normal 0.9919146817443903 0.09376354358018323 0.08551995109453585
    outer loop
      vertex 24.031572345147655 -2.5046483124690124 34.449999999999996
      vertex 23.033545616719383 -1.0674388319983257 44.449999999999996
      vertex 23.134050077653875 -2.1306649705931693 44.449999999999996
    endloop
  endfacet
  facet normal 0.9950041667442916 0.03126926565834893 0.09481002682567682
    outer loop
      vertex 24 -1.5 34.449999999999996
      vertex 23 0 44.449999999999996
      vertex 23.033545616719383 -1.0674388319983257 44.449999999999996
    endloop
  endfacet
  facet normal 0.994076736605185 -0.031240119992060746 0.10409369165932762
    outer loop
      vertex 24 -1.5 34.449999999999996
      vertex 23.033545616719383 1.0674388319983255 44.449999999999996
      vertex 23 0 44.449999999999996
    endloop
  endfacet
  facet normal 0.03141075907812807 0.9995065603657316 0
    outer loop
      vertex 38.99535168753098 -17.468427654852345 34.449999999999996
      vertex 38.99535168753098 -17.468427654852345 34.55
      vertex 40 -17.5 34.55
    endloop
  endfacet
  facet normal 0.03141075907812807 0.9995065603657316 -1.6973805792571548e-18
    outer loop
      vertex 38.99535168753098 -17.468427654852345 34.449999999999996
      vertex 40 -17.5 34.55
      vertex 40 -17.5 34.449999999999996
    endloop
  endfacet
  facet normal -0.03141075907812807 0.9995065603657316 0
    outer loop
      vertex 40 -17.5 34.449999999999996
      vertex 40 -17.5 34.55
      vertex 41.00464831246902 -17.468427654852345 34.449999999999996
    endloop
  endfacet
  facet normal -0.03141075907812807 0.9995065603657316 1.6973805792571548e-18
    outer loop
      vertex 40 -17.5 34.55
      vertex 41.00464831246902 -17.468427654852345 34.55
      vertex 41.00464831246902 -17.468427654852345 34.449999999999996
    endloop
  endfacet
  facet normal -0.09410831331851259 0.9955619646030802 0
    outer loop
      vertex 41.00464831246902 -17.468427654852345 34.449999999999996
      vertex 41.00464831246902 -17.468427654852345 34.55
      vertex 42.00533173702887 -17.373835221031648 34.55
    endloop
  endfacet
  facet normal -0.09410831331851259 0.9955619646030802 1.563422942079946e-17
    outer loop
      vertex 41.00464831246902 -17.468427654852345 34.449999999999996
      vertex 42.00533173702887 -17.373835221031648 34.55
      vertex 42.00533173702887 -17.373835221031648 34.449999999999996
    endloop
  endfacet
  facet normal -0.15643446504023398 0.9876883405951373 0
    outer loop
      vertex 42.00533173702887 -17.373835221031648 34.449999999999996
      vertex 42.00533173702887 -17.373835221031648 34.55
      vertex 42.9981010333716 -17.216596011659018 34.449999999999996
    endloop
  endfacet
  facet normal -0.15643446504023398 0.9876883405951373 -1.1042773668544834e-17
    outer loop
      vertex 42.00533173702887 -17.373835221031648 34.55
      vertex 42.9981010333716 -17.216596011659018 34.55
      vertex 42.9981010333716 -17.216596011659018 34.449999999999996
    endloop
  endfacet
  facet normal -0.2181432413965433 0.9759167619387472 0
    outer loop
      vertex 42.9981010333716 -17.216596011659018 34.449999999999996
      vertex 42.9981010333716 -17.216596011659018 34.55
      vertex 43.979038194637674 -16.997330578058097 34.449999999999996
    endloop
  endfacet
  facet normal -0.2181432413965433 0.9759167619387472 3.923490891181441e-17
    outer loop
      vertex 42.9981010333716 -17.216596011659018 34.55
      vertex 43.979038194637674 -16.997330578058097 34.55
      vertex 43.979038194637674 -16.997330578058097 34.449999999999996
    endloop
  endfacet
  facet normal 0.03137160768918626 0.9982607429692965 -0.04991303714846489
    outer loop
      vertex 38.99535168753098 -17.468427654852345 34.55
      vertex 38.93318907319696 -16.971474115996333 44.449999999999996
      vertex 40 -17.5 34.55
    endloop
  endfacet
  facet normal -0.03137160768918626 0.9982607429692965 -0.04991303714846492
    outer loop
      vertex 40 -17.5 34.55
      vertex 40 -17.005 44.449999999999996
      vertex 41.00464831246902 -17.468427654852345 34.55
    endloop
  endfacet
  facet normal -0.09399376975154415 0.9943502202359508 -0.04932353155046914
    outer loop
      vertex 41.00464831246902 -17.468427654852345 34.55
      vertex 41.06681092680304 -16.971474115996333 44.449999999999996
      vertex 42.00533173702887 -17.373835221031648 34.55
    endloop
  endfacet
  facet normal -0.15625304415545244 0.9865428942090542 -0.048146693321317734
    outer loop
      vertex 42.00533173702887 -17.373835221031648 34.55
      vertex 42.12941163825752 -16.87102877533298 44.449999999999996
      vertex 42.9981010333716 -17.216596011659018 34.55
    endloop
  endfacet
  facet normal -0.21790842104186375 0.9748662360608468 -0.04638687128487109
    outer loop
      vertex 42.9981010333716 -17.216596011659018 34.55
      vertex 43.18360853481146 -16.70406038988042 44.449999999999996
      vertex 43.979038194637674 -16.997330578058097 34.55
    endloop
  endfacet
  facet normal -0.2789911060392268 0.9602936856769437 0
    outer loop
      vertex 43.979038194637674 -16.997330578058097 34.449999999999996
      vertex 43.979038194637674 -16.997330578058097 34.55
      vertex 44.94427190999916 -16.71690426072246 34.449999999999996
    endloop
  endfacet
  facet normal -0.2789911060392268 0.9602936856769437 -2.473977324673173e-16
    outer loop
      vertex 43.979038194637674 -16.997330578058097 34.55
      vertex 44.94427190999916 -16.71690426072246 34.55
      vertex 44.94427190999916 -16.71690426072246 34.449999999999996
    endloop
  endfacet
  facet normal -0.3387379202452912 0.9408807689542255 0
    outer loop
      vertex 44.94427190999916 -16.71690426072246 34.449999999999996
      vertex 44.94427190999916 -16.71690426072246 34.55
      vertex 45.889992842954854 -16.37642377421202 34.55
    endloop
  endfacet
  facet normal -0.3387379202452912 0.9408807689542255 -1.6403409568124795e-16
    outer loop
      vertex 44.94427190999916 -16.71690426072246 34.449999999999996
      vertex 45.889992842954854 -16.37642377421202 34.55
      vertex 45.889992842954854 -16.37642377421202 34.449999999999996
    endloop
  endfacet
  facet normal -0.39714789063478273 0.9177546256839803 0
    outer loop
      vertex 45.889992842954854 -16.37642377421202 34.449999999999996
      vertex 45.889992842954854 -16.37642377421202 34.55
      vertex 46.81246866504116 -15.977232839456313 34.449999999999996
    endloop
  endfacet
  facet normal -0.39714789063478273 0.9177546256839803 -2.731451949413125e-16
    outer loop
      vertex 45.889992842954854 -16.37642377421202 34.55
      vertex 46.81246866504116 -15.977232839456313 34.55
      vertex 46.81246866504116 -15.977232839456313 34.449999999999996
    endloop
  endfacet
  facet normal -0.27872028976146623 0.9593615299347623 -0.04405059541613926
    outer loop
      vertex 43.979038194637674 -16.997330578058097 34.55
      vertex 44.22524118293088 -16.471227907575447 44.449999999999996
      vertex 44.94427190999916 -16.71690426072246 34.55
    endloop
  endfacet
  facet normal -0.33845105012182675 0.940083956533107 -0.0411465835822631
    outer loop
      vertex 44.94427190999916 -16.71690426072246 34.55
      vertex 45.250198734430356 -16.173450211854657 44.449999999999996
      vertex 45.889992842954854 -16.37642377421202 34.55
    endloop
  endfacet
  facet normal -0.3968657726117463 0.9171026893984401 -0.03768574833315585
    outer loop
      vertex 45.889992842954854 -16.37642377421202 34.55
      vertex 46.25443615011268 -15.81190249524139 44.449999999999996
      vertex 46.81246866504116 -15.977232839456313 34.55
    endloop
  endfacet
  facet normal -0.45399049973954786 0.8910065241883673 0
    outer loop
      vertex 46.81246866504116 -15.977232839456313 34.449999999999996
      vertex 46.81246866504116 -15.977232839456313 34.55
      vertex 47.70805878562744 -15.520906880701816 34.55
    endloop
  endfacet
  facet normal -0.45399049973954786 0.8910065241883673 -9.018942607637021e-17
    outer loop
      vertex 46.81246866504116 -15.977232839456313 34.449999999999996
      vertex 47.70805878562744 -15.520906880701816 34.55
      vertex 47.70805878562744 -15.520906880701816 34.449999999999996
    endloop
  endfacet
  facet normal -0.5090414157503705 0.8607420270039441 0
    outer loop
      vertex 47.70805878562744 -15.520906880701816 34.449999999999996
      vertex 47.70805878562744 -15.520906880701816 34.55
      vertex 48.57322871966394 -15.009246808032245 34.449999999999996
    endloop
  endfacet
  facet normal -0.5090414157503705 0.8607420270039441 1.3469441809417308e-16
    outer loop
      vertex 47.70805878562744 -15.520906880701816 34.55
      vertex 48.57322871966394 -15.009246808032245 34.55
      vertex 48.57322871966394 -15.009246808032245 34.449999999999996
    endloop
  endfacet
  facet normal -0.45373291795195714 0.890500991466015 -0.03368120195074232
    outer loop
      vertex 46.81246866504116 -15.977232839456313 34.55
      vertex 47.23399016369058 -15.388011621397673 44.449999999999996
      vertex 47.70805878562744 -15.520906880701816 34.55
    endloop
  endfacet
  facet normal -0.5088251236802784 0.8603762970867398 -0.029148257633335898
    outer loop
      vertex 47.70805878562744 -15.520906880701816 34.55
      vertex 48.184994922988146 -14.903450493945241 44.449999999999996
      vertex 48.57322871966394 -15.009246808032245 34.55
    endloop
  endfacet
  facet normal 0.03137160768918595 0.9982607429692965 -0.04991303714846493
    outer loop
      vertex 40 -17.5 34.55
      vertex 38.93318907319696 -16.971474115996333 44.449999999999996
      vertex 40 -17.005 44.449999999999996
    endloop
  endfacet
  facet normal -0.031371607689185954 0.9982607429692965 -0.04991303714846489
    outer loop
      vertex 41.00464831246902 -17.468427654852345 34.55
      vertex 40 -17.005 44.449999999999996
      vertex 41.06681092680304 -16.971474115996333 44.449999999999996
    endloop
  endfacet
  facet normal -0.09399376975154426 0.9943502202359505 -0.049323531550469146
    outer loop
      vertex 42.00533173702887 -17.373835221031648 34.55
      vertex 41.06681092680304 -16.971474115996333 44.449999999999996
      vertex 42.12941163825752 -16.87102877533298 44.449999999999996
    endloop
  endfacet
  facet normal -0.15625304415544988 0.9865428942090547 -0.048146693321317525
    outer loop
      vertex 42.9981010333716 -17.216596011659018 34.55
      vertex 42.12941163825752 -16.87102877533298 44.449999999999996
      vertex 43.18360853481146 -16.70406038988042 44.449999999999996
    endloop
  endfacet
  facet normal -0.21790842104186092 0.9748662360608473 -0.04638687128487087
    outer loop
      vertex 43.979038194637674 -16.997330578058097 34.55
      vertex 43.18360853481146 -16.70406038988042 44.449999999999996
      vertex 44.22524118293088 -16.471227907575447 44.449999999999996
    endloop
  endfacet
  facet normal -0.27872028976147323 0.9593615299347604 -0.044050595416139725
    outer loop
      vertex 44.94427190999916 -16.71690426072246 34.55
      vertex 44.22524118293088 -16.471227907575447 44.449999999999996
      vertex 45.250198734430356 -16.173450211854657 44.449999999999996
    endloop
  endfacet
  facet normal -0.33845105012182597 0.9400839565331074 -0.04114658358226306
    outer loop
      vertex 45.889992842954854 -16.37642377421202 34.55
      vertex 45.250198734430356 -16.173450211854657 44.449999999999996
      vertex 46.25443615011268 -15.81190249524139 44.449999999999996
    endloop
  endfacet
  facet normal -0.3968657726117443 0.917102689398441 -0.03768574833315575
    outer loop
      vertex 46.81246866504116 -15.977232839456313 34.55
      vertex 46.25443615011268 -15.81190249524139 44.449999999999996
      vertex 47.23399016369058 -15.388011621397673 44.449999999999996
    endloop
  endfacet
  facet normal -0.45373291795195425 0.8905009914660166 -0.03368120195074221
    outer loop
      vertex 47.70805878562744 -15.520906880701816 34.55
      vertex 47.23399016369058 -15.388011621397673 44.449999999999996
      vertex 48.184994922988146 -14.903450493945241 44.449999999999996
    endloop
  endfacet
  facet normal -0.5088251236802813 0.860376297086738 -0.029148257633335988
    outer loop
      vertex 48.57322871966394 -15.009246808032245 34.55
      vertex 48.184994922988146 -14.903450493945241 44.449999999999996
      vertex 49.103697246693145 -14.360131454279239 44.449999999999996
    endloop
  endfacet
  facet normal 0 0 1
    outer loop
      vertex 24.031572345147655 -0.49535168753098757 34.449999999999996
      vertex 46.81246866504116 -15.977232839456313 34.449999999999996
      vertex 47.70805878562744 -15.520906880701816 34.449999999999996
    endloop
  endfacet
  facet normal 0 0 1
    outer loop
      vertex 24.031572345147655 -0.49535168753098757 34.449999999999996
      vertex 47.70805878562744 -15.520906880701816 34.449999999999996
      vertex 48.57322871966394 -15.009246808032245 34.449999999999996
    endloop
  endfacet
  facet normal 0 0 1
    outer loop
      vertex 24.031572345147655 -0.49535168753098757 34.449999999999996
      vertex 48.57322871966394 -15.009246808032245 34.449999999999996
      vertex 49.404564036679574 -14.44427190999916 34.449999999999996
    endloop
  endfacet
  facet normal 0 0 1
    outer loop
      vertex 24.031572345147655 -0.49535168753098757 34.449999999999996
      vertex 49.404564036679574 -14.44427190999916 34.449999999999996
      vertex 50.19878383597904 -13.828211884412624 34.449999999999996
    endloop
  endfacet
  facet normal 0 0 1
    outer loop
      vertex 24.031572345147655 -0.49535168753098757 34.449999999999996
      vertex 50.19878383597904 -13.828211884412624 34.449999999999996
      vertex 50.95275369485901 -13.163498038742587 34.449999999999996
    endloop
  endfacet
  facet normal -0.5620833778521271 0.8270805742745642 0
    outer loop
      vertex 48.57322871966394 -15.009246808032245 34.449999999999996
      vertex 48.57322871966394 -15.009246808032245 34.55
      vertex 49.404564036679574 -14.44427190999916 34.55
    endloop
  endfacet
  facet normal -0.5620833778521271 0.8270805742745642 -2.2189027140917605e-16
    outer loop
      vertex 48.57322871966394 -15.009246808032245 34.449999999999996
      vertex 49.404564036679574 -14.44427190999916 34.55
      vertex 49.404564036679574 -14.44427190999916 34.449999999999996
    endloop
  endfacet
  facet normal -0.6129070536529768 0.7901550123756902 0
    outer loop
      vertex 49.404564036679574 -14.44427190999916 34.449999999999996
      vertex 49.404564036679574 -14.44427190999916 34.55
      vertex 50.19878383597904 -13.828211884412624 34.449999999999996
    endloop
  endfacet
  facet normal -0.6129070536529768 0.7901550123756902 2.74750661742388e-16
    outer loop
      vertex 49.404564036679574 -14.44427190999916 34.55
      vertex 50.19878383597904 -13.828211884412624 34.55
      vertex 50.19878383597904 -13.828211884412624 34.449999999999996
    endloop
  endfacet
  facet normal -0.5619200623629749 0.8268402628298953 -0.024104424435778624
    outer loop
      vertex 48.57322871966394 -15.009246808032245 34.55
      vertex 49.103697246693145 -14.360131454279239 44.449999999999996
      vertex 49.404564036679574 -14.44427190999916 34.55
    endloop
  endfacet
  facet normal -0.6128013725098569 0.7900187690669338 -0.018569393420419553
    outer loop
      vertex 49.404564036679574 -14.44427190999916 34.55
      vertex 49.98647143644912 -13.760198734430356 44.449999999999996
      vertex 50.19878383597904 -13.828211884412624 34.55
    endloop
  endfacet
  facet normal -0.5619200623629759 0.8268402628298945 -0.024104424435778645
    outer loop
      vertex 49.404564036679574 -14.44427190999916 34.55
      vertex 49.103697246693145 -14.360131454279239 44.449999999999996
      vertex 49.98647143644912 -13.760198734430356 44.449999999999996
    endloop
  endfacet
  facet normal -0.6613118653236556 0.7501110696304562 0
    outer loop
      vertex 50.19878383597904 -13.828211884412624 34.449999999999996
      vertex 50.19878383597904 -13.828211884412624 34.55
      vertex 50.95275369485901 -13.163498038742587 34.55
    endloop
  endfacet
  facet normal -0.6613118653236556 0.7501110696304562 -7.109583749105955e-17
    outer loop
      vertex 50.19878383597904 -13.828211884412624 34.449999999999996
      vertex 50.95275369485901 -13.163498038742587 34.55
      vertex 50.95275369485901 -13.163498038742587 34.449999999999996
    endloop
  endfacet
  facet normal -0.7071067811865448 0.7071067811865501 0
    outer loop
      vertex 50.95275369485901 -13.163498038742587 34.449999999999996
      vertex 50.95275369485901 -13.163498038742587 34.55
      vertex 51.66349803874259 -12.452753694859016 34.55
    endloop
  endfacet
  facet normal -0.7071067811865448 0.7071067811865501 -2.8511308603153178e-16
    outer loop
      vertex 50.95275369485901 -13.163498038742587 34.449999999999996
      vertex 51.66349803874259 -12.452753694859016 34.55
      vertex 51.66349803874259 -12.452753694859016 34.449999999999996
    endloop
  endfacet
  facet normal -0.6612596594574938 0.7500518536989704 -0.012565012411361725
    outer loop
      vertex 50.19878383597904 -13.828211884412624 34.55
      vertex 50.829833585830244 -13.106019994760654 44.449999999999996
      vertex 50.95275369485901 -13.163498038742587 34.55
    endloop
  endfacet
  facet normal -0.7070935594942984 0.7070935594943037 -0.006115246794573188
    outer loop
      vertex 50.95275369485901 -13.163498038742587 34.55
      vertex 51.63045532972842 -12.400176979889784 44.449999999999996
      vertex 51.66349803874259 -12.452753694859016 34.55
    endloop
  endfacet
  facet normal -0.7455352383053789 0.6664662095297419 0
    outer loop
      vertex 51.66349803874259 -12.452753694859016 34.449999999999996
      vertex 51.66349803874259 -12.452753694859016 34.55
      vertex 52.392466666164 -11.637300800787704 44.449999999999996
    endloop
  endfacet
  facet normal -0.7501108564754705 0.6613116774022493 0.0007538760238007817
    outer loop
      vertex 51.66349803874259 -12.452753694859016 34.449999999999996
      vertex 53.098725127188416 -10.83620782572773 44.449999999999996
      vertex 52.328211884412624 -11.69878383597904 34.449999999999996
    endloop
  endfacet
  facet normal -0.7901296362762071 0.6128873699325375 0.008014340597060474
    outer loop
      vertex 52.328211884412624 -11.69878383597904 34.449999999999996
      vertex 53.7532889043741 -9.992349288972044 44.449999999999996
      vertex 52.94427190999916 -10.90456403667957 34.449999999999996
    endloop
  endfacet
  facet normal -0.8269794608331912 0.5620146612283325 0.015636237541274776
    outer loop
      vertex 52.94427190999916 -10.90456403667957 34.449999999999996
      vertex 54.35357473353426 -9.109055514642936 44.449999999999996
      vertex 53.509246808032245 -10.07322871966394 34.449999999999996
    endloop
  endfacet
  facet normal -0.8605025404060748 0.5088997837712094 0.02358787892770957
    outer loop
      vertex 53.509246808032245 -10.07322871966394 34.449999999999996
      vertex 54.89721356074568 -8.189812459729161 44.449999999999996
      vertex 54.020906880701816 -9.208058785627447 34.449999999999996
    endloop
  endfacet
  facet normal -0.612801372509858 0.790018769066933 -0.018569393420419567
    outer loop
      vertex 50.19878383597904 -13.828211884412624 34.55
      vertex 49.98647143644912 -13.760198734430356 44.449999999999996
      vertex 50.829833585830244 -13.106019994760654 44.449999999999996
    endloop
  endfacet
  facet normal -0.6612596594574891 0.7500518536989744 -0.012565012411361692
    outer loop
      vertex 50.95275369485901 -13.163498038742587 34.55
      vertex 50.829833585830244 -13.106019994760654 44.449999999999996
      vertex 51.63045532972842 -12.400176979889784 44.449999999999996
    endloop
  endfacet
  facet normal -0.707093559494302 0.7070935594943003 -0.006115246794573186
    outer loop
      vertex 51.66349803874259 -12.452753694859016 34.55
      vertex 51.63045532972842 -12.400176979889784 44.449999999999996
      vertex 52.385176979889785 -11.645455329728417 44.449999999999996
    endloop
  endfacet
  facet normal -0.745535238305428 0.6664662095296869 8.295998804861837e-15
    outer loop
      vertex 51.66349803874259 -12.452753694859016 34.55
      vertex 52.385176979889785 -11.645455329728417 44.449999999999996
      vertex 52.392466666164 -11.637300800787704 44.449999999999996
    endloop
  endfacet
  facet normal -0.7501108564754679 0.6613116774022524 0.0007538760237999057
    outer loop
      vertex 51.66349803874259 -12.452753694859016 34.449999999999996
      vertex 52.392466666164 -11.637300800787704 44.449999999999996
      vertex 53.098725127188416 -10.83620782572773 44.449999999999996
    endloop
  endfacet
  facet normal -0.7901296362762102 0.6128873699325333 0.008014340597061638
    outer loop
      vertex 52.328211884412624 -11.69878383597904 34.449999999999996
      vertex 53.098725127188416 -10.83620782572773 44.449999999999996
      vertex 53.7532889043741 -9.992349288972044 44.449999999999996
    endloop
  endfacet
  facet normal -0.8269794608331896 0.562014661228335 0.015636237541274134
    outer loop
      vertex 52.94427190999916 -10.90456403667957 34.449999999999996
      vertex 53.7532889043741 -9.992349288972044 44.449999999999996
      vertex 54.35357473353426 -9.109055514642936 44.449999999999996
    endloop
  endfacet
  facet normal 0 0 1
    outer loop
      vertex 24.031572345147655 -0.49535168753098757 34.449999999999996
      vertex 50.95275369485901 -13.163498038742587 34.449999999999996
      vertex 51.66349803874259 -12.452753694859016 34.449999999999996
    endloop
  endfacet
  facet normal 0 0 1
    outer loop
      vertex 24.031572345147655 -0.49535168753098757 34.449999999999996
      vertex 51.66349803874259 -12.452753694859016 34.449999999999996
      vertex 52.328211884412624 -11.69878383597904 34.449999999999996
    endloop
  endfacet
  facet normal 0 0 1
    outer loop
      vertex 24.031572345147655 -0.49535168753098757 34.449999999999996
      vertex 52.328211884412624 -11.69878383597904 34.449999999999996
      vertex 52.94427190999916 -10.90456403667957 34.449999999999996
    endloop
  endfacet
  facet normal 0 0 1
    outer loop
      vertex 24.031572345147655 -0.49535168753098757 34.449999999999996
      vertex 52.94427190999916 -10.90456403667957 34.449999999999996
      vertex 53.509246808032245 -10.07322871966394 34.449999999999996
    endloop
  endfacet
  facet normal 0 0 1
    outer loop
      vertex 24.031572345147655 -0.49535168753098757 34.449999999999996
      vertex 53.509246808032245 -10.07322871966394 34.449999999999996
      vertex 54.020906880701816 -9.208058785627447 34.449999999999996
    endloop
  endfacet
  facet normal 0 0 1
    outer loop
      vertex 24.031572345147655 -0.49535168753098757 34.449999999999996
      vertex 54.020906880701816 -9.208058785627447 34.449999999999996
      vertex 54.47723283945631 -8.312468665041159 34.449999999999996
    endloop
  endfacet
  facet normal 0 0 1
    outer loop
      vertex 24.031572345147655 -0.49535168753098757 34.449999999999996
      vertex 54.47723283945631 -8.312468665041159 34.449999999999996
      vertex 54.87642377421202 -7.389992842954854 34.449999999999996
    endloop
  endfacet
  facet normal 0 0 1
    outer loop
      vertex 24.031572345147655 -0.49535168753098757 34.449999999999996
      vertex 54.87642377421202 -7.389992842954854 34.449999999999996
      vertex 55.21690426072246 -6.444271909999158 34.449999999999996
    endloop
  endfacet
  facet normal 0 0 1
    outer loop
      vertex 24.031572345147655 -0.49535168753098757 34.449999999999996
      vertex 55.21690426072246 -6.444271909999158 34.449999999999996
      vertex 55.4973305780581 -5.4790381946376705 34.449999999999996
    endloop
  endfacet
  facet normal 0 0 1
    outer loop
      vertex 24.031572345147655 -0.49535168753098757 34.449999999999996
      vertex 55.4973305780581 -5.4790381946376705 34.449999999999996
      vertex 55.71659601165902 -4.498101033371597 34.449999999999996
    endloop
  endfacet
  facet normal 0 0 1
    outer loop
      vertex 24.031572345147655 -0.49535168753098757 34.449999999999996
      vertex 55.71659601165902 -4.498101033371597 34.449999999999996
      vertex 55.87383522103165 -3.505331737028865 34.449999999999996
    endloop
  endfacet
  facet normal 0 0 1
    outer loop
      vertex 24.031572345147655 -0.49535168753098757 34.449999999999996
      vertex 55.87383522103165 -3.505331737028865 34.449999999999996
      vertex 55.96842765485235 -2.50464831246902 34.449999999999996
    endloop
  endfacet
  facet normal 0 0 1
    outer loop
      vertex 24.031572345147655 -0.49535168753098757 34.449999999999996
      vertex 55.96842765485235 -2.50464831246902 34.449999999999996
      vertex 56 -1.5 34.449999999999996
    endloop
  endfacet
  facet normal 0 0 1
    outer loop
      vertex 24.031572345147655 -0.49535168753098757 34.449999999999996
      vertex 56 -1.5 34.449999999999996
      vertex 55.96842765485235 -0.495351687530986 34.449999999999996
    endloop
  endfacet
  facet normal 0 0 1
    outer loop
      vertex 24.031572345147655 -0.49535168753098757 34.449999999999996
      vertex 55.96842765485235 -0.495351687530986 34.449999999999996
      vertex 55.87383522103165 0.5053317370288681 34.449999999999996
    endloop
  endfacet
  facet normal -0.8905548802298314 0.45376037564856164 0.031835935514869414
    outer loop
      vertex 54.020906880701816 -9.208058785627447 34.449999999999996
      vertex 54.89721356074568 -8.189812459729161 44.449999999999996
      vertex 54.47723283945631 -8.312468665041159 34.449999999999996
    endloop
  endfacet
  facet normal -0.9170073760844111 0.3968245268576453 0.04034559568266806
    outer loop
      vertex 54.47723283945631 -8.312468665041159 34.449999999999996
      vertex 55.38205989192233 -7.238247956606232 44.449999999999996
      vertex 54.87642377421202 -7.389992842954854 34.449999999999996
    endloop
  endfacet
  facet normal -0.9397468326132333 0.3383296780423334 0.04908074519775282
    outer loop
      vertex 54.87642377421202 -7.389992842954854 34.449999999999996
      vertex 55.80620026010027 -6.258117395639532 44.449999999999996
      vertex 55.21690426072246 -6.444271909999158 34.449999999999996
    endloop
  endfacet
  facet normal -0.9586768785688444 0.2785213801521681 0.05800416619199338
    outer loop
      vertex 55.21690426072246 -6.444271909999158 34.449999999999996
      vertex 56.46591373918673 -4.227728081802526 44.449999999999996
      vertex 55.4973305780581 -5.4790381946376705 34.449999999999996
    endloop
  endfacet
  facet normal -0.9737187545956566 0.21765192854576448 0.0670777530109111
    outer loop
      vertex 55.4973305780581 -5.4790381946376705 34.449999999999996
      vertex 56.46591373918673 -4.227728081802526 44.449999999999996
      vertex 55.71659601165902 -4.498101033371597 34.449999999999996
    endloop
  endfacet
  facet normal -0.8605025404060729 0.5088997837712125 0.023587878927708732
    outer loop
      vertex 53.509246808032245 -10.07322871966394 34.449999999999996
      vertex 54.35357473353426 -9.109055514642936 44.449999999999996
      vertex 54.89721356074568 -8.189812459729161 44.449999999999996
    endloop
  endfacet
  facet normal -0.8905548802298333 0.453760375648558 0.031835935514869546
    outer loop
      vertex 54.47723283945631 -8.312468665041159 34.449999999999996
      vertex 54.89721356074568 -8.189812459729161 44.449999999999996
      vertex 55.38205989192233 -7.238247956606232 44.449999999999996
    endloop
  endfacet
  facet normal -0.9170073760844121 0.396824526857643 0.04034559568266815
    outer loop
      vertex 54.87642377421202 -7.389992842954854 34.449999999999996
      vertex 55.38205989192233 -7.238247956606232 44.449999999999996
      vertex 55.80620026010027 -6.258117395639532 44.449999999999996
    endloop
  endfacet
  facet normal -0.939746832613232 0.3383296780423367 0.049080745197752684
    outer loop
      vertex 55.21690426072246 -6.444271909999158 34.449999999999996
      vertex 55.80620026010027 -6.258117395639532 44.449999999999996
      vertex 56.16796077701761 -5.253288904374106 44.449999999999996
    endloop
  endfacet
  facet normal -0.9586768785688435 0.2785213801521713 0.05800416619199255
    outer loop
      vertex 55.21690426072246 -6.444271909999158 34.449999999999996
      vertex 56.16796077701761 -5.253288904374106 44.449999999999996
      vertex 56.46591373918673 -4.227728081802526 44.449999999999996
    endloop
  endfacet
  facet normal -0.9848119516612657 0.15597888978878297 0.0762627419215168
    outer loop
      vertex 55.71659601165902 -4.498101033371597 34.449999999999996
      vertex 56.865949922346125 -2.1306649705931693 44.449999999999996
      vertex 55.87383522103165 -3.505331737028865 34.449999999999996
    endloop
  endfacet
  facet normal -0.99191468174439 0.0937635435801868 0.08551995109453527
    outer loop
      vertex 55.87383522103165 -3.505331737028865 34.449999999999996
      vertex 56.865949922346125 -2.1306649705931693 44.449999999999996
      vertex 55.96842765485235 -2.50464831246902 34.449999999999996
    endloop
  endfacet
  facet normal -0.9950041667442917 0.03126926565834538 0.09481002682567737
    outer loop
      vertex 55.96842765485235 -2.50464831246902 34.449999999999996
      vertex 56.96645438328062 -1.067438831998334 44.449999999999996
      vertex 56 -1.5 34.449999999999996
    endloop
  endfacet
  facet normal -0.9940767366051854 -0.031240119992057395 0.10409369165932715
    outer loop
      vertex 56 -1.5 34.449999999999996
      vertex 56.96645438328062 1.0674388319983272 44.449999999999996
      vertex 55.96842765485235 -0.495351687530986 34.449999999999996
    endloop
  endfacet
  facet normal -0.9737187545956575 0.21765192854576124 0.06707775301091123
    outer loop
      vertex 55.71659601165902 -4.498101033371597 34.449999999999996
      vertex 56.46591373918673 -4.227728081802526 44.449999999999996
      vertex 56.69888326238771 -3.185482347957322 44.449999999999996
    endloop
  endfacet
  facet normal -0.9848119516612657 0.15597888978878263 0.07626274192151693
    outer loop
      vertex 55.71659601165902 -4.498101033371597 34.449999999999996
      vertex 56.69888326238771 -3.185482347957322 44.449999999999996
      vertex 56.865949922346125 -2.1306649705931693 44.449999999999996
    endloop
  endfacet
  facet normal -0.9919146817443901 0.09376354358018724 0.08551995109453525
    outer loop
      vertex 55.96842765485235 -2.50464831246902 34.449999999999996
      vertex 56.865949922346125 -2.1306649705931693 44.449999999999996
      vertex 56.96645438328062 -1.067438831998334 44.449999999999996
    endloop
  endfacet
  facet normal -0.9950041667442917 0.03126926565834537 0.09481002682567735
    outer loop
      vertex 56 -1.5 34.449999999999996
      vertex 56.96645438328062 -1.067438831998334 44.449999999999996
      vertex 57 0 44.449999999999996
    endloop
  endfacet
  facet normal -0.9940767366051853 -0.03124011999205739 0.10409369165932714
    outer loop
      vertex 56 -1.5 34.449999999999996
      vertex 57 0 44.449999999999996
      vertex 56.96645438328062 1.0674388319983272 44.449999999999996
    endloop
  endfacet
  facet normal 0 0 1
    outer loop
      vertex 24.031572345147655 -0.49535168753098757 34.449999999999996
      vertex 24.283403988340982 1.4981010333715972 34.449999999999996
      vertex 24.126164778968352 0.505331737028865 34.449999999999996
    endloop
  endfacet
  facet normal 0 0 1
    outer loop
      vertex 24.031572345147655 -0.49535168753098757 34.449999999999996
      vertex 24.502669421941903 2.4790381946376776 34.449999999999996
      vertex 24.283403988340982 1.4981010333715972 34.449999999999996
    endloop
  endfacet
  facet normal 0 0 1
    outer loop
      vertex 24.031572345147655 -0.49535168753098757 34.449999999999996
      vertex 24.78309573927754 3.4442719099991583 34.449999999999996
      vertex 24.502669421941903 2.4790381946376776 34.449999999999996
    endloop
  endfacet
  facet normal 0.9891477331192996 -0.0935019899276683 0.11333198994333807
    outer loop
      vertex 24.031572345147655 -0.49535168753098757 34.449999999999996
      vertex 24.126164778968352 0.505331737028865 34.449999999999996
      vertex 23.134050077653875 2.1306649705931693 44.449999999999996
    endloop
  endfacet
  facet normal 0.9802512215246997 -0.15525654109863524 0.12248652638319833
    outer loop
      vertex 24.126164778968352 0.505331737028865 34.449999999999996
      vertex 24.283403988340982 1.4981010333715972 34.449999999999996
      vertex 23.134050077653875 2.1306649705931693 44.449999999999996
    endloop
  endfacet
  facet normal 0 0 1
    outer loop
      vertex 24.031572345147655 -0.49535168753098757 34.449999999999996
      vertex 25.12357622578798 4.389992842954846 34.449999999999996
      vertex 24.78309573927754 3.4442719099991583 34.449999999999996
    endloop
  endfacet
  facet normal 0.967439517579321 -0.2162483527802203 0.1315196933760566
    outer loop
      vertex 24.283403988340982 1.4981010333715972 34.449999999999996
      vertex 24.502669421941903 2.4790381946376776 34.449999999999996
      vertex 23.301116737612293 3.185482347957322 44.449999999999996
    endloop
  endfacet
  facet normal 0.950782543008379 -0.27622786365580115 0.14039488327810262
    outer loop
      vertex 24.502669421941903 2.4790381946376776 34.449999999999996
      vertex 24.78309573927754 3.4442719099991583 34.449999999999996
      vertex 23.53408626081327 4.227728081802533 44.449999999999996
    endloop
  endfacet
  facet normal 0 0 1
    outer loop
      vertex 24.031572345147655 -0.49535168753098757 34.449999999999996
      vertex 25.522767160543687 5.312468665041159 34.449999999999996
      vertex 25.12357622578798 4.389992842954846 34.449999999999996
    endloop
  endfacet
  facet normal 0 0 1
    outer loop
      vertex 24.031572345147655 -0.49535168753098757 34.449999999999996
      vertex 25.979093119298184 6.208058785627446 34.449999999999996
      vertex 25.522767160543687 5.312468665041159 34.449999999999996
    endloop
  endfacet
  facet normal 0 0 1
    outer loop
      vertex 24.031572345147655 -0.49535168753098757 34.449999999999996
      vertex 26.490753191967762 7.0732287196639465 34.449999999999996
      vertex 25.979093119298184 6.208058785627446 34.449999999999996
    endloop
  endfacet
  facet normal 0.9891477331192995 -0.09350198992766888 0.1133319899433382
    outer loop
      vertex 24.031572345147655 -0.49535168753098757 34.449999999999996
      vertex 23.134050077653875 2.1306649705931693 44.449999999999996
      vertex 23.033545616719383 1.0674388319983255 44.449999999999996
    endloop
  endfacet
  facet normal 0.9802512215246998 -0.15525654109863468 0.12248652638319833
    outer loop
      vertex 24.283403988340982 1.4981010333715972 34.449999999999996
      vertex 23.301116737612293 3.185482347957322 44.449999999999996
      vertex 23.134050077653875 2.1306649705931693 44.449999999999996
    endloop
  endfacet
  facet normal 0.967439517579321 -0.21624835278022048 0.1315196933760566
    outer loop
      vertex 24.502669421941903 2.4790381946376776 34.449999999999996
      vertex 23.53408626081327 4.227728081802533 44.449999999999996
      vertex 23.301116737612293 3.185482347957322 44.449999999999996
    endloop
  endfacet
  facet normal 0.9507825430083781 -0.2762278636558042 0.14039488327810273
    outer loop
      vertex 24.78309573927754 3.4442719099991583 34.449999999999996
      vertex 23.83203922298239 5.253288904374106 44.449999999999996
      vertex 23.53408626081327 4.227728081802533 44.449999999999996
    endloop
  endfacet
  facet normal 0.9303670268507869 -0.33495274017612026 0.14907668227236495
    outer loop
      vertex 24.78309573927754 3.4442719099991583 34.449999999999996
      vertex 25.12357622578798 4.389992842954846 34.449999999999996
      vertex 24.193799739899724 6.258117395639523 44.449999999999996
    endloop
  endfacet
  facet normal 0 0 1
    outer loop
      vertex 24.031572345147655 -0.49535168753098757 34.449999999999996
      vertex 27.05572809000084 7.90456403667957 34.449999999999996
      vertex 26.490753191967762 7.0732287196639465 34.449999999999996
    endloop
  endfacet
  facet normal 0 0 1
    outer loop
      vertex 24.031572345147655 -0.49535168753098757 34.449999999999996
      vertex 27.67178811558737 8.698783835979034 34.449999999999996
      vertex 27.05572809000084 7.90456403667957 34.449999999999996
    endloop
  endfacet
  facet normal 0 0 1
    outer loop
      vertex 24.031572345147655 -0.49535168753098757 34.449999999999996
      vertex 28.33650196125741 9.452753694859016 34.449999999999996
      vertex 27.67178811558737 8.698783835979034 34.449999999999996
    endloop
  endfacet
  facet normal 0 0 1
    outer loop
      vertex 24.031572345147655 -0.49535168753098757 34.449999999999996
      vertex 29.047246305140984 10.163498038742587 34.449999999999996
      vertex 28.33650196125741 9.452753694859016 34.449999999999996
    endloop
  endfacet
  facet normal 0 0 1
    outer loop
      vertex 24.031572345147655 -0.49535168753098757 34.449999999999996
      vertex 29.801216164020964 10.82821188441263 34.449999999999996
      vertex 29.047246305140984 10.163498038742587 34.449999999999996
    endloop
  endfacet
  facet normal 0.9062955740733603 -0.3921891161993565 0.15753104313057253
    outer loop
      vertex 25.12357622578798 4.389992842954846 34.449999999999996
      vertex 25.522767160543687 5.312468665041159 34.449999999999996
      vertex 24.61794010807767 7.238247956606232 44.449999999999996
    endloop
  endfacet
  facet normal 0.878685625732478 -0.4477126884156344 0.16572543486975333
    outer loop
      vertex 25.522767160543687 5.312468665041159 34.449999999999996
      vertex 25.979093119298184 6.208058785627446 34.449999999999996
      vertex 25.10278643925432 8.189812459729161 44.449999999999996
    endloop
  endfacet
  facet normal 0 0 1
    outer loop
      vertex 24.031572345147655 -0.49535168753098757 34.449999999999996
      vertex 30.59543596332043 11.44427190999916 34.449999999999996
      vertex 29.801216164020964 10.82821188441263 34.449999999999996
    endloop
  endfacet
  facet normal 0 0 1
    outer loop
      vertex 24.031572345147655 -0.49535168753098757 34.449999999999996
      vertex 31.426771280336055 12.00924680803224 34.449999999999996
      vertex 30.59543596332043 11.44427190999916 34.449999999999996
    endloop
  endfacet
  facet normal 0 0 1
    outer loop
      vertex 24.031572345147655 -0.49535168753098757 34.449999999999996
      vertex 32.29194121437256 12.520906880701817 34.449999999999996
      vertex 31.426771280336055 12.00924680803224 34.449999999999996
    endloop
  endfacet
  facet normal 0.8476683368524678 -0.5013096569480834 0.1736289680565025
    outer loop
      vertex 25.979093119298184 6.208058785627446 34.449999999999996
      vertex 26.490753191967762 7.0732287196639465 34.449999999999996
      vertex 25.10278643925432 8.189812459729161 44.449999999999996
    endloop
  endfacet
  facet normal 0.8133873990285592 -0.5527775055644781 0.18121249527410785
    outer loop
      vertex 26.490753191967762 7.0732287196639465 34.449999999999996
      vertex 27.05572809000084 7.90456403667957 34.449999999999996
      vertex 25.646425266465748 9.109055514642943 44.449999999999996
    endloop
  endfacet
  facet normal 0.9303670268507891 -0.334952740176115 0.14907668227236362
    outer loop
      vertex 24.78309573927754 3.4442719099991583 34.449999999999996
      vertex 24.193799739899724 6.258117395639523 44.449999999999996
      vertex 23.83203922298239 5.253288904374106 44.449999999999996
    endloop
  endfacet
  facet normal 0.9062955740733586 -0.3921891161993595 0.15753104313057328
    outer loop
      vertex 25.12357622578798 4.389992842954846 34.449999999999996
      vertex 24.61794010807767 7.238247956606232 44.449999999999996
      vertex 24.193799739899724 6.258117395639523 44.449999999999996
    endloop
  endfacet
  facet normal 0.8786856257324787 -0.44771268841563294 0.16572543486975294
    outer loop
      vertex 25.522767160543687 5.312468665041159 34.449999999999996
      vertex 25.10278643925432 8.189812459729161 44.449999999999996
      vertex 24.61794010807767 7.238247956606232 44.449999999999996
    endloop
  endfacet
  facet normal 0.8476683368524673 -0.5013096569480843 0.1736289680565025
    outer loop
      vertex 26.490753191967762 7.0732287196639465 34.449999999999996
      vertex 25.646425266465748 9.109055514642943 44.449999999999996
      vertex 25.10278643925432 8.189812459729161 44.449999999999996
    endloop
  endfacet
  facet normal 0.8133873990285593 -0.5527775055644784 0.1812124952741079
    outer loop
      vertex 27.05572809000084 7.90456403667957 34.449999999999996
      vertex 26.246711095625894 9.992349288972044 44.449999999999996
      vertex 25.646425266465748 9.109055514642943 44.449999999999996
    endloop
  endfacet
  facet normal 0 0 1
    outer loop
      vertex 24.031572345147655 -0.49535168753098757 34.449999999999996
      vertex 33.187531334958834 12.977232839456311 34.449999999999996
      vertex 32.29194121437256 12.520906880701817 34.449999999999996
    endloop
  endfacet
  facet normal 0 0 1
    outer loop
      vertex 24.031572345147655 -0.49535168753098757 34.449999999999996
      vertex 34.11000715704515 13.376423774212023 34.449999999999996
      vertex 33.187531334958834 12.977232839456311 34.449999999999996
    endloop
  endfacet
  facet normal 0 0 1
    outer loop
      vertex 24.031572345147655 -0.49535168753098757 34.449999999999996
      vertex 35.05572809000084 13.716904260722456 34.449999999999996
      vertex 34.11000715704515 13.376423774212023 34.449999999999996
    endloop
  endfacet
  facet normal 0 0 1
    outer loop
      vertex 24.031572345147655 -0.49535168753098757 34.449999999999996
      vertex 36.02096180536232 13.997330578058097 34.449999999999996
      vertex 35.05572809000084 13.716904260722456 34.449999999999996
    endloop
  endfacet
  facet normal 0 0 1
    outer loop
      vertex 24.031572345147655 -0.49535168753098757 34.449999999999996
      vertex 44.94427190999916 13.716904260722456 34.449999999999996
      vertex 43.97903819463768 13.997330578058097 34.449999999999996
    endloop
  endfacet
  facet normal 0 0 1
    outer loop
      vertex 24.031572345147655 -0.49535168753098757 34.449999999999996
      vertex 45.88999284295485 13.376423774212023 34.449999999999996
      vertex 44.94427190999916 13.716904260722456 34.449999999999996
    endloop
  endfacet
  facet normal 0 0 1
    outer loop
      vertex 24.031572345147655 -0.49535168753098757 34.449999999999996
      vertex 46.812468665041166 12.977232839456311 34.449999999999996
      vertex 45.88999284295485 13.376423774212023 34.449999999999996
    endloop
  endfacet
  facet normal 0.775997834577484 -0.601925620900619 0.18844868700646453
    outer loop
      vertex 27.05572809000084 7.90456403667957 34.449999999999996
      vertex 27.67178811558737 8.698783835979034 34.449999999999996
      vertex 26.90127487281158 10.836207825727724 44.449999999999996
    endloop
  endfacet
  facet normal 0.7356647879279374 -0.6485757547841935 0.19531208387874166
    outer loop
      vertex 27.67178811558737 8.698783835979034 34.449999999999996
      vertex 28.33650196125741 9.452753694859016 34.449999999999996
      vertex 26.90127487281158 10.836207825727724 44.449999999999996
    endloop
  endfacet
  facet normal 0.6925623379834457 -0.6925623379834474 0.20177912680405005
    outer loop
      vertex 28.33650196125741 9.452753694859016 34.449999999999996
      vertex 29.047246305140984 10.163498038742587 34.449999999999996
      vertex 27.607533333836002 11.637300800787704 44.449999999999996
    endloop
  endfacet
  facet normal 0.6468723525479981 -0.7337326573547484 0.20782816710002938
    outer loop
      vertex 29.047246305140984 10.163498038742587 34.449999999999996
      vertex 29.801216164020964 10.82821188441263 34.449999999999996
      vertex 29.163792174272274 13.09872512718842 44.449999999999996
    endloop
  endfacet
  facet normal 0.7759978345774838 -0.601925620900619 0.18844868700646455
    outer loop
      vertex 27.05572809000084 7.90456403667957 34.449999999999996
      vertex 26.90127487281158 10.836207825727724 44.449999999999996
      vertex 26.246711095625894 9.992349288972044 44.449999999999996
    endloop
  endfacet
  facet normal 0.7356647879279365 -0.6485757547841945 0.1953120838787417
    outer loop
      vertex 28.33650196125741 9.452753694859016 34.449999999999996
      vertex 27.607533333836002 11.637300800787704 44.449999999999996
      vertex 26.90127487281158 10.836207825727724 44.449999999999996
    endloop
  endfacet
  facet normal 0.6925623379834472 -0.6925623379834457 0.20177912680405002
    outer loop
      vertex 29.047246305140984 10.163498038742587 34.449999999999996
      vertex 28.362699199212294 12.392466666163998 44.449999999999996
      vertex 27.607533333836002 11.637300800787704 44.449999999999996
    endloop
  endfacet
  facet normal 0.6468723525479984 -0.7337326573547482 0.2078281671000293
    outer loop
      vertex 29.047246305140984 10.163498038742587 34.449999999999996
      vertex 29.163792174272274 13.09872512718842 44.449999999999996
      vertex 28.362699199212294 12.392466666163998 44.449999999999996
    endloop
  endfacet
  facet normal 0 0 1
    outer loop
      vertex 24.031572345147655 -0.49535168753098757 34.449999999999996
      vertex 37.00189896662841 14.21659601165902 34.449999999999996
      vertex 36.02096180536232 13.997330578058097 34.449999999999996
    endloop
  endfacet
  facet normal 0 0 1
    outer loop
      vertex 24.031572345147655 -0.49535168753098757 34.449999999999996
      vertex 37.99466826297113 14.373835221031646 34.449999999999996
      vertex 37.00189896662841 14.21659601165902 34.449999999999996
    endloop
  endfacet
  facet normal 0 0 1
    outer loop
      vertex 24.031572345147655 -0.49535168753098757 34.449999999999996
      vertex 38.995351687530984 14.468427654852345 34.449999999999996
      vertex 37.99466826297113 14.373835221031646 34.449999999999996
    endloop
  endfacet
  facet normal 0 0 1
    outer loop
      vertex 24.031572345147655 -0.49535168753098757 34.449999999999996
      vertex 40 14.5 34.449999999999996
      vertex 38.995351687530984 14.468427654852345 34.449999999999996
    endloop
  endfacet
  facet normal 0.5987834027418515 -0.7719469113366264 0.21343945904806866
    outer loop
      vertex 29.801216164020964 10.82821188441263 34.449999999999996
      vertex 30.59543596332043 11.44427190999916 34.449999999999996
      vertex 29.163792174272274 13.09872512718842 44.449999999999996
    endloop
  endfacet
  facet normal 0.54848975181801 -0.8070781609853908 0.21859513766563324
    outer loop
      vertex 30.59543596332043 11.44427190999916 34.449999999999996
      vertex 31.426771280336055 12.00924680803224 34.449999999999996
      vertex 30.890944485357057 14.353574733534254 44.449999999999996
    endloop
  endfacet
  facet normal 0.4961904290797485 -0.8390121952581934 0.22327918464935884
    outer loop
      vertex 31.426771280336055 12.00924680803224 34.449999999999996
      vertex 32.29194121437256 12.520906880701817 34.449999999999996
      vertex 31.810187540270842 14.897213560745683 44.449999999999996
    endloop
  endfacet
  facet normal 0.44208839584364407 -0.8676473300446526 0.22747738552827415
    outer loop
      vertex 32.29194121437256 12.520906880701817 34.449999999999996
      vertex 33.187531334958834 12.977232839456311 34.449999999999996
      vertex 31.810187540270842 14.897213560745683 44.449999999999996
    endloop
  endfacet
  facet normal 0 0 1
    outer loop
      vertex 24.031572345147655 -0.49535168753098757 34.449999999999996
      vertex 41.004648312469016 14.468427654852345 34.449999999999996
      vertex 40 14.5 34.449999999999996
    endloop
  endfacet
  facet normal 0 0 1
    outer loop
      vertex 24.031572345147655 -0.49535168753098757 34.449999999999996
      vertex 42.00533173702887 14.373835221031646 34.449999999999996
      vertex 41.004648312469016 14.468427654852345 34.449999999999996
    endloop
  endfacet
  facet normal 0 0 1
    outer loop
      vertex 24.031572345147655 -0.49535168753098757 34.449999999999996
      vertex 42.99810103337159 14.21659601165902 34.449999999999996
      vertex 42.00533173702887 14.373835221031646 34.449999999999996
    endloop
  endfacet
  facet normal 0 0 1
    outer loop
      vertex 24.031572345147655 -0.49535168753098757 34.449999999999996
      vertex 43.97903819463768 13.997330578058097 34.449999999999996
      vertex 42.99810103337159 14.21659601165902 34.449999999999996
    endloop
  endfacet
  facet normal 0.5987834027418506 -0.7719469113366273 0.21343945904806869
    outer loop
      vertex 30.59543596332043 11.44427190999916 34.449999999999996
      vertex 30.007650711027956 13.753288904374106 44.449999999999996
      vertex 29.163792174272274 13.09872512718842 44.449999999999996
    endloop
  endfacet
  facet normal 0.548489751818011 -0.8070781609853903 0.2185951376656331
    outer loop
      vertex 30.59543596332043 11.44427190999916 34.449999999999996
      vertex 30.890944485357057 14.353574733534254 44.449999999999996
      vertex 30.007650711027956 13.753288904374106 44.449999999999996
    endloop
  endfacet
  facet normal 0.38638980671814316 -0.8928941605756068 0.23117728105135743
    outer loop
      vertex 33.187531334958834 12.977232839456311 34.449999999999996
      vertex 34.11000715704515 13.376423774212023 34.449999999999996
      vertex 33.74188260436048 15.806200260100276 44.449999999999996
    endloop
  endfacet
  facet normal 0.3293033659797184 -0.9146752863625401 0.23436811573256464
    outer loop
      vertex 34.11000715704515 13.376423774212023 34.449999999999996
      vertex 35.05572809000084 13.716904260722456 34.449999999999996
      vertex 33.74188260436048 15.806200260100276 44.449999999999996
    endloop
  endfacet
  facet normal 0.2710397756086165 -0.9329250268202132 0.2370407863017148
    outer loop
      vertex 35.05572809000084 13.716904260722456 34.449999999999996
      vertex 36.02096180536232 13.997330578058097 34.449999999999996
      vertex 35.77227191819747 16.46591373918673 44.449999999999996
    endloop
  endfacet
  facet normal 0.2118112686522318 -0.9475891442791265 0.23918779257371084
    outer loop
      vertex 36.02096180536232 13.997330578058097 34.449999999999996
      vertex 37.00189896662841 14.21659601165902 34.449999999999996
      vertex 35.77227191819747 16.46591373918673 44.449999999999996
    endloop
  endfacet
  facet normal 0.15183121905499786 -0.9586245892834464 0.24080319296350047
    outer loop
      vertex 37.00189896662841 14.21659601165902 34.449999999999996
      vertex 37.99466826297113 14.373835221031646 34.449999999999996
      vertex 37.86933502940683 16.865949922346125 44.449999999999996
    endloop
  endfacet
  facet normal 0.09131381695074402 -0.965999280968991 0.24188256655095747
    outer loop
      vertex 37.99466826297113 14.373835221031646 34.449999999999996
      vertex 38.995351687530984 14.468427654852345 34.449999999999996
      vertex 37.86933502940683 16.865949922346125 44.449999999999996
    endloop
  endfacet
  facet normal 0.49619042907974953 -0.8390121952581927 0.22327918464935861
    outer loop
      vertex 31.426771280336055 12.00924680803224 34.449999999999996
      vertex 31.810187540270842 14.897213560745683 44.449999999999996
      vertex 30.890944485357057 14.353574733534254 44.449999999999996
    endloop
  endfacet
  facet normal 0.4420883958436423 -0.8676473300446536 0.22747738552827407
    outer loop
      vertex 33.187531334958834 12.977232839456311 34.449999999999996
      vertex 32.76175204339376 15.382059891922331 44.449999999999996
      vertex 31.810187540270842 14.897213560745683 44.449999999999996
    endloop
  endfacet
  facet normal 0.3863898067181439 -0.8928941605756067 0.23117728105135735
    outer loop
      vertex 33.187531334958834 12.977232839456311 34.449999999999996
      vertex 33.74188260436048 15.806200260100276 44.449999999999996
      vertex 32.76175204339376 15.382059891922331 44.449999999999996
    endloop
  endfacet
  facet normal 0.32930336597971516 -0.9146752863625415 0.23436811573256447
    outer loop
      vertex 35.05572809000084 13.716904260722456 34.449999999999996
      vertex 34.7467110956259 16.16796077701761 44.449999999999996
      vertex 33.74188260436048 15.806200260100276 44.449999999999996
    endloop
  endfacet
  facet normal 0.27103977560861797 -0.9329250268202129 0.23704078630171463
    outer loop
      vertex 35.05572809000084 13.716904260722456 34.449999999999996
      vertex 35.77227191819747 16.46591373918673 44.449999999999996
      vertex 34.7467110956259 16.16796077701761 44.449999999999996
    endloop
  endfacet
  facet normal 0.211811268652232 -0.9475891442791265 0.23918779257371084
    outer loop
      vertex 37.00189896662841 14.21659601165902 34.449999999999996
      vertex 36.81451765204268 16.698883262387707 44.449999999999996
      vertex 35.77227191819747 16.46591373918673 44.449999999999996
    endloop
  endfacet
  facet normal 0.15183121905500022 -0.9586245892834463 0.24080319296350022
    outer loop
      vertex 37.00189896662841 14.21659601165902 34.449999999999996
      vertex 37.86933502940683 16.865949922346125 44.449999999999996
      vertex 36.81451765204268 16.698883262387707 44.449999999999996
    endloop
  endfacet
  facet normal 0.09131381695074238 -0.9659992809689912 0.2418825665509573
    outer loop
      vertex 38.995351687530984 14.468427654852345 34.449999999999996
      vertex 38.932561168001676 16.966454383280617 44.449999999999996
      vertex 37.86933502940683 16.865949922346125 44.449999999999996
    endloop
  endfacet
  facet normal 0 0 1
    outer loop
      vertex 24.031572345147655 -0.49535168753098757 34.449999999999996
      vertex 54.020906880701816 6.208058785627445 34.449999999999996
      vertex 53.509246808032245 7.0732287196639465 34.449999999999996
    endloop
  endfacet
  facet normal 0 0 1
    outer loop
      vertex 24.031572345147655 -0.49535168753098757 34.449999999999996
      vertex 55.87383522103165 0.5053317370288681 34.449999999999996
      vertex 55.71659601165902 1.498101033371594 34.449999999999996
    endloop
  endfacet
  facet normal 0 0 1
    outer loop
      vertex 24.031572345147655 -0.49535168753098757 34.449999999999996
      vertex 55.71659601165902 1.498101033371594 34.449999999999996
      vertex 55.4973305780581 2.4790381946376767 34.449999999999996
    endloop
  endfacet
  facet normal 0 0 1
    outer loop
      vertex 24.031572345147655 -0.49535168753098757 34.449999999999996
      vertex 55.4973305780581 2.4790381946376767 34.449999999999996
      vertex 55.21690426072246 3.4442719099991583 34.449999999999996
    endloop
  endfacet
  facet normal 0 0 1
    outer loop
      vertex 24.031572345147655 -0.49535168753098757 34.449999999999996
      vertex 55.21690426072246 3.4442719099991583 34.449999999999996
      vertex 54.87642377421202 4.389992842954848 34.449999999999996
    endloop
  endfacet
  facet normal 0 0 1
    outer loop
      vertex 24.031572345147655 -0.49535168753098757 34.449999999999996
      vertex 54.87642377421202 4.389992842954848 34.449999999999996
      vertex 54.47723283945631 5.3124686650411626 34.449999999999996
    endloop
  endfacet
  facet normal 0 0 1
    outer loop
      vertex 24.031572345147655 -0.49535168753098757 34.449999999999996
      vertex 54.47723283945631 5.3124686650411626 34.449999999999996
      vertex 54.020906880701816 6.208058785627445 34.449999999999996
    endloop
  endfacet
  facet normal 0 0 1
    outer loop
      vertex 24.031572345147655 -0.49535168753098757 34.449999999999996
      vertex 53.509246808032245 7.0732287196639465 34.449999999999996
      vertex 52.94427190999916 7.90456403667957 34.449999999999996
    endloop
  endfacet
  facet normal 0 0 1
    outer loop
      vertex 24.031572345147655 -0.49535168753098757 34.449999999999996
      vertex 52.94427190999916 7.90456403667957 34.449999999999996
      vertex 52.328211884412624 8.698783835979036 34.449999999999996
    endloop
  endfacet
  facet normal 0 0 1
    outer loop
      vertex 24.031572345147655 -0.49535168753098757 34.449999999999996
      vertex 52.328211884412624 8.698783835979036 34.449999999999996
      vertex 51.66349803874259 9.45275369485902 34.449999999999996
    endloop
  endfacet
  facet normal 0 0 1
    outer loop
      vertex 24.031572345147655 -0.49535168753098757 34.449999999999996
      vertex 50.95275369485902 10.163498038742585 34.449999999999996
      vertex 50.198783835979036 10.828211884412626 34.449999999999996
    endloop
  endfacet
  facet normal 0 0 1
    outer loop
      vertex 24.031572345147655 -0.49535168753098757 34.449999999999996
      vertex 51.66349803874259 9.45275369485902 34.449999999999996
      vertex 50.95275369485902 10.163498038742585 34.449999999999996
    endloop
  endfacet
  facet normal 0 0 1
    outer loop
      vertex 24.031572345147655 -0.49535168753098757 34.449999999999996
      vertex 50.198783835979036 10.828211884412626 34.449999999999996
      vertex 49.404564036679574 11.44427190999916 34.449999999999996
    endloop
  endfacet
  facet normal 0 0 1
    outer loop
      vertex 24.031572345147655 -0.49535168753098757 34.449999999999996
      vertex 49.404564036679574 11.44427190999916 34.449999999999996
      vertex 48.573228719663945 12.009246808032241 34.449999999999996
    endloop
  endfacet
  facet normal 0 0 1
    outer loop
      vertex 24.031572345147655 -0.49535168753098757 34.449999999999996
      vertex 47.70805878562744 12.520906880701817 34.449999999999996
      vertex 46.812468665041166 12.977232839456311 34.449999999999996
    endloop
  endfacet
  facet normal 0 0 1
    outer loop
      vertex 24.031572345147655 -0.49535168753098757 34.449999999999996
      vertex 48.573228719663945 12.009246808032241 34.449999999999996
      vertex 47.70805878562744 12.520906880701817 34.449999999999996
    endloop
  endfacet
  facet normal -0.9891477331192993 -0.09350198992767163 0.11333198994333858
    outer loop
      vertex 55.96842765485235 -0.495351687530986 34.449999999999996
      vertex 56.865949922346125 2.1306649705931724 44.449999999999996
      vertex 55.87383522103165 0.5053317370288681 34.449999999999996
    endloop
  endfacet
  facet normal -0.9802512215247001 -0.1552565410986328 0.12248652638319799
    outer loop
      vertex 55.87383522103165 0.5053317370288681 34.449999999999996
      vertex 56.865949922346125 2.1306649705931724 44.449999999999996
      vertex 55.71659601165902 1.498101033371594 34.449999999999996
    endloop
  endfacet
  facet normal -0.950782543008379 -0.27622786365580093 0.14039488327810293
    outer loop
      vertex 55.4973305780581 2.4790381946376767 34.449999999999996
      vertex 56.46591373918673 4.227728081802532 44.449999999999996
      vertex 55.21690426072246 3.4442719099991583 34.449999999999996
    endloop
  endfacet
  facet normal -0.9674395175793202 -0.21624835278022317 0.13151969337605735
    outer loop
      vertex 55.71659601165902 1.498101033371594 34.449999999999996
      vertex 56.46591373918673 4.227728081802532 44.449999999999996
      vertex 55.4973305780581 2.4790381946376767 34.449999999999996
    endloop
  endfacet
  facet normal -0.9891477331192993 -0.09350198992767203 0.11333198994333869
    outer loop
      vertex 55.96842765485235 -0.495351687530986 34.449999999999996
      vertex 56.96645438328062 1.0674388319983272 44.449999999999996
      vertex 56.865949922346125 2.1306649705931724 44.449999999999996
    endloop
  endfacet
  facet normal -0.9802512215247001 -0.15525654109863238 0.12248652638319794
    outer loop
      vertex 55.71659601165902 1.498101033371594 34.449999999999996
      vertex 56.865949922346125 2.1306649705931724 44.449999999999996
      vertex 56.69888326238771 3.1854823479573184 44.449999999999996
    endloop
  endfacet
  facet normal -0.9674395175793211 -0.21624835278021995 0.13151969337605654
    outer loop
      vertex 55.71659601165902 1.498101033371594 34.449999999999996
      vertex 56.69888326238771 3.1854823479573184 44.449999999999996
      vertex 56.46591373918673 4.227728081802532 44.449999999999996
    endloop
  endfacet
  facet normal -0.950782543008378 -0.276227863655804 0.14039488327810307
    outer loop
      vertex 55.21690426072246 3.4442719099991583 34.449999999999996
      vertex 56.46591373918673 4.227728081802532 44.449999999999996
      vertex 56.16796077701761 5.253288904374106 44.449999999999996
    endloop
  endfacet
  facet normal -0.813387399028556 -0.5527775055644829 0.1812124952741083
    outer loop
      vertex 53.509246808032245 7.0732287196639465 34.449999999999996
      vertex 53.7532889043741 9.992349288972044 44.449999999999996
      vertex 52.94427190999916 7.90456403667957 34.449999999999996
    endloop
  endfacet
  facet normal -0.9303670268507871 -0.33495274017611976 0.14907668227236426
    outer loop
      vertex 55.21690426072246 3.4442719099991583 34.449999999999996
      vertex 55.80620026010027 6.258117395639526 44.449999999999996
      vertex 54.87642377421202 4.389992842954848 34.449999999999996
    endloop
  endfacet
  facet normal -0.9062955740733606 -0.39218911619935587 0.15753104313057242
    outer loop
      vertex 54.47723283945631 5.3124686650411626 34.449999999999996
      vertex 54.87642377421202 4.389992842954848 34.449999999999996
      vertex 55.38205989192233 7.238247956606235 44.449999999999996
    endloop
  endfacet
  facet normal -0.8786856257324771 -0.44771268841563605 0.1657254348697539
    outer loop
      vertex 54.020906880701816 6.208058785627445 34.449999999999996
      vertex 54.47723283945631 5.3124686650411626 34.449999999999996
      vertex 54.89721356074568 8.189812459729161 44.449999999999996
    endloop
  endfacet
  facet normal -0.8476683368524712 -0.5013096569480778 0.17362896805650205
    outer loop
      vertex 54.020906880701816 6.208058785627445 34.449999999999996
      vertex 54.89721356074568 8.189812459729161 44.449999999999996
      vertex 53.509246808032245 7.0732287196639465 34.449999999999996
    endloop
  endfacet
  facet normal -0.9303670268507859 -0.33495274017612287 0.14907668227236506
    outer loop
      vertex 55.21690426072246 3.4442719099991583 34.449999999999996
      vertex 56.16796077701761 5.253288904374106 44.449999999999996
      vertex 55.80620026010027 6.258117395639526 44.449999999999996
    endloop
  endfacet
  facet normal -0.9062955740733614 -0.39218911619935387 0.15753104313057192
    outer loop
      vertex 54.87642377421202 4.389992842954848 34.449999999999996
      vertex 55.80620026010027 6.258117395639526 44.449999999999996
      vertex 55.38205989192233 7.238247956606235 44.449999999999996
    endloop
  endfacet
  facet normal -0.8786856257324794 -0.4477126884156317 0.16572543486975277
    outer loop
      vertex 54.47723283945631 5.3124686650411626 34.449999999999996
      vertex 55.38205989192233 7.238247956606235 44.449999999999996
      vertex 54.89721356074568 8.189812459729161 44.449999999999996
    endloop
  endfacet
  facet normal -0.8476683368524689 -0.5013096569480819 0.17362896805650216
    outer loop
      vertex 53.509246808032245 7.0732287196639465 34.449999999999996
      vertex 54.89721356074568 8.189812459729161 44.449999999999996
      vertex 54.35357473353426 9.109055514642943 44.449999999999996
    endloop
  endfacet
  facet normal -0.8133873990285544 -0.5527775055644849 0.18121249527410885
    outer loop
      vertex 53.509246808032245 7.0732287196639465 34.449999999999996
      vertex 54.35357473353426 9.109055514642943 44.449999999999996
      vertex 53.7532889043741 9.992349288972044 44.449999999999996
    endloop
  endfacet
  facet normal -0.44208839584364407 -0.8676473300446526 0.227477385528274
    outer loop
      vertex 47.70805878562744 12.520906880701817 34.449999999999996
      vertex 48.189812459729154 14.897213560745683 44.449999999999996
      vertex 46.812468665041166 12.977232839456311 34.449999999999996
    endloop
  endfacet
  facet normal -0.4961904290797472 -0.839012195258194 0.22327918464935875
    outer loop
      vertex 47.70805878562744 12.520906880701817 34.449999999999996
      vertex 48.573228719663945 12.009246808032241 34.449999999999996
      vertex 48.189812459729154 14.897213560745683 44.449999999999996
    endloop
  endfacet
  facet normal 0.03047379666629985 -0.969691932992058 0.2424229832480145
    outer loop
      vertex 38.995351687530984 14.468427654852345 34.449999999999996
      vertex 40 14.5 34.449999999999996
      vertex 38.932561168001676 16.966454383280617 44.449999999999996
    endloop
  endfacet
  facet normal -0.03047379666629985 -0.969691932992058 0.2424229832480145
    outer loop
      vertex 40 14.5 34.449999999999996
      vertex 41.004648312469016 14.468427654852345 34.449999999999996
      vertex 41.067438831998324 16.966454383280617 44.449999999999996
    endloop
  endfacet
  facet normal -0.09131381695074402 -0.965999280968991 0.24188256655095747
    outer loop
      vertex 41.004648312469016 14.468427654852345 34.449999999999996
      vertex 42.00533173702887 14.373835221031646 34.449999999999996
      vertex 42.13066497059317 16.865949922346125 44.449999999999996
    endloop
  endfacet
  facet normal -0.15183121905499786 -0.9586245892834464 0.24080319296350047
    outer loop
      vertex 42.00533173702887 14.373835221031646 34.449999999999996
      vertex 42.99810103337159 14.21659601165902 34.449999999999996
      vertex 42.13066497059317 16.865949922346125 44.449999999999996
    endloop
  endfacet
  facet normal -0.2118112686522318 -0.9475891442791265 0.23918779257371084
    outer loop
      vertex 42.99810103337159 14.21659601165902 34.449999999999996
      vertex 43.97903819463768 13.997330578058097 34.449999999999996
      vertex 44.22772808180253 16.46591373918673 44.449999999999996
    endloop
  endfacet
  facet normal -0.2710397756086165 -0.9329250268202132 0.2370407863017148
    outer loop
      vertex 43.97903819463768 13.997330578058097 34.449999999999996
      vertex 44.94427190999916 13.716904260722456 34.449999999999996
      vertex 44.22772808180253 16.46591373918673 44.449999999999996
    endloop
  endfacet
  facet normal -0.3293033659797184 -0.9146752863625401 0.23436811573256464
    outer loop
      vertex 44.94427190999916 13.716904260722456 34.449999999999996
      vertex 45.88999284295485 13.376423774212023 34.449999999999996
      vertex 46.25811739563952 15.806200260100276 44.449999999999996
    endloop
  endfacet
  facet normal -0.38638980671814316 -0.8928941605756068 0.23117728105135743
    outer loop
      vertex 45.88999284295485 13.376423774212023 34.449999999999996
      vertex 46.812468665041166 12.977232839456311 34.449999999999996
      vertex 46.25811739563952 15.806200260100276 44.449999999999996
    endloop
  endfacet
  facet normal -0.15183121905500022 -0.9586245892834463 0.24080319296350022
    outer loop
      vertex 42.99810103337159 14.21659601165902 34.449999999999996
      vertex 43.18548234795732 16.698883262387707 44.449999999999996
      vertex 42.13066497059317 16.865949922346125 44.449999999999996
    endloop
  endfacet
  facet normal -0.211811268652232 -0.9475891442791265 0.23918779257371084
    outer loop
      vertex 42.99810103337159 14.21659601165902 34.449999999999996
      vertex 44.22772808180253 16.46591373918673 44.449999999999996
      vertex 43.18548234795732 16.698883262387707 44.449999999999996
    endloop
  endfacet
  facet normal 0.030473796666299797 -0.9696919329920579 0.24242298324801448
    outer loop
      vertex 40 14.5 34.449999999999996
      vertex 40 17 44.449999999999996
      vertex 38.932561168001676 16.966454383280617 44.449999999999996
    endloop
  endfacet
  facet normal -0.030473796666299797 -0.9696919329920579 0.24242298324801448
    outer loop
      vertex 40 14.5 34.449999999999996
      vertex 41.067438831998324 16.966454383280617 44.449999999999996
      vertex 40 17 44.449999999999996
    endloop
  endfacet
  facet normal -0.09131381695074238 -0.9659992809689912 0.2418825665509573
    outer loop
      vertex 41.004648312469016 14.468427654852345 34.449999999999996
      vertex 42.13066497059317 16.865949922346125 44.449999999999996
      vertex 41.067438831998324 16.966454383280617 44.449999999999996
    endloop
  endfacet
  facet normal -0.27103977560861797 -0.9329250268202129 0.23704078630171463
    outer loop
      vertex 44.94427190999916 13.716904260722456 34.449999999999996
      vertex 45.2532889043741 16.16796077701761 44.449999999999996
      vertex 44.22772808180253 16.46591373918673 44.449999999999996
    endloop
  endfacet
  facet normal -0.32930336597971516 -0.9146752863625415 0.23436811573256447
    outer loop
      vertex 44.94427190999916 13.716904260722456 34.449999999999996
      vertex 46.25811739563952 15.806200260100276 44.449999999999996
      vertex 45.2532889043741 16.16796077701761 44.449999999999996
    endloop
  endfacet
  facet normal -0.3863898067181439 -0.8928941605756067 0.23117728105135735
    outer loop
      vertex 46.812468665041166 12.977232839456311 34.449999999999996
      vertex 47.23824795660624 15.382059891922331 44.449999999999996
      vertex 46.25811739563952 15.806200260100276 44.449999999999996
    endloop
  endfacet
  facet normal -0.4420883958436436 -0.8676473300446528 0.22747738552827396
    outer loop
      vertex 46.812468665041166 12.977232839456311 34.449999999999996
      vertex 48.189812459729154 14.897213560745683 44.449999999999996
      vertex 47.23824795660624 15.382059891922331 44.449999999999996
    endloop
  endfacet
  facet normal -0.4961904290797454 -0.839012195258195 0.2232791846493591
    outer loop
      vertex 48.573228719663945 12.009246808032241 34.449999999999996
      vertex 49.10905551464295 14.353574733534256 44.449999999999996
      vertex 48.189812459729154 14.897213560745683 44.449999999999996
    endloop
  endfacet
  facet normal -0.6468723525479955 -0.7337326573547508 0.20782816710002974
    outer loop
      vertex 50.198783835979036 10.828211884412626 34.449999999999996
      vertex 50.95275369485902 10.163498038742585 34.449999999999996
      vertex 50.836207825727726 13.098725127188416 44.449999999999996
    endloop
  endfacet
  facet normal -0.7759978345774811 -0.6019256209006223 0.1884486870064653
    outer loop
      vertex 52.94427190999916 7.90456403667957 34.449999999999996
      vertex 53.098725127188416 10.836207825727726 44.449999999999996
      vertex 52.328211884412624 8.698783835979036 34.449999999999996
    endloop
  endfacet
  facet normal -0.7356647879279418 -0.6485757547841888 0.19531208387874127
    outer loop
      vertex 51.66349803874259 9.45275369485902 34.449999999999996
      vertex 52.328211884412624 8.698783835979036 34.449999999999996
      vertex 53.098725127188416 10.836207825727726 44.449999999999996
    endloop
  endfacet
  facet normal -0.6925623379834447 -0.6925623379834481 0.2017791268040501
    outer loop
      vertex 51.66349803874259 9.45275369485902 34.449999999999996
      vertex 52.392466666164 11.637300800787708 44.449999999999996
      vertex 50.95275369485902 10.163498038742585 34.449999999999996
    endloop
  endfacet
  facet normal -0.5484897518180096 -0.8070781609853912 0.21859513766563302
    outer loop
      vertex 49.404564036679574 11.44427190999916 34.449999999999996
      vertex 49.992349288972044 13.753288904374106 44.449999999999996
      vertex 48.573228719663945 12.009246808032241 34.449999999999996
    endloop
  endfacet
  facet normal -0.5987834027418554 -0.7719469113366236 0.2134394590480683
    outer loop
      vertex 49.404564036679574 11.44427190999916 34.449999999999996
      vertex 50.198783835979036 10.828211884412626 34.449999999999996
      vertex 50.836207825727726 13.098725127188416 44.449999999999996
    endloop
  endfacet
  facet normal -0.7759978345774845 -0.6019256209006182 0.18844868700646414
    outer loop
      vertex 52.94427190999916 7.90456403667957 34.449999999999996
      vertex 53.7532889043741 9.992349288972044 44.449999999999996
      vertex 53.098725127188416 10.836207825727726 44.449999999999996
    endloop
  endfacet
  facet normal -0.6925623379834448 -0.692562337983448 0.2017791268040501
    outer loop
      vertex 50.95275369485902 10.163498038742585 34.449999999999996
      vertex 52.392466666164 11.637300800787708 44.449999999999996
      vertex 51.637300800787706 12.392466666163996 44.449999999999996
    endloop
  endfacet
  facet normal -0.7356647879279389 -0.6485757547841919 0.19531208387874127
    outer loop
      vertex 51.66349803874259 9.45275369485902 34.449999999999996
      vertex 53.098725127188416 10.836207825727726 44.449999999999996
      vertex 52.392466666164 11.637300800787708 44.449999999999996
    endloop
  endfacet
  facet normal -0.5484897518180135 -0.8070781609853885 0.2185951376656331
    outer loop
      vertex 48.573228719663945 12.009246808032241 34.449999999999996
      vertex 49.992349288972044 13.753288904374106 44.449999999999996
      vertex 49.10905551464295 14.353574733534256 44.449999999999996
    endloop
  endfacet
  facet normal -0.5987834027418527 -0.7719469113366257 0.21343945904806821
    outer loop
      vertex 49.404564036679574 11.44427190999916 34.449999999999996
      vertex 50.836207825727726 13.098725127188416 44.449999999999996
      vertex 49.992349288972044 13.753288904374106 44.449999999999996
    endloop
  endfacet
  facet normal -0.6468723525479975 -0.7337326573547491 0.20782816710002922
    outer loop
      vertex 50.95275369485902 10.163498038742585 34.449999999999996
      vertex 51.637300800787706 12.392466666163996 44.449999999999996
      vertex 50.836207825727726 13.098725127188416 44.449999999999996
    endloop
  endfacet
endsolid OpenSCAD_Model
