solid OpenSCAD_Model
  facet normal -0.7501110696304591 -0.6613118653236522 0
    outer loop
      vertex -11.172442020248946 -9.242647851355999 0
      vertex -10.57004509761047 -9.925933035965983 0
      vertex -11.172442020248946 -9.242647851355999 3.4
    endloop
  endfacet
  facet normal -0.8270805742745618 -0.5620833778521305 0
    outer loop
      vertex -12.242754919779218 -7.769488527195452 0
      vertex -11.730746418436738 -8.52288615824086 0
      vertex -12.242754919779218 -7.769488527195452 3.4
    endloop
  endfacet
  facet normal -0.7901550123756907 -0.612907053652976 5.856977419356803e-18
    outer loop
      vertex -11.172442020248946 -9.242647851355999 0
      vertex -11.730746418436738 -8.52288615824086 3.4
      vertex -11.730746418436738 -8.52288615824086 0
    endloop
  endfacet
  facet normal -0.6613118653236522 -0.7501110696304591 0
    outer loop
      vertex -9.242647851355999 -11.172442020248946 0
      vertex -9.242647851355999 -11.172442020248946 3.4
      vertex -9.925933035965983 -10.57004509761047 0
    endloop
  endfacet
  facet normal -0.612907053652976 -0.7901550123756907 5.856977419356803e-18
    outer loop
      vertex -9.242647851355999 -11.172442020248946 0
      vertex -8.52288615824086 -11.730746418436738 0
      vertex -8.52288615824086 -11.730746418436738 3.4
    endloop
  endfacet
  facet normal -0.5620833778521305 -0.8270805742745618 -4.892855109207315e-18
    outer loop
      vertex -8.52288615824086 -11.730746418436738 0
      vertex -7.769488527195452 -12.242754919779218 0
      vertex -7.769488527195452 -12.242754919779218 3.4
    endloop
  endfacet
  facet normal 0 0 -1
    outer loop
      vertex -9.242647851355999 -11.172442020248946 0
      vertex -9.925933035965983 -10.57004509761047 0
      vertex -9.048270524660197 -4.257792915650724 0
    endloop
  endfacet
  facet normal 0 0 -1
    outer loop
      vertex -9.242647851355999 -11.172442020248946 0
      vertex -8.44327925502015 -5.358267949789966 0
      vertex -8.52288615824086 -11.730746418436738 0
    endloop
  endfacet
  facet normal 0 0 -1
    outer loop
      vertex -8.52288615824086 -11.730746418436738 0
      vertex -7.705132427757894 -6.374239897486897 0
      vertex -7.769488527195452 -12.242754919779218 0
    endloop
  endfacet
  facet normal 0 0 -1
    outer loop
      vertex -8.52288615824086 -11.730746418436738 0
      vertex -8.44327925502015 -5.358267949789966 0
      vertex -8.090169943749475 -5.877852522924732 0
    endloop
  endfacet
  facet normal 0 0 -1
    outer loop
      vertex -7.769488527195452 -12.242754919779218 0
      vertex -7.289686274214117 -6.845471059286885 0
      vertex -6.845471059286885 -7.289686274214117 0
    endloop
  endfacet
  facet normal 0 0 -1
    outer loop
      vertex -7.769488527195452 -12.242754919779218 0
      vertex -7.705132427757894 -6.374239897486897 0
      vertex -7.289686274214117 -6.845471059286885 0
    endloop
  endfacet
  facet normal 0 0 -1
    outer loop
      vertex -8.52288615824086 -11.730746418436738 0
      vertex -8.090169943749475 -5.877852522924732 0
      vertex -7.705132427757894 -6.374239897486897 0
    endloop
  endfacet
  facet normal -0.7071067811865476 -0.7071067811865476 0
    outer loop
      vertex -10.57004509761047 -9.925933035965983 0
      vertex -9.925933035965983 -10.57004509761047 0
      vertex -10.57004509761047 -9.925933035965983 3.4
    endloop
  endfacet
  facet normal -0.8270805742745618 -0.5620833778521305 0
    outer loop
      vertex -11.730746418436738 -8.52288615824086 0
      vertex -11.730746418436738 -8.52288615824086 3.4
      vertex -12.242754919779218 -7.769488527195452 3.4
    endloop
  endfacet
  facet normal -0.8607420270039436 -0.5090414157503712 0
    outer loop
      vertex -12.242754919779218 -7.769488527195452 0
      vertex -12.242754919779218 -7.769488527195452 3.4
      vertex -12.70644686063602 -6.985428274474873 3.4
    endloop
  endfacet
  facet normal -0.7901550123756907 -0.612907053652976 0
    outer loop
      vertex -11.172442020248946 -9.242647851355999 0
      vertex -11.172442020248946 -9.242647851355999 3.4
      vertex -11.730746418436738 -8.52288615824086 3.4
    endloop
  endfacet
  facet normal -0.5620833778521305 -0.8270805742745618 0
    outer loop
      vertex -8.52288615824086 -11.730746418436738 0
      vertex -7.769488527195452 -12.242754919779218 3.4
      vertex -8.52288615824086 -11.730746418436738 3.4
    endloop
  endfacet
  facet normal -0.612907053652976 -0.7901550123756907 0
    outer loop
      vertex -9.242647851355999 -11.172442020248946 0
      vertex -8.52288615824086 -11.730746418436738 3.4
      vertex -9.242647851355999 -11.172442020248946 3.4
    endloop
  endfacet
  facet normal -0.5090414157503712 -0.8607420270039436 0
    outer loop
      vertex -7.769488527195452 -12.242754919779218 0
      vertex -6.985428274474873 -12.70644686063602 3.4
      vertex -7.769488527195452 -12.242754919779218 3.4
    endloop
  endfacet
  facet normal -0.7071067811865476 -0.7071067811865476 0
    outer loop
      vertex -9.925933035965983 -10.57004509761047 0
      vertex -9.925933035965983 -10.57004509761047 3.4
      vertex -10.57004509761047 -9.925933035965983 3.4
    endloop
  endfacet
  facet normal -0.7501110696304591 -0.6613118653236522 0
    outer loop
      vertex -10.57004509761047 -9.925933035965983 0
      vertex -10.57004509761047 -9.925933035965983 3.4
      vertex -11.172442020248946 -9.242647851355999 3.4
    endloop
  endfacet
  facet normal -0.6613118653236522 -0.7501110696304591 0
    outer loop
      vertex -9.925933035965983 -10.57004509761047 0
      vertex -9.242647851355999 -11.172442020248946 3.4
      vertex -9.925933035965983 -10.57004509761047 3.4
    endloop
  endfacet
  facet normal -0.8910065241883679 -0.4539904997395468 1.7474404834355206e-18
    outer loop
      vertex -12.70644686063602 -6.985428274474873 0
      vertex -13.119992260757284 -6.173799727693551 3.4
      vertex -13.119992260757284 -6.173799727693551 0
    endloop
  endfacet
  facet normal -0.9177546256839806 -0.3971478906347819 -3.3720234127617602e-18
    outer loop
      vertex -13.119992260757284 -6.173799727693551 0
      vertex -13.481759045379647 -5.337806013927829 3.4
      vertex -13.481759045379647 -5.337806013927829 0
    endloop
  endfacet
  facet normal -0.9408807689542261 -0.33873792024528954 0
    outer loop
      vertex -13.790319486279726 -4.480746418436738 0
      vertex -13.481759045379647 -5.337806013927829 0
      vertex -13.790319486279726 -4.480746418436738 3.4
    endloop
  endfacet
  facet normal -0.9602936856769431 -0.2789911060392297 2.663688349870091e-18
    outer loop
      vertex -13.790319486279726 -4.480746418436738 0
      vertex -14.04445583636515 -3.6060033638903954 3.4
      vertex -14.04445583636515 -3.6060033638903954 0
    endloop
  endfacet
  facet normal -0.8607420270039436 -0.5090414157503712 -3.342263843504254e-18
    outer loop
      vertex -12.242754919779218 -7.769488527195452 0
      vertex -12.70644686063602 -6.985428274474873 3.4
      vertex -12.70644686063602 -6.985428274474873 0
    endloop
  endfacet
  facet normal 0 0 -1
    outer loop
      vertex -12.70644686063602 -6.985428274474873 0
      vertex -13.119992260757284 -6.173799727693551 0
      vertex -12.70644686063602 6.985428274474873 0
    endloop
  endfacet
  facet normal 0 0 -1
    outer loop
      vertex -13.790319486279726 -4.480746418436738 0
      vertex -14.04445583636515 -3.6060033638903954 0
      vertex -13.790319486279726 4.480746418436738 0
    endloop
  endfacet
  facet normal 0 0 -1
    outer loop
      vertex -14.243165135565985 -2.71702906149301 0
      vertex -14.38566316905993 -1.8173318866824089 0
      vertex -14.243165135565985 2.71702906149301 0
    endloop
  endfacet
  facet normal 0 0 -1
    outer loop
      vertex -14.04445583636515 -3.6060033638903954 0
      vertex -14.243165135565985 -2.71702906149301 0
      vertex -14.04445583636515 3.6060033638903954 0
    endloop
  endfacet
  facet normal 0 0 -1
    outer loop
      vertex -14.38566316905993 -1.8173318866824089 0
      vertex -14.471387562209937 -0.9104625331750426 0
      vertex -14.38566316905993 1.8173318866824089 0
    endloop
  endfacet
  facet normal 0 0 -1
    outer loop
      vertex -13.790319486279726 -4.480746418436738 0
      vertex -13.481759045379647 5.337806013927829 0
      vertex -13.481759045379647 -5.337806013927829 0
    endloop
  endfacet
  facet normal 0 0 -1
    outer loop
      vertex -13.119992260757284 -6.173799727693551 0
      vertex -13.481759045379647 -5.337806013927829 0
      vertex -13.119992260757284 6.173799727693551 0
    endloop
  endfacet
  facet normal 0 0 -1
    outer loop
      vertex -12.242754919779218 -7.769488527195452 0
      vertex -12.70644686063602 -6.985428274474873 0
      vertex -12.242754919779218 7.769488527195452 0
    endloop
  endfacet
  facet normal 0 0 -1
    outer loop
      vertex -12.242754919779218 -7.769488527195452 0
      vertex -11.730746418436738 8.52288615824086 0
      vertex -11.730746418436738 -8.52288615824086 0
    endloop
  endfacet
  facet normal 0 0 -1
    outer loop
      vertex -11.172442020248946 -9.242647851355999 0
      vertex -11.730746418436738 -8.52288615824086 0
      vertex -11.172442020248946 9.242647851355999 0
    endloop
  endfacet
  facet normal -0.9759167619387474 -0.21814324139654218 -5.441545821105452e-19
    outer loop
      vertex -14.04445583636515 -3.6060033638903954 0
      vertex -14.243165135565985 -2.71702906149301 3.4
      vertex -14.243165135565985 -2.71702906149301 0
    endloop
  endfacet
  facet normal -0.9876883405951374 -0.15643446504023262 4.2252396322379744e-19
    outer loop
      vertex -14.243165135565985 -2.71702906149301 0
      vertex -14.38566316905993 -1.8173318866824089 3.4
      vertex -14.38566316905993 -1.8173318866824089 0
    endloop
  endfacet
  facet normal -0.9955619646030801 -0.09410831331851277 9.26640842519693e-19
    outer loop
      vertex -14.38566316905993 -1.8173318866824089 0
      vertex -14.471387562209937 -0.9104625331750426 3.4
      vertex -14.471387562209937 -0.9104625331750426 0
    endloop
  endfacet
  facet normal -0.9995065603657315 -0.03141075907812875 4.1028281532872565e-19
    outer loop
      vertex -14.471387562209937 -0.9104625331750426 0
      vertex -14.5 0 3.4
      vertex -14.5 0 0
    endloop
  endfacet
  facet normal 0 0 -1
    outer loop
      vertex -10.57004509761047 -9.925933035965983 0
      vertex -9.921147013144779 -1.2533323356430406 0
      vertex -9.925933035965983 -10.57004509761047 0
    endloop
  endfacet
  facet normal 0 0 -1
    outer loop
      vertex -9.925933035965983 -10.57004509761047 0
      vertex -9.510565162951535 -3.090169943749474 0
      vertex -9.297764858882514 -3.6812455268467787 0
    endloop
  endfacet
  facet normal 0 0 -1
    outer loop
      vertex -9.925933035965983 -10.57004509761047 0
      vertex -9.297764858882514 -3.6812455268467787 0
      vertex -9.048270524660197 -4.257792915650724 0
    endloop
  endfacet
  facet normal 0 0 -1
    outer loop
      vertex -10.57004509761047 -9.925933035965983 0
      vertex -9.980267284282716 -0.6279051952931327 0
      vertex -9.921147013144779 -1.2533323356430406 0
    endloop
  endfacet
  facet normal 0 0 -1
    outer loop
      vertex -9.925933035965983 -10.57004509761047 0
      vertex -9.68583161128631 -2.4868988716485485 0
      vertex -9.510565162951535 -3.090169943749474 0
    endloop
  endfacet
  facet normal 0 0 -1
    outer loop
      vertex -9.925933035965983 -10.57004509761047 0
      vertex -9.822872507286887 -1.8738131458572482 0
      vertex -9.68583161128631 -2.4868988716485485 0
    endloop
  endfacet
  facet normal 0 0 -1
    outer loop
      vertex -9.925933035965983 -10.57004509761047 0
      vertex -9.921147013144779 -1.2533323356430406 0
      vertex -9.822872507286887 -1.8738131458572482 0
    endloop
  endfacet
  facet normal 0 0 -1
    outer loop
      vertex -9.242647851355999 -11.172442020248946 0
      vertex -8.763066800438635 -4.817536741017154 0
      vertex -8.44327925502015 -5.358267949789966 0
    endloop
  endfacet
  facet normal 0 0 -1
    outer loop
      vertex -9.242647851355999 -11.172442020248946 0
      vertex -9.048270524660197 -4.257792915650724 0
      vertex -8.763066800438635 -4.817536741017154 0
    endloop
  endfacet
  facet normal 0 0 -1
    outer loop
      vertex -11.172442020248946 -9.242647851355999 0
      vertex -10.57004509761047 9.925933035965983 0
      vertex -10.57004509761047 -9.925933035965983 0
    endloop
  endfacet
  facet normal 0 0 -1
    outer loop
      vertex -10.57004509761047 -9.925933035965983 0
      vertex -10 0 0
      vertex -9.980267284282716 -0.6279051952931327 0
    endloop
  endfacet
  facet normal -0.8910065241883679 -0.4539904997395468 0
    outer loop
      vertex -12.70644686063602 -6.985428274474873 0
      vertex -12.70644686063602 -6.985428274474873 3.4
      vertex -13.119992260757284 -6.173799727693551 3.4
    endloop
  endfacet
  facet normal -0.9177546256839806 -0.3971478906347819 0
    outer loop
      vertex -13.119992260757284 -6.173799727693551 0
      vertex -13.119992260757284 -6.173799727693551 3.4
      vertex -13.481759045379647 -5.337806013927829 3.4
    endloop
  endfacet
  facet normal -0.9602936856769431 -0.2789911060392297 0
    outer loop
      vertex -13.790319486279726 -4.480746418436738 0
      vertex -13.790319486279726 -4.480746418436738 3.4
      vertex -14.04445583636515 -3.6060033638903954 3.4
    endloop
  endfacet
  facet normal -0.9408807689542261 -0.33873792024528954 0
    outer loop
      vertex -13.481759045379647 -5.337806013927829 0
      vertex -13.481759045379647 -5.337806013927829 3.4
      vertex -13.790319486279726 -4.480746418436738 3.4
    endloop
  endfacet
  facet normal -0.9759167619387474 -0.21814324139654218 0
    outer loop
      vertex -14.04445583636515 -3.6060033638903954 0
      vertex -14.04445583636515 -3.6060033638903954 3.4
      vertex -14.243165135565985 -2.71702906149301 3.4
    endloop
  endfacet
  facet normal -0.9876883405951374 -0.15643446504023262 0
    outer loop
      vertex -14.243165135565985 -2.71702906149301 0
      vertex -14.243165135565985 -2.71702906149301 3.4
      vertex -14.38566316905993 -1.8173318866824089 3.4
    endloop
  endfacet
  facet normal -0.9955619646030801 -0.09410831331851277 0
    outer loop
      vertex -14.38566316905993 -1.8173318866824089 0
      vertex -14.38566316905993 -1.8173318866824089 3.4
      vertex -14.471387562209937 -0.9104625331750426 3.4
    endloop
  endfacet
  facet normal -0.9995065603657315 -0.03141075907812875 0
    outer loop
      vertex -14.471387562209937 -0.9104625331750426 0
      vertex -14.471387562209937 -0.9104625331750426 3.4
      vertex -14.5 0 3.4
    endloop
  endfacet
  facet normal 0 0 1
    outer loop
      vertex -13.119992260757284 -6.173799727693551 3.4
      vertex -13.481759045379647 5.337806013927829 3.4
      vertex -13.481759045379647 -5.337806013927829 3.4
    endloop
  endfacet
  facet normal 0 0 1
    outer loop
      vertex -12.70644686063602 -6.985428274474873 3.4
      vertex -13.119992260757284 6.173799727693551 3.4
      vertex -13.119992260757284 -6.173799727693551 3.4
    endloop
  endfacet
  facet normal 0 0 1
    outer loop
      vertex -14.04445583636515 -3.6060033638903954 3.4
      vertex -14.243165135565985 2.71702906149301 3.4
      vertex -14.243165135565985 -2.71702906149301 3.4
    endloop
  endfacet
  facet normal 0 0 1
    outer loop
      vertex -13.790319486279726 -4.480746418436738 3.4
      vertex -14.04445583636515 3.6060033638903954 3.4
      vertex -14.04445583636515 -3.6060033638903954 3.4
    endloop
  endfacet
  facet normal 0 0 1
    outer loop
      vertex -13.790319486279726 -4.480746418436738 3.4
      vertex -13.481759045379647 -5.337806013927829 3.4
      vertex -13.790319486279726 4.480746418436738 3.4
    endloop
  endfacet
  facet normal 0 0 1
    outer loop
      vertex -14.243165135565985 -2.71702906149301 3.4
      vertex -14.38566316905993 1.8173318866824089 3.4
      vertex -14.38566316905993 -1.8173318866824089 3.4
    endloop
  endfacet
  facet normal 0 0 1
    outer loop
      vertex -14.38566316905993 -1.8173318866824089 3.4
      vertex -14.471387562209937 0.9104625331750426 3.4
      vertex -14.471387562209937 -0.9104625331750426 3.4
    endloop
  endfacet
  facet normal 0 0 1
    outer loop
      vertex -12.242754919779218 -7.769488527195452 3.4
      vertex -11.730746418436738 -8.52288615824086 3.4
      vertex -12.242754919779218 7.769488527195452 3.4
    endloop
  endfacet
  facet normal 0 0 1
    outer loop
      vertex -12.242754919779218 -7.769488527195452 3.4
      vertex -12.70644686063602 6.985428274474873 3.4
      vertex -12.70644686063602 -6.985428274474873 3.4
    endloop
  endfacet
  facet normal 0 0 1
    outer loop
      vertex -11.172442020248946 -9.242647851355999 3.4
      vertex -11.730746418436738 8.52288615824086 3.4
      vertex -11.730746418436738 -8.52288615824086 3.4
    endloop
  endfacet
  facet normal 0 0 1
    outer loop
      vertex -11.172442020248946 -9.242647851355999 3.4
      vertex -10.57004509761047 -9.925933035965983 3.4
      vertex -11.172442020248946 9.242647851355999 3.4
    endloop
  endfacet
  facet normal 0 0 1
    outer loop
      vertex -9.242647851355999 -11.172442020248946 3.4
      vertex -9.925933035965983 10.57004509761047 3.4
      vertex -9.925933035965983 -10.57004509761047 3.4
    endloop
  endfacet
  facet normal 0 0 1
    outer loop
      vertex -9.242647851355999 -11.172442020248946 3.4
      vertex -8.52288615824086 -11.730746418436738 3.4
      vertex -9.242647851355999 11.172442020248946 3.4
    endloop
  endfacet
  facet normal 0 0 1
    outer loop
      vertex -8.52288615824086 -11.730746418436738 3.4
      vertex -7.769488527195452 -12.242754919779218 3.4
      vertex -8.52288615824086 11.730746418436738 3.4
    endloop
  endfacet
  facet normal 0 0 1
    outer loop
      vertex -7.769488527195452 -12.242754919779218 3.4
      vertex -6.985428274474873 -12.70644686063602 3.4
      vertex -7.769488527195452 12.242754919779218 3.4
    endloop
  endfacet
  facet normal 0 0 1
    outer loop
      vertex -10.57004509761047 -9.925933035965983 3.4
      vertex -9.925933035965983 -10.57004509761047 3.4
      vertex -10.57004509761047 9.925933035965983 3.4
    endloop
  endfacet
  facet normal 0 0 -1
    outer loop
      vertex -6.985428274474873 -12.70644686063602 0
      vertex -5.877852522924732 -8.090169943749475 0
      vertex -6.173799727693551 -13.119992260757284 0
    endloop
  endfacet
  facet normal 0 0 -1
    outer loop
      vertex -6.173799727693551 -13.119992260757284 0
      vertex -4.817536741017154 -8.763066800438635 0
      vertex -5.337806013927829 -13.481759045379647 0
    endloop
  endfacet
  facet normal 0 0 -1
    outer loop
      vertex -5.337806013927829 -13.481759045379647 0
      vertex -4.257792915650724 -9.048270524660197 0
      vertex -4.480746418436738 -13.790319486279726 0
    endloop
  endfacet
  facet normal 0 0 -1
    outer loop
      vertex -4.480746418436738 -13.790319486279726 0
      vertex -3.090169943749474 -9.510565162951535 0
      vertex -3.6060033638903954 -14.04445583636515 0
    endloop
  endfacet
  facet normal -0.4539904997395468 -0.8910065241883679 1.7474404834355206e-18
    outer loop
      vertex -6.985428274474873 -12.70644686063602 0
      vertex -6.173799727693551 -13.119992260757284 0
      vertex -6.173799727693551 -13.119992260757284 3.4
    endloop
  endfacet
  facet normal -0.3971478906347819 -0.9177546256839806 -3.3720234127617602e-18
    outer loop
      vertex -6.173799727693551 -13.119992260757284 0
      vertex -5.337806013927829 -13.481759045379647 0
      vertex -5.337806013927829 -13.481759045379647 3.4
    endloop
  endfacet
  facet normal -0.5090414157503712 -0.8607420270039436 -3.342263843504254e-18
    outer loop
      vertex -7.769488527195452 -12.242754919779218 0
      vertex -6.985428274474873 -12.70644686063602 0
      vertex -6.985428274474873 -12.70644686063602 3.4
    endloop
  endfacet
  facet normal -0.33873792024528954 -0.9408807689542261 8.708076046275986e-18
    outer loop
      vertex -5.337806013927829 -13.481759045379647 0
      vertex -4.480746418436738 -13.790319486279726 0
      vertex -4.480746418436738 -13.790319486279726 3.4
    endloop
  endfacet
  facet normal -0.2789911060392297 -0.9602936856769431 2.663688349870091e-18
    outer loop
      vertex -4.480746418436738 -13.790319486279726 0
      vertex -3.6060033638903954 -14.04445583636515 0
      vertex -3.6060033638903954 -14.04445583636515 3.4
    endloop
  endfacet
  facet normal 0 0 -1
    outer loop
      vertex -7.769488527195452 -12.242754919779218 0
      vertex -6.845471059286885 -7.289686274214117 0
      vertex -6.985428274474873 -12.70644686063602 0
    endloop
  endfacet
  facet normal 0 0 -1
    outer loop
      vertex -6.985428274474873 -12.70644686063602 0
      vertex -6.845471059286885 -7.289686274214117 0
      vertex -6.374239897486897 -7.705132427757894 0
    endloop
  endfacet
  facet normal 0 0 -1
    outer loop
      vertex -6.985428274474873 -12.70644686063602 0
      vertex -6.374239897486897 -7.705132427757894 0
      vertex -5.877852522924732 -8.090169943749475 0
    endloop
  endfacet
  facet normal 0 0 -1
    outer loop
      vertex -6.173799727693551 -13.119992260757284 0
      vertex -5.358267949789966 -8.44327925502015 0
      vertex -4.817536741017154 -8.763066800438635 0
    endloop
  endfacet
  facet normal 0 0 -1
    outer loop
      vertex -6.173799727693551 -13.119992260757284 0
      vertex -5.877852522924732 -8.090169943749475 0
      vertex -5.358267949789966 -8.44327925502015 0
    endloop
  endfacet
  facet normal 0 0 -1
    outer loop
      vertex -5.337806013927829 -13.481759045379647 0
      vertex -4.817536741017154 -8.763066800438635 0
      vertex -4.257792915650724 -9.048270524660197 0
    endloop
  endfacet
  facet normal 0 0 -1
    outer loop
      vertex -4.480746418436738 -13.790319486279726 0
      vertex -4.257792915650724 -9.048270524660197 0
      vertex -3.6812455268467787 -9.297764858882514 0
    endloop
  endfacet
  facet normal 0 0 -1
    outer loop
      vertex -4.480746418436738 -13.790319486279726 0
      vertex -3.6812455268467787 -9.297764858882514 0
      vertex -3.090169943749474 -9.510565162951535 0
    endloop
  endfacet
  facet normal 0 0 -1
    outer loop
      vertex -2.71702906149301 -14.243165135565985 0
      vertex -1.2533323356430406 -9.921147013144779 0
      vertex -1.8173318866824089 -14.38566316905993 0
    endloop
  endfacet
  facet normal 0 0 -1
    outer loop
      vertex -3.6060033638903954 -14.04445583636515 0
      vertex -2.4868988716485485 -9.68583161128631 0
      vertex -2.71702906149301 -14.243165135565985 0
    endloop
  endfacet
  facet normal 0 0 -1
    outer loop
      vertex -3.6060033638903954 -14.04445583636515 0
      vertex -3.090169943749474 -9.510565162951535 0
      vertex -2.4868988716485485 -9.68583161128631 0
    endloop
  endfacet
  facet normal 0 0 -1
    outer loop
      vertex -2.71702906149301 -14.243165135565985 0
      vertex -2.4868988716485485 -9.68583161128631 0
      vertex -1.8738131458572482 -9.822872507286887 0
    endloop
  endfacet
  facet normal 0 0 -1
    outer loop
      vertex -2.71702906149301 -14.243165135565985 0
      vertex -1.8738131458572482 -9.822872507286887 0
      vertex -1.2533323356430406 -9.921147013144779 0
    endloop
  endfacet
  facet normal 0 0 -1
    outer loop
      vertex -1.8173318866824089 -14.38566316905993 0
      vertex -0.6279051952931376 -9.980267284282716 0
      vertex -0.9104625331750495 -14.471387562209937 0
    endloop
  endfacet
  facet normal 0 0 -1
    outer loop
      vertex -0.9104625331750495 -14.471387562209937 0
      vertex -0.6279051952931376 -9.980267284282716 0
      vertex 0 -14.5 0
    endloop
  endfacet
  facet normal 0 0 -1
    outer loop
      vertex -1.8173318866824089 -14.38566316905993 0
      vertex -1.2533323356430406 -9.921147013144779 0
      vertex -0.6279051952931376 -9.980267284282716 0
    endloop
  endfacet
  facet normal 0 0 -1
    outer loop
      vertex -0.6279051952931376 -9.980267284282716 0
      vertex 0 -10 0
      vertex 0 -14.5 0
    endloop
  endfacet
  facet normal -0.21814324139654218 -0.9759167619387474 -5.441545821105452e-19
    outer loop
      vertex -3.6060033638903954 -14.04445583636515 0
      vertex -2.71702906149301 -14.243165135565985 0
      vertex -2.71702906149301 -14.243165135565985 3.4
    endloop
  endfacet
  facet normal -0.15643446504023262 -0.9876883405951374 4.2252396322379744e-19
    outer loop
      vertex -2.71702906149301 -14.243165135565985 0
      vertex -1.8173318866824089 -14.38566316905993 0
      vertex -1.8173318866824089 -14.38566316905993 3.4
    endloop
  endfacet
  facet normal -0.0941083133185135 -0.9955619646030801 1.845646455646674e-18
    outer loop
      vertex -1.8173318866824089 -14.38566316905993 0
      vertex -0.9104625331750495 -14.471387562209937 0
      vertex -0.9104625331750495 -14.471387562209937 3.4
    endloop
  endfacet
  facet normal -0.03141075907812851 -0.9995065603657315 -3.544656948913459e-19
    outer loop
      vertex -0.9104625331750495 -14.471387562209937 0
      vertex 0 -14.5 0
      vertex 0 -14.5 3.4
    endloop
  endfacet
  facet normal -0.4539904997395468 -0.8910065241883679 0
    outer loop
      vertex -6.985428274474873 -12.70644686063602 0
      vertex -6.173799727693551 -13.119992260757284 3.4
      vertex -6.985428274474873 -12.70644686063602 3.4
    endloop
  endfacet
  facet normal -0.3971478906347819 -0.9177546256839806 0
    outer loop
      vertex -6.173799727693551 -13.119992260757284 0
      vertex -5.337806013927829 -13.481759045379647 3.4
      vertex -6.173799727693551 -13.119992260757284 3.4
    endloop
  endfacet
  facet normal -0.33873792024528954 -0.9408807689542261 0
    outer loop
      vertex -5.337806013927829 -13.481759045379647 0
      vertex -4.480746418436738 -13.790319486279726 3.4
      vertex -5.337806013927829 -13.481759045379647 3.4
    endloop
  endfacet
  facet normal -0.2789911060392297 -0.9602936856769431 0
    outer loop
      vertex -4.480746418436738 -13.790319486279726 0
      vertex -3.6060033638903954 -14.04445583636515 3.4
      vertex -4.480746418436738 -13.790319486279726 3.4
    endloop
  endfacet
  facet normal -0.21814324139654218 -0.9759167619387474 0
    outer loop
      vertex -3.6060033638903954 -14.04445583636515 0
      vertex -2.71702906149301 -14.243165135565985 3.4
      vertex -3.6060033638903954 -14.04445583636515 3.4
    endloop
  endfacet
  facet normal -0.15643446504023262 -0.9876883405951374 0
    outer loop
      vertex -2.71702906149301 -14.243165135565985 0
      vertex -1.8173318866824089 -14.38566316905993 3.4
      vertex -2.71702906149301 -14.243165135565985 3.4
    endloop
  endfacet
  facet normal -0.0941083133185135 -0.9955619646030801 0
    outer loop
      vertex -1.8173318866824089 -14.38566316905993 0
      vertex -0.9104625331750495 -14.471387562209937 3.4
      vertex -1.8173318866824089 -14.38566316905993 3.4
    endloop
  endfacet
  facet normal -0.03141075907812851 -0.9995065603657315 0
    outer loop
      vertex -0.9104625331750495 -14.471387562209937 0
      vertex 0 -14.5 3.4
      vertex -0.9104625331750495 -14.471387562209937 3.4
    endloop
  endfacet
  facet normal 0 0 1
    outer loop
      vertex -1.8173318866824089 -14.38566316905993 3.4
      vertex -0.9104625331750495 -14.471387562209937 3.4
      vertex -5.9 7.083333333333333 3.4
    endloop
  endfacet
  facet normal 0 0 1
    outer loop
      vertex -0.9104625331750495 -14.471387562209937 3.4
      vertex 0 -14.5 3.4
      vertex -0.9 7.083333333333333 3.4
    endloop
  endfacet
  facet normal 0 0 1
    outer loop
      vertex -6.985428274474873 -12.70644686063602 3.4
      vertex -6.173799727693551 -13.119992260757284 3.4
      vertex -6.98542827447487 12.706446860636023 3.4
    endloop
  endfacet
  facet normal 0 0 1
    outer loop
      vertex -6.173799727693551 -13.119992260757284 3.4
      vertex -5.337806013927829 -13.481759045379647 3.4
      vertex -6.173799727693554 13.119992260757282 3.4
    endloop
  endfacet
  facet normal 0 0 1
    outer loop
      vertex -5.337806013927829 -13.481759045379647 3.4
      vertex -4.480746418436738 -13.790319486279726 3.4
      vertex -5.9 7.083333333333333 3.4
    endloop
  endfacet
  facet normal 0 0 1
    outer loop
      vertex -4.480746418436738 -13.790319486279726 3.4
      vertex -3.6060033638903954 -14.04445583636515 3.4
      vertex -5.9 7.083333333333333 3.4
    endloop
  endfacet
  facet normal 0 0 1
    outer loop
      vertex -3.6060033638903954 -14.04445583636515 3.4
      vertex -2.71702906149301 -14.243165135565985 3.4
      vertex -5.9 7.083333333333333 3.4
    endloop
  endfacet
  facet normal 0 0 1
    outer loop
      vertex -2.71702906149301 -14.243165135565985 3.4
      vertex -1.8173318866824089 -14.38566316905993 3.4
      vertex -5.9 7.083333333333333 3.4
    endloop
  endfacet
  facet normal 0 0 1
    outer loop
      vertex -0.9104625331750495 -14.471387562209937 3.4
      vertex -0.9 7.083333333333333 3.4
      vertex -5.9 7.083333333333333 3.4
    endloop
  endfacet
  facet normal 0 0 -1
    outer loop
      vertex -14.471387562209937 -0.9104625331750426 0
      vertex -14.5 0 0
      vertex -14.471387562209937 0.9104625331750426 0
    endloop
  endfacet
  facet normal 0 0 -1
    outer loop
      vertex -14.471387562209937 -0.9104625331750426 0
      vertex -14.471387562209937 0.9104625331750426 0
      vertex -14.38566316905993 1.8173318866824089 0
    endloop
  endfacet
  facet normal 0 0 -1
    outer loop
      vertex -14.38566316905993 -1.8173318866824089 0
      vertex -14.38566316905993 1.8173318866824089 0
      vertex -14.243165135565985 2.71702906149301 0
    endloop
  endfacet
  facet normal 0 0 -1
    outer loop
      vertex -14.243165135565985 -2.71702906149301 0
      vertex -14.243165135565985 2.71702906149301 0
      vertex -14.04445583636515 3.6060033638903954 0
    endloop
  endfacet
  facet normal 0 0 -1
    outer loop
      vertex -14.04445583636515 -3.6060033638903954 0
      vertex -14.04445583636515 3.6060033638903954 0
      vertex -13.790319486279726 4.480746418436738 0
    endloop
  endfacet
  facet normal 0 0 -1
    outer loop
      vertex -13.790319486279726 -4.480746418436738 0
      vertex -13.790319486279726 4.480746418436738 0
      vertex -13.481759045379647 5.337806013927829 0
    endloop
  endfacet
  facet normal 0 0 -1
    outer loop
      vertex -13.481759045379647 -5.337806013927829 0
      vertex -13.481759045379647 5.337806013927829 0
      vertex -13.119992260757284 6.173799727693551 0
    endloop
  endfacet
  facet normal 0 0 -1
    outer loop
      vertex -13.119992260757284 -6.173799727693551 0
      vertex -13.119992260757284 6.173799727693551 0
      vertex -12.70644686063602 6.985428274474873 0
    endloop
  endfacet
  facet normal 0 0 -1
    outer loop
      vertex -12.70644686063602 -6.985428274474873 0
      vertex -12.70644686063602 6.985428274474873 0
      vertex -12.242754919779218 7.769488527195452 0
    endloop
  endfacet
  facet normal 0 0 -1
    outer loop
      vertex -12.242754919779218 -7.769488527195452 0
      vertex -12.242754919779218 7.769488527195452 0
      vertex -11.730746418436738 8.52288615824086 0
    endloop
  endfacet
  facet normal 0 0 -1
    outer loop
      vertex -11.730746418436738 -8.52288615824086 0
      vertex -11.730746418436738 8.52288615824086 0
      vertex -11.172442020248946 9.242647851355999 0
    endloop
  endfacet
  facet normal 0 0 -1
    outer loop
      vertex -11.172442020248946 -9.242647851355999 0
      vertex -11.172442020248946 9.242647851355999 0
      vertex -10.57004509761047 9.925933035965983 0
    endloop
  endfacet
  facet normal -0.9995065603657315 0.03141075907812875 -4.1028281532872565e-19
    outer loop
      vertex -14.5 0 0
      vertex -14.471387562209937 0.9104625331750426 3.4
      vertex -14.471387562209937 0.9104625331750426 0
    endloop
  endfacet
  facet normal -0.9955619646030801 0.09410831331851277 -9.26640842519693e-19
    outer loop
      vertex -14.471387562209937 0.9104625331750426 0
      vertex -14.38566316905993 1.8173318866824089 3.4
      vertex -14.38566316905993 1.8173318866824089 0
    endloop
  endfacet
  facet normal -0.9876883405951374 0.15643446504023262 -4.2252396322379744e-19
    outer loop
      vertex -14.38566316905993 1.8173318866824089 0
      vertex -14.243165135565985 2.71702906149301 3.4
      vertex -14.243165135565985 2.71702906149301 0
    endloop
  endfacet
  facet normal -0.9759167619387474 0.21814324139654218 5.441545821105452e-19
    outer loop
      vertex -14.243165135565985 2.71702906149301 0
      vertex -14.04445583636515 3.6060033638903954 3.4
      vertex -14.04445583636515 3.6060033638903954 0
    endloop
  endfacet
  facet normal -0.9602936856769431 0.2789911060392297 -2.663688349870091e-18
    outer loop
      vertex -14.04445583636515 3.6060033638903954 0
      vertex -13.790319486279726 4.480746418436738 3.4
      vertex -13.790319486279726 4.480746418436738 0
    endloop
  endfacet
  facet normal -0.9408807689542261 0.33873792024528954 -8.708076046275986e-18
    outer loop
      vertex -13.790319486279726 4.480746418436738 0
      vertex -13.481759045379647 5.337806013927829 3.4
      vertex -13.481759045379647 5.337806013927829 0
    endloop
  endfacet
  facet normal -0.9177546256839806 0.3971478906347819 3.3720234127617602e-18
    outer loop
      vertex -13.481759045379647 5.337806013927829 0
      vertex -13.119992260757284 6.173799727693551 3.4
      vertex -13.119992260757284 6.173799727693551 0
    endloop
  endfacet
  facet normal -0.8910065241883679 0.4539904997395468 -1.7474404834355206e-18
    outer loop
      vertex -13.119992260757284 6.173799727693551 0
      vertex -12.70644686063602 6.985428274474873 3.4
      vertex -12.70644686063602 6.985428274474873 0
    endloop
  endfacet
  facet normal 0 0 -1
    outer loop
      vertex -10.57004509761047 -9.925933035965983 0
      vertex -9.925933035965983 10.57004509761047 0
      vertex -10 0 0
    endloop
  endfacet
  facet normal 0 0 -1
    outer loop
      vertex -10.57004509761047 -9.925933035965983 0
      vertex -10.57004509761047 9.925933035965983 0
      vertex -9.925933035965983 10.57004509761047 0
    endloop
  endfacet
  facet normal 0 0 -1
    outer loop
      vertex -10 0 0
      vertex -9.925933035965983 10.57004509761047 0
      vertex -9.980267284282716 0.6279051952931327 0
    endloop
  endfacet
  facet normal 0 0 -1
    outer loop
      vertex -9.980267284282716 0.6279051952931327 0
      vertex -9.925933035965983 10.57004509761047 0
      vertex -9.921147013144779 1.2533323356430406 0
    endloop
  endfacet
  facet normal 0 0 -1
    outer loop
      vertex -9.921147013144779 1.2533323356430406 0
      vertex -9.925933035965983 10.57004509761047 0
      vertex -9.822872507286887 1.8738131458572482 0
    endloop
  endfacet
  facet normal 0 0 -1
    outer loop
      vertex -9.822872507286887 1.8738131458572482 0
      vertex -9.925933035965983 10.57004509761047 0
      vertex -9.68583161128631 2.4868988716485485 0
    endloop
  endfacet
  facet normal 0 0 -1
    outer loop
      vertex -9.68583161128631 2.4868988716485485 0
      vertex -9.925933035965983 10.57004509761047 0
      vertex -9.510565162951535 3.090169943749474 0
    endloop
  endfacet
  facet normal 0 0 -1
    outer loop
      vertex -9.510565162951535 3.090169943749474 0
      vertex -9.242647851355999 11.172442020248946 0
      vertex -9.297764858882514 3.6812455268467787 0
    endloop
  endfacet
  facet normal 0 0 -1
    outer loop
      vertex -9.297764858882514 3.6812455268467787 0
      vertex -9.242647851355999 11.172442020248946 0
      vertex -9.048270524660197 4.257792915650724 0
    endloop
  endfacet
  facet normal 0 0 -1
    outer loop
      vertex -9.048270524660197 4.257792915650724 0
      vertex -9.242647851355999 11.172442020248946 0
      vertex -8.763066800438635 4.817536741017154 0
    endloop
  endfacet
  facet normal -0.9995065603657315 0.03141075907812875 0
    outer loop
      vertex -14.5 0 0
      vertex -14.5 0 3.4
      vertex -14.471387562209937 0.9104625331750426 3.4
    endloop
  endfacet
  facet normal -0.9955619646030801 0.09410831331851277 0
    outer loop
      vertex -14.471387562209937 0.9104625331750426 0
      vertex -14.471387562209937 0.9104625331750426 3.4
      vertex -14.38566316905993 1.8173318866824089 3.4
    endloop
  endfacet
  facet normal -0.9876883405951374 0.15643446504023262 0
    outer loop
      vertex -14.38566316905993 1.8173318866824089 0
      vertex -14.38566316905993 1.8173318866824089 3.4
      vertex -14.243165135565985 2.71702906149301 3.4
    endloop
  endfacet
  facet normal -0.9759167619387474 0.21814324139654218 0
    outer loop
      vertex -14.243165135565985 2.71702906149301 0
      vertex -14.243165135565985 2.71702906149301 3.4
      vertex -14.04445583636515 3.6060033638903954 3.4
    endloop
  endfacet
  facet normal 0 0 1
    outer loop
      vertex -14.471387562209937 -0.9104625331750426 3.4
      vertex -14.471387562209937 0.9104625331750426 3.4
      vertex -14.5 0 3.4
    endloop
  endfacet
  facet normal 0 0 1
    outer loop
      vertex -14.38566316905993 -1.8173318866824089 3.4
      vertex -14.38566316905993 1.8173318866824089 3.4
      vertex -14.471387562209937 0.9104625331750426 3.4
    endloop
  endfacet
  facet normal 0 0 1
    outer loop
      vertex -14.243165135565985 -2.71702906149301 3.4
      vertex -14.243165135565985 2.71702906149301 3.4
      vertex -14.38566316905993 1.8173318866824089 3.4
    endloop
  endfacet
  facet normal 0 0 1
    outer loop
      vertex -14.04445583636515 -3.6060033638903954 3.4
      vertex -14.04445583636515 3.6060033638903954 3.4
      vertex -14.243165135565985 2.71702906149301 3.4
    endloop
  endfacet
  facet normal 0 0 1
    outer loop
      vertex -13.790319486279726 -4.480746418436738 3.4
      vertex -13.790319486279726 4.480746418436738 3.4
      vertex -14.04445583636515 3.6060033638903954 3.4
    endloop
  endfacet
  facet normal 0 0 1
    outer loop
      vertex -13.481759045379647 -5.337806013927829 3.4
      vertex -13.481759045379647 5.337806013927829 3.4
      vertex -13.790319486279726 4.480746418436738 3.4
    endloop
  endfacet
  facet normal 0 0 1
    outer loop
      vertex -13.119992260757284 -6.173799727693551 3.4
      vertex -13.119992260757284 6.173799727693551 3.4
      vertex -13.481759045379647 5.337806013927829 3.4
    endloop
  endfacet
  facet normal 0 0 1
    outer loop
      vertex -12.70644686063602 -6.985428274474873 3.4
      vertex -12.70644686063602 6.985428274474873 3.4
      vertex -13.119992260757284 6.173799727693551 3.4
    endloop
  endfacet
  facet normal 0 0 1
    outer loop
      vertex -12.242754919779218 -7.769488527195452 3.4
      vertex -12.242754919779218 7.769488527195452 3.4
      vertex -12.70644686063602 6.985428274474873 3.4
    endloop
  endfacet
  facet normal 0 0 1
    outer loop
      vertex -11.730746418436738 -8.52288615824086 3.4
      vertex -11.730746418436738 8.52288615824086 3.4
      vertex -12.242754919779218 7.769488527195452 3.4
    endloop
  endfacet
  facet normal 0 0 1
    outer loop
      vertex -11.172442020248946 -9.242647851355999 3.4
      vertex -11.172442020248946 9.242647851355999 3.4
      vertex -11.730746418436738 8.52288615824086 3.4
    endloop
  endfacet
  facet normal -0.9602936856769431 0.2789911060392297 0
    outer loop
      vertex -14.04445583636515 3.6060033638903954 0
      vertex -14.04445583636515 3.6060033638903954 3.4
      vertex -13.790319486279726 4.480746418436738 3.4
    endloop
  endfacet
  facet normal -0.9408807689542261 0.33873792024528954 0
    outer loop
      vertex -13.790319486279726 4.480746418436738 0
      vertex -13.790319486279726 4.480746418436738 3.4
      vertex -13.481759045379647 5.337806013927829 3.4
    endloop
  endfacet
  facet normal -0.9177546256839806 0.3971478906347819 0
    outer loop
      vertex -13.481759045379647 5.337806013927829 0
      vertex -13.481759045379647 5.337806013927829 3.4
      vertex -13.119992260757284 6.173799727693551 3.4
    endloop
  endfacet
  facet normal -0.8910065241883679 0.4539904997395468 0
    outer loop
      vertex -13.119992260757284 6.173799727693551 0
      vertex -13.119992260757284 6.173799727693551 3.4
      vertex -12.70644686063602 6.985428274474873 3.4
    endloop
  endfacet
  facet normal -0.8607420270039436 0.5090414157503712 0
    outer loop
      vertex -12.70644686063602 6.985428274474873 0
      vertex -12.70644686063602 6.985428274474873 3.4
      vertex -12.242754919779218 7.769488527195452 3.4
    endloop
  endfacet
  facet normal 0 0 1
    outer loop
      vertex -10.57004509761047 -9.925933035965983 3.4
      vertex -10.57004509761047 9.925933035965983 3.4
      vertex -11.172442020248946 9.242647851355999 3.4
    endloop
  endfacet
  facet normal 0 0 1
    outer loop
      vertex -9.925933035965983 -10.57004509761047 3.4
      vertex -9.925933035965983 10.57004509761047 3.4
      vertex -10.57004509761047 9.925933035965983 3.4
    endloop
  endfacet
  facet normal 0 0 1
    outer loop
      vertex -9.242647851355999 -11.172442020248946 3.4
      vertex -9.242647851355999 11.172442020248946 3.4
      vertex -9.925933035965983 10.57004509761047 3.4
    endloop
  endfacet
  facet normal 0 0 1
    outer loop
      vertex -8.52288615824086 -11.730746418436738 3.4
      vertex -8.52288615824086 11.730746418436738 3.4
      vertex -9.242647851355999 11.172442020248946 3.4
    endloop
  endfacet
  facet normal 0 0 1
    outer loop
      vertex -7.769488527195452 -12.242754919779218 3.4
      vertex -7.769488527195452 12.242754919779218 3.4
      vertex -8.52288615824086 11.730746418436738 3.4
    endloop
  endfacet
  facet normal -0.8607420270039436 0.5090414157503712 3.342263843504254e-18
    outer loop
      vertex -12.70644686063602 6.985428274474873 0
      vertex -12.242754919779218 7.769488527195452 3.4
      vertex -12.242754919779218 7.769488527195452 0
    endloop
  endfacet
  facet normal -0.8270805742745618 0.5620833778521305 4.892855109207315e-18
    outer loop
      vertex -12.242754919779218 7.769488527195452 0
      vertex -11.730746418436738 8.52288615824086 3.4
      vertex -11.730746418436738 8.52288615824086 0
    endloop
  endfacet
  facet normal -0.7901550123756907 0.612907053652976 -5.856977419356803e-18
    outer loop
      vertex -11.730746418436738 8.52288615824086 0
      vertex -11.172442020248946 9.242647851355999 3.4
      vertex -11.172442020248946 9.242647851355999 0
    endloop
  endfacet
  facet normal 0 0 -1
    outer loop
      vertex -9.510565162951535 3.090169943749474 0
      vertex -9.925933035965983 10.57004509761047 0
      vertex -9.242647851355999 11.172442020248946 0
    endloop
  endfacet
  facet normal 0 0 -1
    outer loop
      vertex -8.763066800438635 4.817536741017154 0
      vertex -8.52288615824086 11.730746418436738 0
      vertex -8.44327925502015 5.358267949789966 0
    endloop
  endfacet
  facet normal 0 0 -1
    outer loop
      vertex -8.44327925502015 5.358267949789966 0
      vertex -8.52288615824086 11.730746418436738 0
      vertex -8.090169943749475 5.877852522924732 0
    endloop
  endfacet
  facet normal 0 0 -1
    outer loop
      vertex -8.090169943749475 5.877852522924732 0
      vertex -7.769488527195452 12.242754919779218 0
      vertex -7.705132427757894 6.374239897486897 0
    endloop
  endfacet
  facet normal 0 0 -1
    outer loop
      vertex -7.705132427757894 6.374239897486897 0
      vertex -7.769488527195452 12.242754919779218 0
      vertex -7.289686274214117 6.845471059286885 0
    endloop
  endfacet
  facet normal 0 0 -1
    outer loop
      vertex -8.763066800438635 4.817536741017154 0
      vertex -9.242647851355999 11.172442020248946 0
      vertex -8.52288615824086 11.730746418436738 0
    endloop
  endfacet
  facet normal 0 0 -1
    outer loop
      vertex -8.090169943749475 5.877852522924732 0
      vertex -8.52288615824086 11.730746418436738 0
      vertex -7.769488527195452 12.242754919779218 0
    endloop
  endfacet
  facet normal 0 0 -1
    outer loop
      vertex -7.289686274214117 6.845471059286885 0
      vertex -7.769488527195452 12.242754919779218 0
      vertex -6.98542827447487 12.706446860636023 0
    endloop
  endfacet
  facet normal -0.7501110696304591 0.6613118653236522 -2.708934790640198e-18
    outer loop
      vertex -11.172442020248946 9.242647851355999 0
      vertex -10.57004509761047 9.925933035965983 3.4
      vertex -10.57004509761047 9.925933035965983 0
    endloop
  endfacet
  facet normal -0.7071067811865476 0.7071067811865476 6.0263797953081645e-18
    outer loop
      vertex -10.57004509761047 9.925933035965983 0
      vertex -9.925933035965983 10.57004509761047 3.4
      vertex -9.925933035965983 10.57004509761047 0
    endloop
  endfacet
  facet normal -0.6613118653236522 0.7501110696304591 0
    outer loop
      vertex -9.925933035965983 10.57004509761047 0
      vertex -9.925933035965983 10.57004509761047 3.4
      vertex -9.242647851355999 11.172442020248946 0
    endloop
  endfacet
  facet normal -0.612907053652976 0.7901550123756907 0
    outer loop
      vertex -9.242647851355999 11.172442020248946 0
      vertex -9.242647851355999 11.172442020248946 3.4
      vertex -8.52288615824086 11.730746418436738 0
    endloop
  endfacet
  facet normal -0.5620833778521305 0.8270805742745618 0
    outer loop
      vertex -8.52288615824086 11.730746418436738 0
      vertex -8.52288615824086 11.730746418436738 3.4
      vertex -7.769488527195452 12.242754919779218 0
    endloop
  endfacet
  facet normal -0.5090414157503714 0.8607420270039435 0
    outer loop
      vertex -7.769488527195452 12.242754919779218 0
      vertex -7.769488527195452 12.242754919779218 3.4
      vertex -6.98542827447487 12.706446860636023 0
    endloop
  endfacet
  facet normal -0.8270805742745618 0.5620833778521305 0
    outer loop
      vertex -12.242754919779218 7.769488527195452 0
      vertex -12.242754919779218 7.769488527195452 3.4
      vertex -11.730746418436738 8.52288615824086 3.4
    endloop
  endfacet
  facet normal -0.7901550123756907 0.612907053652976 0
    outer loop
      vertex -11.730746418436738 8.52288615824086 0
      vertex -11.730746418436738 8.52288615824086 3.4
      vertex -11.172442020248946 9.242647851355999 3.4
    endloop
  endfacet
  facet normal -0.7501110696304591 0.6613118653236522 0
    outer loop
      vertex -11.172442020248946 9.242647851355999 0
      vertex -11.172442020248946 9.242647851355999 3.4
      vertex -10.57004509761047 9.925933035965983 3.4
    endloop
  endfacet
  facet normal -0.7071067811865476 0.7071067811865476 0
    outer loop
      vertex -10.57004509761047 9.925933035965983 0
      vertex -10.57004509761047 9.925933035965983 3.4
      vertex -9.925933035965983 10.57004509761047 3.4
    endloop
  endfacet
  facet normal -0.6613118653236522 0.7501110696304591 0
    outer loop
      vertex -9.242647851355999 11.172442020248946 0
      vertex -9.925933035965983 10.57004509761047 3.4
      vertex -9.242647851355999 11.172442020248946 3.4
    endloop
  endfacet
  facet normal -0.612907053652976 0.7901550123756907 0
    outer loop
      vertex -8.52288615824086 11.730746418436738 0
      vertex -9.242647851355999 11.172442020248946 3.4
      vertex -8.52288615824086 11.730746418436738 3.4
    endloop
  endfacet
  facet normal -0.5620833778521305 0.8270805742745618 0
    outer loop
      vertex -7.769488527195452 12.242754919779218 0
      vertex -8.52288615824086 11.730746418436738 3.4
      vertex -7.769488527195452 12.242754919779218 3.4
    endloop
  endfacet
  facet normal 0 0 1
    outer loop
      vertex -5.337806013927829 -13.481759045379647 3.4
      vertex -5.9 7.083333333333333 3.4
      vertex -6.173799727693554 13.119992260757282 3.4
    endloop
  endfacet
  facet normal 0 0 1
    outer loop
      vertex -6.985428274474873 -12.70644686063602 3.4
      vertex -6.98542827447487 12.706446860636023 3.4
      vertex -7.769488527195452 12.242754919779218 3.4
    endloop
  endfacet
  facet normal 0 0 1
    outer loop
      vertex -6.173799727693551 -13.119992260757284 3.4
      vertex -6.173799727693554 13.119992260757282 3.4
      vertex -6.98542827447487 12.706446860636023 3.4
    endloop
  endfacet
  facet normal 0 0 1
    outer loop
      vertex 0 -14.5 3.4
      vertex -0.9 13.129999999999999 3.4
      vertex -0.9 7.083333333333333 3.4
    endloop
  endfacet
  facet normal 0 0 1
    outer loop
      vertex -0.9104625331750426 14.471387562209937 3.4
      vertex -0.9 13.129999999999999 3.4
      vertex 0 -14.5 3.4
    endloop
  endfacet
  facet normal 0 0 1
    outer loop
      vertex -0.9104625331750426 14.471387562209937 3.4
      vertex 0 -14.5 3.4
      vertex 0 14.5 3.4
    endloop
  endfacet
  facet normal 0 0 -1
    outer loop
      vertex -7.289686274214117 6.845471059286885 0
      vertex -6.98542827447487 12.706446860636023 0
      vertex -6.845471059286885 7.289686274214117 0
    endloop
  endfacet
  facet normal 0 0 -1
    outer loop
      vertex -6.845471059286885 7.289686274214117 0
      vertex -6.98542827447487 12.706446860636023 0
      vertex -6.374239897486897 7.705132427757894 0
    endloop
  endfacet
  facet normal 0 0 -1
    outer loop
      vertex -6.374239897486897 7.705132427757894 0
      vertex -6.173799727693554 13.119992260757282 0
      vertex -5.877852522924732 8.090169943749475 0
    endloop
  endfacet
  facet normal 0 0 -1
    outer loop
      vertex -5.877852522924732 8.090169943749475 0
      vertex -5.337806013927829 13.481759045379647 0
      vertex -5.358267949789966 8.44327925502015 0
    endloop
  endfacet
  facet normal 0 0 -1
    outer loop
      vertex -5.358267949789966 8.44327925502015 0
      vertex -5.337806013927829 13.481759045379647 0
      vertex -4.817536741017152 8.763066800438637 0
    endloop
  endfacet
  facet normal 0 0 -1
    outer loop
      vertex -4.817536741017152 8.763066800438637 0
      vertex -4.480746418436738 13.790319486279726 0
      vertex -4.257792915650727 9.048270524660195 0
    endloop
  endfacet
  facet normal 0 0 -1
    outer loop
      vertex -4.257792915650727 9.048270524660195 0
      vertex -3.6060033638903954 14.04445583636515 0
      vertex -3.6812455268467787 9.297764858882514 0
    endloop
  endfacet
  facet normal 0 0 -1
    outer loop
      vertex -6.374239897486897 7.705132427757894 0
      vertex -6.98542827447487 12.706446860636023 0
      vertex -6.173799727693554 13.119992260757282 0
    endloop
  endfacet
  facet normal 0 0 -1
    outer loop
      vertex -5.877852522924732 8.090169943749475 0
      vertex -6.173799727693554 13.119992260757282 0
      vertex -5.337806013927829 13.481759045379647 0
    endloop
  endfacet
  facet normal 0 0 -1
    outer loop
      vertex -4.817536741017152 8.763066800438637 0
      vertex -5.337806013927829 13.481759045379647 0
      vertex -4.480746418436738 13.790319486279726 0
    endloop
  endfacet
  facet normal 0 0 -1
    outer loop
      vertex -4.257792915650727 9.048270524660195 0
      vertex -4.480746418436738 13.790319486279726 0
      vertex -3.6060033638903954 14.04445583636515 0
    endloop
  endfacet
  facet normal -0.45399049973954647 0.891006524188368 0
    outer loop
      vertex -6.98542827447487 12.706446860636023 0
      vertex -6.98542827447487 12.706446860636023 3.4
      vertex -6.173799727693554 13.119992260757282 0
    endloop
  endfacet
  facet normal -0.3971478906347821 0.9177546256839806 0
    outer loop
      vertex -6.173799727693554 13.119992260757282 0
      vertex -6.173799727693554 13.119992260757282 3.4
      vertex -5.337806013927829 13.481759045379647 0
    endloop
  endfacet
  facet normal -0.33873792024528954 0.9408807689542261 0
    outer loop
      vertex -5.337806013927829 13.481759045379647 0
      vertex -5.337806013927829 13.481759045379647 3.4
      vertex -4.480746418436738 13.790319486279726 0
    endloop
  endfacet
  facet normal -0.2789911060392297 0.9602936856769431 0
    outer loop
      vertex -4.480746418436738 13.790319486279726 0
      vertex -4.480746418436738 13.790319486279726 3.4
      vertex -3.6060033638903954 14.04445583636515 0
    endloop
  endfacet
  facet normal 0 0 -1
    outer loop
      vertex -3.6812455268467787 9.297764858882514 0
      vertex -3.6060033638903954 14.04445583636515 0
      vertex -3.090169943749474 9.510565162951535 0
    endloop
  endfacet
  facet normal 0 0 -1
    outer loop
      vertex -3.090169943749474 9.510565162951535 0
      vertex -2.7170290614930064 14.243165135565986 0
      vertex -2.4868988716485485 9.68583161128631 0
    endloop
  endfacet
  facet normal 0 0 -1
    outer loop
      vertex -3.090169943749474 9.510565162951535 0
      vertex -3.6060033638903954 14.04445583636515 0
      vertex -2.7170290614930064 14.243165135565986 0
    endloop
  endfacet
  facet normal 0 0 -1
    outer loop
      vertex -2.4868988716485485 9.68583161128631 0
      vertex -1.8173318866824122 14.38566316905993 0
      vertex -1.8738131458572458 9.822872507286887 0
    endloop
  endfacet
  facet normal 0 0 -1
    outer loop
      vertex -2.4868988716485485 9.68583161128631 0
      vertex -2.7170290614930064 14.243165135565986 0
      vertex -1.8173318866824122 14.38566316905993 0
    endloop
  endfacet
  facet normal 0 0 -1
    outer loop
      vertex -1.8738131458572458 9.822872507286887 0
      vertex -1.8173318866824122 14.38566316905993 0
      vertex -1.2533323356430428 9.921147013144779 0
    endloop
  endfacet
  facet normal 0 0 -1
    outer loop
      vertex -1.2533323356430428 9.921147013144779 0
      vertex -0.9104625331750426 14.471387562209937 0
      vertex -0.6279051952931327 9.980267284282716 0
    endloop
  endfacet
  facet normal 0 0 -1
    outer loop
      vertex -0.6279051952931327 9.980267284282716 0
      vertex 0 14.5 0
      vertex 0 10 0
    endloop
  endfacet
  facet normal 0 0 -1
    outer loop
      vertex -1.2533323356430428 9.921147013144779 0
      vertex -1.8173318866824122 14.38566316905993 0
      vertex -0.9104625331750426 14.471387562209937 0
    endloop
  endfacet
  facet normal 0 0 -1
    outer loop
      vertex -0.6279051952931327 9.980267284282716 0
      vertex -0.9104625331750426 14.471387562209937 0
      vertex 0 14.5 0
    endloop
  endfacet
  facet normal -0.21814324139654326 0.9759167619387472 0
    outer loop
      vertex -3.6060033638903954 14.04445583636515 0
      vertex -3.6060033638903954 14.04445583636515 3.4
      vertex -2.7170290614930064 14.243165135565986 0
    endloop
  endfacet
  facet normal -0.1564344650402319 0.9876883405951375 0
    outer loop
      vertex -2.7170290614930064 14.243165135565986 0
      vertex -2.7170290614930064 14.243165135565986 3.4
      vertex -1.8173318866824122 14.38566316905993 0
    endloop
  endfacet
  facet normal -0.09410831331851244 0.9955619646030801 0
    outer loop
      vertex -1.8173318866824122 14.38566316905993 0
      vertex -1.8173318866824122 14.38566316905993 3.4
      vertex -0.9104625331750426 14.471387562209937 0
    endloop
  endfacet
  facet normal -0.03141075907812875 0.9995065603657315 0
    outer loop
      vertex -0.9104625331750426 14.471387562209937 0
      vertex -0.9104625331750426 14.471387562209937 3.4
      vertex 0 14.5 0
    endloop
  endfacet
  facet normal -0.5090414157503714 0.8607420270039435 0
    outer loop
      vertex -6.98542827447487 12.706446860636023 0
      vertex -7.769488527195452 12.242754919779218 3.4
      vertex -6.98542827447487 12.706446860636023 3.4
    endloop
  endfacet
  facet normal -0.45399049973954647 0.891006524188368 0
    outer loop
      vertex -6.173799727693554 13.119992260757282 0
      vertex -6.98542827447487 12.706446860636023 3.4
      vertex -6.173799727693554 13.119992260757282 3.4
    endloop
  endfacet
  facet normal -0.39714789063478595 0.9177546256839788 -9.911911417625139e-16
    outer loop
      vertex -5.337806013927829 13.481759045379647 0
      vertex -5.9 13.238475983167106 3.3
      vertex -5.873369568354137 13.25 3.3
    endloop
  endfacet
  facet normal -0.39714789063478195 0.9177546256839806 7.750718692177832e-17
    outer loop
      vertex -5.337806013927829 13.481759045379647 0
      vertex -6.173799727693554 13.119992260757282 3.4
      vertex -5.9 13.238475983167106 3.3
    endloop
  endfacet
  facet normal -0.397147890634782 0.9177546256839806 0
    outer loop
      vertex -5.337806013927829 13.481759045379647 0
      vertex -5.873369568354137 13.25 3.3
      vertex -5.337806013927829 13.481759045379647 3.4
    endloop
  endfacet
  facet normal -0.33873792024528954 0.9408807689542261 0
    outer loop
      vertex -4.480746418436738 13.790319486279726 0
      vertex -5.337806013927829 13.481759045379647 3.4
      vertex -4.480746418436738 13.790319486279726 3.4
    endloop
  endfacet
  facet normal -0.2789911060392297 0.9602936856769431 0
    outer loop
      vertex -3.6060033638903954 14.04445583636515 0
      vertex -4.480746418436738 13.790319486279726 3.4
      vertex -3.6060033638903954 14.04445583636515 3.4
    endloop
  endfacet
  facet normal 0 0 1
    outer loop
      vertex -6.173799727693554 13.119992260757282 3.4
      vertex -5.9 7.083333333333333 3.4
      vertex -5.9 13.13 3.4
    endloop
  endfacet
  facet normal -0.39714789063478156 0.9177546256839806 1.0352011577862458e-15
    outer loop
      vertex -6.173799727693554 13.119992260757282 3.4
      vertex -5.9 13.238475983167106 3.3096033473607447
      vertex -5.9 13.238475983167106 3.3
    endloop
  endfacet
  facet normal -0.39714789063478206 0.9177546256839805 -8.063287920229681e-16
    outer loop
      vertex -6.173799727693554 13.119992260757282 3.4
      vertex -5.337806013927829 13.481759045379647 3.4
      vertex -5.9 13.238475983167106 3.3096033473607447
    endloop
  endfacet
  facet normal -0.39714789063478345 0.9177546256839799 8.412076172256583e-15
    outer loop
      vertex -5.337806013927829 13.481759045379647 3.4
      vertex -5.873369568354137 13.25 3.3
      vertex -5.9 13.238475983167106 3.3096033473607447
    endloop
  endfacet
  facet normal 0 0 1
    outer loop
      vertex -6.173799727693554 13.119992260757282 3.4
      vertex -5.9 13.13 3.4
      vertex -5.337806013927829 13.481759045379647 3.4
    endloop
  endfacet
  facet normal 0 0 1
    outer loop
      vertex -5.337806013927829 13.481759045379647 3.4
      vertex -5.9 13.13 3.4
      vertex -0.9 13.129999999999999 3.4
    endloop
  endfacet
  facet normal -0.21814324139654326 0.9759167619387472 0
    outer loop
      vertex -2.7170290614930064 14.243165135565986 0
      vertex -3.6060033638903954 14.04445583636515 3.4
      vertex -2.7170290614930064 14.243165135565986 3.4
    endloop
  endfacet
  facet normal -0.1564344650402319 0.9876883405951375 0
    outer loop
      vertex -1.8173318866824122 14.38566316905993 0
      vertex -2.7170290614930064 14.243165135565986 3.4
      vertex -1.8173318866824122 14.38566316905993 3.4
    endloop
  endfacet
  facet normal -0.09410831331851244 0.9955619646030801 0
    outer loop
      vertex -0.9104625331750426 14.471387562209937 0
      vertex -1.8173318866824122 14.38566316905993 3.4
      vertex -0.9104625331750426 14.471387562209937 3.4
    endloop
  endfacet
  facet normal -0.03141075907812875 0.9995065603657315 -4.1028281532872565e-19
    outer loop
      vertex -0.9104625331750426 14.471387562209937 3.4
      vertex 0 14.5 3.4
      vertex 0 14.5 0
    endloop
  endfacet
  facet normal 0 0 1
    outer loop
      vertex -5.337806013927829 13.481759045379647 3.4
      vertex -0.9 13.129999999999999 3.4
      vertex -4.480746418436738 13.790319486279726 3.4
    endloop
  endfacet
  facet normal 0 0 1
    outer loop
      vertex -4.480746418436738 13.790319486279726 3.4
      vertex -0.9 13.129999999999999 3.4
      vertex -3.6060033638903954 14.04445583636515 3.4
    endloop
  endfacet
  facet normal 0 0 1
    outer loop
      vertex -3.6060033638903954 14.04445583636515 3.4
      vertex -0.9 13.129999999999999 3.4
      vertex -2.7170290614930064 14.243165135565986 3.4
    endloop
  endfacet
  facet normal 0 0 1
    outer loop
      vertex -2.7170290614930064 14.243165135565986 3.4
      vertex -0.9 13.129999999999999 3.4
      vertex -1.8173318866824122 14.38566316905993 3.4
    endloop
  endfacet
  facet normal 0 0 1
    outer loop
      vertex -1.8173318866824122 14.38566316905993 3.4
      vertex -0.9 13.129999999999999 3.4
      vertex -0.9104625331750426 14.471387562209937 3.4
    endloop
  endfacet
  facet normal 0 0 -1
    outer loop
      vertex 0 -14.5 0
      vertex 0.6279051952931376 -9.980267284282716 0
      vertex 0.9104625331750495 -14.471387562209937 0
    endloop
  endfacet
  facet normal 0 0 -1
    outer loop
      vertex 0.9104625331750495 -14.471387562209937 0
      vertex 1.2533323356430406 -9.921147013144779 0
      vertex 1.8173318866824089 -14.38566316905993 0
    endloop
  endfacet
  facet normal 0 0 -1
    outer loop
      vertex 0 -14.5 0
      vertex 0 -10 0
      vertex 0.6279051952931376 -9.980267284282716 0
    endloop
  endfacet
  facet normal 0 0 -1
    outer loop
      vertex 0.9104625331750495 -14.471387562209937 0
      vertex 0.6279051952931376 -9.980267284282716 0
      vertex 1.2533323356430406 -9.921147013144779 0
    endloop
  endfacet
  facet normal 0 0 -1
    outer loop
      vertex 1.8173318866824089 -14.38566316905993 0
      vertex 1.2533323356430406 -9.921147013144779 0
      vertex 1.8738131458572482 -9.822872507286887 0
    endloop
  endfacet
  facet normal 0 0 -1
    outer loop
      vertex 1.8173318866824089 -14.38566316905993 0
      vertex 2.4868988716485445 -9.685831611286313 0
      vertex 2.71702906149301 -14.243165135565985 0
    endloop
  endfacet
  facet normal 0 0 -1
    outer loop
      vertex 1.8173318866824089 -14.38566316905993 0
      vertex 1.8738131458572482 -9.822872507286887 0
      vertex 2.4868988716485445 -9.685831611286313 0
    endloop
  endfacet
  facet normal 0 0 -1
    outer loop
      vertex 2.71702906149301 -14.243165135565985 0
      vertex 3.090169943749474 -9.510565162951535 0
      vertex 3.6060033638903892 -14.044455836365152 0
    endloop
  endfacet
  facet normal 0 0 -1
    outer loop
      vertex 2.71702906149301 -14.243165135565985 0
      vertex 2.4868988716485445 -9.685831611286313 0
      vertex 3.090169943749474 -9.510565162951535 0
    endloop
  endfacet
  facet normal 0 0 -1
    outer loop
      vertex 3.6060033638903892 -14.044455836365152 0
      vertex 3.090169943749474 -9.510565162951535 0
      vertex 3.6812455268467836 -9.297764858882513 0
    endloop
  endfacet
  facet normal 0.03141075907812851 -0.9995065603657315 3.544656948913459e-19
    outer loop
      vertex 0 -14.5 0
      vertex 0.9104625331750495 -14.471387562209937 0
      vertex 0.9104625331750495 -14.471387562209937 3.4
    endloop
  endfacet
  facet normal 0.0941083133185135 -0.9955619646030801 -1.845646455646674e-18
    outer loop
      vertex 0.9104625331750495 -14.471387562209937 0
      vertex 1.8173318866824089 -14.38566316905993 0
      vertex 1.8173318866824089 -14.38566316905993 3.4
    endloop
  endfacet
  facet normal 0.15643446504023262 -0.9876883405951374 -4.2252396322379744e-19
    outer loop
      vertex 1.8173318866824089 -14.38566316905993 0
      vertex 2.71702906149301 -14.243165135565985 0
      vertex 2.71702906149301 -14.243165135565985 3.4
    endloop
  endfacet
  facet normal 0.2181432413965418 -0.9759167619387475 -3.087507706615301e-18
    outer loop
      vertex 2.71702906149301 -14.243165135565985 0
      vertex 3.6060033638903892 -14.044455836365152 0
      vertex 3.6060033638903892 -14.044455836365152 3.4
    endloop
  endfacet
  facet normal 0 0 -1
    outer loop
      vertex 3.6060033638903892 -14.044455836365152 0
      vertex 4.257792915650724 -9.048270524660197 0
      vertex 4.480746418436738 -13.790319486279726 0
    endloop
  endfacet
  facet normal 0 0 -1
    outer loop
      vertex 4.480746418436738 -13.790319486279726 0
      vertex 4.817536741017154 -8.763066800438635 0
      vertex 5.337806013927836 -13.481759045379643 0
    endloop
  endfacet
  facet normal 0 0 -1
    outer loop
      vertex 5.337806013927836 -13.481759045379643 0
      vertex 5.877852522924732 -8.090169943749475 0
      vertex 6.173799727693551 -13.119992260757284 0
    endloop
  endfacet
  facet normal 0 0 -1
    outer loop
      vertex 6.173799727693551 -13.119992260757284 0
      vertex 6.3742398974869 -7.70513242775789 0
      vertex 6.985428274474873 -12.70644686063602 0
    endloop
  endfacet
  facet normal 0.2789911060392296 -0.9602936856769428 -3.4693722390881908e-18
    outer loop
      vertex 3.6060033638903892 -14.044455836365152 0
      vertex 4.480746418436738 -13.790319486279726 0
      vertex 4.480746418436738 -13.790319486279726 3.4
    endloop
  endfacet
  facet normal 0.3387379202452904 -0.9408807689542258 -2.47872417174277e-18
    outer loop
      vertex 4.480746418436738 -13.790319486279726 0
      vertex 5.337806013927836 -13.481759045379643 0
      vertex 5.337806013927836 -13.481759045379643 3.4
    endloop
  endfacet
  facet normal 0.39714789063478145 -0.9177546256839808 6.782055194164605e-18
    outer loop
      vertex 5.337806013927836 -13.481759045379643 0
      vertex 6.173799727693551 -13.119992260757284 0
      vertex 6.173799727693551 -13.119992260757284 3.4
    endloop
  endfacet
  facet normal 0.4539904997395468 -0.8910065241883679 -1.7474404834355206e-18
    outer loop
      vertex 6.173799727693551 -13.119992260757284 0
      vertex 6.985428274474873 -12.70644686063602 0
      vertex 6.985428274474873 -12.70644686063602 3.4
    endloop
  endfacet
  facet normal 0 0 -1
    outer loop
      vertex 3.6060033638903892 -14.044455836365152 0
      vertex 3.6812455268467836 -9.297764858882513 0
      vertex 4.257792915650724 -9.048270524660197 0
    endloop
  endfacet
  facet normal 0 0 -1
    outer loop
      vertex 4.480746418436738 -13.790319486279726 0
      vertex 4.257792915650724 -9.048270524660197 0
      vertex 4.817536741017154 -8.763066800438635 0
    endloop
  endfacet
  facet normal 0 0 -1
    outer loop
      vertex 5.337806013927836 -13.481759045379643 0
      vertex 4.817536741017154 -8.763066800438635 0
      vertex 5.358267949789962 -8.443279255020153 0
    endloop
  endfacet
  facet normal 0 0 -1
    outer loop
      vertex 5.337806013927836 -13.481759045379643 0
      vertex 5.358267949789962 -8.443279255020153 0
      vertex 5.877852522924732 -8.090169943749475 0
    endloop
  endfacet
  facet normal 0 0 -1
    outer loop
      vertex 6.173799727693551 -13.119992260757284 0
      vertex 5.877852522924732 -8.090169943749475 0
      vertex 6.3742398974869 -7.70513242775789 0
    endloop
  endfacet
  facet normal 0 0 -1
    outer loop
      vertex 6.985428274474873 -12.70644686063602 0
      vertex 6.3742398974869 -7.70513242775789 0
      vertex 6.845471059286885 -7.289686274214117 0
    endloop
  endfacet
  facet normal 0 0 -1
    outer loop
      vertex 6.985428274474873 -12.70644686063602 0
      vertex 6.845471059286885 -7.289686274214117 0
      vertex 7.289686274214117 -6.845471059286885 0
    endloop
  endfacet
  facet normal 0.03141075907812851 -0.9995065603657315 0
    outer loop
      vertex 0 -14.5 0
      vertex 0.9104625331750495 -14.471387562209937 3.4
      vertex 0 -14.5 3.4
    endloop
  endfacet
  facet normal 0.0941083133185135 -0.9955619646030801 0
    outer loop
      vertex 0.9104625331750495 -14.471387562209937 0
      vertex 1.8173318866824089 -14.38566316905993 3.4
      vertex 0.9104625331750495 -14.471387562209937 3.4
    endloop
  endfacet
  facet normal 0.15643446504023262 -0.9876883405951374 0
    outer loop
      vertex 1.8173318866824089 -14.38566316905993 0
      vertex 2.71702906149301 -14.243165135565985 3.4
      vertex 1.8173318866824089 -14.38566316905993 3.4
    endloop
  endfacet
  facet normal 0.2181432413965418 -0.9759167619387475 0
    outer loop
      vertex 2.71702906149301 -14.243165135565985 0
      vertex 3.6060033638903892 -14.044455836365152 3.4
      vertex 2.71702906149301 -14.243165135565985 3.4
    endloop
  endfacet
  facet normal 0 0 1
    outer loop
      vertex 0.9104625331750495 -14.471387562209937 3.4
      vertex 1.8173318866824089 -14.38566316905993 3.4
      vertex 0.9 -13.129999999999999 3.4
    endloop
  endfacet
  facet normal 0 0 1
    outer loop
      vertex 1.8173318866824089 -14.38566316905993 3.4
      vertex 2.71702906149301 -14.243165135565985 3.4
      vertex 0.9 -13.129999999999999 3.4
    endloop
  endfacet
  facet normal 0 0 1
    outer loop
      vertex 2.71702906149301 -14.243165135565985 3.4
      vertex 3.6060033638903892 -14.044455836365152 3.4
      vertex 0.9 -13.129999999999999 3.4
    endloop
  endfacet
  facet normal 0 0 1
    outer loop
      vertex 3.6060033638903892 -14.044455836365152 3.4
      vertex 4.480746418436738 -13.790319486279726 3.4
      vertex 0.9 -13.129999999999999 3.4
    endloop
  endfacet
  facet normal 0 0 1
    outer loop
      vertex 4.480746418436738 -13.790319486279726 3.4
      vertex 5.337806013927836 -13.481759045379643 3.4
      vertex 0.9 -13.129999999999999 3.4
    endloop
  endfacet
  facet normal 0.2789911060392296 -0.9602936856769428 0
    outer loop
      vertex 3.6060033638903892 -14.044455836365152 0
      vertex 4.480746418436738 -13.790319486279726 3.4
      vertex 3.6060033638903892 -14.044455836365152 3.4
    endloop
  endfacet
  facet normal 0.3387379202452904 -0.9408807689542258 0
    outer loop
      vertex 4.480746418436738 -13.790319486279726 0
      vertex 5.337806013927836 -13.481759045379643 3.4
      vertex 4.480746418436738 -13.790319486279726 3.4
    endloop
  endfacet
  facet normal 0.3971478906347867 -0.9177546256839786 -1.0755819712568734e-15
    outer loop
      vertex 5.337806013927836 -13.481759045379643 0
      vertex 5.9 -13.238475983167106 3.3
      vertex 5.873369568354137 -13.25 3.3
    endloop
  endfacet
  facet normal 0.3971478906347813 -0.9177546256839808 0
    outer loop
      vertex 5.337806013927836 -13.481759045379643 0
      vertex 5.873369568354137 -13.25 3.3
      vertex 5.337806013927836 -13.481759045379643 3.4
    endloop
  endfacet
  facet normal 0.3971478906347811 -0.9177546256839809 6.464357520215812e-17
    outer loop
      vertex 5.337806013927836 -13.481759045379643 0
      vertex 6.173799727693551 -13.119992260757284 3.4
      vertex 5.9 -13.238475983167106 3.3
    endloop
  endfacet
  facet normal 0.4539904997395468 -0.8910065241883679 0
    outer loop
      vertex 6.173799727693551 -13.119992260757284 0
      vertex 6.985428274474873 -12.70644686063602 3.4
      vertex 6.173799727693551 -13.119992260757284 3.4
    endloop
  endfacet
  facet normal 0.5090414157503714 -0.8607420270039436 0
    outer loop
      vertex 6.985428274474873 -12.70644686063602 0
      vertex 7.7694885271954455 -12.242754919779221 3.4
      vertex 6.985428274474873 -12.70644686063602 3.4
    endloop
  endfacet
  facet normal 0 0 1
    outer loop
      vertex 5.337806013927836 -13.481759045379643 3.4
      vertex 5.9 -13.13 3.4
      vertex 0.9 -13.129999999999999 3.4
    endloop
  endfacet
  facet normal 0.3971478906347833 -0.9177546256839799 1.222145959535742e-14
    outer loop
      vertex 5.337806013927836 -13.481759045379643 3.4
      vertex 5.873369568354137 -13.25 3.3
      vertex 5.9 -13.238475983167106 3.3096033473607447
    endloop
  endfacet
  facet normal 0.3971478906347815 -0.9177546256839808 -7.632226447733044e-16
    outer loop
      vertex 5.337806013927836 -13.481759045379643 3.4
      vertex 5.9 -13.238475983167106 3.3096033473607447
      vertex 6.173799727693551 -13.119992260757284 3.4
    endloop
  endfacet
  facet normal 0.3971478906347814 -0.9177546256839808 -7.967356841714957e-16
    outer loop
      vertex 6.173799727693551 -13.119992260757284 3.4
      vertex 5.9 -13.238475983167106 3.3096033473607447
      vertex 5.9 -13.238475983167106 3.3
    endloop
  endfacet
  facet normal 0 0 1
    outer loop
      vertex 5.337806013927836 -13.481759045379643 3.4
      vertex 6.173799727693551 -13.119992260757284 3.4
      vertex 5.9 -13.13 3.4
    endloop
  endfacet
  facet normal 0 0 1
    outer loop
      vertex 6.173799727693551 -13.119992260757284 3.4
      vertex 5.9 -7.083333333333333 3.4
      vertex 5.9 -13.13 3.4
    endloop
  endfacet
  facet normal 0 0 1
    outer loop
      vertex 0 -14.5 3.4
      vertex 0.9104625331750495 -14.471387562209937 3.4
      vertex 0 14.5 3.4
    endloop
  endfacet
  facet normal 0 0 1
    outer loop
      vertex 0.9104625331750495 -14.471387562209937 3.4
      vertex 0.9 -13.129999999999999 3.4
      vertex 0 14.5 3.4
    endloop
  endfacet
  facet normal 0 0 1
    outer loop
      vertex 0 14.5 3.4
      vertex 0.9 -13.129999999999999 3.4
      vertex 0.9 -7.083333333333333 3.4
    endloop
  endfacet
  facet normal 0 0 1
    outer loop
      vertex 6.173799727693551 -13.119992260757284 3.4
      vertex 6.985428274474873 -12.70644686063602 3.4
      vertex 6.173799727693554 13.119992260757282 3.4
    endloop
  endfacet
  facet normal 0 0 1
    outer loop
      vertex 6.985428274474873 -12.70644686063602 3.4
      vertex 7.7694885271954455 -12.242754919779221 3.4
      vertex 6.98542827447487 12.706446860636023 3.4
    endloop
  endfacet
  facet normal 0 0 1
    outer loop
      vertex 6.173799727693551 -13.119992260757284 3.4
      vertex 5.337806013927829 13.481759045379647 3.4
      vertex 5.9 -7.083333333333333 3.4
    endloop
  endfacet
  facet normal 0.5090414157503714 -0.8607420270039436 1.3105618177337291e-18
    outer loop
      vertex 6.985428274474873 -12.70644686063602 0
      vertex 7.7694885271954455 -12.242754919779221 0
      vertex 7.7694885271954455 -12.242754919779221 3.4
    endloop
  endfacet
  facet normal 0.5620833778521299 -0.8270805742745623 -2.950496195624302e-18
    outer loop
      vertex 7.7694885271954455 -12.242754919779221 0
      vertex 8.52288615824086 -11.730746418436738 0
      vertex 8.52288615824086 -11.730746418436738 3.4
    endloop
  endfacet
  facet normal 0.6129070536529768 -0.7901550123756901 6.588170216706866e-18
    outer loop
      vertex 8.52288615824086 -11.730746418436738 0
      vertex 9.242647851356004 -11.17244202024894 0
      vertex 9.242647851356004 -11.17244202024894 3.4
    endloop
  endfacet
  facet normal 0 0 -1
    outer loop
      vertex 6.985428274474873 -12.70644686063602 0
      vertex 7.289686274214117 -6.845471059286885 0
      vertex 7.7694885271954455 -12.242754919779221 0
    endloop
  endfacet
  facet normal 0 0 -1
    outer loop
      vertex 7.7694885271954455 -12.242754919779221 0
      vertex 8.090169943749475 -5.877852522924732 0
      vertex 8.52288615824086 -11.730746418436738 0
    endloop
  endfacet
  facet normal 0 0 -1
    outer loop
      vertex 8.52288615824086 -11.730746418436738 0
      vertex 8.763066800438635 -4.817536741017154 0
      vertex 9.242647851356004 -11.17244202024894 0
    endloop
  endfacet
  facet normal 0 0 -1
    outer loop
      vertex 7.7694885271954455 -12.242754919779221 0
      vertex 7.289686274214117 -6.845471059286885 0
      vertex 7.70513242775789 -6.3742398974869 0
    endloop
  endfacet
  facet normal 0 0 -1
    outer loop
      vertex 7.7694885271954455 -12.242754919779221 0
      vertex 7.70513242775789 -6.3742398974869 0
      vertex 8.090169943749475 -5.877852522924732 0
    endloop
  endfacet
  facet normal 0 0 -1
    outer loop
      vertex 8.52288615824086 -11.730746418436738 0
      vertex 8.090169943749475 -5.877852522924732 0
      vertex 8.443279255020153 -5.358267949789962 0
    endloop
  endfacet
  facet normal 0 0 -1
    outer loop
      vertex 8.52288615824086 -11.730746418436738 0
      vertex 8.443279255020153 -5.358267949789962 0
      vertex 8.763066800438635 -4.817536741017154 0
    endloop
  endfacet
  facet normal 0 0 -1
    outer loop
      vertex 9.242647851356004 -11.17244202024894 0
      vertex 9.510565162951535 -3.090169943749474 0
      vertex 9.925933035965983 -10.57004509761047 0
    endloop
  endfacet
  facet normal 0.6613118653236518 -0.7501110696304595 7.588482295546871e-18
    outer loop
      vertex 9.242647851356004 -11.17244202024894 0
      vertex 9.925933035965983 -10.57004509761047 0
      vertex 9.925933035965983 -10.57004509761047 3.4
    endloop
  endfacet
  facet normal 0.7071067811865476 -0.7071067811865476 0
    outer loop
      vertex 9.925933035965983 -10.57004509761047 0
      vertex 10.57004509761047 -9.925933035965983 0
      vertex 9.925933035965983 -10.57004509761047 3.4
    endloop
  endfacet
  facet normal 0.7501110696304595 -0.6613118653236518 0
    outer loop
      vertex 10.57004509761047 -9.925933035965983 0
      vertex 11.17244202024894 -9.242647851356004 0
      vertex 10.57004509761047 -9.925933035965983 3.4
    endloop
  endfacet
  facet normal 0.7901550123756901 -0.6129070536529768 0
    outer loop
      vertex 11.17244202024894 -9.242647851356004 0
      vertex 11.730746418436738 -8.52288615824086 0
      vertex 11.17244202024894 -9.242647851356004 3.4
    endloop
  endfacet
  facet normal 0.8270805742745623 -0.5620833778521299 0
    outer loop
      vertex 11.730746418436738 -8.52288615824086 0
      vertex 12.242754919779221 -7.7694885271954455 0
      vertex 11.730746418436738 -8.52288615824086 3.4
    endloop
  endfacet
  facet normal 0.8607420270039436 -0.5090414157503714 0
    outer loop
      vertex 12.242754919779221 -7.7694885271954455 0
      vertex 12.70644686063602 -6.985428274474873 0
      vertex 12.242754919779221 -7.7694885271954455 3.4
    endloop
  endfacet
  facet normal 0.5620833778521299 -0.8270805742745623 0
    outer loop
      vertex 7.7694885271954455 -12.242754919779221 0
      vertex 8.52288615824086 -11.730746418436738 3.4
      vertex 7.7694885271954455 -12.242754919779221 3.4
    endloop
  endfacet
  facet normal 0.6129070536529768 -0.7901550123756901 0
    outer loop
      vertex 8.52288615824086 -11.730746418436738 0
      vertex 9.242647851356004 -11.17244202024894 3.4
      vertex 8.52288615824086 -11.730746418436738 3.4
    endloop
  endfacet
  facet normal 0.6613118653236518 -0.7501110696304595 0
    outer loop
      vertex 9.242647851356004 -11.17244202024894 0
      vertex 9.925933035965983 -10.57004509761047 3.4
      vertex 9.242647851356004 -11.17244202024894 3.4
    endloop
  endfacet
  facet normal 0.7071067811865476 -0.7071067811865476 0
    outer loop
      vertex 10.57004509761047 -9.925933035965983 0
      vertex 10.57004509761047 -9.925933035965983 3.4
      vertex 9.925933035965983 -10.57004509761047 3.4
    endloop
  endfacet
  facet normal 0.7501110696304595 -0.6613118653236518 0
    outer loop
      vertex 11.17244202024894 -9.242647851356004 0
      vertex 11.17244202024894 -9.242647851356004 3.4
      vertex 10.57004509761047 -9.925933035965983 3.4
    endloop
  endfacet
  facet normal 0.7901550123756901 -0.6129070536529768 0
    outer loop
      vertex 11.730746418436738 -8.52288615824086 0
      vertex 11.730746418436738 -8.52288615824086 3.4
      vertex 11.17244202024894 -9.242647851356004 3.4
    endloop
  endfacet
  facet normal 0.8270805742745623 -0.5620833778521299 0
    outer loop
      vertex 12.242754919779221 -7.7694885271954455 0
      vertex 12.242754919779221 -7.7694885271954455 3.4
      vertex 11.730746418436738 -8.52288615824086 3.4
    endloop
  endfacet
  facet normal 0 0 -1
    outer loop
      vertex 9.242647851356004 -11.17244202024894 0
      vertex 8.763066800438635 -4.817536741017154 0
      vertex 9.048270524660197 -4.257792915650724 0
    endloop
  endfacet
  facet normal 0 0 -1
    outer loop
      vertex 9.242647851356004 -11.17244202024894 0
      vertex 9.048270524660197 -4.257792915650724 0
      vertex 9.297764858882513 -3.6812455268467836 0
    endloop
  endfacet
  facet normal 0 0 -1
    outer loop
      vertex 9.242647851356004 -11.17244202024894 0
      vertex 9.297764858882513 -3.6812455268467836 0
      vertex 9.510565162951535 -3.090169943749474 0
    endloop
  endfacet
  facet normal 0 0 -1
    outer loop
      vertex 9.925933035965983 -10.57004509761047 0
      vertex 9.510565162951535 -3.090169943749474 0
      vertex 9.685831611286313 -2.4868988716485445 0
    endloop
  endfacet
  facet normal 0 0 -1
    outer loop
      vertex 9.925933035965983 -10.57004509761047 0
      vertex 9.685831611286313 -2.4868988716485445 0
      vertex 9.822872507286887 -1.8738131458572482 0
    endloop
  endfacet
  facet normal 0 0 -1
    outer loop
      vertex 9.925933035965983 -10.57004509761047 0
      vertex 9.822872507286887 -1.8738131458572482 0
      vertex 9.921147013144779 -1.2533323356430406 0
    endloop
  endfacet
  facet normal 0 0 -1
    outer loop
      vertex 9.925933035965983 -10.57004509761047 0
      vertex 9.921147013144779 -1.2533323356430406 0
      vertex 9.980267284282716 -0.6279051952931376 0
    endloop
  endfacet
  facet normal 0 0 -1
    outer loop
      vertex 9.925933035965983 -10.57004509761047 0
      vertex 9.980267284282716 -0.6279051952931376 0
      vertex 10 0 0
    endloop
  endfacet
  facet normal 0 0 -1
    outer loop
      vertex 9.925933035965983 -10.57004509761047 0
      vertex 10.570045097610468 9.925933035965986 0
      vertex 10.57004509761047 -9.925933035965983 0
    endloop
  endfacet
  facet normal 0 0 -1
    outer loop
      vertex 9.925933035965983 -10.57004509761047 0
      vertex 10 0 0
      vertex 10.570045097610468 9.925933035965986 0
    endloop
  endfacet
  facet normal 0.8910065241883679 -0.4539904997395468 0
    outer loop
      vertex 12.70644686063602 -6.985428274474873 0
      vertex 13.119992260757284 -6.173799727693551 0
      vertex 12.70644686063602 -6.985428274474873 3.4
    endloop
  endfacet
  facet normal 0.9177546256839808 -0.39714789063478145 0
    outer loop
      vertex 13.119992260757284 -6.173799727693551 0
      vertex 13.481759045379643 -5.337806013927836 0
      vertex 13.119992260757284 -6.173799727693551 3.4
    endloop
  endfacet
  facet normal 0.9408807689542258 -0.3387379202452904 0
    outer loop
      vertex 13.481759045379643 -5.337806013927836 0
      vertex 13.790319486279726 -4.480746418436738 0
      vertex 13.481759045379643 -5.337806013927836 3.4
    endloop
  endfacet
  facet normal 0.9602936856769428 -0.2789911060392296 0
    outer loop
      vertex 13.790319486279726 -4.480746418436738 0
      vertex 14.044455836365152 -3.6060033638903892 0
      vertex 13.790319486279726 -4.480746418436738 3.4
    endloop
  endfacet
  facet normal 0 0 -1
    outer loop
      vertex 10.57004509761047 -9.925933035965983 0
      vertex 11.172442020248942 9.242647851356 0
      vertex 11.17244202024894 -9.242647851356004 0
    endloop
  endfacet
  facet normal 0 0 -1
    outer loop
      vertex 11.17244202024894 -9.242647851356004 0
      vertex 11.730746418436738 8.52288615824086 0
      vertex 11.730746418436738 -8.52288615824086 0
    endloop
  endfacet
  facet normal 0 0 -1
    outer loop
      vertex 11.730746418436738 -8.52288615824086 0
      vertex 12.242754919779218 7.769488527195452 0
      vertex 12.242754919779221 -7.7694885271954455 0
    endloop
  endfacet
  facet normal 0 0 -1
    outer loop
      vertex 12.242754919779221 -7.7694885271954455 0
      vertex 12.706446860636023 6.985428274474872 0
      vertex 12.70644686063602 -6.985428274474873 0
    endloop
  endfacet
  facet normal 0 0 -1
    outer loop
      vertex 12.70644686063602 -6.985428274474873 0
      vertex 13.119992260757284 6.173799727693553 0
      vertex 13.119992260757284 -6.173799727693551 0
    endloop
  endfacet
  facet normal 0 0 -1
    outer loop
      vertex 13.119992260757284 -6.173799727693551 0
      vertex 13.481759045379645 5.337806013927831 0
      vertex 13.481759045379643 -5.337806013927836 0
    endloop
  endfacet
  facet normal 0 0 -1
    outer loop
      vertex 13.481759045379643 -5.337806013927836 0
      vertex 13.790319486279726 4.480746418436738 0
      vertex 13.790319486279726 -4.480746418436738 0
    endloop
  endfacet
  facet normal 0 0 -1
    outer loop
      vertex 13.790319486279726 -4.480746418436738 0
      vertex 14.04445583636515 3.6060033638903946 0
      vertex 14.044455836365152 -3.6060033638903892 0
    endloop
  endfacet
  facet normal 0 0 -1
    outer loop
      vertex 14.044455836365152 -3.6060033638903892 0
      vertex 14.243165135565986 2.7170290614930073 0
      vertex 14.243165135565985 -2.71702906149301 0
    endloop
  endfacet
  facet normal 0 0 -1
    outer loop
      vertex 14.243165135565985 -2.71702906149301 0
      vertex 14.38566316905993 1.8173318866824117 0
      vertex 14.38566316905993 -1.8173318866824089 0
    endloop
  endfacet
  facet normal 0 0 -1
    outer loop
      vertex 14.38566316905993 -1.8173318866824089 0
      vertex 14.471387562209937 0.9104625331750439 0
      vertex 14.471387562209937 -0.9104625331750495 0
    endloop
  endfacet
  facet normal 0 0 -1
    outer loop
      vertex 14.471387562209937 -0.9104625331750495 0
      vertex 14.471387562209937 0.9104625331750439 0
      vertex 14.5 0 0
    endloop
  endfacet
  facet normal 0.9759167619387475 -0.2181432413965418 0
    outer loop
      vertex 14.044455836365152 -3.6060033638903892 0
      vertex 14.243165135565985 -2.71702906149301 0
      vertex 14.044455836365152 -3.6060033638903892 3.4
    endloop
  endfacet
  facet normal 0.9876883405951374 -0.15643446504023262 0
    outer loop
      vertex 14.243165135565985 -2.71702906149301 0
      vertex 14.38566316905993 -1.8173318866824089 0
      vertex 14.243165135565985 -2.71702906149301 3.4
    endloop
  endfacet
  facet normal 0.9955619646030801 -0.0941083133185135 0
    outer loop
      vertex 14.38566316905993 -1.8173318866824089 0
      vertex 14.471387562209937 -0.9104625331750495 0
      vertex 14.38566316905993 -1.8173318866824089 3.4
    endloop
  endfacet
  facet normal 0.9995065603657315 -0.03141075907812851 0
    outer loop
      vertex 14.471387562209937 -0.9104625331750495 0
      vertex 14.5 0 0
      vertex 14.471387562209937 -0.9104625331750495 3.4
    endloop
  endfacet
  facet normal 0 0 1
    outer loop
      vertex 7.7694885271954455 -12.242754919779221 3.4
      vertex 8.52288615824086 -11.730746418436738 3.4
      vertex 7.769488527195452 12.242754919779218 3.4
    endloop
  endfacet
  facet normal 0 0 1
    outer loop
      vertex 8.52288615824086 -11.730746418436738 3.4
      vertex 9.242647851356004 -11.17244202024894 3.4
      vertex 8.52288615824086 11.730746418436738 3.4
    endloop
  endfacet
  facet normal 0 0 1
    outer loop
      vertex 9.242647851356004 -11.17244202024894 3.4
      vertex 9.925933035965983 -10.57004509761047 3.4
      vertex 9.242647851356 11.172442020248942 3.4
    endloop
  endfacet
  facet normal 0 0 1
    outer loop
      vertex 9.925933035965983 -10.57004509761047 3.4
      vertex 10.57004509761047 -9.925933035965983 3.4
      vertex 9.925933035965986 10.570045097610468 3.4
    endloop
  endfacet
  facet normal 0 0 1
    outer loop
      vertex 10.57004509761047 -9.925933035965983 3.4
      vertex 11.17244202024894 -9.242647851356004 3.4
      vertex 10.570045097610468 9.925933035965986 3.4
    endloop
  endfacet
  facet normal 0.8607420270039436 -0.5090414157503714 0
    outer loop
      vertex 12.70644686063602 -6.985428274474873 0
      vertex 12.70644686063602 -6.985428274474873 3.4
      vertex 12.242754919779221 -7.7694885271954455 3.4
    endloop
  endfacet
  facet normal 0.8910065241883679 -0.4539904997395468 0
    outer loop
      vertex 13.119992260757284 -6.173799727693551 0
      vertex 13.119992260757284 -6.173799727693551 3.4
      vertex 12.70644686063602 -6.985428274474873 3.4
    endloop
  endfacet
  facet normal 0.9177546256839808 -0.39714789063478145 0
    outer loop
      vertex 13.481759045379643 -5.337806013927836 0
      vertex 13.481759045379643 -5.337806013927836 3.4
      vertex 13.119992260757284 -6.173799727693551 3.4
    endloop
  endfacet
  facet normal 0.9408807689542258 -0.3387379202452904 0
    outer loop
      vertex 13.790319486279726 -4.480746418436738 0
      vertex 13.790319486279726 -4.480746418436738 3.4
      vertex 13.481759045379643 -5.337806013927836 3.4
    endloop
  endfacet
  facet normal 0.9602936856769428 -0.2789911060392296 0
    outer loop
      vertex 14.044455836365152 -3.6060033638903892 0
      vertex 14.044455836365152 -3.6060033638903892 3.4
      vertex 13.790319486279726 -4.480746418436738 3.4
    endloop
  endfacet
  facet normal 0.9759167619387475 -0.2181432413965418 0
    outer loop
      vertex 14.243165135565985 -2.71702906149301 0
      vertex 14.243165135565985 -2.71702906149301 3.4
      vertex 14.044455836365152 -3.6060033638903892 3.4
    endloop
  endfacet
  facet normal 0.9876883405951374 -0.15643446504023262 0
    outer loop
      vertex 14.38566316905993 -1.8173318866824089 0
      vertex 14.38566316905993 -1.8173318866824089 3.4
      vertex 14.243165135565985 -2.71702906149301 3.4
    endloop
  endfacet
  facet normal 0.9955619646030801 -0.0941083133185135 0
    outer loop
      vertex 14.471387562209937 -0.9104625331750495 0
      vertex 14.471387562209937 -0.9104625331750495 3.4
      vertex 14.38566316905993 -1.8173318866824089 3.4
    endloop
  endfacet
  facet normal 0.9995065603657315 -0.03141075907812851 3.544656948913459e-19
    outer loop
      vertex 14.471387562209937 -0.9104625331750495 3.4
      vertex 14.5 0 0
      vertex 14.5 0 3.4
    endloop
  endfacet
  facet normal 0 0 1
    outer loop
      vertex 11.17244202024894 -9.242647851356004 3.4
      vertex 11.730746418436738 -8.52288615824086 3.4
      vertex 11.172442020248942 9.242647851356 3.4
    endloop
  endfacet
  facet normal 0 0 1
    outer loop
      vertex 11.730746418436738 -8.52288615824086 3.4
      vertex 12.242754919779221 -7.7694885271954455 3.4
      vertex 11.730746418436738 8.52288615824086 3.4
    endloop
  endfacet
  facet normal 0 0 1
    outer loop
      vertex 12.242754919779221 -7.7694885271954455 3.4
      vertex 12.70644686063602 -6.985428274474873 3.4
      vertex 12.242754919779218 7.769488527195452 3.4
    endloop
  endfacet
  facet normal 0 0 1
    outer loop
      vertex 12.70644686063602 -6.985428274474873 3.4
      vertex 13.119992260757284 -6.173799727693551 3.4
      vertex 12.706446860636023 6.985428274474872 3.4
    endloop
  endfacet
  facet normal 0 0 1
    outer loop
      vertex 13.119992260757284 -6.173799727693551 3.4
      vertex 13.481759045379643 -5.337806013927836 3.4
      vertex 13.119992260757284 6.173799727693553 3.4
    endloop
  endfacet
  facet normal 0 0 1
    outer loop
      vertex 13.481759045379643 -5.337806013927836 3.4
      vertex 13.790319486279726 -4.480746418436738 3.4
      vertex 13.481759045379645 5.337806013927831 3.4
    endloop
  endfacet
  facet normal 0 0 1
    outer loop
      vertex 13.790319486279726 -4.480746418436738 3.4
      vertex 14.044455836365152 -3.6060033638903892 3.4
      vertex 13.790319486279726 4.480746418436738 3.4
    endloop
  endfacet
  facet normal 0 0 1
    outer loop
      vertex 14.044455836365152 -3.6060033638903892 3.4
      vertex 14.243165135565985 -2.71702906149301 3.4
      vertex 14.04445583636515 3.6060033638903946 3.4
    endloop
  endfacet
  facet normal 0 0 1
    outer loop
      vertex 14.243165135565985 -2.71702906149301 3.4
      vertex 14.38566316905993 -1.8173318866824089 3.4
      vertex 14.243165135565986 2.7170290614930073 3.4
    endloop
  endfacet
  facet normal 0 0 1
    outer loop
      vertex 14.38566316905993 -1.8173318866824089 3.4
      vertex 14.471387562209937 -0.9104625331750495 3.4
      vertex 14.38566316905993 1.8173318866824117 3.4
    endloop
  endfacet
  facet normal 0 0 1
    outer loop
      vertex 14.471387562209937 -0.9104625331750495 3.4
      vertex 14.5 0 3.4
      vertex 14.471387562209937 0.9104625331750439 3.4
    endloop
  endfacet
  facet normal 0 0 1
    outer loop
      vertex 0.9104625331750426 14.471387562209937 3.4
      vertex 0.9 -7.083333333333333 3.4
      vertex 5.9 -7.083333333333333 3.4
    endloop
  endfacet
  facet normal 0 0 1
    outer loop
      vertex 1.8173318866824122 14.38566316905993 3.4
      vertex 5.9 -7.083333333333333 3.4
      vertex 2.7170290614930064 14.243165135565986 3.4
    endloop
  endfacet
  facet normal 0 0 1
    outer loop
      vertex 2.7170290614930064 14.243165135565986 3.4
      vertex 5.9 -7.083333333333333 3.4
      vertex 3.6060033638903954 14.04445583636515 3.4
    endloop
  endfacet
  facet normal 0 0 1
    outer loop
      vertex 3.6060033638903954 14.04445583636515 3.4
      vertex 5.9 -7.083333333333333 3.4
      vertex 4.480746418436738 13.790319486279726 3.4
    endloop
  endfacet
  facet normal 0 0 1
    outer loop
      vertex 4.480746418436738 13.790319486279726 3.4
      vertex 5.9 -7.083333333333333 3.4
      vertex 5.337806013927829 13.481759045379647 3.4
    endloop
  endfacet
  facet normal 0 0 1
    outer loop
      vertex 6.173799727693551 -13.119992260757284 3.4
      vertex 6.173799727693554 13.119992260757282 3.4
      vertex 5.337806013927829 13.481759045379647 3.4
    endloop
  endfacet
  facet normal 0 0 1
    outer loop
      vertex 6.985428274474873 -12.70644686063602 3.4
      vertex 6.98542827447487 12.706446860636023 3.4
      vertex 6.173799727693554 13.119992260757282 3.4
    endloop
  endfacet
  facet normal 0 0 -1
    outer loop
      vertex 0 10 0
      vertex 0 14.5 0
      vertex 0.6279051952931327 9.980267284282716 0
    endloop
  endfacet
  facet normal 0 0 -1
    outer loop
      vertex 0.6279051952931327 9.980267284282716 0
      vertex 1.8173318866824122 14.38566316905993 0
      vertex 1.2533323356430428 9.921147013144779 0
    endloop
  endfacet
  facet normal 0 0 -1
    outer loop
      vertex 0.6279051952931327 9.980267284282716 0
      vertex 0 14.5 0
      vertex 0.9104625331750426 14.471387562209937 0
    endloop
  endfacet
  facet normal 0 0 -1
    outer loop
      vertex 0.6279051952931327 9.980267284282716 0
      vertex 0.9104625331750426 14.471387562209937 0
      vertex 1.8173318866824122 14.38566316905993 0
    endloop
  endfacet
  facet normal 0 0 -1
    outer loop
      vertex 1.2533323356430428 9.921147013144779 0
      vertex 2.7170290614930064 14.243165135565986 0
      vertex 1.8738131458572458 9.822872507286887 0
    endloop
  endfacet
  facet normal 0 0 -1
    outer loop
      vertex 1.8738131458572458 9.822872507286887 0
      vertex 2.7170290614930064 14.243165135565986 0
      vertex 2.4868988716485485 9.68583161128631 0
    endloop
  endfacet
  facet normal 0 0 -1
    outer loop
      vertex 2.4868988716485485 9.68583161128631 0
      vertex 3.6060033638903954 14.04445583636515 0
      vertex 3.090169943749474 9.510565162951535 0
    endloop
  endfacet
  facet normal 0 0 -1
    outer loop
      vertex 2.4868988716485485 9.68583161128631 0
      vertex 2.7170290614930064 14.243165135565986 0
      vertex 3.6060033638903954 14.04445583636515 0
    endloop
  endfacet
  facet normal 0 0 -1
    outer loop
      vertex 1.2533323356430428 9.921147013144779 0
      vertex 1.8173318866824122 14.38566316905993 0
      vertex 2.7170290614930064 14.243165135565986 0
    endloop
  endfacet
  facet normal 0.03141075907812875 0.9995065603657315 0
    outer loop
      vertex 0 14.5 0
      vertex 0 14.5 3.4
      vertex 0.9104625331750426 14.471387562209937 0
    endloop
  endfacet
  facet normal 0.09410831331851244 0.9955619646030801 0
    outer loop
      vertex 0.9104625331750426 14.471387562209937 0
      vertex 0.9104625331750426 14.471387562209937 3.4
      vertex 1.8173318866824122 14.38566316905993 0
    endloop
  endfacet
  facet normal 0.1564344650402319 0.9876883405951375 0
    outer loop
      vertex 1.8173318866824122 14.38566316905993 0
      vertex 1.8173318866824122 14.38566316905993 3.4
      vertex 2.7170290614930064 14.243165135565986 0
    endloop
  endfacet
  facet normal 0.21814324139654326 0.9759167619387472 0
    outer loop
      vertex 2.7170290614930064 14.243165135565986 0
      vertex 2.7170290614930064 14.243165135565986 3.4
      vertex 3.6060033638903954 14.04445583636515 0
    endloop
  endfacet
  facet normal 0 0 -1
    outer loop
      vertex 3.090169943749474 9.510565162951535 0
      vertex 4.480746418436738 13.790319486279726 0
      vertex 3.6812455268467787 9.297764858882514 0
    endloop
  endfacet
  facet normal 0 0 -1
    outer loop
      vertex 4.257792915650727 9.048270524660195 0
      vertex 3.6812455268467787 9.297764858882514 0
      vertex 4.480746418436738 13.790319486279726 0
    endloop
  endfacet
  facet normal 0 0 -1
    outer loop
      vertex 4.257792915650727 9.048270524660195 0
      vertex 5.337806013927829 13.481759045379647 0
      vertex 4.817536741017152 8.763066800438637 0
    endloop
  endfacet
  facet normal 0 0 -1
    outer loop
      vertex 5.358267949789966 8.443279255020151 0
      vertex 6.173799727693554 13.119992260757282 0
      vertex 5.877852522924732 8.090169943749475 0
    endloop
  endfacet
  facet normal 0 0 -1
    outer loop
      vertex 4.817536741017152 8.763066800438637 0
      vertex 6.173799727693554 13.119992260757282 0
      vertex 5.358267949789966 8.443279255020151 0
    endloop
  endfacet
  facet normal 0 0 -1
    outer loop
      vertex 5.877852522924732 8.090169943749475 0
      vertex 6.98542827447487 12.706446860636023 0
      vertex 6.3742398974868975 7.705132427757891 0
    endloop
  endfacet
  facet normal 0 0 -1
    outer loop
      vertex 6.3742398974868975 7.705132427757891 0
      vertex 6.98542827447487 12.706446860636023 0
      vertex 6.845471059286887 7.289686274214116 0
    endloop
  endfacet
  facet normal 0 0 -1
    outer loop
      vertex 6.845471059286887 7.289686274214116 0
      vertex 6.98542827447487 12.706446860636023 0
      vertex 7.769488527195452 12.242754919779218 0
    endloop
  endfacet
  facet normal 0 0 -1
    outer loop
      vertex 3.090169943749474 9.510565162951535 0
      vertex 3.6060033638903954 14.04445583636515 0
      vertex 4.480746418436738 13.790319486279726 0
    endloop
  endfacet
  facet normal 0 0 -1
    outer loop
      vertex 4.257792915650727 9.048270524660195 0
      vertex 4.480746418436738 13.790319486279726 0
      vertex 5.337806013927829 13.481759045379647 0
    endloop
  endfacet
  facet normal 0 0 -1
    outer loop
      vertex 4.817536741017152 8.763066800438637 0
      vertex 5.337806013927829 13.481759045379647 0
      vertex 6.173799727693554 13.119992260757282 0
    endloop
  endfacet
  facet normal 0 0 -1
    outer loop
      vertex 5.877852522924732 8.090169943749475 0
      vertex 6.173799727693554 13.119992260757282 0
      vertex 6.98542827447487 12.706446860636023 0
    endloop
  endfacet
  facet normal 0.2789911060392297 0.9602936856769431 0
    outer loop
      vertex 3.6060033638903954 14.04445583636515 0
      vertex 3.6060033638903954 14.04445583636515 3.4
      vertex 4.480746418436738 13.790319486279726 0
    endloop
  endfacet
  facet normal 0.33873792024528954 0.9408807689542261 0
    outer loop
      vertex 4.480746418436738 13.790319486279726 0
      vertex 4.480746418436738 13.790319486279726 3.4
      vertex 5.337806013927829 13.481759045379647 0
    endloop
  endfacet
  facet normal 0.5090414157503714 0.8607420270039435 0
    outer loop
      vertex 6.98542827447487 12.706446860636023 0
      vertex 6.98542827447487 12.706446860636023 3.4
      vertex 7.769488527195452 12.242754919779218 0
    endloop
  endfacet
  facet normal 0.3971478906347821 0.9177546256839806 0
    outer loop
      vertex 5.337806013927829 13.481759045379647 0
      vertex 5.337806013927829 13.481759045379647 3.4
      vertex 6.173799727693554 13.119992260757282 0
    endloop
  endfacet
  facet normal 0.45399049973954647 0.891006524188368 0
    outer loop
      vertex 6.173799727693554 13.119992260757282 0
      vertex 6.173799727693554 13.119992260757282 3.4
      vertex 6.98542827447487 12.706446860636023 0
    endloop
  endfacet
  facet normal 0 0 1
    outer loop
      vertex 0 14.5 3.4
      vertex 0.9 -7.083333333333333 3.4
      vertex 0.9104625331750426 14.471387562209937 3.4
    endloop
  endfacet
  facet normal 0 0 1
    outer loop
      vertex 0.9104625331750426 14.471387562209937 3.4
      vertex 5.9 -7.083333333333333 3.4
      vertex 1.8173318866824122 14.38566316905993 3.4
    endloop
  endfacet
  facet normal 0.03141075907812875 0.9995065603657315 0
    outer loop
      vertex 0.9104625331750426 14.471387562209937 0
      vertex 0 14.5 3.4
      vertex 0.9104625331750426 14.471387562209937 3.4
    endloop
  endfacet
  facet normal 0.09410831331851244 0.9955619646030801 0
    outer loop
      vertex 1.8173318866824122 14.38566316905993 0
      vertex 0.9104625331750426 14.471387562209937 3.4
      vertex 1.8173318866824122 14.38566316905993 3.4
    endloop
  endfacet
  facet normal 0.1564344650402319 0.9876883405951375 0
    outer loop
      vertex 2.7170290614930064 14.243165135565986 0
      vertex 1.8173318866824122 14.38566316905993 3.4
      vertex 2.7170290614930064 14.243165135565986 3.4
    endloop
  endfacet
  facet normal 0.21814324139654326 0.9759167619387472 0
    outer loop
      vertex 3.6060033638903954 14.04445583636515 0
      vertex 2.7170290614930064 14.243165135565986 3.4
      vertex 3.6060033638903954 14.04445583636515 3.4
    endloop
  endfacet
  facet normal 0.2789911060392297 0.9602936856769431 0
    outer loop
      vertex 4.480746418436738 13.790319486279726 0
      vertex 3.6060033638903954 14.04445583636515 3.4
      vertex 4.480746418436738 13.790319486279726 3.4
    endloop
  endfacet
  facet normal 0.33873792024528954 0.9408807689542261 0
    outer loop
      vertex 5.337806013927829 13.481759045379647 0
      vertex 4.480746418436738 13.790319486279726 3.4
      vertex 5.337806013927829 13.481759045379647 3.4
    endloop
  endfacet
  facet normal 0.3971478906347821 0.9177546256839806 0
    outer loop
      vertex 6.173799727693554 13.119992260757282 0
      vertex 5.337806013927829 13.481759045379647 3.4
      vertex 6.173799727693554 13.119992260757282 3.4
    endloop
  endfacet
  facet normal 0.45399049973954647 0.891006524188368 0
    outer loop
      vertex 6.98542827447487 12.706446860636023 0
      vertex 6.173799727693554 13.119992260757282 3.4
      vertex 6.98542827447487 12.706446860636023 3.4
    endloop
  endfacet
  facet normal 0 0 -1
    outer loop
      vertex 10 0 0
      vertex 9.980267284282716 0.6279051952931337 0
      vertex 10.570045097610468 9.925933035965986 0
    endloop
  endfacet
  facet normal 0 0 -1
    outer loop
      vertex 10.57004509761047 -9.925933035965983 0
      vertex 10.570045097610468 9.925933035965986 0
      vertex 11.172442020248942 9.242647851356 0
    endloop
  endfacet
  facet normal 0 0 -1
    outer loop
      vertex 9.048270524660197 4.257792915650727 0
      vertex 8.763066800438637 4.817536741017153 0
      vertex 9.242647851356 11.172442020248942 0
    endloop
  endfacet
  facet normal 0 0 -1
    outer loop
      vertex 8.443279255020151 5.358267949789966 0
      vertex 9.242647851356 11.172442020248942 0
      vertex 8.763066800438637 4.817536741017153 0
    endloop
  endfacet
  facet normal 0 0 -1
    outer loop
      vertex 9.921147013144779 1.2533323356430426 0
      vertex 9.822872507286887 1.8738131458572462 0
      vertex 9.925933035965986 10.570045097610468 0
    endloop
  endfacet
  facet normal 0 0 -1
    outer loop
      vertex 9.822872507286887 1.8738131458572462 0
      vertex 9.68583161128631 2.486898871648548 0
      vertex 9.925933035965986 10.570045097610468 0
    endloop
  endfacet
  facet normal 0 0 -1
    outer loop
      vertex 9.68583161128631 2.486898871648548 0
      vertex 9.510565162951535 3.090169943749474 0
      vertex 9.925933035965986 10.570045097610468 0
    endloop
  endfacet
  facet normal 0 0 -1
    outer loop
      vertex 9.921147013144779 1.2533323356430426 0
      vertex 10.570045097610468 9.925933035965986 0
      vertex 9.980267284282716 0.6279051952931337 0
    endloop
  endfacet
  facet normal 0 0 -1
    outer loop
      vertex 9.048270524660197 4.257792915650727 0
      vertex 9.925933035965986 10.570045097610468 0
      vertex 9.297764858882513 3.6812455268467796 0
    endloop
  endfacet
  facet normal 0 0 -1
    outer loop
      vertex 9.510565162951535 3.090169943749474 0
      vertex 9.297764858882513 3.6812455268467796 0
      vertex 9.925933035965986 10.570045097610468 0
    endloop
  endfacet
  facet normal 0 0 -1
    outer loop
      vertex 9.921147013144779 1.2533323356430426 0
      vertex 9.925933035965986 10.570045097610468 0
      vertex 10.570045097610468 9.925933035965986 0
    endloop
  endfacet
  facet normal 0 0 -1
    outer loop
      vertex 11.17244202024894 -9.242647851356004 0
      vertex 11.172442020248942 9.242647851356 0
      vertex 11.730746418436738 8.52288615824086 0
    endloop
  endfacet
  facet normal 0 0 -1
    outer loop
      vertex 11.730746418436738 -8.52288615824086 0
      vertex 11.730746418436738 8.52288615824086 0
      vertex 12.242754919779218 7.769488527195452 0
    endloop
  endfacet
  facet normal 0 0 -1
    outer loop
      vertex 12.242754919779221 -7.7694885271954455 0
      vertex 12.242754919779218 7.769488527195452 0
      vertex 12.706446860636023 6.985428274474872 0
    endloop
  endfacet
  facet normal 0 0 -1
    outer loop
      vertex 13.119992260757284 -6.173799727693551 0
      vertex 13.119992260757284 6.173799727693553 0
      vertex 13.481759045379645 5.337806013927831 0
    endloop
  endfacet
  facet normal 0 0 -1
    outer loop
      vertex 13.481759045379643 -5.337806013927836 0
      vertex 13.481759045379645 5.337806013927831 0
      vertex 13.790319486279726 4.480746418436738 0
    endloop
  endfacet
  facet normal 0 0 -1
    outer loop
      vertex 14.38566316905993 -1.8173318866824089 0
      vertex 14.38566316905993 1.8173318866824117 0
      vertex 14.471387562209937 0.9104625331750439 0
    endloop
  endfacet
  facet normal 0 0 -1
    outer loop
      vertex 14.044455836365152 -3.6060033638903892 0
      vertex 14.04445583636515 3.6060033638903946 0
      vertex 14.243165135565986 2.7170290614930073 0
    endloop
  endfacet
  facet normal 0 0 -1
    outer loop
      vertex 14.243165135565985 -2.71702906149301 0
      vertex 14.243165135565986 2.7170290614930073 0
      vertex 14.38566316905993 1.8173318866824117 0
    endloop
  endfacet
  facet normal 0 0 -1
    outer loop
      vertex 13.790319486279726 -4.480746418436738 0
      vertex 13.790319486279726 4.480746418436738 0
      vertex 14.04445583636515 3.6060033638903946 0
    endloop
  endfacet
  facet normal 0 0 -1
    outer loop
      vertex 12.70644686063602 -6.985428274474873 0
      vertex 12.706446860636023 6.985428274474872 0
      vertex 13.119992260757284 6.173799727693553 0
    endloop
  endfacet
  facet normal 0.9995065603657315 0.03141075907812871 0
    outer loop
      vertex 14.5 0 0
      vertex 14.471387562209937 0.9104625331750439 0
      vertex 14.5 0 3.4
    endloop
  endfacet
  facet normal 0.9955619646030801 0.09410831331851262 0
    outer loop
      vertex 14.471387562209937 0.9104625331750439 0
      vertex 14.38566316905993 1.8173318866824117 0
      vertex 14.471387562209937 0.9104625331750439 3.4
    endloop
  endfacet
  facet normal 0.9876883405951375 0.15643446504023165 0
    outer loop
      vertex 14.38566316905993 1.8173318866824117 0
      vertex 14.243165135565986 2.7170290614930073 0
      vertex 14.38566316905993 1.8173318866824117 3.4
    endloop
  endfacet
  facet normal 0.9759167619387472 0.21814324139654365 0
    outer loop
      vertex 14.243165135565986 2.7170290614930073 0
      vertex 14.04445583636515 3.6060033638903946 0
      vertex 14.243165135565986 2.7170290614930073 3.4
    endloop
  endfacet
  facet normal 0.860742027003943 0.5090414157503722 0
    outer loop
      vertex 12.706446860636023 6.985428274474872 0
      vertex 12.242754919779218 7.769488527195452 0
      vertex 12.706446860636023 6.985428274474872 3.4
    endloop
  endfacet
  facet normal 0.9602936856769431 0.27899110603922944 0
    outer loop
      vertex 14.04445583636515 3.6060033638903946 0
      vertex 13.790319486279726 4.480746418436738 0
      vertex 14.04445583636515 3.6060033638903946 3.4
    endloop
  endfacet
  facet normal 0.9408807689542257 0.3387379202452906 3.3338473526241235e-18
    outer loop
      vertex 13.481759045379645 5.337806013927831 0
      vertex 13.790319486279726 4.480746418436738 3.4
      vertex 13.790319486279726 4.480746418436738 0
    endloop
  endfacet
  facet normal 0.9177546256839815 0.3971478906347799 0
    outer loop
      vertex 13.481759045379645 5.337806013927831 0
      vertex 13.119992260757284 6.173799727693553 0
      vertex 13.481759045379645 5.337806013927831 3.4
    endloop
  endfacet
  facet normal 0.8910065241883678 0.4539904997395468 0
    outer loop
      vertex 13.119992260757284 6.173799727693553 0
      vertex 12.706446860636023 6.985428274474872 0
      vertex 13.119992260757284 6.173799727693553 3.4
    endloop
  endfacet
  facet normal 0 0 1
    outer loop
      vertex 10.57004509761047 -9.925933035965983 3.4
      vertex 10.570045097610468 9.925933035965986 3.4
      vertex 9.925933035965986 10.570045097610468 3.4
    endloop
  endfacet
  facet normal 0 0 1
    outer loop
      vertex 7.7694885271954455 -12.242754919779221 3.4
      vertex 7.769488527195452 12.242754919779218 3.4
      vertex 6.98542827447487 12.706446860636023 3.4
    endloop
  endfacet
  facet normal 0 0 1
    outer loop
      vertex 8.52288615824086 -11.730746418436738 3.4
      vertex 8.52288615824086 11.730746418436738 3.4
      vertex 7.769488527195452 12.242754919779218 3.4
    endloop
  endfacet
  facet normal 0 0 1
    outer loop
      vertex 9.242647851356004 -11.17244202024894 3.4
      vertex 9.242647851356 11.172442020248942 3.4
      vertex 8.52288615824086 11.730746418436738 3.4
    endloop
  endfacet
  facet normal 0 0 1
    outer loop
      vertex 9.925933035965983 -10.57004509761047 3.4
      vertex 9.925933035965986 10.570045097610468 3.4
      vertex 9.242647851356 11.172442020248942 3.4
    endloop
  endfacet
  facet normal 0.9995065603657315 0.03141075907812871 0
    outer loop
      vertex 14.471387562209937 0.9104625331750439 0
      vertex 14.471387562209937 0.9104625331750439 3.4
      vertex 14.5 0 3.4
    endloop
  endfacet
  facet normal 0.9955619646030801 0.09410831331851262 0
    outer loop
      vertex 14.38566316905993 1.8173318866824117 0
      vertex 14.38566316905993 1.8173318866824117 3.4
      vertex 14.471387562209937 0.9104625331750439 3.4
    endloop
  endfacet
  facet normal 0.9876883405951375 0.15643446504023165 0
    outer loop
      vertex 14.243165135565986 2.7170290614930073 0
      vertex 14.243165135565986 2.7170290614930073 3.4
      vertex 14.38566316905993 1.8173318866824117 3.4
    endloop
  endfacet
  facet normal 0.9759167619387472 0.21814324139654365 0
    outer loop
      vertex 14.04445583636515 3.6060033638903946 0
      vertex 14.04445583636515 3.6060033638903946 3.4
      vertex 14.243165135565986 2.7170290614930073 3.4
    endloop
  endfacet
  facet normal 0 0 1
    outer loop
      vertex 11.17244202024894 -9.242647851356004 3.4
      vertex 11.172442020248942 9.242647851356 3.4
      vertex 10.570045097610468 9.925933035965986 3.4
    endloop
  endfacet
  facet normal 0 0 1
    outer loop
      vertex 11.730746418436738 -8.52288615824086 3.4
      vertex 11.730746418436738 8.52288615824086 3.4
      vertex 11.172442020248942 9.242647851356 3.4
    endloop
  endfacet
  facet normal 0 0 1
    outer loop
      vertex 12.70644686063602 -6.985428274474873 3.4
      vertex 12.706446860636023 6.985428274474872 3.4
      vertex 12.242754919779218 7.769488527195452 3.4
    endloop
  endfacet
  facet normal 0 0 1
    outer loop
      vertex 12.242754919779221 -7.7694885271954455 3.4
      vertex 12.242754919779218 7.769488527195452 3.4
      vertex 11.730746418436738 8.52288615824086 3.4
    endloop
  endfacet
  facet normal 0 0 1
    outer loop
      vertex 14.471387562209937 -0.9104625331750495 3.4
      vertex 14.471387562209937 0.9104625331750439 3.4
      vertex 14.38566316905993 1.8173318866824117 3.4
    endloop
  endfacet
  facet normal 0 0 1
    outer loop
      vertex 14.38566316905993 -1.8173318866824089 3.4
      vertex 14.38566316905993 1.8173318866824117 3.4
      vertex 14.243165135565986 2.7170290614930073 3.4
    endloop
  endfacet
  facet normal 0 0 1
    outer loop
      vertex 13.790319486279726 -4.480746418436738 3.4
      vertex 13.790319486279726 4.480746418436738 3.4
      vertex 13.481759045379645 5.337806013927831 3.4
    endloop
  endfacet
  facet normal 0 0 1
    outer loop
      vertex 14.044455836365152 -3.6060033638903892 3.4
      vertex 14.04445583636515 3.6060033638903946 3.4
      vertex 13.790319486279726 4.480746418436738 3.4
    endloop
  endfacet
  facet normal 0 0 1
    outer loop
      vertex 14.243165135565985 -2.71702906149301 3.4
      vertex 14.243165135565986 2.7170290614930073 3.4
      vertex 14.04445583636515 3.6060033638903946 3.4
    endloop
  endfacet
  facet normal 0 0 1
    outer loop
      vertex 13.119992260757284 -6.173799727693551 3.4
      vertex 13.119992260757284 6.173799727693553 3.4
      vertex 12.706446860636023 6.985428274474872 3.4
    endloop
  endfacet
  facet normal 0 0 1
    outer loop
      vertex 13.481759045379643 -5.337806013927836 3.4
      vertex 13.481759045379645 5.337806013927831 3.4
      vertex 13.119992260757284 6.173799727693553 3.4
    endloop
  endfacet
  facet normal 0.9408807689542257 0.3387379202452906 0
    outer loop
      vertex 13.481759045379645 5.337806013927831 0
      vertex 13.481759045379645 5.337806013927831 3.4
      vertex 13.790319486279726 4.480746418436738 3.4
    endloop
  endfacet
  facet normal 0.9602936856769431 0.27899110603922944 0
    outer loop
      vertex 13.790319486279726 4.480746418436738 0
      vertex 13.790319486279726 4.480746418436738 3.4
      vertex 14.04445583636515 3.6060033638903946 3.4
    endloop
  endfacet
  facet normal 0.9177546256839815 0.3971478906347799 0
    outer loop
      vertex 13.119992260757284 6.173799727693553 0
      vertex 13.119992260757284 6.173799727693553 3.4
      vertex 13.481759045379645 5.337806013927831 3.4
    endloop
  endfacet
  facet normal 0.8910065241883678 0.4539904997395468 0
    outer loop
      vertex 12.706446860636023 6.985428274474872 0
      vertex 12.706446860636023 6.985428274474872 3.4
      vertex 13.119992260757284 6.173799727693553 3.4
    endloop
  endfacet
  facet normal 0 0 -1
    outer loop
      vertex 8.090169943749475 5.877852522924732 0
      vertex 7.705132427757891 6.3742398974868975 0
      vertex 8.52288615824086 11.730746418436738 0
    endloop
  endfacet
  facet normal 0 0 -1
    outer loop
      vertex 7.289686274214116 6.845471059286887 0
      vertex 7.769488527195452 12.242754919779218 0
      vertex 7.705132427757891 6.3742398974868975 0
    endloop
  endfacet
  facet normal 0 0 -1
    outer loop
      vertex 6.845471059286887 7.289686274214116 0
      vertex 7.769488527195452 12.242754919779218 0
      vertex 7.289686274214116 6.845471059286887 0
    endloop
  endfacet
  facet normal 0 0 -1
    outer loop
      vertex 8.443279255020151 5.358267949789966 0
      vertex 8.090169943749475 5.877852522924732 0
      vertex 8.52288615824086 11.730746418436738 0
    endloop
  endfacet
  facet normal 0 0 -1
    outer loop
      vertex 7.705132427757891 6.3742398974868975 0
      vertex 7.769488527195452 12.242754919779218 0
      vertex 8.52288615824086 11.730746418436738 0
    endloop
  endfacet
  facet normal 0 0 -1
    outer loop
      vertex 8.443279255020151 5.358267949789966 0
      vertex 8.52288615824086 11.730746418436738 0
      vertex 9.242647851356 11.172442020248942 0
    endloop
  endfacet
  facet normal 0 0 -1
    outer loop
      vertex 9.048270524660197 4.257792915650727 0
      vertex 9.242647851356 11.172442020248942 0
      vertex 9.925933035965986 10.570045097610468 0
    endloop
  endfacet
  facet normal 0.7071067811865476 0.7071067811865476 5.9737444073943325e-18
    outer loop
      vertex 9.925933035965986 10.570045097610468 0
      vertex 10.570045097610468 9.925933035965986 3.4
      vertex 10.570045097610468 9.925933035965986 0
    endloop
  endfacet
  facet normal 0.5620833778521305 0.8270805742745618 0
    outer loop
      vertex 7.769488527195452 12.242754919779218 0
      vertex 7.769488527195452 12.242754919779218 3.4
      vertex 8.52288615824086 11.730746418436738 0
    endloop
  endfacet
  facet normal 0.6129070536529775 0.7901550123756896 0
    outer loop
      vertex 8.52288615824086 11.730746418436738 0
      vertex 8.52288615824086 11.730746418436738 3.4
      vertex 9.242647851356 11.172442020248942 0
    endloop
  endfacet
  facet normal 0.6613118653236502 0.750111069630461 -4.667975893300017e-18
    outer loop
      vertex 9.925933035965986 10.570045097610468 0
      vertex 9.242647851356 11.172442020248942 0
      vertex 9.242647851356 11.172442020248942 3.4
    endloop
  endfacet
  facet normal 0.7901550123756896 0.6129070536529775 0
    outer loop
      vertex 11.730746418436738 8.52288615824086 0
      vertex 11.172442020248942 9.242647851356 0
      vertex 11.730746418436738 8.52288615824086 3.4
    endloop
  endfacet
  facet normal 0.8270805742745618 0.5620833778521305 -4.892855109207315e-18
    outer loop
      vertex 11.730746418436738 8.52288615824086 0
      vertex 12.242754919779218 7.769488527195452 3.4
      vertex 12.242754919779218 7.769488527195452 0
    endloop
  endfacet
  facet normal 0.750111069630461 0.6613118653236502 -4.667975893300017e-18
    outer loop
      vertex 10.570045097610468 9.925933035965986 0
      vertex 11.172442020248942 9.242647851356 3.4
      vertex 11.172442020248942 9.242647851356 0
    endloop
  endfacet
  facet normal 0.6613118653236502 0.750111069630461 0
    outer loop
      vertex 9.925933035965986 10.570045097610468 0
      vertex 9.242647851356 11.172442020248942 3.4
      vertex 9.925933035965986 10.570045097610468 3.4
    endloop
  endfacet
  facet normal 0.750111069630461 0.6613118653236502 0
    outer loop
      vertex 10.570045097610468 9.925933035965986 0
      vertex 10.570045097610468 9.925933035965986 3.4
      vertex 11.172442020248942 9.242647851356 3.4
    endloop
  endfacet
  facet normal 0.7071067811865476 0.7071067811865476 0
    outer loop
      vertex 9.925933035965986 10.570045097610468 0
      vertex 9.925933035965986 10.570045097610468 3.4
      vertex 10.570045097610468 9.925933035965986 3.4
    endloop
  endfacet
  facet normal 0.5090414157503714 0.8607420270039435 0
    outer loop
      vertex 7.769488527195452 12.242754919779218 0
      vertex 6.98542827447487 12.706446860636023 3.4
      vertex 7.769488527195452 12.242754919779218 3.4
    endloop
  endfacet
  facet normal 0.6129070536529775 0.7901550123756896 0
    outer loop
      vertex 9.242647851356 11.172442020248942 0
      vertex 8.52288615824086 11.730746418436738 3.4
      vertex 9.242647851356 11.172442020248942 3.4
    endloop
  endfacet
  facet normal 0.5620833778521305 0.8270805742745618 0
    outer loop
      vertex 8.52288615824086 11.730746418436738 0
      vertex 7.769488527195452 12.242754919779218 3.4
      vertex 8.52288615824086 11.730746418436738 3.4
    endloop
  endfacet
  facet normal 0.7901550123756896 0.6129070536529775 0
    outer loop
      vertex 11.172442020248942 9.242647851356 0
      vertex 11.172442020248942 9.242647851356 3.4
      vertex 11.730746418436738 8.52288615824086 3.4
    endloop
  endfacet
  facet normal 0.860742027003943 0.5090414157503722 0
    outer loop
      vertex 12.242754919779218 7.769488527195452 0
      vertex 12.242754919779218 7.769488527195452 3.4
      vertex 12.706446860636023 6.985428274474872 3.4
    endloop
  endfacet
  facet normal 0.8270805742745618 0.5620833778521305 0
    outer loop
      vertex 11.730746418436738 8.52288615824086 0
      vertex 11.730746418436738 8.52288615824086 3.4
      vertex 12.242754919779218 7.769488527195452 3.4
    endloop
  endfacet
  facet normal 0.9177546256839814 0.39714789063477995 0
    outer loop
      vertex -9.297764858882514 -3.6812455268467787 0
      vertex -9.297764858882514 -3.6812455268467787 1.4
      vertex -9.048270524660197 -4.257792915650724 0
    endloop
  endfacet
  facet normal 0.9177546256839814 0.39714789063477995 0
    outer loop
      vertex -9.048270524660197 -4.257792915650724 0
      vertex -9.297764858882514 -3.6812455268467787 1.4
      vertex -9.048270524660197 -4.257792915650724 1.4
    endloop
  endfacet
  facet normal 0.8270805742745633 0.5620833778521286 -6.47477217254062e-20
    outer loop
      vertex -8.090169943749475 -5.877852522924732 0
      vertex -8.44327925502015 -5.358267949789966 0
      vertex -8.44327925502015 -5.358267949789966 1.4
    endloop
  endfacet
  facet normal 0.7501110696304585 0.6613118653236532 0
    outer loop
      vertex -7.705132427757894 -6.374239897486897 0
      vertex -7.705132427757894 -6.374239897486897 1.4
      vertex -7.289686274214117 -6.845471059286885 0
    endloop
  endfacet
  facet normal 0.7901550123756907 0.612907053652976 -8.008880260591151e-18
    outer loop
      vertex -7.705132427757894 -6.374239897486897 0
      vertex -8.090169943749475 -5.877852522924732 0
      vertex -8.090169943749475 -5.877852522924732 1.4
    endloop
  endfacet
  facet normal 0.8270805742745633 0.5620833778521286 0
    outer loop
      vertex -8.090169943749475 -5.877852522924732 0
      vertex -8.44327925502015 -5.358267949789966 1.4
      vertex -8.090169943749475 -5.877852522924732 1.4
    endloop
  endfacet
  facet normal 0.7501110696304585 0.6613118653236532 0
    outer loop
      vertex -7.289686274214117 -6.845471059286885 0
      vertex -7.705132427757894 -6.374239897486897 1.4
      vertex -7.289686274214117 -6.845471059286885 1.4
    endloop
  endfacet
  facet normal 0.7901550123756907 0.612907053652976 0
    outer loop
      vertex -7.705132427757894 -6.374239897486897 0
      vertex -8.090169943749475 -5.877852522924732 1.4
      vertex -7.705132427757894 -6.374239897486897 1.4
    endloop
  endfacet
  facet normal 0.8607420270039431 0.5090414157503723 0
    outer loop
      vertex -8.763066800438635 -4.817536741017154 0
      vertex -8.763066800438635 -4.817536741017154 1.4
      vertex -8.44327925502015 -5.358267949789966 0
    endloop
  endfacet
  facet normal 0.8910065241883673 0.4539904997395479 -6.106769010993495e-18
    outer loop
      vertex -8.763066800438635 -4.817536741017154 0
      vertex -9.048270524660197 -4.257792915650724 0
      vertex -9.048270524660197 -4.257792915650724 1.4
    endloop
  endfacet
  facet normal 0.8910065241883673 0.4539904997395479 0
    outer loop
      vertex -8.763066800438635 -4.817536741017154 0
      vertex -9.048270524660197 -4.257792915650724 1.4
      vertex -8.763066800438635 -4.817536741017154 1.4
    endloop
  endfacet
  facet normal 0.8607420270039431 0.5090414157503723 0
    outer loop
      vertex -8.44327925502015 -5.358267949789966 0
      vertex -8.763066800438635 -4.817536741017154 1.4
      vertex -8.44327925502015 -5.358267949789966 1.4
    endloop
  endfacet
  facet normal 0.940880768954226 0.3387379202452897 -1.5042279459255577e-17
    outer loop
      vertex -9.297764858882514 -3.6812455268467787 0
      vertex -9.510565162951535 -3.090169943749474 0
      vertex -9.510565162951535 -3.090169943749474 1.4
    endloop
  endfacet
  facet normal 0.9602936856769426 0.2789911060392305 -6.786522790271383e-18
    outer loop
      vertex -9.510565162951535 -3.090169943749474 0
      vertex -9.68583161128631 -2.4868988716485485 0
      vertex -9.68583161128631 -2.4868988716485485 1.4
    endloop
  endfacet
  facet normal 0.9759167619387472 0.21814324139654323 4.930336997535657e-18
    outer loop
      vertex -9.68583161128631 -2.4868988716485485 0
      vertex -9.822872507286887 -1.8738131458572482 0
      vertex -9.822872507286887 -1.8738131458572482 1.4
    endloop
  endfacet
  facet normal 0.9602936856769426 0.2789911060392305 0
    outer loop
      vertex -9.510565162951535 -3.090169943749474 0
      vertex -9.68583161128631 -2.4868988716485485 1.4
      vertex -9.510565162951535 -3.090169943749474 1.4
    endloop
  endfacet
  facet normal 0.940880768954226 0.3387379202452897 0
    outer loop
      vertex -9.297764858882514 -3.6812455268467787 0
      vertex -9.510565162951535 -3.090169943749474 1.4
      vertex -9.297764858882514 -3.6812455268467787 1.4
    endloop
  endfacet
  facet normal 0.9759167619387472 0.21814324139654323 0
    outer loop
      vertex -9.68583161128631 -2.4868988716485485 0
      vertex -9.822872507286887 -1.8738131458572482 1.4
      vertex -9.68583161128631 -2.4868988716485485 1.4
    endloop
  endfacet
  facet normal 0.9995065603657315 0.03141075907812768 1.541475682216787e-19
    outer loop
      vertex -9.980267284282716 -0.6279051952931327 0
      vertex -10 0 0
      vertex -10 0 1.4
    endloop
  endfacet
  facet normal 0.9876883405951375 0.15643446504023137 1.3209488860055962e-19
    outer loop
      vertex -9.822872507286887 -1.8738131458572482 0
      vertex -9.921147013144779 -1.2533323356430406 0
      vertex -9.921147013144779 -1.2533323356430406 1.4
    endloop
  endfacet
  facet normal 0.99556196460308 0.09410831331851403 0
    outer loop
      vertex -9.980267284282716 -0.6279051952931327 0
      vertex -9.980267284282716 -0.6279051952931327 1.4
      vertex -9.921147013144779 -1.2533323356430406 0
    endloop
  endfacet
  facet normal 0.9995065603657315 0.03141075907812768 0
    outer loop
      vertex -9.980267284282716 -0.6279051952931327 0
      vertex -10 0 1.4
      vertex -9.980267284282716 -0.6279051952931327 1.4
    endloop
  endfacet
  facet normal 0.9876883405951375 0.15643446504023137 0
    outer loop
      vertex -9.822872507286887 -1.8738131458572482 0
      vertex -9.921147013144779 -1.2533323356430406 1.4
      vertex -9.822872507286887 -1.8738131458572482 1.4
    endloop
  endfacet
  facet normal 0.99556196460308 0.09410831331851403 0
    outer loop
      vertex -9.921147013144779 -1.2533323356430406 0
      vertex -9.980267284282716 -0.6279051952931327 1.4
      vertex -9.921147013144779 -1.2533323356430406 1.4
    endloop
  endfacet
  facet normal 0 0 -1
    outer loop
      vertex -9.510565162951535 -3.090169943749474 1.4
      vertex -9.68583161128631 -2.4868988716485485 1.4
      vertex -9.68583161128631 2.4868988716485485 1.4
    endloop
  endfacet
  facet normal 0 0 -1
    outer loop
      vertex -9.297764858882514 -3.6812455268467787 1.4
      vertex -9.297764858882514 3.6812455268467787 1.4
      vertex -9.048270524660197 -4.257792915650724 1.4
    endloop
  endfacet
  facet normal 0 0 -1
    outer loop
      vertex -9.297764858882514 -3.6812455268467787 1.4
      vertex -9.510565162951535 -3.090169943749474 1.4
      vertex -9.510565162951535 3.090169943749474 1.4
    endloop
  endfacet
  facet normal 0 0 -1
    outer loop
      vertex -9.68583161128631 -2.4868988716485485 1.4
      vertex -9.822872507286887 -1.8738131458572482 1.4
      vertex -9.822872507286887 1.8738131458572482 1.4
    endloop
  endfacet
  facet normal 0 0 -1
    outer loop
      vertex -9.822872507286887 -1.8738131458572482 1.4
      vertex -9.921147013144779 -1.2533323356430406 1.4
      vertex -9.921147013144779 1.2533323356430406 1.4
    endloop
  endfacet
  facet normal 0 0 -1
    outer loop
      vertex -9.980267284282716 -0.6279051952931327 1.4
      vertex -9.980267284282716 0.6279051952931327 1.4
      vertex -9.921147013144779 -1.2533323356430406 1.4
    endloop
  endfacet
  facet normal 0 0 -1
    outer loop
      vertex -8.090169943749475 -5.877852522924732 1.4
      vertex -8.44327925502015 -5.358267949789966 1.4
      vertex -8.44327925502015 5.358267949789966 1.4
    endloop
  endfacet
  facet normal 0 0 -1
    outer loop
      vertex -7.705132427757894 -6.374239897486897 1.4
      vertex -8.090169943749475 -5.877852522924732 1.4
      vertex -8.090169943749475 5.877852522924732 1.4
    endloop
  endfacet
  facet normal 0 0 -1
    outer loop
      vertex -7.705132427757894 -6.374239897486897 1.4
      vertex -7.705132427757894 6.374239897486897 1.4
      vertex -7.289686274214117 -6.845471059286885 1.4
    endloop
  endfacet
  facet normal 0 0 -1
    outer loop
      vertex -8.763066800438635 -4.817536741017154 1.4
      vertex -9.048270524660197 -4.257792915650724 1.4
      vertex -9.048270524660197 4.257792915650724 1.4
    endloop
  endfacet
  facet normal 0 0 -1
    outer loop
      vertex -8.763066800438635 -4.817536741017154 1.4
      vertex -8.763066800438635 4.817536741017154 1.4
      vertex -8.44327925502015 -5.358267949789966 1.4
    endloop
  endfacet
  facet normal 0.6613118653236532 0.7501110696304585 3.5088118756092904e-19
    outer loop
      vertex -6.845471059286885 -7.289686274214117 0
      vertex -6.374239897486897 -7.705132427757894 1.4
      vertex -6.374239897486897 -7.705132427757894 0
    endloop
  endfacet
  facet normal 0.5620833778521286 0.8270805742745633 -6.47477217254062e-20
    outer loop
      vertex -5.877852522924732 -8.090169943749475 0
      vertex -5.358267949789966 -8.44327925502015 1.4
      vertex -5.358267949789966 -8.44327925502015 0
    endloop
  endfacet
  facet normal 0.612907053652976 0.7901550123756907 -8.008880260591151e-18
    outer loop
      vertex -6.374239897486897 -7.705132427757894 0
      vertex -5.877852522924732 -8.090169943749475 1.4
      vertex -5.877852522924732 -8.090169943749475 0
    endloop
  endfacet
  facet normal 0.6613118653236532 0.7501110696304585 0
    outer loop
      vertex -6.845471059286885 -7.289686274214117 0
      vertex -6.845471059286885 -7.289686274214117 1.4
      vertex -6.374239897486897 -7.705132427757894 1.4
    endloop
  endfacet
  facet normal 0.5620833778521286 0.8270805742745633 0
    outer loop
      vertex -5.877852522924732 -8.090169943749475 0
      vertex -5.877852522924732 -8.090169943749475 1.4
      vertex -5.358267949789966 -8.44327925502015 1.4
    endloop
  endfacet
  facet normal 0.612907053652976 0.7901550123756907 0
    outer loop
      vertex -6.374239897486897 -7.705132427757894 0
      vertex -6.374239897486897 -7.705132427757894 1.4
      vertex -5.877852522924732 -8.090169943749475 1.4
    endloop
  endfacet
  facet normal 0.39714789063477995 0.9177546256839814 0
    outer loop
      vertex -3.6812455268467787 -9.297764858882514 0
      vertex -4.257792915650724 -9.048270524660197 0
      vertex -3.6812455268467787 -9.297764858882514 1.4
    endloop
  endfacet
  facet normal 0.39714789063477995 0.9177546256839814 0
    outer loop
      vertex -4.257792915650724 -9.048270524660197 0
      vertex -4.257792915650724 -9.048270524660197 1.4
      vertex -3.6812455268467787 -9.297764858882514 1.4
    endloop
  endfacet
  facet normal 0.5090414157503723 0.8607420270039431 1.0076845143831788e-17
    outer loop
      vertex -5.358267949789966 -8.44327925502015 0
      vertex -4.817536741017154 -8.763066800438635 1.4
      vertex -4.817536741017154 -8.763066800438635 0
    endloop
  endfacet
  facet normal 0.4539904997395479 0.8910065241883673 -6.106769010993495e-18
    outer loop
      vertex -4.817536741017154 -8.763066800438635 0
      vertex -4.257792915650724 -9.048270524660197 1.4
      vertex -4.257792915650724 -9.048270524660197 0
    endloop
  endfacet
  facet normal 0.5090414157503723 0.8607420270039431 0
    outer loop
      vertex -5.358267949789966 -8.44327925502015 0
      vertex -5.358267949789966 -8.44327925502015 1.4
      vertex -4.817536741017154 -8.763066800438635 1.4
    endloop
  endfacet
  facet normal 0.4539904997395479 0.8910065241883673 0
    outer loop
      vertex -4.817536741017154 -8.763066800438635 0
      vertex -4.817536741017154 -8.763066800438635 1.4
      vertex -4.257792915650724 -9.048270524660197 1.4
    endloop
  endfacet
  facet normal 0.3387379202452897 0.940880768954226 -1.5042279459255577e-17
    outer loop
      vertex -3.6812455268467787 -9.297764858882514 0
      vertex -3.090169943749474 -9.510565162951535 1.4
      vertex -3.090169943749474 -9.510565162951535 0
    endloop
  endfacet
  facet normal 0.2789911060392305 0.9602936856769426 -6.786522790271383e-18
    outer loop
      vertex -3.090169943749474 -9.510565162951535 0
      vertex -2.4868988716485485 -9.68583161128631 1.4
      vertex -2.4868988716485485 -9.68583161128631 0
    endloop
  endfacet
  facet normal 0.21814324139654323 0.9759167619387472 4.930336997535657e-18
    outer loop
      vertex -2.4868988716485485 -9.68583161128631 0
      vertex -1.8738131458572482 -9.822872507286887 1.4
      vertex -1.8738131458572482 -9.822872507286887 0
    endloop
  endfacet
  facet normal 0.3387379202452897 0.940880768954226 0
    outer loop
      vertex -3.6812455268467787 -9.297764858882514 0
      vertex -3.6812455268467787 -9.297764858882514 1.4
      vertex -3.090169943749474 -9.510565162951535 1.4
    endloop
  endfacet
  facet normal 0.2789911060392305 0.9602936856769426 0
    outer loop
      vertex -3.090169943749474 -9.510565162951535 0
      vertex -3.090169943749474 -9.510565162951535 1.4
      vertex -2.4868988716485485 -9.68583161128631 1.4
    endloop
  endfacet
  facet normal 0.21814324139654323 0.9759167619387472 0
    outer loop
      vertex -2.4868988716485485 -9.68583161128631 0
      vertex -2.4868988716485485 -9.68583161128631 1.4
      vertex -1.8738131458572482 -9.822872507286887 1.4
    endloop
  endfacet
  facet normal 0.15643446504023137 0.9876883405951375 1.3209488860055962e-19
    outer loop
      vertex -1.8738131458572482 -9.822872507286887 0
      vertex -1.2533323356430406 -9.921147013144779 1.4
      vertex -1.2533323356430406 -9.921147013144779 0
    endloop
  endfacet
  facet normal 0.03141075907812744 0.9995065603657315 -9.64846018791126e-19
    outer loop
      vertex -0.6279051952931376 -9.980267284282716 0
      vertex 0 -10 1.4
      vertex 0 -10 0
    endloop
  endfacet
  facet normal 0.09410831331851476 0.9955619646030799 -2.3118771409088225e-18
    outer loop
      vertex -1.2533323356430406 -9.921147013144779 0
      vertex -0.6279051952931376 -9.980267284282716 1.4
      vertex -0.6279051952931376 -9.980267284282716 0
    endloop
  endfacet
  facet normal 0.15643446504023137 0.9876883405951375 0
    outer loop
      vertex -1.8738131458572482 -9.822872507286887 0
      vertex -1.8738131458572482 -9.822872507286887 1.4
      vertex -1.2533323356430406 -9.921147013144779 1.4
    endloop
  endfacet
  facet normal 0.09410831331851476 0.9955619646030799 0
    outer loop
      vertex -1.2533323356430406 -9.921147013144779 0
      vertex -1.2533323356430406 -9.921147013144779 1.4
      vertex -0.6279051952931376 -9.980267284282716 1.4
    endloop
  endfacet
  facet normal 0.03141075907812744 0.9995065603657315 0
    outer loop
      vertex -0.6279051952931376 -9.980267284282716 0
      vertex -0.6279051952931376 -9.980267284282716 1.4
      vertex 0 -10 1.4
    endloop
  endfacet
  facet normal 0.7071067811865476 0.7071067811865476 0
    outer loop
      vertex -7.289686274214117 -6.845471059286885 0
      vertex -7.289686274214117 -6.845471059286885 1.4
      vertex -6.845471059286885 -7.289686274214117 0
    endloop
  endfacet
  facet normal 0.7071067811865476 0.7071067811865476 6.290224165850776e-18
    outer loop
      vertex -7.289686274214117 -6.845471059286885 1.4
      vertex -6.845471059286885 -7.289686274214117 1.4
      vertex -6.845471059286885 -7.289686274214117 0
    endloop
  endfacet
  facet normal 0 0 -1
    outer loop
      vertex -7.289686274214117 -6.845471059286885 1.4
      vertex -7.289686274214117 6.845471059286885 1.4
      vertex -6.845471059286885 -7.289686274214117 1.4
    endloop
  endfacet
  facet normal 0 0 -1
    outer loop
      vertex -6.845471059286885 -7.289686274214117 1.4
      vertex -6.845471059286885 7.289686274214117 1.4
      vertex -6.374239897486897 -7.705132427757894 1.4
    endloop
  endfacet
  facet normal 0 0 -1
    outer loop
      vertex -5.877852522924732 -8.090169943749475 1.4
      vertex -5.877852522924732 8.090169943749475 1.4
      vertex -5.358267949789966 -8.44327925502015 1.4
    endloop
  endfacet
  facet normal 0 0 -1
    outer loop
      vertex -6.374239897486897 -7.705132427757894 1.4
      vertex -6.374239897486897 7.705132427757894 1.4
      vertex -5.877852522924732 -8.090169943749475 1.4
    endloop
  endfacet
  facet normal 0 0 -1
    outer loop
      vertex -5.358267949789966 -8.44327925502015 1.4
      vertex -5.358267949789966 8.44327925502015 1.4
      vertex -4.817536741017154 -8.763066800438635 1.4
    endloop
  endfacet
  facet normal 0 0 -1
    outer loop
      vertex -4.817536741017154 -8.763066800438635 1.4
      vertex -4.817536741017152 8.763066800438637 1.4
      vertex -4.257792915650724 -9.048270524660197 1.4
    endloop
  endfacet
  facet normal 0 0 -1
    outer loop
      vertex -3.6812455268467787 -9.297764858882514 1.4
      vertex -4.257792915650724 -9.048270524660197 1.4
      vertex -4.257792915650727 9.048270524660195 1.4
    endloop
  endfacet
  facet normal 0 0 -1
    outer loop
      vertex -3.6812455268467787 -9.297764858882514 1.4
      vertex -3.6812455268467787 9.297764858882514 1.4
      vertex -3.090169943749474 -9.510565162951535 1.4
    endloop
  endfacet
  facet normal 0 0 -1
    outer loop
      vertex -3.090169943749474 -9.510565162951535 1.4
      vertex -3.090169943749474 9.510565162951535 1.4
      vertex -2.4868988716485485 -9.68583161128631 1.4
    endloop
  endfacet
  facet normal 0 0 -1
    outer loop
      vertex -2.4868988716485485 -9.68583161128631 1.4
      vertex -2.4868988716485485 9.68583161128631 1.4
      vertex -1.8738131458572482 -9.822872507286887 1.4
    endloop
  endfacet
  facet normal 0 0 -1
    outer loop
      vertex -1.8738131458572482 -9.822872507286887 1.4
      vertex -1.8738131458572458 9.822872507286887 1.4
      vertex -1.2533323356430406 -9.921147013144779 1.4
    endloop
  endfacet
  facet normal 0 0 -1
    outer loop
      vertex -1.2533323356430406 -9.921147013144779 1.4
      vertex -1.2533323356430428 9.921147013144779 1.4
      vertex -0.6279051952931376 -9.980267284282716 1.4
    endloop
  endfacet
  facet normal 0 0 -1
    outer loop
      vertex -0.6279051952931376 -9.980267284282716 1.4
      vertex -0.6279051952931327 9.980267284282716 1.4
      vertex 0 -10 1.4
    endloop
  endfacet
  facet normal 0.9995065603657315 -0.03141075907812768 -1.541475682216787e-19
    outer loop
      vertex -10 0 0
      vertex -9.980267284282716 0.6279051952931327 0
      vertex -9.980267284282716 0.6279051952931327 1.4
    endloop
  endfacet
  facet normal 0.99556196460308 -0.09410831331851403 -6.808695983641467e-19
    outer loop
      vertex -9.980267284282716 0.6279051952931327 0
      vertex -9.921147013144779 1.2533323356430406 0
      vertex -9.921147013144779 1.2533323356430406 1.4
    endloop
  endfacet
  facet normal 0.9876883405951375 -0.15643446504023137 -1.3209488860055962e-19
    outer loop
      vertex -9.921147013144779 1.2533323356430406 0
      vertex -9.822872507286887 1.8738131458572482 0
      vertex -9.822872507286887 1.8738131458572482 1.4
    endloop
  endfacet
  facet normal 0.9995065603657315 -0.03141075907812768 0
    outer loop
      vertex -10 0 0
      vertex -9.980267284282716 0.6279051952931327 1.4
      vertex -10 0 1.4
    endloop
  endfacet
  facet normal 0.99556196460308 -0.09410831331851403 0
    outer loop
      vertex -9.980267284282716 0.6279051952931327 0
      vertex -9.921147013144779 1.2533323356430406 1.4
      vertex -9.980267284282716 0.6279051952931327 1.4
    endloop
  endfacet
  facet normal 0.9876883405951375 -0.15643446504023137 0
    outer loop
      vertex -9.921147013144779 1.2533323356430406 0
      vertex -9.822872507286887 1.8738131458572482 1.4
      vertex -9.921147013144779 1.2533323356430406 1.4
    endloop
  endfacet
  facet normal 0.9759167619387472 -0.21814324139654323 -4.930336997535657e-18
    outer loop
      vertex -9.822872507286887 1.8738131458572482 0
      vertex -9.68583161128631 2.4868988716485485 0
      vertex -9.68583161128631 2.4868988716485485 1.4
    endloop
  endfacet
  facet normal 0.9602936856769426 -0.2789911060392305 6.786522790271383e-18
    outer loop
      vertex -9.68583161128631 2.4868988716485485 0
      vertex -9.510565162951535 3.090169943749474 0
      vertex -9.510565162951535 3.090169943749474 1.4
    endloop
  endfacet
  facet normal 0.940880768954226 -0.3387379202452897 1.5042279459255577e-17
    outer loop
      vertex -9.510565162951535 3.090169943749474 0
      vertex -9.297764858882514 3.6812455268467787 0
      vertex -9.297764858882514 3.6812455268467787 1.4
    endloop
  endfacet
  facet normal 0.9759167619387472 -0.21814324139654323 0
    outer loop
      vertex -9.822872507286887 1.8738131458572482 0
      vertex -9.68583161128631 2.4868988716485485 1.4
      vertex -9.822872507286887 1.8738131458572482 1.4
    endloop
  endfacet
  facet normal 0.9602936856769426 -0.2789911060392305 0
    outer loop
      vertex -9.68583161128631 2.4868988716485485 0
      vertex -9.510565162951535 3.090169943749474 1.4
      vertex -9.68583161128631 2.4868988716485485 1.4
    endloop
  endfacet
  facet normal 0.940880768954226 -0.3387379202452897 0
    outer loop
      vertex -9.510565162951535 3.090169943749474 0
      vertex -9.297764858882514 3.6812455268467787 1.4
      vertex -9.510565162951535 3.090169943749474 1.4
    endloop
  endfacet
  facet normal 0 0 -1
    outer loop
      vertex -9.980267284282716 -0.6279051952931327 1.4
      vertex -10 0 1.4
      vertex -9.980267284282716 0.6279051952931327 1.4
    endloop
  endfacet
  facet normal 0 0 -1
    outer loop
      vertex -9.921147013144779 -1.2533323356430406 1.4
      vertex -9.980267284282716 0.6279051952931327 1.4
      vertex -9.921147013144779 1.2533323356430406 1.4
    endloop
  endfacet
  facet normal 0 0 -1
    outer loop
      vertex -9.822872507286887 -1.8738131458572482 1.4
      vertex -9.921147013144779 1.2533323356430406 1.4
      vertex -9.822872507286887 1.8738131458572482 1.4
    endloop
  endfacet
  facet normal 0 0 -1
    outer loop
      vertex -9.68583161128631 -2.4868988716485485 1.4
      vertex -9.822872507286887 1.8738131458572482 1.4
      vertex -9.68583161128631 2.4868988716485485 1.4
    endloop
  endfacet
  facet normal 0 0 -1
    outer loop
      vertex -9.510565162951535 -3.090169943749474 1.4
      vertex -9.68583161128631 2.4868988716485485 1.4
      vertex -9.510565162951535 3.090169943749474 1.4
    endloop
  endfacet
  facet normal 0 0 -1
    outer loop
      vertex -9.297764858882514 -3.6812455268467787 1.4
      vertex -9.510565162951535 3.090169943749474 1.4
      vertex -9.297764858882514 3.6812455268467787 1.4
    endloop
  endfacet
  facet normal 0 0 -1
    outer loop
      vertex -9.048270524660197 -4.257792915650724 1.4
      vertex -9.297764858882514 3.6812455268467787 1.4
      vertex -9.048270524660197 4.257792915650724 1.4
    endloop
  endfacet
  facet normal 0 0 -1
    outer loop
      vertex -8.763066800438635 -4.817536741017154 1.4
      vertex -9.048270524660197 4.257792915650724 1.4
      vertex -8.763066800438635 4.817536741017154 1.4
    endloop
  endfacet
  facet normal 0 0 -1
    outer loop
      vertex -8.44327925502015 -5.358267949789966 1.4
      vertex -8.763066800438635 4.817536741017154 1.4
      vertex -8.44327925502015 5.358267949789966 1.4
    endloop
  endfacet
  facet normal 0 0 -1
    outer loop
      vertex -8.090169943749475 -5.877852522924732 1.4
      vertex -8.44327925502015 5.358267949789966 1.4
      vertex -8.090169943749475 5.877852522924732 1.4
    endloop
  endfacet
  facet normal 0 0 -1
    outer loop
      vertex -7.705132427757894 -6.374239897486897 1.4
      vertex -8.090169943749475 5.877852522924732 1.4
      vertex -7.705132427757894 6.374239897486897 1.4
    endloop
  endfacet
  facet normal 0 0 -1
    outer loop
      vertex -7.289686274214117 -6.845471059286885 1.4
      vertex -7.705132427757894 6.374239897486897 1.4
      vertex -7.289686274214117 6.845471059286885 1.4
    endloop
  endfacet
  facet normal 0.9177546256839814 -0.39714789063477995 -4.154412658928803e-18
    outer loop
      vertex -9.297764858882514 3.6812455268467787 0
      vertex -9.048270524660197 4.257792915650724 0
      vertex -9.048270524660197 4.257792915650724 1.4
    endloop
  endfacet
  facet normal 0.9177546256839814 -0.39714789063477995 0
    outer loop
      vertex -9.297764858882514 3.6812455268467787 0
      vertex -9.048270524660197 4.257792915650724 1.4
      vertex -9.297764858882514 3.6812455268467787 1.4
    endloop
  endfacet
  facet normal 0.8910065241883673 -0.4539904997395479 6.106769010993495e-18
    outer loop
      vertex -9.048270524660197 4.257792915650724 0
      vertex -8.763066800438635 4.817536741017154 0
      vertex -8.763066800438635 4.817536741017154 1.4
    endloop
  endfacet
  facet normal 0.8607420270039431 -0.5090414157503723 -1.0076845143831788e-17
    outer loop
      vertex -8.763066800438635 4.817536741017154 0
      vertex -8.44327925502015 5.358267949789966 0
      vertex -8.44327925502015 5.358267949789966 1.4
    endloop
  endfacet
  facet normal 0.8910065241883673 -0.4539904997395479 0
    outer loop
      vertex -9.048270524660197 4.257792915650724 0
      vertex -8.763066800438635 4.817536741017154 1.4
      vertex -9.048270524660197 4.257792915650724 1.4
    endloop
  endfacet
  facet normal 0.8607420270039431 -0.5090414157503723 0
    outer loop
      vertex -8.763066800438635 4.817536741017154 0
      vertex -8.44327925502015 5.358267949789966 1.4
      vertex -8.763066800438635 4.817536741017154 1.4
    endloop
  endfacet
  facet normal 0.8270805742745633 -0.5620833778521286 6.47477217254062e-20
    outer loop
      vertex -8.44327925502015 5.358267949789966 0
      vertex -8.090169943749475 5.877852522924732 0
      vertex -8.090169943749475 5.877852522924732 1.4
    endloop
  endfacet
  facet normal 0.7901550123756907 -0.612907053652976 8.008880260591151e-18
    outer loop
      vertex -8.090169943749475 5.877852522924732 0
      vertex -7.705132427757894 6.374239897486897 0
      vertex -7.705132427757894 6.374239897486897 1.4
    endloop
  endfacet
  facet normal 0.7501110696304585 -0.6613118653236532 -3.5088118756092904e-19
    outer loop
      vertex -7.705132427757894 6.374239897486897 0
      vertex -7.289686274214117 6.845471059286885 0
      vertex -7.289686274214117 6.845471059286885 1.4
    endloop
  endfacet
  facet normal 0.8270805742745633 -0.5620833778521286 0
    outer loop
      vertex -8.44327925502015 5.358267949789966 0
      vertex -8.090169943749475 5.877852522924732 1.4
      vertex -8.44327925502015 5.358267949789966 1.4
    endloop
  endfacet
  facet normal 0.7901550123756907 -0.612907053652976 0
    outer loop
      vertex -8.090169943749475 5.877852522924732 0
      vertex -7.705132427757894 6.374239897486897 1.4
      vertex -8.090169943749475 5.877852522924732 1.4
    endloop
  endfacet
  facet normal 0.7501110696304585 -0.6613118653236532 0
    outer loop
      vertex -7.705132427757894 6.374239897486897 0
      vertex -7.289686274214117 6.845471059286885 1.4
      vertex -7.705132427757894 6.374239897486897 1.4
    endloop
  endfacet
  facet normal 0 0 -1
    outer loop
      vertex -6.845471059286885 -7.289686274214117 1.4
      vertex -7.289686274214117 6.845471059286885 1.4
      vertex -6.845471059286885 7.289686274214117 1.4
    endloop
  endfacet
  facet normal 0 0 -1
    outer loop
      vertex -6.374239897486897 -7.705132427757894 1.4
      vertex -6.845471059286885 7.289686274214117 1.4
      vertex -6.374239897486897 7.705132427757894 1.4
    endloop
  endfacet
  facet normal 0 0 -1
    outer loop
      vertex -5.877852522924732 -8.090169943749475 1.4
      vertex -6.374239897486897 7.705132427757894 1.4
      vertex -5.877852522924732 8.090169943749475 1.4
    endloop
  endfacet
  facet normal 0 0 -1
    outer loop
      vertex -5.358267949789966 -8.44327925502015 1.4
      vertex -5.877852522924732 8.090169943749475 1.4
      vertex -5.358267949789966 8.44327925502015 1.4
    endloop
  endfacet
  facet normal 0 0 -1
    outer loop
      vertex -4.817536741017154 -8.763066800438635 1.4
      vertex -5.358267949789966 8.44327925502015 1.4
      vertex -4.817536741017152 8.763066800438637 1.4
    endloop
  endfacet
  facet normal 0 0 -1
    outer loop
      vertex -4.257792915650724 -9.048270524660197 1.4
      vertex -4.817536741017152 8.763066800438637 1.4
      vertex -4.257792915650727 9.048270524660195 1.4
    endloop
  endfacet
  facet normal 0 0 -1
    outer loop
      vertex -3.6812455268467787 -9.297764858882514 1.4
      vertex -4.257792915650727 9.048270524660195 1.4
      vertex -3.6812455268467787 9.297764858882514 1.4
    endloop
  endfacet
  facet normal 0.7071067811865476 -0.7071067811865476 -6.290224165850776e-18
    outer loop
      vertex -7.289686274214117 6.845471059286885 0
      vertex -6.845471059286885 7.289686274214117 0
      vertex -6.845471059286885 7.289686274214117 1.4
    endloop
  endfacet
  facet normal 0.7071067811865476 -0.7071067811865476 0
    outer loop
      vertex -7.289686274214117 6.845471059286885 0
      vertex -6.845471059286885 7.289686274214117 1.4
      vertex -7.289686274214117 6.845471059286885 1.4
    endloop
  endfacet
  facet normal 0 0 -1
    outer loop
      vertex -3.090169943749474 -9.510565162951535 1.4
      vertex -3.6812455268467787 9.297764858882514 1.4
      vertex -3.090169943749474 9.510565162951535 1.4
    endloop
  endfacet
  facet normal 0 0 -1
    outer loop
      vertex -2.4868988716485485 -9.68583161128631 1.4
      vertex -3.090169943749474 9.510565162951535 1.4
      vertex -2.4868988716485485 9.68583161128631 1.4
    endloop
  endfacet
  facet normal 0 0 -1
    outer loop
      vertex -1.8738131458572482 -9.822872507286887 1.4
      vertex -2.4868988716485485 9.68583161128631 1.4
      vertex -1.8738131458572458 9.822872507286887 1.4
    endloop
  endfacet
  facet normal 0 0 -1
    outer loop
      vertex -1.2533323356430406 -9.921147013144779 1.4
      vertex -1.8738131458572458 9.822872507286887 1.4
      vertex -1.2533323356430428 9.921147013144779 1.4
    endloop
  endfacet
  facet normal 0 0 -1
    outer loop
      vertex -0.6279051952931376 -9.980267284282716 1.4
      vertex -1.2533323356430428 9.921147013144779 1.4
      vertex -0.6279051952931327 9.980267284282716 1.4
    endloop
  endfacet
  facet normal 0 0 -1
    outer loop
      vertex -0.6279051952931327 9.980267284282716 1.4
      vertex 0 10 1.4
      vertex 0 -10 1.4
    endloop
  endfacet
  facet normal 0.6613118653236532 -0.7501110696304585 0
    outer loop
      vertex -6.845471059286885 7.289686274214117 0
      vertex -6.374239897486897 7.705132427757894 0
      vertex -6.845471059286885 7.289686274214117 1.4
    endloop
  endfacet
  facet normal 0.612907053652976 -0.7901550123756907 0
    outer loop
      vertex -6.374239897486897 7.705132427757894 0
      vertex -5.877852522924732 8.090169943749475 0
      vertex -6.374239897486897 7.705132427757894 1.4
    endloop
  endfacet
  facet normal 0.5620833778521286 -0.8270805742745633 0
    outer loop
      vertex -5.877852522924732 8.090169943749475 0
      vertex -5.358267949789966 8.44327925502015 0
      vertex -5.877852522924732 8.090169943749475 1.4
    endloop
  endfacet
  facet normal 0.6613118653236532 -0.7501110696304585 0
    outer loop
      vertex -6.374239897486897 7.705132427757894 0
      vertex -6.374239897486897 7.705132427757894 1.4
      vertex -6.845471059286885 7.289686274214117 1.4
    endloop
  endfacet
  facet normal 0.612907053652976 -0.7901550123756907 0
    outer loop
      vertex -5.877852522924732 8.090169943749475 0
      vertex -5.877852522924732 8.090169943749475 1.4
      vertex -6.374239897486897 7.705132427757894 1.4
    endloop
  endfacet
  facet normal 0.5620833778521286 -0.8270805742745633 0
    outer loop
      vertex -5.358267949789966 8.44327925502015 0
      vertex -5.358267949789966 8.44327925502015 1.4
      vertex -5.877852522924732 8.090169943749475 1.4
    endloop
  endfacet
  facet normal 0.5090414157503731 -0.8607420270039426 0
    outer loop
      vertex -5.358267949789966 8.44327925502015 0
      vertex -4.817536741017152 8.763066800438637 0
      vertex -5.358267949789966 8.44327925502015 1.4
    endloop
  endfacet
  facet normal 0.4539904997395462 -0.8910065241883681 0
    outer loop
      vertex -4.817536741017152 8.763066800438637 0
      vertex -4.257792915650727 9.048270524660195 0
      vertex -4.817536741017152 8.763066800438637 1.4
    endloop
  endfacet
  facet normal 0.5090414157503731 -0.8607420270039426 0
    outer loop
      vertex -4.817536741017152 8.763066800438637 0
      vertex -4.817536741017152 8.763066800438637 1.4
      vertex -5.358267949789966 8.44327925502015 1.4
    endloop
  endfacet
  facet normal 0.4539904997395462 -0.8910065241883681 0
    outer loop
      vertex -4.257792915650727 9.048270524660195 0
      vertex -4.257792915650727 9.048270524660195 1.4
      vertex -4.817536741017152 8.763066800438637 1.4
    endloop
  endfacet
  facet normal 0.39714789063478073 -0.917754625683981 0
    outer loop
      vertex -4.257792915650727 9.048270524660195 0
      vertex -3.6812455268467787 9.297764858882514 0
      vertex -4.257792915650727 9.048270524660195 1.4
    endloop
  endfacet
  facet normal 0.39714789063478073 -0.917754625683981 0
    outer loop
      vertex -3.6812455268467787 9.297764858882514 0
      vertex -3.6812455268467787 9.297764858882514 1.4
      vertex -4.257792915650727 9.048270524660195 1.4
    endloop
  endfacet
  facet normal 0.3387379202452897 -0.940880768954226 0
    outer loop
      vertex -3.6812455268467787 9.297764858882514 0
      vertex -3.090169943749474 9.510565162951535 0
      vertex -3.6812455268467787 9.297764858882514 1.4
    endloop
  endfacet
  facet normal 0.2789911060392305 -0.9602936856769426 0
    outer loop
      vertex -3.090169943749474 9.510565162951535 0
      vertex -2.4868988716485485 9.68583161128631 0
      vertex -3.090169943749474 9.510565162951535 1.4
    endloop
  endfacet
  facet normal 0.21814324139654243 -0.9759167619387474 0
    outer loop
      vertex -2.4868988716485485 9.68583161128631 0
      vertex -1.8738131458572458 9.822872507286887 0
      vertex -2.4868988716485485 9.68583161128631 1.4
    endloop
  endfacet
  facet normal 0.3387379202452897 -0.940880768954226 0
    outer loop
      vertex -3.090169943749474 9.510565162951535 0
      vertex -3.090169943749474 9.510565162951535 1.4
      vertex -3.6812455268467787 9.297764858882514 1.4
    endloop
  endfacet
  facet normal 0.2789911060392305 -0.9602936856769426 0
    outer loop
      vertex -2.4868988716485485 9.68583161128631 0
      vertex -2.4868988716485485 9.68583161128631 1.4
      vertex -3.090169943749474 9.510565162951535 1.4
    endloop
  endfacet
  facet normal 0.21814324139654243 -0.9759167619387474 0
    outer loop
      vertex -1.8738131458572458 9.822872507286887 0
      vertex -1.8738131458572458 9.822872507286887 1.4
      vertex -2.4868988716485485 9.68583161128631 1.4
    endloop
  endfacet
  facet normal 0.15643446504023253 -0.9876883405951374 0
    outer loop
      vertex -1.8738131458572458 9.822872507286887 0
      vertex -1.2533323356430428 9.921147013144779 0
      vertex -1.8738131458572458 9.822872507286887 1.4
    endloop
  endfacet
  facet normal 0.09410831331851371 -0.99556196460308 0
    outer loop
      vertex -1.2533323356430428 9.921147013144779 0
      vertex -0.6279051952931327 9.980267284282716 0
      vertex -1.2533323356430428 9.921147013144779 1.4
    endloop
  endfacet
  facet normal 0.03141075907812768 -0.9995065603657315 0
    outer loop
      vertex -0.6279051952931327 9.980267284282716 0
      vertex 0 10 0
      vertex -0.6279051952931327 9.980267284282716 1.4
    endloop
  endfacet
  facet normal 0.15643446504023253 -0.9876883405951374 0
    outer loop
      vertex -1.2533323356430428 9.921147013144779 0
      vertex -1.2533323356430428 9.921147013144779 1.4
      vertex -1.8738131458572458 9.822872507286887 1.4
    endloop
  endfacet
  facet normal 0.09410831331851371 -0.99556196460308 0
    outer loop
      vertex -0.6279051952931327 9.980267284282716 0
      vertex -0.6279051952931327 9.980267284282716 1.4
      vertex -1.2533323356430428 9.921147013144779 1.4
    endloop
  endfacet
  facet normal 0.03141075907812768 -0.9995065603657315 -1.541475682216787e-19
    outer loop
      vertex -0.6279051952931327 9.980267284282716 1.4
      vertex 0 10 0
      vertex 0 10 1.4
    endloop
  endfacet
  facet normal -0.03141075907812744 0.9995065603657315 9.64846018791126e-19
    outer loop
      vertex 0 -10 0
      vertex 0.6279051952931376 -9.980267284282716 1.4
      vertex 0.6279051952931376 -9.980267284282716 0
    endloop
  endfacet
  facet normal -0.09410831331851476 0.9955619646030799 2.3118771409088225e-18
    outer loop
      vertex 0.6279051952931376 -9.980267284282716 0
      vertex 1.2533323356430406 -9.921147013144779 1.4
      vertex 1.2533323356430406 -9.921147013144779 0
    endloop
  endfacet
  facet normal -0.15643446504023137 0.9876883405951375 -1.3209488860055962e-19
    outer loop
      vertex 1.2533323356430406 -9.921147013144779 0
      vertex 1.8738131458572482 -9.822872507286887 1.4
      vertex 1.8738131458572482 -9.822872507286887 0
    endloop
  endfacet
  facet normal -0.03141075907812744 0.9995065603657315 0
    outer loop
      vertex 0 -10 0
      vertex 0 -10 1.4
      vertex 0.6279051952931376 -9.980267284282716 1.4
    endloop
  endfacet
  facet normal -0.09410831331851476 0.9955619646030799 0
    outer loop
      vertex 0.6279051952931376 -9.980267284282716 0
      vertex 0.6279051952931376 -9.980267284282716 1.4
      vertex 1.2533323356430406 -9.921147013144779 1.4
    endloop
  endfacet
  facet normal -0.15643446504023137 0.9876883405951375 0
    outer loop
      vertex 1.2533323356430406 -9.921147013144779 0
      vertex 1.2533323356430406 -9.921147013144779 1.4
      vertex 1.8738131458572482 -9.822872507286887 1.4
    endloop
  endfacet
  facet normal -0.2181432413965419 0.9759167619387475 -4.0269952775271694e-18
    outer loop
      vertex 1.8738131458572482 -9.822872507286887 0
      vertex 2.4868988716485445 -9.685831611286313 1.4
      vertex 2.4868988716485445 -9.685831611286313 0
    endloop
  endfacet
  facet normal -0.27899110603923144 0.9602936856769424 1.980733766821997e-18
    outer loop
      vertex 2.4868988716485445 -9.685831611286313 0
      vertex 3.090169943749474 -9.510565162951535 1.4
      vertex 3.090169943749474 -9.510565162951535 0
    endloop
  endfacet
  facet normal -0.33873792024528976 0.9408807689542261 -7.62634581781641e-18
    outer loop
      vertex 3.090169943749474 -9.510565162951535 0
      vertex 3.6812455268467836 -9.297764858882513 1.4
      vertex 3.6812455268467836 -9.297764858882513 0
    endloop
  endfacet
  facet normal -0.2181432413965419 0.9759167619387475 0
    outer loop
      vertex 1.8738131458572482 -9.822872507286887 0
      vertex 1.8738131458572482 -9.822872507286887 1.4
      vertex 2.4868988716485445 -9.685831611286313 1.4
    endloop
  endfacet
  facet normal -0.27899110603923144 0.9602936856769424 0
    outer loop
      vertex 2.4868988716485445 -9.685831611286313 0
      vertex 2.4868988716485445 -9.685831611286313 1.4
      vertex 3.090169943749474 -9.510565162951535 1.4
    endloop
  endfacet
  facet normal -0.33873792024528976 0.9408807689542261 0
    outer loop
      vertex 3.090169943749474 -9.510565162951535 0
      vertex 3.090169943749474 -9.510565162951535 1.4
      vertex 3.6812455268467836 -9.297764858882513 1.4
    endloop
  endfacet
  facet normal -0.3971478906347804 0.9177546256839813 1.840539918091996e-18
    outer loop
      vertex 3.6812455268467836 -9.297764858882513 0
      vertex 4.257792915650724 -9.048270524660197 1.4
      vertex 4.257792915650724 -9.048270524660197 0
    endloop
  endfacet
  facet normal -0.3971478906347804 0.9177546256839813 0
    outer loop
      vertex 3.6812455268467836 -9.297764858882513 0
      vertex 3.6812455268467836 -9.297764858882513 1.4
      vertex 4.257792915650724 -9.048270524660197 1.4
    endloop
  endfacet
  facet normal -0.4539904997395479 0.8910065241883673 6.106769010993495e-18
    outer loop
      vertex 4.257792915650724 -9.048270524660197 0
      vertex 4.817536741017154 -8.763066800438635 1.4
      vertex 4.817536741017154 -8.763066800438635 0
    endloop
  endfacet
  facet normal -0.5090414157503712 0.8607420270039438 9.501869269325689e-18
    outer loop
      vertex 4.817536741017154 -8.763066800438635 0
      vertex 5.358267949789962 -8.443279255020153 1.4
      vertex 5.358267949789962 -8.443279255020153 0
    endloop
  endfacet
  facet normal -0.4539904997395479 0.8910065241883673 0
    outer loop
      vertex 4.257792915650724 -9.048270524660197 0
      vertex 4.257792915650724 -9.048270524660197 1.4
      vertex 4.817536741017154 -8.763066800438635 1.4
    endloop
  endfacet
  facet normal -0.5090414157503712 0.8607420270039438 0
    outer loop
      vertex 4.817536741017154 -8.763066800438635 0
      vertex 4.817536741017154 -8.763066800438635 1.4
      vertex 5.358267949789962 -8.443279255020153 1.4
    endloop
  endfacet
  facet normal -0.5620833778521291 0.8270805742745629 2.0092703429375892e-19
    outer loop
      vertex 5.358267949789962 -8.443279255020153 0
      vertex 5.877852522924732 -8.090169943749475 1.4
      vertex 5.877852522924732 -8.090169943749475 0
    endloop
  endfacet
  facet normal -0.6129070536529768 0.7901550123756901 2.403681817659283e-18
    outer loop
      vertex 5.877852522924732 -8.090169943749475 0
      vertex 6.3742398974869 -7.70513242775789 1.4
      vertex 6.3742398974869 -7.70513242775789 0
    endloop
  endfacet
  facet normal -0.6613118653236527 0.7501110696304587 1.5595648974882838e-17
    outer loop
      vertex 6.3742398974869 -7.70513242775789 0
      vertex 6.845471059286885 -7.289686274214117 1.4
      vertex 6.845471059286885 -7.289686274214117 0
    endloop
  endfacet
  facet normal -0.5620833778521291 0.8270805742745629 0
    outer loop
      vertex 5.358267949789962 -8.443279255020153 0
      vertex 5.358267949789962 -8.443279255020153 1.4
      vertex 5.877852522924732 -8.090169943749475 1.4
    endloop
  endfacet
  facet normal -0.6129070536529768 0.7901550123756901 0
    outer loop
      vertex 5.877852522924732 -8.090169943749475 0
      vertex 5.877852522924732 -8.090169943749475 1.4
      vertex 6.3742398974869 -7.70513242775789 1.4
    endloop
  endfacet
  facet normal -0.6613118653236527 0.7501110696304587 0
    outer loop
      vertex 6.3742398974869 -7.70513242775789 0
      vertex 6.3742398974869 -7.70513242775789 1.4
      vertex 6.845471059286885 -7.289686274214117 1.4
    endloop
  endfacet
  facet normal 0 0 -1
    outer loop
      vertex 0 -10 1.4
      vertex 0 10 1.4
      vertex 0.6279051952931376 -9.980267284282716 1.4
    endloop
  endfacet
  facet normal 0 0 -1
    outer loop
      vertex 0.6279051952931376 -9.980267284282716 1.4
      vertex 0.6279051952931327 9.980267284282716 1.4
      vertex 1.2533323356430406 -9.921147013144779 1.4
    endloop
  endfacet
  facet normal 0 0 -1
    outer loop
      vertex 1.2533323356430406 -9.921147013144779 1.4
      vertex 1.2533323356430428 9.921147013144779 1.4
      vertex 1.8738131458572482 -9.822872507286887 1.4
    endloop
  endfacet
  facet normal 0 0 -1
    outer loop
      vertex 1.8738131458572482 -9.822872507286887 1.4
      vertex 1.8738131458572458 9.822872507286887 1.4
      vertex 2.4868988716485445 -9.685831611286313 1.4
    endloop
  endfacet
  facet normal 0 0 -1
    outer loop
      vertex 2.4868988716485445 -9.685831611286313 1.4
      vertex 2.4868988716485485 9.68583161128631 1.4
      vertex 3.090169943749474 -9.510565162951535 1.4
    endloop
  endfacet
  facet normal 0 0 -1
    outer loop
      vertex 3.090169943749474 -9.510565162951535 1.4
      vertex 3.090169943749474 9.510565162951535 1.4
      vertex 3.6812455268467836 -9.297764858882513 1.4
    endloop
  endfacet
  facet normal -0.7071067811865476 0.7071067811865476 0
    outer loop
      vertex 6.845471059286885 -7.289686274214117 0
      vertex 6.845471059286885 -7.289686274214117 1.4
      vertex 7.289686274214117 -6.845471059286885 0
    endloop
  endfacet
  facet normal -0.7071067811865476 0.7071067811865476 -6.290224165850776e-18
    outer loop
      vertex 6.845471059286885 -7.289686274214117 1.4
      vertex 7.289686274214117 -6.845471059286885 1.4
      vertex 7.289686274214117 -6.845471059286885 0
    endloop
  endfacet
  facet normal 0 0 -1
    outer loop
      vertex 3.6812455268467836 -9.297764858882513 1.4
      vertex 3.6812455268467787 9.297764858882514 1.4
      vertex 4.257792915650724 -9.048270524660197 1.4
    endloop
  endfacet
  facet normal 0 0 -1
    outer loop
      vertex 4.257792915650724 -9.048270524660197 1.4
      vertex 4.257792915650727 9.048270524660195 1.4
      vertex 4.817536741017154 -8.763066800438635 1.4
    endloop
  endfacet
  facet normal 0 0 -1
    outer loop
      vertex 4.817536741017154 -8.763066800438635 1.4
      vertex 4.817536741017152 8.763066800438637 1.4
      vertex 5.358267949789962 -8.443279255020153 1.4
    endloop
  endfacet
  facet normal 0 0 -1
    outer loop
      vertex 5.358267949789962 -8.443279255020153 1.4
      vertex 5.358267949789966 8.443279255020151 1.4
      vertex 5.877852522924732 -8.090169943749475 1.4
    endloop
  endfacet
  facet normal 0 0 -1
    outer loop
      vertex 5.877852522924732 -8.090169943749475 1.4
      vertex 5.877852522924732 8.090169943749475 1.4
      vertex 6.3742398974869 -7.70513242775789 1.4
    endloop
  endfacet
  facet normal 0 0 -1
    outer loop
      vertex 6.3742398974869 -7.70513242775789 1.4
      vertex 6.3742398974868975 7.705132427757891 1.4
      vertex 6.845471059286885 -7.289686274214117 1.4
    endloop
  endfacet
  facet normal 0 0 -1
    outer loop
      vertex 6.845471059286885 -7.289686274214117 1.4
      vertex 6.845471059286887 7.289686274214116 1.4
      vertex 7.289686274214117 -6.845471059286885 1.4
    endloop
  endfacet
  facet normal -0.7501110696304587 0.6613118653236527 0
    outer loop
      vertex 7.289686274214117 -6.845471059286885 0
      vertex 7.289686274214117 -6.845471059286885 1.4
      vertex 7.70513242775789 -6.3742398974869 0
    endloop
  endfacet
  facet normal -0.7901550123756901 0.6129070536529768 0
    outer loop
      vertex 7.70513242775789 -6.3742398974869 0
      vertex 7.70513242775789 -6.3742398974869 1.4
      vertex 8.090169943749475 -5.877852522924732 0
    endloop
  endfacet
  facet normal -0.8270805742745629 0.5620833778521291 0
    outer loop
      vertex 8.090169943749475 -5.877852522924732 0
      vertex 8.090169943749475 -5.877852522924732 1.4
      vertex 8.443279255020153 -5.358267949789962 0
    endloop
  endfacet
  facet normal -0.7501110696304587 0.6613118653236527 0
    outer loop
      vertex 7.70513242775789 -6.3742398974869 0
      vertex 7.289686274214117 -6.845471059286885 1.4
      vertex 7.70513242775789 -6.3742398974869 1.4
    endloop
  endfacet
  facet normal -0.7901550123756901 0.6129070536529768 0
    outer loop
      vertex 8.090169943749475 -5.877852522924732 0
      vertex 7.70513242775789 -6.3742398974869 1.4
      vertex 8.090169943749475 -5.877852522924732 1.4
    endloop
  endfacet
  facet normal -0.8270805742745629 0.5620833778521291 0
    outer loop
      vertex 8.443279255020153 -5.358267949789962 0
      vertex 8.090169943749475 -5.877852522924732 1.4
      vertex 8.443279255020153 -5.358267949789962 1.4
    endloop
  endfacet
  facet normal -0.8607420270039438 0.5090414157503712 0
    outer loop
      vertex 8.443279255020153 -5.358267949789962 0
      vertex 8.443279255020153 -5.358267949789962 1.4
      vertex 8.763066800438635 -4.817536741017154 0
    endloop
  endfacet
  facet normal -0.8910065241883673 0.4539904997395479 0
    outer loop
      vertex 8.763066800438635 -4.817536741017154 0
      vertex 8.763066800438635 -4.817536741017154 1.4
      vertex 9.048270524660197 -4.257792915650724 0
    endloop
  endfacet
  facet normal -0.8607420270039438 0.5090414157503712 0
    outer loop
      vertex 8.763066800438635 -4.817536741017154 0
      vertex 8.443279255020153 -5.358267949789962 1.4
      vertex 8.763066800438635 -4.817536741017154 1.4
    endloop
  endfacet
  facet normal -0.8910065241883673 0.4539904997395479 0
    outer loop
      vertex 9.048270524660197 -4.257792915650724 0
      vertex 8.763066800438635 -4.817536741017154 1.4
      vertex 9.048270524660197 -4.257792915650724 1.4
    endloop
  endfacet
  facet normal -0.9177546256839813 0.3971478906347804 0
    outer loop
      vertex 9.048270524660197 -4.257792915650724 0
      vertex 9.048270524660197 -4.257792915650724 1.4
      vertex 9.297764858882513 -3.6812455268467836 0
    endloop
  endfacet
  facet normal -0.9177546256839813 0.3971478906347804 0
    outer loop
      vertex 9.297764858882513 -3.6812455268467836 0
      vertex 9.048270524660197 -4.257792915650724 1.4
      vertex 9.297764858882513 -3.6812455268467836 1.4
    endloop
  endfacet
  facet normal -0.9408807689542261 0.33873792024528976 0
    outer loop
      vertex 9.297764858882513 -3.6812455268467836 0
      vertex 9.297764858882513 -3.6812455268467836 1.4
      vertex 9.510565162951535 -3.090169943749474 0
    endloop
  endfacet
  facet normal -0.9602936856769424 0.27899110603923144 0
    outer loop
      vertex 9.510565162951535 -3.090169943749474 0
      vertex 9.510565162951535 -3.090169943749474 1.4
      vertex 9.685831611286313 -2.4868988716485445 0
    endloop
  endfacet
  facet normal -0.9759167619387475 0.2181432413965419 0
    outer loop
      vertex 9.685831611286313 -2.4868988716485445 0
      vertex 9.685831611286313 -2.4868988716485445 1.4
      vertex 9.822872507286887 -1.8738131458572482 0
    endloop
  endfacet
  facet normal -0.9408807689542261 0.33873792024528976 0
    outer loop
      vertex 9.510565162951535 -3.090169943749474 0
      vertex 9.297764858882513 -3.6812455268467836 1.4
      vertex 9.510565162951535 -3.090169943749474 1.4
    endloop
  endfacet
  facet normal -0.9602936856769424 0.27899110603923144 0
    outer loop
      vertex 9.685831611286313 -2.4868988716485445 0
      vertex 9.510565162951535 -3.090169943749474 1.4
      vertex 9.685831611286313 -2.4868988716485445 1.4
    endloop
  endfacet
  facet normal -0.9759167619387475 0.2181432413965419 0
    outer loop
      vertex 9.822872507286887 -1.8738131458572482 0
      vertex 9.685831611286313 -2.4868988716485445 1.4
      vertex 9.822872507286887 -1.8738131458572482 1.4
    endloop
  endfacet
  facet normal -0.9876883405951375 0.15643446504023137 0
    outer loop
      vertex 9.822872507286887 -1.8738131458572482 0
      vertex 9.822872507286887 -1.8738131458572482 1.4
      vertex 9.921147013144779 -1.2533323356430406 0
    endloop
  endfacet
  facet normal -0.9955619646030799 0.09410831331851476 0
    outer loop
      vertex 9.921147013144779 -1.2533323356430406 0
      vertex 9.921147013144779 -1.2533323356430406 1.4
      vertex 9.980267284282716 -0.6279051952931376 0
    endloop
  endfacet
  facet normal -0.9995065603657315 0.03141075907812744 0
    outer loop
      vertex 9.980267284282716 -0.6279051952931376 0
      vertex 9.980267284282716 -0.6279051952931376 1.4
      vertex 10 0 0
    endloop
  endfacet
  facet normal -0.9876883405951375 0.15643446504023137 0
    outer loop
      vertex 9.921147013144779 -1.2533323356430406 0
      vertex 9.822872507286887 -1.8738131458572482 1.4
      vertex 9.921147013144779 -1.2533323356430406 1.4
    endloop
  endfacet
  facet normal -0.9955619646030799 0.09410831331851476 0
    outer loop
      vertex 9.980267284282716 -0.6279051952931376 0
      vertex 9.921147013144779 -1.2533323356430406 1.4
      vertex 9.980267284282716 -0.6279051952931376 1.4
    endloop
  endfacet
  facet normal -0.9995065603657315 0.03141075907812744 9.64846018791126e-19
    outer loop
      vertex 9.980267284282716 -0.6279051952931376 1.4
      vertex 10 0 1.4
      vertex 10 0 0
    endloop
  endfacet
  facet normal 0 0 -1
    outer loop
      vertex 7.289686274214117 -6.845471059286885 1.4
      vertex 7.289686274214116 6.845471059286887 1.4
      vertex 7.70513242775789 -6.3742398974869 1.4
    endloop
  endfacet
  facet normal 0 0 -1
    outer loop
      vertex 7.70513242775789 -6.3742398974869 1.4
      vertex 7.705132427757891 6.3742398974868975 1.4
      vertex 8.090169943749475 -5.877852522924732 1.4
    endloop
  endfacet
  facet normal 0 0 -1
    outer loop
      vertex 8.090169943749475 -5.877852522924732 1.4
      vertex 8.090169943749475 5.877852522924732 1.4
      vertex 8.443279255020153 -5.358267949789962 1.4
    endloop
  endfacet
  facet normal 0 0 -1
    outer loop
      vertex 8.443279255020153 -5.358267949789962 1.4
      vertex 8.443279255020151 5.358267949789966 1.4
      vertex 8.763066800438635 -4.817536741017154 1.4
    endloop
  endfacet
  facet normal 0 0 -1
    outer loop
      vertex 8.763066800438635 -4.817536741017154 1.4
      vertex 8.763066800438637 4.817536741017153 1.4
      vertex 9.048270524660197 -4.257792915650724 1.4
    endloop
  endfacet
  facet normal 0 0 -1
    outer loop
      vertex 9.048270524660197 -4.257792915650724 1.4
      vertex 9.048270524660197 4.257792915650727 1.4
      vertex 9.297764858882513 -3.6812455268467836 1.4
    endloop
  endfacet
  facet normal 0 0 -1
    outer loop
      vertex 9.297764858882513 -3.6812455268467836 1.4
      vertex 9.297764858882513 3.6812455268467796 1.4
      vertex 9.510565162951535 -3.090169943749474 1.4
    endloop
  endfacet
  facet normal 0 0 -1
    outer loop
      vertex 9.510565162951535 -3.090169943749474 1.4
      vertex 9.510565162951535 3.090169943749474 1.4
      vertex 9.685831611286313 -2.4868988716485445 1.4
    endloop
  endfacet
  facet normal 0 0 -1
    outer loop
      vertex 9.685831611286313 -2.4868988716485445 1.4
      vertex 9.68583161128631 2.486898871648548 1.4
      vertex 9.822872507286887 -1.8738131458572482 1.4
    endloop
  endfacet
  facet normal 0 0 -1
    outer loop
      vertex 9.822872507286887 -1.8738131458572482 1.4
      vertex 9.822872507286887 1.8738131458572462 1.4
      vertex 9.921147013144779 -1.2533323356430406 1.4
    endloop
  endfacet
  facet normal 0 0 -1
    outer loop
      vertex 9.921147013144779 -1.2533323356430406 1.4
      vertex 9.921147013144779 1.2533323356430426 1.4
      vertex 9.980267284282716 -0.6279051952931376 1.4
    endloop
  endfacet
  facet normal 0 0 -1
    outer loop
      vertex 9.980267284282716 -0.6279051952931376 1.4
      vertex 9.980267284282716 0.6279051952931337 1.4
      vertex 10 0 1.4
    endloop
  endfacet
  facet normal 0 0 -1
    outer loop
      vertex 0.6279051952931376 -9.980267284282716 1.4
      vertex 0 10 1.4
      vertex 0.6279051952931327 9.980267284282716 1.4
    endloop
  endfacet
  facet normal 0 0 -1
    outer loop
      vertex 1.2533323356430406 -9.921147013144779 1.4
      vertex 0.6279051952931327 9.980267284282716 1.4
      vertex 1.2533323356430428 9.921147013144779 1.4
    endloop
  endfacet
  facet normal 0 0 -1
    outer loop
      vertex 1.8738131458572482 -9.822872507286887 1.4
      vertex 1.2533323356430428 9.921147013144779 1.4
      vertex 1.8738131458572458 9.822872507286887 1.4
    endloop
  endfacet
  facet normal 0 0 -1
    outer loop
      vertex 2.4868988716485445 -9.685831611286313 1.4
      vertex 1.8738131458572458 9.822872507286887 1.4
      vertex 2.4868988716485485 9.68583161128631 1.4
    endloop
  endfacet
  facet normal 0 0 -1
    outer loop
      vertex 3.090169943749474 -9.510565162951535 1.4
      vertex 2.4868988716485485 9.68583161128631 1.4
      vertex 3.090169943749474 9.510565162951535 1.4
    endloop
  endfacet
  facet normal 0 0 -1
    outer loop
      vertex 3.6812455268467836 -9.297764858882513 1.4
      vertex 3.090169943749474 9.510565162951535 1.4
      vertex 3.6812455268467787 9.297764858882514 1.4
    endloop
  endfacet
  facet normal 0 0 -1
    outer loop
      vertex 4.257792915650724 -9.048270524660197 1.4
      vertex 3.6812455268467787 9.297764858882514 1.4
      vertex 4.257792915650727 9.048270524660195 1.4
    endloop
  endfacet
  facet normal 0 0 -1
    outer loop
      vertex 4.817536741017154 -8.763066800438635 1.4
      vertex 4.257792915650727 9.048270524660195 1.4
      vertex 4.817536741017152 8.763066800438637 1.4
    endloop
  endfacet
  facet normal 0 0 -1
    outer loop
      vertex 5.358267949789962 -8.443279255020153 1.4
      vertex 4.817536741017152 8.763066800438637 1.4
      vertex 5.358267949789966 8.443279255020151 1.4
    endloop
  endfacet
  facet normal 0 0 -1
    outer loop
      vertex 6.3742398974869 -7.70513242775789 1.4
      vertex 5.877852522924732 8.090169943749475 1.4
      vertex 6.3742398974868975 7.705132427757891 1.4
    endloop
  endfacet
  facet normal 0 0 -1
    outer loop
      vertex 5.877852522924732 -8.090169943749475 1.4
      vertex 5.358267949789966 8.443279255020151 1.4
      vertex 5.877852522924732 8.090169943749475 1.4
    endloop
  endfacet
  facet normal 0 0 -1
    outer loop
      vertex 6.845471059286885 -7.289686274214117 1.4
      vertex 6.3742398974868975 7.705132427757891 1.4
      vertex 6.845471059286887 7.289686274214116 1.4
    endloop
  endfacet
  facet normal 0 0 -1
    outer loop
      vertex 7.289686274214117 -6.845471059286885 1.4
      vertex 6.845471059286887 7.289686274214116 1.4
      vertex 7.289686274214116 6.845471059286887 1.4
    endloop
  endfacet
  facet normal -0.7071067811865475 -0.7071067811865475 -2.574662993799248e-18
    outer loop
      vertex 6.845471059286887 7.289686274214116 0
      vertex 7.289686274214116 6.845471059286887 0
      vertex 7.289686274214116 6.845471059286887 1.4
    endloop
  endfacet
  facet normal -0.7071067811865475 -0.7071067811865475 0
    outer loop
      vertex 6.845471059286887 7.289686274214116 0
      vertex 7.289686274214116 6.845471059286887 1.4
      vertex 6.845471059286887 7.289686274214116 1.4
    endloop
  endfacet
  facet normal -0.09410831331851371 -0.99556196460308 0
    outer loop
      vertex 0.6279051952931327 9.980267284282716 0
      vertex 1.2533323356430428 9.921147013144779 0
      vertex 0.6279051952931327 9.980267284282716 1.4
    endloop
  endfacet
  facet normal -0.03141075907812768 -0.9995065603657315 0
    outer loop
      vertex 0 10 0
      vertex 0.6279051952931327 9.980267284282716 0
      vertex 0 10 1.4
    endloop
  endfacet
  facet normal -0.15643446504023253 -0.9876883405951374 0
    outer loop
      vertex 1.2533323356430428 9.921147013144779 0
      vertex 1.8738131458572458 9.822872507286887 0
      vertex 1.2533323356430428 9.921147013144779 1.4
    endloop
  endfacet
  facet normal -0.03141075907812768 -0.9995065603657315 0
    outer loop
      vertex 0.6279051952931327 9.980267284282716 0
      vertex 0.6279051952931327 9.980267284282716 1.4
      vertex 0 10 1.4
    endloop
  endfacet
  facet normal -0.09410831331851371 -0.99556196460308 0
    outer loop
      vertex 1.2533323356430428 9.921147013144779 0
      vertex 1.2533323356430428 9.921147013144779 1.4
      vertex 0.6279051952931327 9.980267284282716 1.4
    endloop
  endfacet
  facet normal -0.15643446504023253 -0.9876883405951374 0
    outer loop
      vertex 1.8738131458572458 9.822872507286887 0
      vertex 1.8738131458572458 9.822872507286887 1.4
      vertex 1.2533323356430428 9.921147013144779 1.4
    endloop
  endfacet
  facet normal -0.21814324139654243 -0.9759167619387474 0
    outer loop
      vertex 1.8738131458572458 9.822872507286887 0
      vertex 2.4868988716485485 9.68583161128631 0
      vertex 1.8738131458572458 9.822872507286887 1.4
    endloop
  endfacet
  facet normal -0.2789911060392305 -0.9602936856769426 0
    outer loop
      vertex 2.4868988716485485 9.68583161128631 0
      vertex 3.090169943749474 9.510565162951535 0
      vertex 2.4868988716485485 9.68583161128631 1.4
    endloop
  endfacet
  facet normal -0.3387379202452897 -0.940880768954226 0
    outer loop
      vertex 3.090169943749474 9.510565162951535 0
      vertex 3.6812455268467787 9.297764858882514 0
      vertex 3.090169943749474 9.510565162951535 1.4
    endloop
  endfacet
  facet normal -0.21814324139654243 -0.9759167619387474 0
    outer loop
      vertex 2.4868988716485485 9.68583161128631 0
      vertex 2.4868988716485485 9.68583161128631 1.4
      vertex 1.8738131458572458 9.822872507286887 1.4
    endloop
  endfacet
  facet normal -0.2789911060392305 -0.9602936856769426 0
    outer loop
      vertex 3.090169943749474 9.510565162951535 0
      vertex 3.090169943749474 9.510565162951535 1.4
      vertex 2.4868988716485485 9.68583161128631 1.4
    endloop
  endfacet
  facet normal -0.3387379202452897 -0.940880768954226 0
    outer loop
      vertex 3.6812455268467787 9.297764858882514 0
      vertex 3.6812455268467787 9.297764858882514 1.4
      vertex 3.090169943749474 9.510565162951535 1.4
    endloop
  endfacet
  facet normal -0.4539904997395462 -0.8910065241883681 0
    outer loop
      vertex 4.257792915650727 9.048270524660195 0
      vertex 4.817536741017152 8.763066800438637 0
      vertex 4.257792915650727 9.048270524660195 1.4
    endloop
  endfacet
  facet normal -0.509041415750371 -0.8607420270039439 0
    outer loop
      vertex 4.817536741017152 8.763066800438637 0
      vertex 5.358267949789966 8.443279255020151 0
      vertex 4.817536741017152 8.763066800438637 1.4
    endloop
  endfacet
  facet normal -0.4539904997395462 -0.8910065241883681 0
    outer loop
      vertex 4.817536741017152 8.763066800438637 0
      vertex 4.817536741017152 8.763066800438637 1.4
      vertex 4.257792915650727 9.048270524660195 1.4
    endloop
  endfacet
  facet normal -0.509041415750371 -0.8607420270039439 0
    outer loop
      vertex 5.358267949789966 8.443279255020151 0
      vertex 5.358267949789966 8.443279255020151 1.4
      vertex 4.817536741017152 8.763066800438637 1.4
    endloop
  endfacet
  facet normal -0.39714789063478073 -0.917754625683981 8.872728536498438e-18
    outer loop
      vertex 4.257792915650727 9.048270524660195 0
      vertex 3.6812455268467787 9.297764858882514 1.4
      vertex 3.6812455268467787 9.297764858882514 0
    endloop
  endfacet
  facet normal -0.39714789063478073 -0.917754625683981 0
    outer loop
      vertex 4.257792915650727 9.048270524660195 0
      vertex 4.257792915650727 9.048270524660195 1.4
      vertex 3.6812455268467787 9.297764858882514 1.4
    endloop
  endfacet
  facet normal -0.6129070536529779 -0.7901550123756892 0
    outer loop
      vertex 5.877852522924732 8.090169943749475 0
      vertex 6.3742398974868975 7.705132427757891 0
      vertex 5.877852522924732 8.090169943749475 1.4
    endloop
  endfacet
  facet normal -0.5620833778521305 -0.8270805742745618 0
    outer loop
      vertex 5.358267949789966 8.443279255020151 0
      vertex 5.877852522924732 8.090169943749475 0
      vertex 5.358267949789966 8.443279255020151 1.4
    endloop
  endfacet
  facet normal -0.66131186532365 -0.7501110696304611 0
    outer loop
      vertex 6.3742398974868975 7.705132427757891 0
      vertex 6.845471059286887 7.289686274214116 0
      vertex 6.3742398974868975 7.705132427757891 1.4
    endloop
  endfacet
  facet normal -0.6129070536529779 -0.7901550123756892 0
    outer loop
      vertex 6.3742398974868975 7.705132427757891 0
      vertex 6.3742398974868975 7.705132427757891 1.4
      vertex 5.877852522924732 8.090169943749475 1.4
    endloop
  endfacet
  facet normal -0.5620833778521305 -0.8270805742745618 0
    outer loop
      vertex 5.877852522924732 8.090169943749475 0
      vertex 5.877852522924732 8.090169943749475 1.4
      vertex 5.358267949789966 8.443279255020151 1.4
    endloop
  endfacet
  facet normal -0.66131186532365 -0.7501110696304611 0
    outer loop
      vertex 6.845471059286887 7.289686274214116 0
      vertex 6.845471059286887 7.289686274214116 1.4
      vertex 6.3742398974868975 7.705132427757891 1.4
    endloop
  endfacet
  facet normal -0.99556196460308 -0.09410831331851388 -3.3690011292338007e-18
    outer loop
      vertex 9.921147013144779 1.2533323356430426 0
      vertex 9.980267284282716 0.6279051952931337 0
      vertex 9.980267284282716 0.6279051952931337 1.4
    endloop
  endfacet
  facet normal -0.9876883405951374 -0.15643446504023237 0
    outer loop
      vertex 9.921147013144779 1.2533323356430426 0
      vertex 9.921147013144779 1.2533323356430426 1.4
      vertex 9.822872507286887 1.8738131458572462 0
    endloop
  endfacet
  facet normal -0.9995065603657315 -0.03141075907812763 0
    outer loop
      vertex 10 0 0
      vertex 10 0 1.4
      vertex 9.980267284282716 0.6279051952931337 0
    endloop
  endfacet
  facet normal -0.99556196460308 -0.09410831331851388 0
    outer loop
      vertex 9.921147013144779 1.2533323356430426 0
      vertex 9.980267284282716 0.6279051952931337 1.4
      vertex 9.921147013144779 1.2533323356430426 1.4
    endloop
  endfacet
  facet normal -0.9876883405951374 -0.15643446504023237 0
    outer loop
      vertex 9.822872507286887 1.8738131458572462 0
      vertex 9.921147013144779 1.2533323356430426 1.4
      vertex 9.822872507286887 1.8738131458572462 1.4
    endloop
  endfacet
  facet normal -0.9995065603657315 -0.03141075907812763 0
    outer loop
      vertex 9.980267284282716 0.6279051952931337 0
      vertex 10 0 1.4
      vertex 9.980267284282716 0.6279051952931337 1.4
    endloop
  endfacet
  facet normal -0.9759167619387473 -0.2181432413965427 0
    outer loop
      vertex 9.822872507286887 1.8738131458572462 0
      vertex 9.822872507286887 1.8738131458572462 1.4
      vertex 9.68583161128631 2.486898871648548 0
    endloop
  endfacet
  facet normal -0.9602936856769427 -0.27899110603923033 0
    outer loop
      vertex 9.68583161128631 2.486898871648548 0
      vertex 9.68583161128631 2.486898871648548 1.4
      vertex 9.510565162951535 3.090169943749474 0
    endloop
  endfacet
  facet normal -0.9408807689542253 -0.3387379202452918 0
    outer loop
      vertex 9.510565162951535 3.090169943749474 0
      vertex 9.510565162951535 3.090169943749474 1.4
      vertex 9.297764858882513 3.6812455268467796 0
    endloop
  endfacet
  facet normal -0.9759167619387473 -0.2181432413965427 0
    outer loop
      vertex 9.68583161128631 2.486898871648548 0
      vertex 9.822872507286887 1.8738131458572462 1.4
      vertex 9.68583161128631 2.486898871648548 1.4
    endloop
  endfacet
  facet normal -0.9408807689542253 -0.3387379202452918 0
    outer loop
      vertex 9.297764858882513 3.6812455268467796 0
      vertex 9.510565162951535 3.090169943749474 1.4
      vertex 9.297764858882513 3.6812455268467796 1.4
    endloop
  endfacet
  facet normal -0.9602936856769427 -0.27899110603923033 0
    outer loop
      vertex 9.510565162951535 3.090169943749474 0
      vertex 9.68583161128631 2.486898871648548 1.4
      vertex 9.510565162951535 3.090169943749474 1.4
    endloop
  endfacet
  facet normal 0 0 -1
    outer loop
      vertex 8.763066800438635 -4.817536741017154 1.4
      vertex 8.443279255020151 5.358267949789966 1.4
      vertex 8.763066800438637 4.817536741017153 1.4
    endloop
  endfacet
  facet normal 0 0 -1
    outer loop
      vertex 9.048270524660197 -4.257792915650724 1.4
      vertex 8.763066800438637 4.817536741017153 1.4
      vertex 9.048270524660197 4.257792915650727 1.4
    endloop
  endfacet
  facet normal 0 0 -1
    outer loop
      vertex 7.70513242775789 -6.3742398974869 1.4
      vertex 7.289686274214116 6.845471059286887 1.4
      vertex 7.705132427757891 6.3742398974868975 1.4
    endloop
  endfacet
  facet normal 0 0 -1
    outer loop
      vertex 8.090169943749475 -5.877852522924732 1.4
      vertex 7.705132427757891 6.3742398974868975 1.4
      vertex 8.090169943749475 5.877852522924732 1.4
    endloop
  endfacet
  facet normal 0 0 -1
    outer loop
      vertex 8.443279255020153 -5.358267949789962 1.4
      vertex 8.090169943749475 5.877852522924732 1.4
      vertex 8.443279255020151 5.358267949789966 1.4
    endloop
  endfacet
  facet normal 0 0 -1
    outer loop
      vertex 9.980267284282716 -0.6279051952931376 1.4
      vertex 9.921147013144779 1.2533323356430426 1.4
      vertex 9.980267284282716 0.6279051952931337 1.4
    endloop
  endfacet
  facet normal 0 0 -1
    outer loop
      vertex 9.921147013144779 -1.2533323356430406 1.4
      vertex 9.822872507286887 1.8738131458572462 1.4
      vertex 9.921147013144779 1.2533323356430426 1.4
    endloop
  endfacet
  facet normal 0 0 -1
    outer loop
      vertex 9.822872507286887 -1.8738131458572482 1.4
      vertex 9.68583161128631 2.486898871648548 1.4
      vertex 9.822872507286887 1.8738131458572462 1.4
    endloop
  endfacet
  facet normal 0 0 -1
    outer loop
      vertex 9.510565162951535 -3.090169943749474 1.4
      vertex 9.297764858882513 3.6812455268467796 1.4
      vertex 9.510565162951535 3.090169943749474 1.4
    endloop
  endfacet
  facet normal 0 0 -1
    outer loop
      vertex 9.297764858882513 -3.6812455268467836 1.4
      vertex 9.048270524660197 4.257792915650727 1.4
      vertex 9.297764858882513 3.6812455268467796 1.4
    endloop
  endfacet
  facet normal 0 0 -1
    outer loop
      vertex 9.685831611286313 -2.4868988716485445 1.4
      vertex 9.510565162951535 3.090169943749474 1.4
      vertex 9.68583161128631 2.486898871648548 1.4
    endloop
  endfacet
  facet normal -0.8910065241883672 -0.4539904997395479 0
    outer loop
      vertex 9.048270524660197 4.257792915650727 0
      vertex 9.048270524660197 4.257792915650727 1.4
      vertex 8.763066800438637 4.817536741017153 0
    endloop
  endfacet
  facet normal -0.8607420270039434 -0.5090414157503715 2.717400751382285e-18
    outer loop
      vertex 8.443279255020151 5.358267949789966 0
      vertex 8.763066800438637 4.817536741017153 0
      vertex 8.763066800438637 4.817536741017153 1.4
    endloop
  endfacet
  facet normal -0.8607420270039434 -0.5090414157503715 0
    outer loop
      vertex 8.443279255020151 5.358267949789966 0
      vertex 8.763066800438637 4.817536741017153 1.4
      vertex 8.443279255020151 5.358267949789966 1.4
    endloop
  endfacet
  facet normal -0.8910065241883672 -0.4539904997395479 0
    outer loop
      vertex 8.763066800438637 4.817536741017153 0
      vertex 9.048270524660197 4.257792915650727 1.4
      vertex 8.763066800438637 4.817536741017153 1.4
    endloop
  endfacet
  facet normal -0.7901550123756892 -0.6129070536529779 0
    outer loop
      vertex 8.090169943749475 5.877852522924732 0
      vertex 8.090169943749475 5.877852522924732 1.4
      vertex 7.705132427757891 6.3742398974868975 0
    endloop
  endfacet
  facet normal -0.7501110696304611 -0.66131186532365 -1.3211602610840132e-17
    outer loop
      vertex 7.289686274214116 6.845471059286887 0
      vertex 7.705132427757891 6.3742398974868975 0
      vertex 7.705132427757891 6.3742398974868975 1.4
    endloop
  endfacet
  facet normal -0.8270805742745618 -0.5620833778521305 0
    outer loop
      vertex 8.443279255020151 5.358267949789966 0
      vertex 8.443279255020151 5.358267949789966 1.4
      vertex 8.090169943749475 5.877852522924732 0
    endloop
  endfacet
  facet normal -0.7901550123756892 -0.6129070536529779 0
    outer loop
      vertex 7.705132427757891 6.3742398974868975 0
      vertex 8.090169943749475 5.877852522924732 1.4
      vertex 7.705132427757891 6.3742398974868975 1.4
    endloop
  endfacet
  facet normal -0.7501110696304611 -0.66131186532365 0
    outer loop
      vertex 7.289686274214116 6.845471059286887 0
      vertex 7.705132427757891 6.3742398974868975 1.4
      vertex 7.289686274214116 6.845471059286887 1.4
    endloop
  endfacet
  facet normal -0.8270805742745618 -0.5620833778521305 0
    outer loop
      vertex 8.090169943749475 5.877852522924732 0
      vertex 8.443279255020151 5.358267949789966 1.4
      vertex 8.090169943749475 5.877852522924732 1.4
    endloop
  endfacet
  facet normal -0.9177546256839829 -0.3971478906347765 1.9893701802290396e-18
    outer loop
      vertex 9.048270524660197 4.257792915650727 0
      vertex 9.297764858882513 3.6812455268467796 0
      vertex 9.297764858882513 3.6812455268467796 1.4
    endloop
  endfacet
  facet normal -0.9177546256839829 -0.3971478906347765 0
    outer loop
      vertex 9.048270524660197 4.257792915650727 0
      vertex 9.297764858882513 3.6812455268467796 1.4
      vertex 9.048270524660197 4.257792915650727 1.4
    endloop
  endfacet
  facet normal 0 0 -1
    outer loop
      vertex 5.9 -13.25 3.3
      vertex 5.873369568354137 -13.25 3.3
      vertex 5.9 -13.238475983167106 3.3
    endloop
  endfacet
  facet normal 0 -0.6401843996644798 0.7682212795973759
    outer loop
      vertex 5.9 -13.25 3.3
      vertex 5.9 -13.238475983167106 3.3096033473607447
      vertex 5.873369568354137 -13.25 3.3
    endloop
  endfacet
  facet normal 1 0 0
    outer loop
      vertex 5.9 -13.25 3.3
      vertex 5.9 -13.238475983167106 3.3
      vertex 5.9 -13.238475983167106 3.3096033473607447
    endloop
  endfacet
  facet normal -1 0 0
    outer loop
      vertex 0.9 -7.25 8.3
      vertex 0.9 -7.083333333333333 3.4
      vertex 0.9 -13.129999999999999 3.4
    endloop
  endfacet
  facet normal -1.9606186274013671e-16 -0.6401843996644798 0.768221279597376
    outer loop
      vertex 5.9 -7.25 8.3
      vertex 0.9 -13.129999999999999 3.4
      vertex 5.9 -13.13 3.4
    endloop
  endfacet
  facet normal 1 0 0
    outer loop
      vertex 5.9 -7.25 8.3
      vertex 5.9 -13.13 3.4
      vertex 5.9 -7.083333333333333 3.4
    endloop
  endfacet
  facet normal 0 -0.6401843996644799 0.7682212795973759
    outer loop
      vertex 0.9 -7.25 8.3
      vertex 0.9 -13.129999999999999 3.4
      vertex 5.9 -7.25 8.3
    endloop
  endfacet
  facet normal -1.2080658185005724e-17 0.5144957554275266 -0.8574929257125441
    outer loop
      vertex 0.9 -2.25 6.3
      vertex 5.9 -7.083333333333333 3.4
      vertex 0.9 -7.083333333333333 3.4
    endloop
  endfacet
  facet normal -1 0 0
    outer loop
      vertex 0.9 -7.25 8.3
      vertex 0.9 -2.25 6.3
      vertex 0.9 -7.083333333333333 3.4
    endloop
  endfacet
  facet normal 0 0.5144957554275266 -0.8574929257125441
    outer loop
      vertex 0.9 -2.25 6.3
      vertex 5.9 -2.25 6.3
      vertex 5.9 -7.083333333333333 3.4
    endloop
  endfacet
  facet normal 1 0 0
    outer loop
      vertex 5.9 -7.25 8.3
      vertex 5.9 -7.083333333333333 3.4
      vertex 5.9 -2.25 6.3
    endloop
  endfacet
  facet normal -1 0 0
    outer loop
      vertex 0.9 -7.25 8.3
      vertex 0.9 8.75 8.3
      vertex 0.9 -2.25 6.3
    endloop
  endfacet
  facet normal 0 0 1
    outer loop
      vertex 0.9 -7.25 8.3
      vertex 5.9 -7.25 8.3
      vertex 5.9 8.75 8.3
    endloop
  endfacet
  facet normal 1 0 0
    outer loop
      vertex 5.9 -7.25 8.3
      vertex 5.9 -2.25 6.3
      vertex 5.9 8.75 8.3
    endloop
  endfacet
  facet normal 0 -0.8944271909999159 -0.4472135954999579
    outer loop
      vertex 0.9 6.75 4.3
      vertex 5.9 5.75 6.3
      vertex 0.9 5.75 6.3
    endloop
  endfacet
  facet normal 0 -0.8944271909999159 -0.4472135954999579
    outer loop
      vertex 0.9 6.75 4.3
      vertex 5.9 6.75 4.3
      vertex 5.9 5.75 6.3
    endloop
  endfacet
  facet normal 0 0 -1
    outer loop
      vertex 0.9 -2.25 6.3
      vertex 0.9 5.75 6.3
      vertex 5.9 -2.25 6.3
    endloop
  endfacet
  facet normal 0 0 1
    outer loop
      vertex 0.9 -7.25 8.3
      vertex 5.9 8.75 8.3
      vertex 0.9 8.75 8.3
    endloop
  endfacet
  facet normal -1 0 0
    outer loop
      vertex 0.9 -2.25 6.3
      vertex 0.9 8.75 8.3
      vertex 0.9 5.75 6.3
    endloop
  endfacet
  facet normal -1 0 0
    outer loop
      vertex 0.9 6.75 4.3
      vertex 0.9 5.75 6.3
      vertex 0.9 8.75 8.3
    endloop
  endfacet
  facet normal 0 0 -1
    outer loop
      vertex 5.9 -2.25 6.3
      vertex 0.9 5.75 6.3
      vertex 5.9 5.75 6.3
    endloop
  endfacet
  facet normal 1 0 0
    outer loop
      vertex 5.9 -2.25 6.3
      vertex 5.9 5.75 6.3
      vertex 5.9 8.75 8.3
    endloop
  endfacet
  facet normal 1 0 0
    outer loop
      vertex 5.9 6.75 4.3
      vertex 5.9 8.75 8.3
      vertex 5.9 5.75 6.3
    endloop
  endfacet
  facet normal 0 0 -1
    outer loop
      vertex 0.9 6.75 4.3
      vertex 0.9 8.75 4.3
      vertex 5.9 6.75 4.3
    endloop
  endfacet
  facet normal -1 0 0
    outer loop
      vertex 0.9 6.75 4.3
      vertex 0.9 8.75 8.3
      vertex 0.9 8.75 4.3
    endloop
  endfacet
  facet normal 0 1 0
    outer loop
      vertex 0.9 8.75 4.3
      vertex 0.9 8.75 8.3
      vertex 5.9 8.75 4.3
    endloop
  endfacet
  facet normal 0 0 -1
    outer loop
      vertex 0.9 8.75 4.3
      vertex 5.9 8.75 4.3
      vertex 5.9 6.75 4.3
    endloop
  endfacet
  facet normal 1 0 0
    outer loop
      vertex 5.9 6.75 4.3
      vertex 5.9 8.75 4.3
      vertex 5.9 8.75 8.3
    endloop
  endfacet
  facet normal 0 1 0
    outer loop
      vertex 5.9 8.75 4.3
      vertex 0.9 8.75 8.3
      vertex 5.9 8.75 8.3
    endloop
  endfacet
  facet normal 0 0 -1
    outer loop
      vertex -5.9 -8.75 4.3
      vertex -5.9 -6.75 4.3
      vertex -0.9 -8.75 4.3
    endloop
  endfacet
  facet normal -1 0 0
    outer loop
      vertex -5.9 -8.75 4.3
      vertex -5.9 -8.75 8.3
      vertex -5.9 -6.75 4.3
    endloop
  endfacet
  facet normal 0 0 -1
    outer loop
      vertex -5.9 -6.75 4.3
      vertex -0.9 -6.75 4.3
      vertex -0.9 -8.75 4.3
    endloop
  endfacet
  facet normal 0 -1 0
    outer loop
      vertex -5.9 -8.75 4.3
      vertex -0.9 -8.75 4.3
      vertex -0.9 -8.75 8.3
    endloop
  endfacet
  facet normal 1 0 0
    outer loop
      vertex -0.9 -8.75 4.3
      vertex -0.9 -6.75 4.3
      vertex -0.9 -8.75 8.3
    endloop
  endfacet
  facet normal 0 -1 0
    outer loop
      vertex -5.9 -8.75 4.3
      vertex -0.9 -8.75 8.3
      vertex -5.9 -8.75 8.3
    endloop
  endfacet
  facet normal 0 0.8944271909999159 -0.4472135954999579
    outer loop
      vertex -5.9 -6.75 4.3
      vertex -5.9 -5.75 6.3
      vertex -0.9 -6.75 4.3
    endloop
  endfacet
  facet normal 0 0.8944271909999159 -0.4472135954999579
    outer loop
      vertex -0.9 -6.75 4.3
      vertex -5.9 -5.75 6.3
      vertex -0.9 -5.75 6.3
    endloop
  endfacet
  facet normal -1 0 0
    outer loop
      vertex -5.9 -6.75 4.3
      vertex -5.9 -8.75 8.3
      vertex -5.9 -5.75 6.3
    endloop
  endfacet
  facet normal -1 0 0
    outer loop
      vertex -5.9 -8.75 8.3
      vertex -5.9 2.25 6.3
      vertex -5.9 -5.75 6.3
    endloop
  endfacet
  facet normal 0 0 -1
    outer loop
      vertex -5.9 -5.75 6.3
      vertex -5.9 2.25 6.3
      vertex -0.9 -5.75 6.3
    endloop
  endfacet
  facet normal 1 0 0
    outer loop
      vertex -0.9 -6.75 4.3
      vertex -0.9 -5.75 6.3
      vertex -0.9 -8.75 8.3
    endloop
  endfacet
  facet normal 1 0 0
    outer loop
      vertex -0.9 -8.75 8.3
      vertex -0.9 -5.75 6.3
      vertex -0.9 2.25 6.3
    endloop
  endfacet
  facet normal 0 0 -1
    outer loop
      vertex -0.9 -5.75 6.3
      vertex -5.9 2.25 6.3
      vertex -0.9 2.25 6.3
    endloop
  endfacet
  facet normal 0 0 1
    outer loop
      vertex -5.9 -8.75 8.3
      vertex -0.9 -8.75 8.3
      vertex -0.9 7.25 8.3
    endloop
  endfacet
  facet normal 0 0 -1
    outer loop
      vertex -5.9 13.25 3.3
      vertex -5.873369568354137 13.25 3.3
      vertex -5.9 13.238475983167106 3.3
    endloop
  endfacet
  facet normal -1 0 0
    outer loop
      vertex -5.9 13.25 3.3
      vertex -5.9 13.238475983167106 3.3
      vertex -5.9 13.238475983167106 3.3096033473607447
    endloop
  endfacet
  facet normal 0 0.6401843996644798 0.7682212795973759
    outer loop
      vertex -5.9 13.25 3.3
      vertex -5.9 13.238475983167106 3.3096033473607447
      vertex -5.873369568354137 13.25 3.3
    endloop
  endfacet
  facet normal -1 0 0
    outer loop
      vertex -5.9 2.25 6.3
      vertex -5.9 7.25 8.3
      vertex -5.9 7.083333333333333 3.4
    endloop
  endfacet
  facet normal 0 -0.5144957554275266 -0.8574929257125441
    outer loop
      vertex -5.9 2.25 6.3
      vertex -5.9 7.083333333333333 3.4
      vertex -0.9 2.25 6.3
    endloop
  endfacet
  facet normal 1.2080658185005724e-17 -0.5144957554275266 -0.8574929257125441
    outer loop
      vertex -0.9 2.25 6.3
      vertex -5.9 7.083333333333333 3.4
      vertex -0.9 7.083333333333333 3.4
    endloop
  endfacet
  facet normal 1 0 0
    outer loop
      vertex -0.9 2.25 6.3
      vertex -0.9 7.083333333333333 3.4
      vertex -0.9 7.25 8.3
    endloop
  endfacet
  facet normal -1 0 0
    outer loop
      vertex -5.9 -8.75 8.3
      vertex -5.9 7.25 8.3
      vertex -5.9 2.25 6.3
    endloop
  endfacet
  facet normal 0 0 1
    outer loop
      vertex -5.9 -8.75 8.3
      vertex -0.9 7.25 8.3
      vertex -5.9 7.25 8.3
    endloop
  endfacet
  facet normal 1 0 0
    outer loop
      vertex -0.9 -8.75 8.3
      vertex -0.9 2.25 6.3
      vertex -0.9 7.25 8.3
    endloop
  endfacet
  facet normal -1 0 0
    outer loop
      vertex -5.9 7.25 8.3
      vertex -5.9 13.13 3.4
      vertex -5.9 7.083333333333333 3.4
    endloop
  endfacet
  facet normal 1.9606186274013671e-16 0.6401843996644798 0.768221279597376
    outer loop
      vertex -5.9 7.25 8.3
      vertex -0.9 13.129999999999999 3.4
      vertex -5.9 13.13 3.4
    endloop
  endfacet
  facet normal 1 0 0
    outer loop
      vertex -0.9 7.25 8.3
      vertex -0.9 7.083333333333333 3.4
      vertex -0.9 13.129999999999999 3.4
    endloop
  endfacet
  facet normal 0 0.6401843996644799 0.7682212795973759
    outer loop
      vertex -5.9 7.25 8.3
      vertex -0.9 7.25 8.3
      vertex -0.9 13.129999999999999 3.4
    endloop
  endfacet
endsolid OpenSCAD_Model
